{"max":0.121218,"min":-0.216316,"acc":0.8828,"arr":[0.0,0.0,0.0,0.0,0.0,0.0,0.0,0.0,0.0,0.0,0.0,0.0,-2.27898e-06,-8.04209e-06,-3.39619e-06,-1.41508e-07,0.0,0.0,0.0,0.0,0.0,0.0,0.0,0.0,0.0,0.0,0.0,0.0,0.0,0.0,0.0,0.0,-1.31148e-07,-5.25413e-07,-3.82846e-05,-8.56664e-05,-0.000118297,-0.000134828,-0.000330564,-0.000272235,-0.000269371,-0.000277671,-0.000402898,-0.000111737,2.20519e-05,-0.000113061,-0.00021597,-0.000200504,-0.000133809,-1.13308e-05,-1.65695e-06,-1.35077e-07,0.0,0.0,0.0,0.0,0.0,0.0,-2.31574e-07,3.5589e-05,4.02598e-06,-2.64697e-06,-0.00012098,-0.000181703,-0.00075531,-0.00171331,-0.00252423,-0.00334585,-0.00463848,-0.00556313,-0.00690157,-0.0079125,-0.0078754,-0.00661812,-0.00563846,-0.00481071,-0.00327077,-0.00175629,-0.000827492,-0.000201138,-2.60895e-05,-3.68562e-06,0.0,0.0,0.0,0.0,-1.17338e-06,7.61288e-05,-2.40853e-05,-0.000350679,-0.000830568,-0.00154398,-0.00280493,-0.00588172,-0.00883454,-0.0104115,-0.01356,-0.0160362,-0.0195305,-0.0202287,-0.0200083,-0.0199746,-0.0203457,-0.0179062,-0.0129566,-0.00880017,-0.00538066,-0.0019322,-0.000583313,-9.81877e-05,-1.42863e-05,0.0,0.0,-1.23786e-06,-4.42914e-06,-5.22852e-05,-0.000233229,-0.0013304,-0.00324471,-0.00614581,-0.0095281,-0.0144775,-0.0186122,-0.0160974,-0.0110137,-0.00385291,0.00358283,0.0122461,0.00737868,0.0041982,0.000885842,-0.00268435,-0.00707921,-0.0103466,-0.00877085,-0.00672983,-0.00394467,-0.00100299,-0.000158239,-2.63207e-06,0.0,0.0,-3.02763e-05,-0.000156625,-0.00112852,-0.00441639,-0.00868972,-0.015276,-0.0231571,-0.0274495,-0.0253834,-0.0166296,-0.00226609,0.021635,0.044669,0.0595322,0.0657363,0.0572501,0.0389023,0.023315,0.00324428,-0.0078874,-0.0160233,-0.0161824,-0.010845,-0.00354682,-0.000704428,-6.38571e-05,0.0,0.0,-3.42645e-05,-0.000627606,-0.00260588,-0.00652289,-0.0137981,-0.0237963,-0.0326432,-0.0339593,-0.0254739,-0.00957088,0.0108866,0.0334428,0.0535527,0.0666692,0.0796031,0.0839648,0.0725397,0.0477296,0.024131,0.00593344,-0.00686059,-0.0179728,-0.0178236,-0.00797435,-0.00188261,-0.000186271,0.0,-2.05947e-05,-0.000211231,-0.0013266,-0.00497113,-0.00981272,-0.0196812,-0.0294215,-0.0331006,-0.0262963,-0.0164591,0.00232192,0.01913,0.0332298,0.0461487,0.0584415,0.0712464,0.0866194,0.0858444,0.0675284,0.0463245,0.0248937,0.0102862,-0.0102802,-0.0190927,-0.0109565,-0.00229762,-2.2542e-05,0.000100335,-6.09307e-05,-0.000746994,-0.00331982,-0.00872713,-0.0162245,-0.0244374,-0.0278939,-0.0248507,-0.0177338,-0.00542413,0.0116219,0.0295415,0.0381733,0.040339,0.043458,0.0545462,0.0641772,0.0773006,0.0816874,0.0715464,0.0490579,0.0305126,0.00991711,-0.0123887,-0.0114283,-0.00229587,-0.000108496,-1.12523e-05,-0.000148923,-0.00120116,-0.00476328,-0.0110337,-0.018439,-0.0224931,-0.0188217,-0.014531,-0.0046399,0.0117582,0.0291129,0.0490497,0.0505242,0.0344716,0.0185062,0.0139893,0.0214531,0.0473405,0.0740678,0.0833561,0.0733004,0.0576375,0.0359836,0.00180009,-0.00864702,-0.00195764,-5.61569e-05,-1.53629e-05,-0.000285557,-0.00137953,-0.00502688,-0.0104825,-0.0151756,-0.0124931,-0.00372648,-0.000497074,0.0131141,0.0270884,0.0499944,0.0536983,0.0321813,0.000113072,-0.0292219,-0.0446701,-0.0313715,0.00972938,0.0561672,0.088277,0.0970858,0.0900023,0.0644555,0.0165736,-0.00463855,-0.00146415,-4.97532e-05,-1.52101e-05,-0.000205882,-0.00134239,-0.00466712,-0.0103533,-0.00819549,0.00383776,0.0144512,0.0172201,0.0256713,0.0457748,0.0527806,0.0280388,-0.0107583,-0.0563851,-0.0942652,-0.10948,-0.0873919,-0.0359458,0.0330347,0.0838562,0.111982,0.112431,0.0834228,0.029326,-0.00151244,-0.000726417,-6.48059e-05,-1.48945e-06,-0.000140963,-0.00103636,-0.00420439,-0.00850618,0.0024706,0.0227739,0.0346634,0.0334663,0.0458507,0.0572482,0.0327658,-0.0147003,-0.0720368,-0.123217,-0.154698,-0.164012,-0.138812,-0.0748673,0.00592234,0.0736386,0.111386,0.119495,0.093486,0.0375219,0.000307112,-0.000395332,-4.25701e-05,-4.419e-07,-5.36184e-05,-0.000534116,-0.00331547,-0.004944,0.0168166,0.0436762,0.0564612,0.0560175,0.0650494,0.0495461,-0.00270419,-0.0674468,-0.134079,-0.175296,-0.196518,-0.200051,-0.168768,-0.0953753,-0.0105851,0.0654451,0.10823,0.113667,0.0918716,0.0384702,0.000839826,-0.000200067,-2.42647e-05,0.0,-5.87865e-05,-0.000297604,-0.00272371,-0.00130981,0.0341447,0.06311,0.0760789,0.0797315,0.0787566,0.0412284,-0.0333134,-0.112135,-0.171433,-0.203314,-0.216029,-0.207338,-0.161209,-0.085434,-0.00299706,0.0637952,0.0958738,0.0977268,0.0823377,0.0379844,0.00114888,-0.000213043,-6.89764e-06,-4.63877e-07,-6.07375e-05,-0.00027338,-0.00278805,0.00428142,0.0497519,0.0776722,0.0914726,0.0993602,0.0876699,0.0307987,-0.0617275,-0.140608,-0.189578,-0.213628,-0.216316,-0.191368,-0.131372,-0.0500056,0.0202838,0.0656239,0.0791222,0.0788443,0.0665809,0.0305985,0.000330881,-0.000328282,-3.80119e-05,-2.65072e-06,-3.43428e-05,-0.00037303,-0.00335524,0.00796473,0.060614,0.0903257,0.102885,0.111496,0.0863307,0.0170364,-0.0741998,-0.143411,-0.181115,-0.197363,-0.190623,-0.150175,-0.0810305,-0.00707756,0.0422745,0.063265,0.0637997,0.060208,0.0488628,0.0205921,-0.000723198,-0.000686556,-2.41017e-05,0.0,-2.70792e-05,-0.000472126,-0.00492499,0.00883615,0.063115,0.0942313,0.1101,0.117353,0.0868326,0.0146873,-0.0696663,-0.12445,-0.15534,-0.165933,-0.141874,-0.0906349,-0.0254459,0.0233032,0.0472198,0.0518803,0.0478701,0.0440645,0.0289402,0.00897906,-0.00138746,-0.000495348,0.000170478,-1.84378e-06,-9.62711e-06,-0.000682817,-0.0073169,0.00587143,0.0515052,0.0854924,0.1111,0.121218,0.0923434,0.0266376,-0.0421885,-0.0894695,-0.112302,-0.112295,-0.0798979,-0.0338287,0.00955432,0.0334336,0.0398428,0.0330769,0.0298247,0.0262897,0.012222,0.00053266,-0.00157056,-0.000307184,-6.99419e-05,-7.45734e-08,9.05885e-05,-0.000803686,-0.00879144,0.00135277,0.0356912,0.0700478,0.0982207,0.113952,0.10244,0.049926,-0.0065456,-0.0437733,-0.0590898,-0.0517807,-0.0253155,0.00485488,0.0272158,0.0299118,0.0224004,0.0156705,0.0151301,0.0114515,-0.000821592,-0.00382041,-0.00137038,-0.000381955,-2.50831e-05,0.0,0.000228432,-0.000762394,-0.00831429,-0.00257737,0.0206606,0.0507137,0.0745098,0.095909,0.104446,0.0826028,0.0368458,0.00284955,-0.0101748,-0.00802107,0.0106118,0.022431,0.0240271,0.0125263,0.00652523,0.00312096,0.00348806,-0.00360296,-0.0081924,-0.0043018,-0.00118491,-0.000215322,0.0,0.0,-2.96729e-05,-0.000807805,-0.00592544,-0.00495581,0.00836669,0.0283519,0.0506867,0.0753313,0.0979471,0.0994144,0.0789182,0.0508454,0.0360709,0.0337482,0.0356504,0.0274962,0.0143259,0.00166605,-0.00628088,-0.0078319,-0.00947147,-0.0120143,-0.00760788,-0.00298552,-0.00067397,-0.000107864,1.21715e-05,0.0,-1.81009e-07,-0.000549148,-0.00350095,-0.00654188,0.000758967,0.0125235,0.0292419,0.0544645,0.079179,0.0969545,0.102045,0.0935256,0.084001,0.0639761,0.044358,0.0217391,0.000231541,-0.0115954,-0.015751,-0.018066,-0.0152728,-0.00943846,-0.0044734,-0.00142607,-0.000282954,-2.53421e-05,2.24704e-05,0.0,0.0,-0.000139656,-0.00115791,-0.00378299,-0.00396521,-0.000706358,0.00871458,0.0207871,0.039774,0.0579293,0.0707341,0.0724499,0.0606981,0.0401201,0.0156208,-0.00795684,-0.0193523,-0.024374,-0.0236419,-0.0178964,-0.0112062,-0.00626125,-0.00252472,-0.000722847,-0.000145285,-1.15961e-05,0.0,0.0,0.0,-3.14249e-05,-0.000153592,-0.000906734,-0.00293533,-0.00592424,-0.0111698,-0.0142619,-0.0171375,-0.0173504,-0.0172441,-0.0148376,-0.0177836,-0.0247746,-0.0292956,-0.0309173,-0.0278777,-0.0226486,-0.0159796,-0.0102145,-0.00632755,-0.00346857,-0.00146584,-0.000373057,-3.6152e-05,0.0,0.0,0.0,0.0,-5.44528e-06,-3.28494e-05,-0.000333352,-0.00125111,-0.00363754,-0.00771571,-0.012865,-0.0181287,-0.0232297,-0.0266816,-0.0280978,-0.0279307,-0.0257771,-0.023779,-0.0212593,-0.0174336,-0.0121425,-0.00762257,-0.00498411,-0.00317867,-0.00156802,-0.000611558,-0.000100836,0.0,0.0,0.0,0.0,0.0,0.0,0.0,-8.1904e-05,-0.00038854,-0.00123745,-0.00247118,-0.00448784,-0.00635263,-0.00778308,-0.00896465,-0.00917685,-0.0099635,-0.0101524,-0.00920269,-0.00789279,-0.00605356,-0.00425166,-0.00242481,-0.00156973,-0.00114311,-0.000596109,-0.000100788,-1.50319e-07,-1.04151e-06,0.0,0.0,0.0,0.0,0.0,0.0,0.0,0.0,