{"max":0.149559,"min":-0.278254,"acc":0.8973,"arr":[0.0,0.0,0.0,0.0,0.0,0.0,0.0,0.0,0.0,0.0,0.0,0.0,-2.31928e-06,-8.9127e-06,-4.26681e-06,-1.77784e-07,0.0,0.0,0.0,0.0,0.0,0.0,0.0,0.0,0.0,0.0,0.0,0.0,0.0,0.0,0.0,0.0,-1.31148e-07,-5.25413e-07,-3.87958e-05,-8.97949e-05,-0.000144587,-0.000170215,-0.00038129,-0.000134003,6.1931e-05,-0.000145209,-0.000465904,6.17045e-06,0.000435457,5.96124e-05,-0.000254926,-0.000223536,-0.000148527,-4.02309e-05,-1.05289e-05,-3.91525e-07,0.0,0.0,0.0,0.0,0.0,0.0,-2.31574e-07,3.5589e-05,2.33206e-06,-1.13504e-05,-0.000180533,-0.000351232,-0.0009788,-0.00226015,-0.00331613,-0.00405089,-0.00534826,-0.0066361,-0.00901794,-0.0102804,-0.00998785,-0.00871919,-0.0075866,-0.00641196,-0.00446557,-0.00260659,-0.00131637,-0.000479783,-0.000123124,-9.27983e-06,0.0,0.0,0.0,0.0,-1.18631e-06,6.88112e-05,-8.77648e-05,-0.000466884,-0.00126874,-0.00241631,-0.00426751,-0.00839454,-0.0111776,-0.0128793,-0.0176443,-0.020884,-0.0241665,-0.0247894,-0.0246917,-0.0277923,-0.0307678,-0.0277108,-0.0209356,-0.013986,-0.00820467,-0.00319815,-0.00122647,-0.000171677,-1.42863e-05,0.0,0.0,-1.25642e-06,-8.75333e-06,-3.79056e-05,-0.000510726,-0.00235739,-0.00519974,-0.00911566,-0.0140318,-0.0194155,-0.025387,-0.0250956,-0.0184441,-0.00611386,0.00549384,0.0168508,0.00870661,-5.68934e-05,-0.00992621,-0.0132821,-0.014554,-0.0155917,-0.0122294,-0.0102164,-0.00615769,-0.00155854,-0.00021359,-3.7184e-06,0.0,0.0,-5.13233e-05,-0.000180401,-0.00184842,-0.00645035,-0.0118673,-0.0210766,-0.0308675,-0.0369824,-0.0337261,-0.0209886,0.00124616,0.0365608,0.0642959,0.0800833,0.0839948,0.0716529,0.0454475,0.0206443,-0.00226409,-0.0109256,-0.0180918,-0.0213074,-0.0152115,-0.00542525,-0.00119691,-6.40943e-05,0.0,-3.39729e-07,-8.51156e-05,-0.000821797,-0.00387962,-0.00961928,-0.0194957,-0.032083,-0.0420938,-0.044195,-0.0317502,-0.00680994,0.0176919,0.0472707,0.0697748,0.0880609,0.104346,0.10935,0.0907478,0.0554406,0.0268989,0.0123203,-0.00197676,-0.021699,-0.0260454,-0.0122276,-0.0032171,-0.000370648,0.0,-3.6951e-05,-0.000311018,-0.00162151,-0.00665677,-0.0141089,-0.0263665,-0.0380753,-0.0418075,-0.0317318,-0.0190249,0.00303486,0.0229639,0.0399367,0.0574896,0.0766655,0.0973126,0.118452,0.113905,0.0841217,0.0502383,0.0297606,0.0171511,-0.0102872,-0.0284571,-0.0173625,-0.0041833,-0.00011093,0.000100335,-0.000103509,-0.00100439,-0.00378519,-0.0111266,-0.0203572,-0.0310801,-0.0339645,-0.0320635,-0.0227312,-0.00729261,0.010177,0.0327885,0.0446631,0.0558402,0.0653353,0.0875679,0.103647,0.111098,0.101079,0.0775797,0.0499815,0.0387113,0.0145145,-0.0204086,-0.0193971,-0.00422139,-0.000166156,-1.12523e-05,-0.000186855,-0.00149433,-0.00559021,-0.0137006,-0.0221049,-0.0267529,-0.0234446,-0.0191963,-0.00775619,0.00842866,0.0245599,0.0543973,0.0650621,0.0471042,0.0320478,0.0361861,0.055513,0.0841211,0.0981351,0.0907321,0.076456,0.0698447,0.0500119,0.000913868,-0.0156343,-0.00350246,-0.000173339,-1.53629e-05,-0.000314795,-0.00122066,-0.00638003,-0.0129625,-0.0182276,-0.0154678,-0.0068837,-0.00690668,0.00397526,0.0190209,0.0525817,0.0641105,0.0434911,0.000302864,-0.0370863,-0.0486024,-0.0172365,0.0397667,0.0786224,0.100559,0.103701,0.110175,0.089059,0.0230592,-0.0094259,-0.00282731,-0.000106727,-1.57243e-05,-0.000240909,-0.00161548,-0.0062998,-0.0147841,-0.0114024,0.00267193,0.0128482,0.00975757,0.015065,0.0403646,0.0585096,0.0363787,-0.0127682,-0.0791587,-0.128862,-0.144842,-0.101242,-0.026691,0.0486916,0.0945446,0.121144,0.137443,0.114107,0.0404386,-0.0041354,-0.0013885,-8.77951e-05,-2.04819e-06,-0.000128158,-0.00136194,-0.00615029,-0.0137407,0.00164462,0.0266662,0.0350277,0.0248733,0.0389718,0.0659359,0.0496613,-0.00426424,-0.0883245,-0.166933,-0.208783,-0.219315,-0.169847,-0.0788654,0.0119315,0.0752934,0.119146,0.149559,0.127831,0.0525919,-0.00062296,-0.000705004,-5.11066e-05,-4.419e-07,6.87602e-05,-0.000845196,-0.00565979,-0.00976785,0.0196964,0.0512861,0.0616619,0.0534545,0.0727657,0.0773134,0.0201959,-0.0677849,-0.168321,-0.227424,-0.257123,-0.257524,-0.204248,-0.106908,-0.0161336,0.0559922,0.112668,0.144095,0.125073,0.054918,0.000979385,-0.000335696,-6.43378e-05,-7.24079e-06,-5.97279e-05,-0.000491936,-0.00547367,-0.00542889,0.0408017,0.0740667,0.0860848,0.0875767,0.0990242,0.0712037,-0.0189739,-0.12931,-0.217459,-0.261368,-0.27706,-0.262629,-0.18963,-0.0966372,-0.0113585,0.0554094,0.100298,0.124524,0.112209,0.0531006,0.000899959,-0.000330067,-1.07497e-05,-2.83475e-06,-6.07375e-05,-0.000378583,-0.00636989,0.00206986,0.0597973,0.0909785,0.106689,0.115608,0.118979,0.0642202,-0.058774,-0.170853,-0.245874,-0.277711,-0.278254,-0.237699,-0.151364,-0.0549705,0.0165022,0.0587153,0.0826899,0.101582,0.0923535,0.0427918,-0.000399226,-0.000492765,-6.14608e-05,-2.65072e-06,-3.43472e-05,-0.000521973,-0.00736034,0.00604988,0.0721616,0.105887,0.117222,0.133208,0.12016,0.0500905,-0.0756794,-0.180916,-0.238808,-0.259269,-0.244989,-0.184591,-0.09143,-0.00680806,0.0398986,0.0601411,0.0703418,0.0788364,0.066027,0.0276889,-0.00178345,-0.000942187,-5.73129e-05,0.0,-2.71467e-05,-0.000747335,-0.00941682,0.00491886,0.0724706,0.109295,0.125249,0.139882,0.123155,0.0500022,-0.0681245,-0.156525,-0.206702,-0.219787,-0.181711,-0.108076,-0.0257969,0.0240633,0.0447169,0.0503683,0.053198,0.0567041,0.0369089,0.0131964,-0.00204946,-0.00056735,0.000370521,-3.40962e-06,-9.91339e-06,-0.000979395,-0.0128208,-0.000331677,0.0594016,0.0967331,0.121876,0.142144,0.129142,0.064309,-0.0339869,-0.111984,-0.148505,-0.146587,-0.0999285,-0.0402319,0.00941698,0.0324775,0.0357248,0.031673,0.034938,0.0319696,0.0139338,0.00220247,-0.00219331,-0.000418181,-0.000100675,-7.95377e-08,8.86744e-05,-0.00120753,-0.0133337,-0.00466899,0.0405598,0.0774864,0.102415,0.126448,0.134409,0.0889459,0.0133566,-0.0457286,-0.0747833,-0.0642407,-0.0311388,0.00286716,0.0252798,0.0245954,0.0153429,0.0142862,0.0189063,0.0128252,-0.00113948,-0.00390476,-0.00229767,-0.000561096,-5.37531e-05,0.0,0.000222884,-0.00115845,-0.0118279,-0.0060622,0.0261323,0.0554949,0.0769891,0.101381,0.126466,0.117145,0.0676042,0.0176453,-0.00867905,-0.0075615,0.0112392,0.0192042,0.0177086,0.00251092,-0.00114136,0.00266388,0.00619031,-0.00594491,-0.011093,-0.00581856,-0.00185649,-0.000307051,-1.51949e-06,-2.57082e-08,-3.54434e-05,-0.00106174,-0.00823655,-0.0078898,0.0117195,0.0365471,0.0555806,0.0777334,0.112243,0.128628,0.111128,0.0700574,0.0425384,0.0369222,0.0359723,0.0241397,0.00560932,-0.00604701,-0.0110405,-0.00938374,-0.0136021,-0.0163395,-0.0101695,-0.00380683,-0.000986905,3.21861e-05,1.21715e-05,-2.49048e-08,-7.64208e-07,-0.000642566,-0.00464105,-0.0111687,-9.90376e-05,0.0204116,0.039277,0.0650637,0.092774,0.119121,0.133371,0.121567,0.108598,0.0818972,0.0545115,0.0235762,-0.00157484,-0.0179756,-0.0231044,-0.0254259,-0.0221068,-0.0130711,-0.00557981,-0.00171327,-0.000376919,-9.83919e-06,2.24704e-05,0.0,0.0,-0.000182792,-0.00156171,-0.00645437,-0.00640803,-0.00112989,0.0128977,0.027935,0.0508864,0.0742423,0.0954474,0.100893,0.086956,0.060833,0.026,-0.00607865,-0.0240537,-0.0346118,-0.0333732,-0.0258104,-0.016225,-0.00847456,-0.00328694,-0.000887593,-0.000170357,-1.27092e-05,0.0,0.0,0.0,-0.000133968,-0.000338451,-0.00170894,-0.00491498,-0.00869137,-0.0149535,-0.0179807,-0.0220037,-0.0214969,-0.0209289,-0.0157633,-0.0162017,-0.0240793,-0.0329679,-0.0384841,-0.0378963,-0.0320364,-0.0237074,-0.0155494,-0.0100068,-0.00521109,-0.00200858,-0.000497859,-4.06353e-05,-5.58085e-07,0.0,0.0,0.0,-8.04231e-06,-5.18151e-05,-0.000464159,-0.00179021,-0.00507941,-0.0103882,-0.0172824,-0.0255619,-0.0336096,-0.0379285,-0.0406925,-0.0394463,-0.0361001,-0.033032,-0.0301161,-0.025499,-0.0183386,-0.0112101,-0.00693528,-0.00441843,-0.00229471,-0.000830854,-0.000161247,-6.14624e-07,-5.07572e-07,0.0,0.0,0.0,0.0,0.0,-0.000102687,-0.000615984,-0.0017707,-0.00323879,-0.00571346,-0.00874451,-0.0104711,-0.0114204,-0.0112351,-0.0121344,-0.0125617,-0.0123433,-0.011279,-0.00883897,-0.00615106,-0.00323871,-0.00212716,-0.0015339,-0.000907727,-0.00011449,-2.89198e-06,-1.04151e-06,0.0,0.0,0.0,0.0,0.0,0.0,-1.13697e-06,