{"max":0.00561386,"min":-0.00837056,"acc":0.4222,"arr":[0.0,0.0,0.0,0.0,0.0,0.0,0.0,0.0,0.0,0.0,0.0,0.0,0.0,0.0,0.0,0.0,0.0,0.0,0.0,0.0,0.0,0.0,0.0,0.0,0.0,0.0,0.0,0.0,0.0,0.0,0.0,0.0,0.0,0.0,0.0,0.0,0.0,0.0,0.0,0.0,0.0,0.0,0.0,-1.62439e-05,-3.11657e-05,0.0,0.0,0.0,0.0,0.0,0.0,0.0,0.0,0.0,0.0,0.0,0.0,0.0,0.0,0.0,0.0,0.0,0.0,0.0,0.0,-1.2146e-05,-5.56316e-05,-9.5956e-05,-7.48391e-05,-3.0735e-05,-0.000116448,-0.000197208,-0.000236209,-0.000128734,-0.000115294,-3.53216e-05,-4.67834e-05,-2.23827e-05,0.0,0.0,0.0,0.0,0.0,0.0,0.0,0.0,0.0,0.0,0.0,0.0,0.0,0.0,-7.46247e-07,-4.75143e-05,-0.000157718,-0.000267846,-0.000274248,-0.000382458,-0.00057164,-0.000679332,-0.000536819,-0.000438547,-0.000410174,-0.00035712,-0.000355237,-0.000203279,-0.000110124,-3.26479e-05,0.0,0.0,0.0,0.0,0.0,0.0,0.0,0.0,0.0,0.0,-3.33632e-05,-0.000145476,-0.000253531,-0.000493323,-0.000633466,-0.000610911,-0.00042863,-0.000489073,-0.000295645,0.000334134,0.000142714,-1.61021e-06,-0.000609917,-0.000559635,-0.000755166,-0.000600727,-0.000280618,-6.95807e-05,0.0,0.0,0.0,0.0,0.0,0.0,0.0,0.0,0.0,-3.20741e-05,-9.35673e-05,-0.000267127,-0.000375922,-0.000514809,-0.000580851,-0.000831133,-0.0010125,-0.000378497,0.0011971,0.00170963,0.00209459,0.00170431,0.00066373,0.000153369,-0.000434257,-0.000682667,-0.000546255,-0.000238405,-0.00012333,-5.51288e-05,-1.13521e-05,0.0,0.0,0.0,0.0,0.0,0.0,9.82292e-05,0.000241215,-5.6273e-05,-0.000601226,-0.00092172,-0.000993317,0.0003037,0.000833791,0.000938847,0.00131595,0.00134283,0.00133609,0.00153717,0.00210817,0.0017548,-6.62132e-05,-0.000359784,-0.00027669,-0.000560009,-0.000484378,-0.000334068,-4.21116e-05,0.0,0.0,0.0,0.0,-1.90894e-05,3.7862e-05,0.000496051,0.000329543,1.7731e-05,-0.000547104,-0.000783401,-0.000548534,0.00070158,0.000893937,0.000694831,0.000809817,0.000751984,0.000405602,0.000607262,0.00182617,0.00252973,0.00182391,0.000654649,0.000149651,-0.000131139,-0.000524552,-0.000289904,-4.27451e-05,0.0,0.0,0.0,-2.27598e-05,-7.4087e-05,0.000154169,0.000448288,0.000231124,0.000209941,-0.000597839,-0.000708721,0.000310365,0.000159722,0.000109322,-0.00023731,0.000152585,-0.000168455,-0.000945636,-0.00107786,0.000533495,0.00342681,0.00354413,0.00180953,0.000968609,0.000265648,-0.000287178,-0.000144139,-2.41177e-05,0.0,0.0,0.0,-1.49361e-05,-0.000115592,-0.000132144,0.000277226,-3.10608e-05,-3.59014e-05,-0.000828977,-0.000159662,0.000594789,0.000105252,0.00045582,-9.37884e-05,-0.000856216,-0.00115261,-0.00178272,-0.0020843,-0.00166997,0.00135697,0.00391783,0.00310535,0.00202922,0.000909496,0.000210982,-0.000105145,-3.64706e-05,0.0,0.0,0.0,0.0,-0.000145177,0.000365093,0.00047112,0.000740003,-0.000181794,-0.000107911,0.000880392,0.000698477,5.06585e-05,-0.000544079,-0.000823417,-0.00137251,-0.00311064,-0.00413015,-0.00443779,-0.00357536,-0.000140072,0.00412347,0.00424066,0.00310822,0.00153771,0.000672892,-1.41176e-05,-4.11765e-06,0.0,0.0,0.0,0.0,-0.000123586,0.000418526,0.000955849,0.000946344,0.00070432,0.000990216,0.00131894,0.00069611,-0.000532796,-0.00145106,-0.00151947,-0.00255696,-0.00481884,-0.00587114,-0.00489012,-0.00386893,-0.000338174,0.00323334,0.00558673,0.00431954,0.00197571,0.000921225,0.0,0.0,0.0,0.0,0.0,0.0,-1.98039e-05,0.000291334,0.00127129,0.00138173,0.00240704,0.00224615,0.00121084,3.87685e-05,-0.0013603,-0.00240907,-0.00319962,-0.00479729,-0.00632185,-0.00671901,-0.00578058,-0.0038168,-0.000342629,0.00314569,0.00561386,0.00530228,0.00232093,0.000878962,-7.62146e-07,0.0,0.0,0.0,0.0,0.0,0.0,0.000394062,0.00139105,0.00203352,0.00320493,0.00235834,0.00084186,-0.00059329,-0.00298408,-0.00370967,-0.00494764,-0.00675103,-0.00787517,-0.0073872,-0.00625074,-0.00386111,-0.000764493,0.00270759,0.00447587,0.00498394,0.00298353,0.000788071,-2.36265e-05,0.0,0.0,0.0,0.0,0.0,0.0,0.00054251,0.00168655,0.00332215,0.00385495,0.00283905,0.00126869,-0.00147326,-0.00386187,-0.00483132,-0.00683388,-0.00837056,-0.0081649,-0.00712371,-0.00595753,-0.00365901,-0.000956853,0.00195774,0.00360149,0.00468686,0.00320399,0.00103741,0.0,0.0,0.0,0.0,0.0,0.0,0.0,0.0001631,0.0019663,0.00407304,0.00440347,0.00364588,0.00133252,-0.00201377,-0.00443885,-0.00600769,-0.00758154,-0.00797672,-0.007264,-0.00614432,-0.00496992,-0.00274619,-0.000612886,0.0021271,0.0034468,0.00437549,0.00280851,0.00124608,-2.56102e-05,0.0,0.0,0.0,0.0,0.0,-4.30009e-06,4.39622e-05,0.00175595,0.00400847,0.00504279,0.00455236,0.00152163,-0.0019297,-0.00401349,-0.00591894,-0.00665662,-0.0064358,-0.0061192,-0.00539986,-0.00403704,-0.00205004,-0.000167354,0.00219874,0.00346601,0.00400167,0.00233385,0.00104275,-9.56306e-05,0.0,0.0,0.0,0.0,0.0,-4.29434e-05,1.04767e-05,0.00200955,0.00408984,0.00539259,0.00486536,0.00183017,-0.00153611,-0.00368058,-0.00498463,-0.00513342,-0.00546065,-0.00495546,-0.00425597,-0.00330292,-0.00199198,0.000231126,0.00232718,0.00380673,0.00368407,0.00153967,0.000704216,-5.55133e-05,0.0,0.0,0.0,0.0,-1.88235e-05,-0.000128203,0.000132873,0.00201295,0.00406019,0.00538485,0.00464886,0.00162519,-0.00090525,-0.00365888,-0.00369877,-0.00380856,-0.00380781,-0.00374648,-0.00356033,-0.00323636,-0.00100646,0.00181447,0.00298992,0.00395057,0.00219742,0.000888645,0.000377157,-8.90046e-05,0.0,0.0,0.0,0.0,-2.37255e-05,-0.000188874,2.00218e-05,0.00161027,0.00374323,0.00481933,0.00405849,0.00262102,-0.000487984,-0.00192121,-0.00285482,-0.00327076,-0.00307391,-0.00311659,-0.0035832,-0.00211587,4.48453e-05,0.00257804,0.00373329,0.00293428,0.00104135,0.000413357,0.000106032,-4.32515e-05,0.0,0.0,0.0,0.0,-7.45098e-06,-0.00015567,2.10237e-06,0.000899729,0.00320805,0.00385962,0.00315422,0.00257984,0.00115789,-2.18384e-06,-0.00141016,-0.00220793,-0.00206473,-0.00267479,-0.0018384,-0.000144592,0.00226157,0.00335695,0.00244056,0.00134061,0.000382574,-6.37773e-05,-0.000140151,-2.47818e-05,0.0,0.0,0.0,0.0,0.0,-4.6979e-05,-0.000188354,0.000816795,0.00220658,0.00298904,0.0031192,0.00274332,0.000844914,0.000381059,-0.000312855,-0.000622154,-0.00140275,-0.00133752,-0.000519944,0.00178208,0.00271554,0.00175144,0.00101859,0.000351775,-6.77121e-05,-0.000252062,-8.62085e-05,-3.15034e-06,0.0,0.0,0.0,0.0,0.0,-3.84854e-07,-9.76081e-05,0.00026821,0.00100939,0.00202262,0.00268852,0.00233502,0.00144747,0.000636321,0.000104119,-0.000277677,-0.000743021,-0.000229105,0.000392766,0.000903429,0.000652924,0.000283912,6.21369e-05,-0.000230137,-0.000178541,-0.000102148,-3.67057e-05,-7.29553e-06,0.0,0.0,0.0,0.0,0.0,0.0,-3.6947e-05,0.000330772,0.000671514,0.000976581,0.0017557,0.00155506,0.000865557,-0.000158122,0.000201492,-0.000147517,-2.1411e-06,-0.000389024,-0.000380951,-0.000539309,-0.000422174,-0.000189941,-0.000325665,-0.000243968,-0.000112841,-6.28269e-05,0.0,0.0,0.0,0.0,0.0,0.0,0.0,0.0,-9.49744e-06,0.000115152,0.00031639,0.000167755,0.000247194,0.000107819,-0.000658072,-0.000815945,-0.0011583,-0.00130097,-0.00118229,-0.000935871,-0.000837889,-0.000648873,-0.000430696,-0.000464585,-0.000220842,-0.000155951,-6.74225e-05,-3.06707e-05,0.0,0.0,0.0,0.0,0.0,0.0,0.0,0.0,0.0,0.0,-3.19558e-06,-8.07628e-05,-0.000256036,-0.000392048,-0.000604879,-0.000679291,-0.000784645,-0.000908144,-0.000799317,-0.000815301,-0.000839377,-0.000693806,-0.000412284,-0.000236488,-9.76673e-05,-5.02548e-05,-6.27451e-06,0.0,0.0,0.0,0.0,0.0,0.0,0.0,0.0,0.0,0.0,0.0,-1.77532e-07,-5.17969e-05,-0.000134882,-0.00011965,-0.000146318,-9.19941e-05,-0.000128828,-0.000349428,-0.000312142,-0.000257452,-0.000351973,-0.000369114,-0.000117255,-5.54902e-05,-1.70588e-05,0.0,0.0,0.0,0.0,0.0,0.0,0.0,0.0,0.0,0.0,0.0,0.0,0.0,0.0,-9.97607e-06,-4.60434e-05,-3.54918e-05,-3.83695e-06,0.0,-4.35145e-05,-2.38384e-05,0.0,-3.21089e-05,-0.000125598,-0.000113709,0.0,0.0,0.0,0.0,0.0,0.0,0.0,0.0,0.0,0.0]}