{"max":0.113775,"min":-0.198532,"acc":0.8776,"arr":[0.0,0.0,0.0,0.0,0.0,0.0,0.0,0.0,0.0,0.0,0.0,0.0,-2.27898e-06,-8.04209e-06,-3.39619e-06,-1.41508e-07,0.0,0.0,0.0,0.0,0.0,0.0,0.0,0.0,0.0,0.0,0.0,0.0,0.0,0.0,0.0,0.0,-1.31148e-07,-5.25413e-07,-3.80934e-05,-8.31273e-05,-0.000112307,-0.000131159,-0.000326397,-0.000260932,-0.000256545,-0.000266397,-0.000389365,-0.000102291,5.0974e-05,-8.08412e-05,-0.000187096,-0.000178943,-0.000118896,-6.28346e-06,-1.65695e-06,-1.35077e-07,0.0,0.0,0.0,0.0,0.0,0.0,0.0,3.5589e-05,4.02598e-06,-2.64697e-06,-6.13417e-05,-8.36258e-05,-0.000689585,-0.00157477,-0.00235815,-0.00313706,-0.00415534,-0.0049427,-0.00639676,-0.00738144,-0.00728929,-0.0060346,-0.0052132,-0.00448063,-0.00308155,-0.00163011,-0.000718113,-0.000143275,-2.33489e-05,-3.68562e-06,0.0,0.0,0.0,0.0,-6.63196e-07,7.61541e-05,-2.40853e-05,-0.000341981,-0.000745878,-0.00139213,-0.00256059,-0.00539599,-0.00819985,-0.00949052,-0.011243,-0.0130153,-0.0167031,-0.0174766,-0.0170387,-0.017084,-0.0182445,-0.016042,-0.0113698,-0.00724229,-0.00426515,-0.00141017,-0.000436453,-9.59806e-05,-1.3051e-05,0.0,0.0,-1.23786e-06,-3.3243e-06,-6.35345e-05,-0.000179827,-0.00122503,-0.00280266,-0.00534442,-0.00816276,-0.0125964,-0.0155192,-0.0125848,-0.00760162,-0.0018386,0.00453296,0.0108907,0.00656978,0.00429125,0.0016799,-0.00187946,-0.00578452,-0.0079717,-0.00658303,-0.00499483,-0.00275099,-0.000801252,-0.000155433,0.0,0.0,0.0,-2.47068e-05,-0.000118618,-0.000787958,-0.00348382,-0.00723964,-0.0131327,-0.0202477,-0.0242176,-0.0210685,-0.0125825,0.00027396,0.0213619,0.0416001,0.052447,0.058767,0.0516853,0.0352636,0.0209049,0.002419,-0.00742799,-0.0135898,-0.0138575,-0.00902721,-0.0031972,-0.000658716,-5.99716e-05,0.0,0.0,-3.38956e-05,-0.000503943,-0.00213741,-0.00516316,-0.0117788,-0.0207375,-0.0291157,-0.0294096,-0.0197244,-0.00500645,0.0122277,0.0308529,0.0466665,0.0590923,0.0709086,0.074815,0.0665319,0.0424535,0.0202608,0.00339478,-0.00729204,-0.0163634,-0.0158292,-0.00715011,-0.00166395,-0.000242183,0.0,-1.51531e-05,-0.000199383,-0.00106894,-0.00412795,-0.00828574,-0.0170225,-0.0262051,-0.0296888,-0.0218692,-0.0123747,0.00326453,0.0174624,0.0290064,0.0392484,0.0506768,0.0620291,0.0766167,0.0781816,0.0618743,0.0413865,0.021007,0.00753638,-0.0102022,-0.0177443,-0.0100363,-0.00200738,-0.000111784,0.000100335,-4.83661e-05,-0.000687205,-0.0027789,-0.00741558,-0.0142212,-0.0217197,-0.0250405,-0.0213399,-0.0142623,-0.00339156,0.00980898,0.0249162,0.0328753,0.0336018,0.035588,0.0451917,0.0563186,0.0704641,0.0766638,0.0677866,0.0469414,0.0271029,0.00851379,-0.0110829,-0.0098631,-0.00202177,-4.77909e-05,-1.12523e-05,-0.000135949,-0.00110334,-0.00416764,-0.00947169,-0.0159988,-0.0202583,-0.0163722,-0.0119512,-0.00316775,0.0129054,0.0259519,0.0431815,0.0440887,0.0285675,0.0133691,0.00882945,0.0155165,0.0419042,0.0698413,0.0810656,0.07208,0.0541983,0.0315743,0.00107596,-0.00754084,-0.00165075,-2.91034e-05,-1.53629e-05,-0.000275063,-0.00132654,-0.00459871,-0.00888335,-0.0128888,-0.0106791,-0.00263316,0.000551503,0.0128118,0.0252766,0.043144,0.0469992,0.0271102,-0.00303508,-0.0293788,-0.0437345,-0.0334164,0.00525416,0.0510057,0.0843305,0.0951694,0.085865,0.0576389,0.0138484,-0.00423709,-0.00130834,-4.92959e-05,-1.52101e-05,-0.000196273,-0.00129728,-0.00427033,-0.00885064,-0.00639798,0.00384649,0.0137022,0.018111,0.0251287,0.0423606,0.045509,0.0229583,-0.0122315,-0.0521533,-0.0849371,-0.0998219,-0.0834532,-0.0362226,0.0295479,0.0807954,0.108918,0.106558,0.0760464,0.0252758,-0.00128953,-0.00069854,-6.48059e-05,-1.48945e-06,-0.00013276,-0.000968649,-0.00378641,-0.00703403,0.00288768,0.0207188,0.0342524,0.0351819,0.043534,0.0510573,0.0254294,-0.0180517,-0.0688679,-0.113238,-0.139477,-0.149074,-0.129324,-0.0719986,0.00583966,0.0740778,0.109415,0.113074,0.0852583,0.0330826,0.000409485,-0.000388346,-4.15083e-05,-4.419e-07,-5.08671e-05,-0.00043581,-0.00293223,-0.00382621,0.0161404,0.0411608,0.0565187,0.0572142,0.0608028,0.0424434,-0.00734636,-0.0668231,-0.125329,-0.159686,-0.178382,-0.182976,-0.157071,-0.0905949,-0.00853219,0.0686722,0.106912,0.108324,0.0835921,0.0347728,0.000946176,-0.000188932,-1.98163e-05,0.0,-5.87865e-05,-0.000214028,-0.00230969,-0.000941787,0.0312708,0.059232,0.0752819,0.0775436,0.0715017,0.0315583,-0.0375623,-0.107784,-0.15855,-0.186331,-0.19816,-0.191842,-0.15194,-0.0824851,-0.00102137,0.0673269,0.0967689,0.0933823,0.0743529,0.0349651,0.00167135,-0.000198998,-6.40337e-06,-4.63877e-07,-6.07375e-05,-0.000236544,-0.00235639,0.00428919,0.0457508,0.0742091,0.0906453,0.0948944,0.0775309,0.020476,-0.0641508,-0.133272,-0.175331,-0.19635,-0.198532,-0.178149,-0.126584,-0.0507218,0.0211491,0.0685017,0.0813264,0.0750117,0.0600046,0.0287007,0.00109118,-0.000314483,-3.80119e-05,-2.65072e-06,-3.00106e-05,-0.000309795,-0.00256544,0.00809598,0.0561125,0.086862,0.100802,0.104858,0.0765249,0.00795552,-0.0743815,-0.134097,-0.167038,-0.181886,-0.176036,-0.14287,-0.0818474,-0.0112825,0.0414633,0.0655735,0.0664217,0.0580528,0.045109,0.0196155,4.13526e-05,-0.000611576,-2.41017e-05,0.0,-2.68438e-05,-0.000406127,-0.00395547,0.00911824,0.0598089,0.0911934,0.107856,0.110429,0.0766818,0.00587269,-0.0682748,-0.115267,-0.14287,-0.153255,-0.132619,-0.0889497,-0.0300949,0.0181319,0.0465505,0.0547503,0.0509168,0.0428191,0.0282644,0.00948654,-0.000791101,-0.000399808,0.000170478,-1.49147e-08,-9.62711e-06,-0.000634587,-0.00625035,0.00655982,0.0505198,0.0831292,0.108023,0.113775,0.0807274,0.0165999,-0.0432951,-0.0827032,-0.10301,-0.105225,-0.0773953,-0.0366807,0.00415383,0.0298591,0.041522,0.0365763,0.0325757,0.0264191,0.0127634,0.00150504,-0.00136375,-0.000282825,-6.99419e-05,-7.45734e-08,9.09514e-05,-0.000751509,-0.00776271,0.00196421,0.0358944,0.069188,0.0950387,0.10834,0.0917753,0.0400502,-0.00913742,-0.0415544,-0.0554053,-0.0506249,-0.0277058,-0.000710802,0.0232499,0.0300116,0.0261281,0.0205806,0.017641,0.0127648,0.000289844,-0.00322803,-0.0012401,-0.000339366,-2.50831e-05,0.0,0.000233521,-0.000710111,-0.007936,-0.00205694,0.020894,0.0509026,0.0741079,0.0952322,0.0972591,0.0729745,0.0324943,0.00329147,-0.00992701,-0.0099303,0.00621875,0.0191592,0.0239445,0.0156502,0.012023,0.0078046,0.00673644,-0.00150237,-0.00719134,-0.00371805,-0.00107699,-0.000208919,0.0,0.0,-2.60325e-05,-0.000773946,-0.00589056,-0.00496875,0.00914882,0.0292452,0.0510431,0.0766612,0.0941893,0.0919437,0.0722743,0.0465565,0.0310982,0.0286546,0.0321378,0.0266487,0.0157659,0.0053153,-0.0019991,-0.00423187,-0.0069691,-0.010614,-0.0070791,-0.00259963,-0.000566111,-0.000102747,1.21715e-05,0.0,0.0,-0.000528085,-0.00328459,-0.00626991,0.00127375,0.0121675,0.0287472,0.0538785,0.076499,0.0896355,0.0917815,0.0824592,0.0745356,0.0572471,0.0414439,0.0218992,0.00134355,-0.00951369,-0.0135246,-0.0153685,-0.0136026,-0.00840326,-0.00418555,-0.00149951,-0.000298602,-2.53284e-05,2.24704e-05,0.0,0.0,-0.000138139,-0.00108948,-0.00321074,-0.0032599,-0.000450901,0.00666645,0.0177545,0.036163,0.0517292,0.062079,0.06191,0.0519262,0.0354675,0.0133578,-0.00873924,-0.0188414,-0.0219065,-0.0208681,-0.0162093,-0.0102152,-0.00590572,-0.00257528,-0.000947947,-0.000162331,-1.15961e-05,0.0,0.0,0.0,-3.14249e-05,-0.000137482,-0.000610501,-0.00241117,-0.00516618,-0.0102023,-0.0138556,-0.0170736,-0.0172732,-0.016801,-0.0144685,-0.016616,-0.0231972,-0.0274998,-0.0282658,-0.0256819,-0.0206108,-0.014591,-0.00934588,-0.00595282,-0.00335148,-0.00144648,-0.000386383,-3.6152e-05,0.0,0.0,0.0,0.0,-5.44528e-06,-2.10346e-05,-0.000270763,-0.00111462,-0.00317798,-0.0067887,-0.0113399,-0.0161322,-0.020929,-0.0242166,-0.0256406,-0.025386,-0.0232938,-0.021133,-0.0190766,-0.0161262,-0.011372,-0.00689584,-0.00455854,-0.00302903,-0.00153101,-0.000600126,-0.000100825,0.0,0.0,0.0,0.0,0.0,0.0,0.0,-7.9331e-05,-0.000368645,-0.00105105,-0.00198929,-0.00395279,-0.00572033,-0.00707779,-0.00834296,-0.00860892,-0.00905756,-0.00901618,-0.00829984,-0.00739325,-0.00570936,-0.00396337,-0.00223879,-0.00143626,-0.00107074,-0.000591653,-0.000100448,-1.50319e-07,-1.04151e-06,0.0,0.0,0.0,0.0,0.0,0.0,0.0,0.0,