{"max":0.00248216,"min":-0.00295569,"acc":0.1251,"arr":[0.0,0.0,0.0,0.0,0.0,0.0,0.0,0.0,0.0,0.0,0.0,0.0,0.0,0.0,0.0,0.0,0.0,0.0,0.0,0.0,0.0,0.0,0.0,0.0,0.0,0.0,0.0,0.0,0.0,0.0,0.0,0.0,0.0,0.0,0.0,0.0,0.0,0.0,0.0,0.0,0.0,0.0,0.0,0.0,0.0,0.0,0.0,0.0,0.0,0.0,0.0,0.0,0.0,0.0,0.0,0.0,0.0,0.0,0.0,0.0,0.0,0.0,0.0,0.0,0.0,0.0,0.0,-1.2549e-05,-4.13726e-05,0.0,0.0,-1.76471e-05,-9.11765e-05,-0.000115686,-0.000115294,-2.43137e-05,0.0,0.0,0.0,0.0,0.0,0.0,0.0,0.0,0.0,0.0,0.0,0.0,0.0,0.0,0.0,0.0,0.0,0.0,-2.2549e-05,-6.76471e-05,-0.000102353,-8.92157e-05,-0.000163333,-0.000211176,-0.000180392,-0.000202549,-0.00012549,-6.72549e-05,-9.96079e-05,-5.45098e-05,-2.19608e-05,0.0,0.0,0.0,0.0,0.0,0.0,0.0,0.0,0.0,0.0,0.0,-2.70588e-05,-9.68628e-05,-0.000141569,-0.000241961,-0.000313333,-0.000421765,-0.000480196,-0.000491373,-8.86275e-05,0.000667451,0.000711176,4.19607e-05,-0.000659216,-0.000466275,-0.000288235,-0.000152157,-8.17647e-05,-3.33333e-06,0.0,0.0,0.0,0.0,0.0,0.0,0.0,0.0,0.0,-1.82353e-05,-7.45098e-05,-0.000181961,-0.000109412,-1.13726e-05,-0.000239216,-0.00044451,-0.000433529,0.000204706,0.00129804,0.00150608,0.00116196,0.000908431,0.000262549,-4.58824e-05,-0.000169804,-5.50981e-05,-0.000148627,-8.19608e-05,-4.86275e-05,-1e-05,0.0,0.0,0.0,0.0,0.0,0.0,0.0,5.88235e-05,0.000203137,1.90196e-05,-0.000118431,-2.50981e-05,-7.01961e-05,0.000594118,0.000892353,0.00125647,0.00154529,0.00118059,0.000834706,0.000723137,0.000882353,0.000756863,-8.76471e-05,8.07842e-05,0.000114706,-0.000106471,-0.00012451,-0.000133529,-1.56863e-06,0.0,0.0,0.0,0.0,0.0,1.82353e-05,0.000279412,0.000108235,3.11765e-05,-5e-05,0.000107647,0.000294902,0.000497255,0.000909412,0.00140941,0.00126922,0.000833726,0.00028,-1.29413e-05,0.000690784,0.00126961,0.000832745,0.000509412,0.000137451,0.000122353,-0.000154902,-0.000160196,-4.27451e-05,0.0,0.0,0.0,0.0,0.0,0.000221373,0.000245882,0.000132941,0.000240588,-3.94119e-05,0.000175098,0.000343921,2.99998e-05,0.000186667,-0.000122157,-0.000650588,-0.000677843,-0.000933529,-0.000816471,0.000107451,0.0014098,0.00160392,0.000964118,0.000363529,-0.000151765,-0.000178824,-9.54902e-05,-2.41177e-05,0.0,0.0,0.0,0.0,-2.23529e-05,-3.92162e-07,0.000173922,-9.60785e-05,0.000325882,4.5098e-05,0.000285098,0.000218628,0.000164902,7.80391e-05,-0.000482941,-0.00112059,-0.0011498,-0.00132549,-0.00145804,-0.00106137,0.000391569,0.0017698,0.00145294,0.000734706,-8.31373e-05,-0.000127843,-7.41177e-05,-3.64706e-05,0.0,0.0,0.0,0.0,-4.66667e-05,0.000153137,7.58824e-05,0.000569804,0.000311961,0.000301177,0.000457647,-0.000124118,-0.000254902,-6.94118e-05,-0.000612157,-0.00075902,-0.00146922,-0.00190608,-0.00207235,-0.00154588,-0.00034549,0.00172529,0.00189529,0.00128039,0.000248431,-1.33333e-05,-1.41176e-05,-4.11765e-06,0.0,0.0,0.0,0.0,-4.35294e-05,0.000148235,0.000331373,0.000663922,0.000458431,0.000456274,0.000112549,0.000121372,-0.000242745,-0.000620196,-0.000794902,-0.00111078,-0.00189941,-0.00216529,-0.00218039,-0.00159667,-0.000476471,0.00147667,0.00233275,0.00166686,0.000595294,0.000117059,0.0,0.0,0.0,0.0,0.0,0.0,-1.98039e-05,-9.19608e-05,0.000591569,0.000749804,0.0011398,0.000947255,0.000362353,-3.21569e-05,-0.000684706,-0.00115078,-0.00138882,-0.00207451,-0.00247059,-0.00265667,-0.00244922,-0.00147451,-0.000411373,0.00144275,0.00236608,0.0020449,0.000662745,8.84314e-05,0.0,0.0,0.0,0.0,0.0,0.0,0.0,-4.64706e-05,0.000632353,0.000956863,0.00133843,0.00113176,0.000619804,-0.000456275,-0.00118922,-0.00149176,-0.00201078,-0.00267275,-0.00288588,-0.00283706,-0.00225726,-0.00140765,-0.000271177,0.00133078,0.0016451,0.00201431,0.000981569,-1.05882e-05,0.0,0.0,0.0,0.0,0.0,0.0,0.0,0.000132157,0.000802353,0.00113235,0.00154294,0.00144196,0.000782549,-0.00064353,-0.00124,-0.00157353,-0.0025451,-0.00295569,-0.00270725,-0.00223235,-0.00164157,-0.00104431,-0.00014,0.00119961,0.00124726,0.0019649,0.00123314,0.000122941,0.0,0.0,0.0,0.0,0.0,0.0,0.0,0.00015,0.000851373,0.00147196,0.00196471,0.00191725,0.000552941,-0.000870784,-0.00135765,-0.00205412,-0.00245961,-0.00263961,-0.00227745,-0.00168176,-0.00125,-0.00057353,5.99999e-05,0.00136,0.00110098,0.00178804,0.00114176,0.000337647,0.0,0.0,0.0,0.0,0.0,0.0,-3.52941e-06,0.000151765,0.000536471,0.00142137,0.00243098,0.00223922,0.000231765,-0.000901569,-0.00150843,-0.00206392,-0.00210804,-0.00194922,-0.0017651,-0.00149412,-0.00134549,-0.000551569,0.000400784,0.00102412,0.00117294,0.00151922,0.000929216,0.000442353,0.0,0.0,0.0,0.0,0.0,0.0,-3.23529e-05,9.01961e-05,0.000451373,0.00135647,0.00248216,0.0019998,0.000157843,-0.000807451,-0.00147627,-0.00184118,-0.00155216,-0.00148686,-0.0014949,-0.00144118,-0.0012651,-0.000552745,0.000377059,0.000762745,0.00143196,0.00140235,0.000528039,0.000351569,-2.66667e-05,0.0,0.0,0.0,0.0,-1.88235e-05,-8.92157e-05,2.52941e-05,0.000485882,0.00137686,0.0023502,0.00179294,0.00020451,-0.000444118,-0.00163745,-0.00138726,-0.000965883,-0.00121804,-0.00140078,-0.00136412,-0.0012051,-6.41178e-05,0.000603137,0.000958627,0.00159667,0.000727255,0.000301961,5.60784e-05,-4.13726e-05,0.0,0.0,0.0,0.0,-2.37255e-05,-0.000107843,-0.000114902,0.000344706,0.00139373,0.00208098,0.00179588,0.00105314,-0.000348235,-0.000838824,-0.00106078,-0.00104725,-0.00118863,-0.00122569,-0.00140431,-0.000631569,0.000104706,0.000986078,0.00145549,0.00128137,0.000265686,0.000149412,-7.01961e-05,-2.54902e-06,0.0,0.0,0.0,0.0,-7.45098e-06,-6.33333e-05,-0.000178039,-3.90196e-05,0.00140392,0.0015898,0.00112902,0.000831373,0.000531961,-3.03923e-05,-0.000617843,-0.000612941,-0.000429216,-0.000780784,-0.000129804,9.5294e-05,0.00101039,0.00144451,0.00113235,0.000512157,0.000151765,-0.000113529,-4.68628e-05,0.0,0.0,0.0,0.0,0.0,0.0,-7.84314e-06,-0.000117255,-0.000118824,0.000638627,0.000962353,0.000930392,0.000498039,-3.92273e-07,0.00017549,0.000385686,0.000402353,0.000182157,-0.000204314,-9.80531e-07,0.000937647,0.00117804,0.000966471,0.000322941,0.000113333,-9.2353e-05,-0.000137059,-5.66667e-05,0.0,0.0,0.0,0.0,0.0,0.0,0.0,-6.7451e-05,-8.45098e-05,0.000401176,0.000549804,0.00111647,0.000957843,0.000494706,0.000373137,0.000514706,0.000438627,0.00028,0.000312549,0.000432941,0.000498824,0.000137451,-4.88236e-05,-0.000257059,-0.000171373,-5.29412e-05,-3.5098e-05,0.0,0.0,0.0,0.0,0.0,0.0,0.0,0.0,-2.43137e-05,3.23529e-05,0.000249608,0.000293529,0.000481373,0.000527255,0.000319412,0.00015451,0.00063549,0.000783137,0.000375686,0.000165882,-0.000119804,-0.000215098,-0.000110588,-0.000187843,-0.00020902,-0.000141961,-5.11765e-05,-1.11765e-05,0.0,0.0,0.0,0.0,0.0,0.0,0.0,0.0,0.0,0.000138431,0.000354314,0.000271961,0.00018,5.52941e-05,-0.000259412,-0.000200392,-0.000188627,-0.000234314,-0.000305098,-0.000372157,-0.000457255,-0.000375686,-0.000345686,-0.000203137,-0.000132941,-0.000100196,-2.33333e-05,0.0,0.0,0.0,0.0,0.0,0.0,0.0,0.0,0.0,0.0,0.0,0.0,0.0,-5.88235e-07,-2.84314e-05,-6.54902e-05,-0.000102549,-7.4902e-05,-0.000128039,-0.000113726,-0.000211961,-0.000338824,-0.000340588,-0.000240196,-8.01961e-05,-5.5098e-05,-4.68628e-05,-6.27451e-06,0.0,0.0,0.0,0.0,0.0,0.0,0.0,0.0,0.0,0.0,0.0,0.0,0.0,0.0,0.0,0.0,0.0,0.0,-5.15686e-05,-6.01961e-05,-8.90196e-05,-0.000189412,-0.000231176,-0.00011098,-5.54902e-05,-1.70588e-05,0.0,0.0,0.0,0.0,0.0,0.0,0.0,0.0,0.0,0.0,0.0,0.0,0.0,0.0,0.0,0.0,0.0,0.0,0.0,0.0,0.0,0.0,-1.11765e-05,-4.94118e-05,-4.62745e-05,0.0,0.0,0.0,0.0,0.0,0.0,0.0,0.0,0.0,0.0]}