{"max":0.0140071,"min":-0.0147916,"acc":0.6812,"arr":[0.0,0.0,0.0,0.0,0.0,0.0,0.0,0.0,0.0,0.0,0.0,0.0,0.0,0.0,0.0,0.0,0.0,0.0,0.0,0.0,0.0,0.0,0.0,0.0,0.0,0.0,0.0,0.0,0.0,0.0,0.0,0.0,0.0,0.0,0.0,0.0,0.0,0.0,0.0,0.0,0.0,0.0,-2.17428e-05,-4.18936e-05,-3.64315e-05,0.0,0.0,0.0,0.0,0.0,0.0,0.0,0.0,0.0,0.0,0.0,0.0,0.0,0.0,0.0,0.0,0.0,0.0,0.0,0.0,-2.65219e-05,-8.55671e-05,-0.000150727,-0.000284067,-0.000215566,-0.000307284,-0.00050685,-0.000480505,-0.000177385,-0.000179774,-9.13619e-05,-0.000135316,-8.18147e-05,-5.54109e-05,-8.04722e-06,0.0,0.0,0.0,0.0,0.0,0.0,0.0,0.0,0.0,-2.53204e-05,-3.33489e-05,-8.44014e-06,-4.40171e-05,-0.000231315,-0.000443665,-0.000613681,-0.000827922,-0.00105754,-0.00121738,-0.00137588,-0.00127352,-0.000834665,-0.000578276,-0.000304058,-0.000156919,-6.9256e-05,-0.000159097,-3.79361e-05,0.0,0.0,0.0,0.0,0.0,0.0,0.0,0.0,0.0,-3.00439e-05,-7.07384e-05,-0.000228285,-0.000538131,-0.000825115,-0.000693602,-0.000710338,-0.000153604,-0.000446927,0.0004244,0.00169979,0.00135746,0.00146847,0.000337127,0.00025668,7.0986e-05,-0.000441553,-0.000315092,-8.04675e-05,-1.19034e-05,-2.72792e-05,-2.38693e-05,0.0,0.0,0.0,0.0,0.0,0.0,-0.000108671,-0.000290706,-0.000678223,-0.000865604,-0.000895129,-0.000821421,-0.000683643,-0.000312019,0.000535758,0.00339775,0.00456495,0.00587021,0.00542115,0.00342487,0.00184232,0.000545409,-5.6451e-05,-0.000694243,-0.000452304,-0.000266094,-0.000132711,-4.89718e-05,0.0,0.0,0.0,0.0,0.0,0.0,0.000150904,-4.66576e-05,-0.000810266,-0.00118482,-0.00142294,-0.00131515,0.000763698,0.00164215,0.00301489,0.00509653,0.00477788,0.00517771,0.0066905,0.00677785,0.00510813,0.00237399,0.00124701,5.57101e-05,-0.00105185,-0.000847035,-0.000511736,-0.000109742,-7.56471e-06,0.0,0.0,-1.46994e-05,-4.06613e-05,-1.23816e-05,0.000522615,-0.000247963,-0.000718825,-0.000798656,-0.000576566,-0.000216376,0.00134136,0.00252918,0.00415502,0.00427184,0.0041801,0.00405569,0.00481543,0.00585504,0.0069192,0.00637025,0.00424405,0.00184748,-0.000556869,-0.00104886,-0.000644257,-0.000191861,-5.03651e-05,0.0,0.0,-8.48349e-05,-0.000147847,3.44033e-05,0.000119309,-0.000508273,-0.000276426,-5.80681e-05,0.000435457,0.00152229,0.0024063,0.0034809,0.0034535,0.00340773,0.00279158,0.00103401,0.000849609,0.00354755,0.00868762,0.010339,0.00817665,0.00499557,0.000754335,-0.000828027,-0.000466997,-0.000184368,-2.76709e-05,0.0,0.0,-6.15878e-05,-0.000217342,-0.000353853,-0.000267982,-0.000564359,0.000180379,0.000942179,0.00236827,0.00381463,0.00397308,0.00495677,0.00360335,0.00176843,2.13553e-05,-0.00210995,-0.00232062,-0.000610855,0.00428621,0.0102993,0.0114176,0.00847663,0.00382176,-0.00014915,-0.000289194,-0.000111255,0.0,0.0,0.0,-1.68471e-05,-0.000220394,0.000105705,5.84746e-06,0.00117073,0.00185101,0.00320034,0.00481959,0.00442541,0.00407452,0.00324177,0.00120014,-0.000526428,-0.00373062,-0.00639837,-0.00646655,-0.00452407,0.00059545,0.00880869,0.0126322,0.0115125,0.00626628,0.00106252,-0.000128747,-5.67896e-05,0.0,0.0,0.0,0.0,-0.000152503,0.000253449,0.000849893,0.00264968,0.00458924,0.00632793,0.00590678,0.00471956,0.00263074,0.0010738,-0.000192317,-0.00326253,-0.00710142,-0.0096152,-0.00823002,-0.00715541,-0.00170356,0.00701528,0.0135416,0.0133923,0.0083251,0.00263942,-3.69079e-05,-1.05238e-05,0.0,0.0,0.0,-3.79182e-06,-9.54557e-05,0.000184413,0.00166662,0.00474836,0.00771565,0.00802172,0.00596917,0.0035002,0.000279893,-0.00244187,-0.00527765,-0.00801339,-0.0107959,-0.0117452,-0.0106334,-0.00879689,-0.0029693,0.00657726,0.0133016,0.0140071,0.00906427,0.00376464,1.37995e-05,0.0,0.0,0.0,0.0,-2.33496e-05,-7.82918e-05,0.000321883,0.00224008,0.00756086,0.00956533,0.00819176,0.00516696,0.00165392,-0.00393849,-0.00695783,-0.00925696,-0.0116725,-0.0136194,-0.0136829,-0.0126066,-0.00962132,-0.00316509,0.00593748,0.0118574,0.0133383,0.00946632,0.00426289,0.000178839,0.0,0.0,0.0,0.0,-2.55449e-05,-2.28431e-05,0.000574594,0.00384464,0.00964049,0.011034,0.00869402,0.00500424,-0.000980038,-0.00715461,-0.00935558,-0.0124196,-0.0144371,-0.0147916,-0.013815,-0.0125099,-0.00906077,-0.00283059,0.0050985,0.0105803,0.0127182,0.0090466,0.0048588,0.000625837,0.0,0.0,0.0,0.0,-2.01565e-05,0.0,0.000956394,0.00526353,0.0115846,0.0121678,0.00981649,0.00486269,-0.0028472,-0.0082731,-0.0111904,-0.0137361,-0.0147873,-0.0144501,-0.0127856,-0.0111442,-0.00671293,-0.000880059,0.00605761,0.0106626,0.0114379,0.00749506,0.00421028,0.000692743,0.0,0.0,0.0,0.0,0.0,-7.51967e-06,0.0012179,0.00581409,0.0116861,0.0130796,0.0106128,0.00450933,-0.00373504,-0.00765173,-0.0106499,-0.0120533,-0.0125692,-0.0122843,-0.0113411,-0.00838313,-0.00364523,0.00112445,0.00801051,0.0105681,0.00894992,0.00622773,0.00366517,0.00100736,0.0,0.0,0.0,0.0,0.0,-5.38542e-05,0.00184749,0.0061361,0.0107866,0.013553,0.0114894,0.00483602,-0.00344096,-0.00725568,-0.00910608,-0.010079,-0.0105354,-0.00993271,-0.00753818,-0.00425779,-0.00125308,0.00383089,0.00849423,0.00915746,0.00714159,0.0045194,0.0026998,0.000624624,0.0,0.0,0.0,0.0,-1.88235e-05,-0.000153959,0.00218881,0.00597236,0.0102259,0.0134341,0.011865,0.00515051,-0.00158349,-0.00595038,-0.00655034,-0.00734473,-0.00724457,-0.00577774,-0.00369159,-0.00225674,0.00161117,0.00619208,0.00750396,0.00691638,0.00466167,0.0030962,0.00181679,0.000305099,0.0,0.0,0.0,0.0,-2.37255e-05,-0.000200143,0.00179091,0.00500939,0.00940407,0.0123045,0.0112397,0.00702615,0.0011511,-0.00243773,-0.00402517,-0.00405509,-0.00297615,-0.00248362,-0.00207173,3.81607e-05,0.00342057,0.00642201,0.00660966,0.00494289,0.00310476,0.00228858,0.000595641,0.000223196,0.0,0.0,0.0,0.0,-7.45098e-06,-0.00015567,0.00142013,0.00328106,0.00789669,0.0101657,0.0103808,0.00890157,0.00601307,0.00348521,0.0010787,0.00038298,0.000336127,-0.00132572,-0.000568938,0.00215644,0.00470482,0.00573231,0.00404157,0.00306615,0.00202129,0.000507758,9.8634e-05,-3.51969e-05,0.0,0.0,0.0,0.0,0.0,-4.6979e-05,0.000748991,0.0020932,0.00483553,0.00781018,0.00899545,0.00971776,0.0069813,0.00544618,0.0037071,0.00222835,0.000539162,0.000151005,0.00171738,0.00432818,0.00427039,0.00279343,0.00196012,0.00145925,0.000436315,-3.33674e-05,9.77629e-05,5.42579e-06,0.0,0.0,0.0,0.0,0.0,-3.84854e-07,0.000391004,0.00130053,0.00189118,0.00386979,0.00615047,0.00659632,0.00654897,0.0052551,0.00355907,0.0024521,0.00130471,0.00165852,0.00162532,0.0017241,0.000861461,0.000869789,0.000356443,0.000271391,0.000196206,9.49917e-05,-7.28345e-06,-7.29553e-06,0.0,0.0,0.0,0.0,0.0,0.0,-5.01581e-05,0.000433674,0.000981383,0.00127428,0.00226328,0.00265108,0.002165,0.0017672,0.00225215,0.00139795,0.000517345,-0.000277106,-0.000440677,-0.000465712,-0.000392373,-0.000293181,-0.000376722,-0.000257776,-0.000168952,-5.72737e-05,0.0,0.0,0.0,0.0,0.0,0.0,0.0,0.0,-3.78926e-05,2.32926e-05,0.000171585,-0.000102359,-0.00026495,-0.000753951,-0.00174943,-0.00233262,-0.00297667,-0.00319362,-0.00276622,-0.00255573,-0.00191622,-0.00118443,-0.000771658,-0.000598191,-0.000387311,-0.000295755,-0.000163482,-6.67023e-05,0.0,0.0,0.0,0.0,0.0,0.0,0.0,0.0,0.0,-3.4972e-05,-7.58053e-05,-0.00025119,-0.000509869,-0.000850671,-0.00145205,-0.00163546,-0.00177941,-0.00184007,-0.00152517,-0.00166828,-0.00153385,-0.00115791,-0.000660258,-0.000313101,-0.000178152,-0.000145746,-9.55473e-05,-3.32741e-05,0.0,0.0,0.0,0.0,0.0,0.0,0.0,0.0,0.0,0.0,-1.77532e-07,-6.16481e-05,-0.000219886,-0.000188146,-0.000299863,-0.000392273,-0.000539911,-0.000690477,-0.000646462,-0.000632935,-0.000623897,-0.000531718,-0.000201867,-6.91381e-05,-1.70588e-05,0.0,0.0,0.0,0.0,0.0,0.0,0.0,0.0,0.0,0.0,0.0,0.0,0.0,-7.7673e-06,-5.41171e-05,-8.6206e-05,-4.30696e-05,-3.83695e-06,0.0,-4.35145e-05,-5.44115e-05,-7.55112e-05,-0.000107145,-0.000157796,-0.000113709,0.0,0.0,0.0,0.0,0.0,0.0,0.0,0.0,0.0,0.0]}