{"max":0.0541143,"min":-0.0764549,"acc":0.8238,"arr":[0.0,0.0,0.0,0.0,0.0,0.0,0.0,0.0,0.0,0.0,0.0,0.0,0.0,0.0,0.0,0.0,0.0,0.0,0.0,0.0,0.0,0.0,0.0,0.0,0.0,0.0,0.0,0.0,0.0,0.0,0.0,0.0,0.0,0.0,-3.5245e-05,-7.77491e-05,-9.62137e-05,-5.47516e-05,-6.07807e-05,-8.78648e-05,-0.000144947,-0.000160665,-0.000199717,-8.56742e-05,-0.000160858,-0.00011523,-9.42843e-05,-0.000118087,-8.04919e-05,-7.00381e-07,0.0,0.0,0.0,0.0,0.0,0.0,0.0,0.0,0.0,-3.84478e-06,-7.90482e-06,0.0,-3.66876e-05,-0.000100585,-0.000297836,-0.000451925,-0.00062737,-0.000979008,-0.00154668,-0.00179606,-0.00228379,-0.00263694,-0.00260542,-0.0021936,-0.00177523,-0.00147524,-0.00109734,-0.000492863,-0.000144135,-1.21706e-05,0.0,0.0,0.0,0.0,0.0,0.0,0.0,-3.71197e-05,-4.65069e-05,-2.81443e-05,-0.000145601,-0.000338446,-0.000668022,-0.00162445,-0.00265017,-0.00402544,-0.00547815,-0.00646532,-0.00682734,-0.00639796,-0.00640689,-0.00577092,-0.00572181,-0.00468179,-0.00296455,-0.00135514,-0.000622586,-0.000242039,-9.19986e-05,-7.4948e-05,-1.3051e-05,0.0,0.0,0.0,0.0,-4.83673e-05,-0.00011146,-0.000357635,-0.000960459,-0.0017572,-0.00205911,-0.00342484,-0.00583029,-0.00538072,-0.00379762,-0.00169621,0.000740856,0.0036768,0.00256483,0.00307815,0.00236111,0.00254194,0.000727254,-0.000316816,-0.00091423,-0.00112461,-0.000634572,-0.000205597,-2.80345e-05,0.0,0.0,0.0,-1.38714e-05,-4.00939e-05,-0.000201066,-0.001085,-0.00237255,-0.00402822,-0.00571141,-0.00677489,-0.00721854,-0.00381559,0.000315971,0.00726909,0.0148505,0.0192794,0.022897,0.0201351,0.0155694,0.011911,0.00427006,0.000230837,-0.00261998,-0.00326961,-0.0022983,-0.00070122,-7.05188e-05,0.0,0.0,0.0,-1.52015e-06,-0.000165113,-0.000564287,-0.00125661,-0.0033774,-0.00640227,-0.00865223,-0.00929945,-0.00624137,0.000791916,0.00828707,0.0138685,0.0197558,0.0213178,0.0251622,0.0285453,0.0276342,0.0227814,0.0126566,0.00429131,0.000684588,-0.0034329,-0.00400645,-0.00192444,-0.000282334,-5.51028e-05,0.0,-1.46518e-05,-0.000124506,-0.000440003,-0.00125912,-0.00186328,-0.00517127,-0.00789716,-0.00893986,-0.00662937,-0.00171906,0.00480638,0.0113296,0.0133021,0.0135079,0.0151743,0.0172368,0.0228619,0.0274918,0.0293165,0.026544,0.0164561,0.00868949,-0.000253365,-0.00403192,-0.00253984,-0.000679507,-0.000106412,0.0,-3.67012e-05,-0.000276931,-0.00101681,-0.00220031,-0.00463146,-0.00710903,-0.00675455,-0.00482959,-0.00220464,0.00536041,0.0107263,0.0132709,0.0109944,0.0093463,0.00829233,0.00872094,0.00970049,0.0170815,0.0307728,0.0366296,0.0303729,0.0192467,0.00796382,-0.000639282,-0.00215974,-0.000562122,-2.76709e-05,0.0,-4.80334e-05,-0.00031399,-0.00138604,-0.00290541,-0.00498404,-0.00581587,-0.00242438,0.00184754,0.0080523,0.0144,0.0177856,0.0167602,0.0130345,0.00464897,-0.00193493,-0.0048804,-0.00658941,0.000543202,0.0195894,0.038185,0.0400787,0.0317513,0.0184357,0.00395079,-0.00143846,-0.000333934,0.0,0.0,-2.66921e-05,-0.000231885,-0.00123123,-0.0021085,-0.00276075,-0.000223879,0.00621683,0.0114767,0.0197456,0.0204805,0.0187608,0.014491,0.00489205,-0.00785389,-0.0163616,-0.0247005,-0.0251076,-0.014621,0.00800962,0.0349882,0.0470823,0.0440232,0.0283907,0.00714783,-0.000527651,-0.000252391,-2.22428e-05,0.0,-5.24493e-06,-0.000199591,-0.000833411,-0.00148059,0.000650597,0.00773374,0.0156317,0.0225531,0.0260523,0.0232696,0.0138298,0.00383753,-0.00893248,-0.0205585,-0.0319614,-0.0414643,-0.0420618,-0.0286387,0.000938052,0.0335147,0.0518595,0.0524457,0.0352471,0.0122609,0.00024438,-0.000145011,-6.16491e-05,0.0,-1.80414e-05,-0.000208406,-0.000522589,-0.000690514,0.00576625,0.0160809,0.0263925,0.0303517,0.0279737,0.0194556,0.00284182,-0.0120836,-0.0273887,-0.0391081,-0.0502321,-0.0572924,-0.0568943,-0.0391798,-0.00430022,0.0348425,0.0520608,0.0526462,0.0374552,0.0150321,0.000268135,-0.000129255,-4.15083e-05,0.0,0.0,-0.000150424,-0.000446652,0.000324467,0.0104245,0.0263535,0.0370736,0.0353642,0.0273703,0.00862581,-0.0134215,-0.0304565,-0.04715,-0.0581932,-0.0663261,-0.0704634,-0.0671353,-0.0443446,-0.00667145,0.0358001,0.0518261,0.0500238,0.0366667,0.0153414,0.000243028,-6.76681e-05,-1.11963e-05,0.0,-2.66063e-05,-8.62103e-05,-0.000374729,0.00169185,0.0176456,0.0346655,0.0436802,0.038049,0.0232461,-0.00296968,-0.0257585,-0.044964,-0.0611955,-0.0710359,-0.0762563,-0.0752816,-0.0672582,-0.0409469,-0.0031984,0.0351306,0.049238,0.0462819,0.0334114,0.015299,0.000765789,-4.3529e-05,0.0,0.0,-6.07375e-05,-0.000123009,-0.000364766,0.0037593,0.0243812,0.043214,0.0493921,0.0401393,0.0193456,-0.0105524,-0.0351675,-0.0535544,-0.0655916,-0.073772,-0.0764549,-0.0715223,-0.0572116,-0.0278161,0.00620379,0.0355684,0.0448537,0.040775,0.0274598,0.0125654,0.000612631,-0.000102331,-1.734e-05,0.0,-2.87563e-05,-0.000122372,-0.000408753,0.00505093,0.0283902,0.0487919,0.0519051,0.0408194,0.0167583,-0.0152083,-0.0366,-0.0515521,-0.0606453,-0.0670417,-0.0674421,-0.0591525,-0.040023,-0.0113431,0.0174615,0.0383671,0.0394192,0.0329535,0.0205376,0.0087613,0.000544927,-0.000271794,-3.56999e-05,0.0,-1.91447e-05,-0.000113309,-0.000816692,0.00597075,0.0313634,0.0493715,0.0540638,0.0418466,0.0159811,-0.0158875,-0.0353537,-0.0455013,-0.0526367,-0.0560047,-0.0531501,-0.0418662,-0.020023,0.00327532,0.0243565,0.0351895,0.0317975,0.0241309,0.0133337,0.00414419,0.000194803,-0.000116756,-1.836e-06,0.0,-6.03813e-06,-0.000195486,-0.00138115,0.0061671,0.0289518,0.0471804,0.0541143,0.0454662,0.0203874,-0.00927131,-0.027107,-0.0354505,-0.0403569,-0.0430717,-0.0355739,-0.0227046,-0.00528501,0.0135196,0.0255377,0.027819,0.0232531,0.0151958,0.00610173,0.00143679,-0.000185283,-5.36082e-05,0.0,0.0,0.0,-0.000270391,-0.00168098,0.00521099,0.0228057,0.041323,0.0498065,0.0463212,0.0310579,0.00452108,-0.0138702,-0.0231049,-0.0269542,-0.0263723,-0.0182622,-0.00770267,0.00720192,0.0179017,0.0223911,0.0210121,0.0154165,0.00845401,0.00181467,-0.000345636,-0.000185036,-0.00011897,0.0,0.0,0.0,-0.000254213,-0.00168698,0.003001,0.0139343,0.03124,0.041268,0.0448576,0.0395862,0.0243117,0.00651963,-0.00482355,-0.00946095,-0.0106343,-0.004567,0.0057424,0.0149309,0.0178293,0.0198485,0.0139097,0.00972173,0.00227731,-0.00137237,-0.0010547,-0.00034989,-5.77918e-05,0.0,0.0,0.0,-0.000166405,-0.00121247,0.000470571,0.00730707,0.017541,0.0288943,0.0375083,0.0416958,0.0359414,0.0243977,0.0154284,0.00968904,0.00919794,0.0145202,0.0167079,0.0185298,0.0154434,0.0112313,0.0070943,0.00165937,-0.00186317,-0.00175073,-0.000900877,-0.000197051,-2.94555e-05,0.0,0.0,0.0,-6.0504e-05,-0.000776677,-0.00125201,0.0025575,0.00756671,0.0146264,0.0235543,0.0310108,0.0349253,0.0319421,0.0274062,0.024921,0.0207451,0.0197403,0.0156763,0.00909885,0.00520314,0.00298508,-0.00171314,-0.0027936,-0.00195018,-0.000976931,-0.000578274,-0.000111741,-1.27073e-05,0.0,0.0,0.0,-4.62392e-06,-0.000226869,-0.00115317,-0.000849063,0.000249425,0.00192846,0.00446488,0.00942469,0.0143087,0.0165962,0.0166696,0.0142908,0.0121526,0.00571007,-0.000242245,-0.00275223,-0.0035269,-0.00430916,-0.00394557,-0.00261805,-0.00149109,-0.000673831,-0.000299774,-5.3653e-05,-7.50114e-06,0.0,0.0,0.0,0.0,-9.06403e-06,-0.000247991,-0.000596856,-0.0013956,-0.00323081,-0.0055713,-0.00785,-0.0104468,-0.0118846,-0.0106273,-0.00938406,-0.0103888,-0.0116927,-0.0111869,-0.00888879,-0.00642184,-0.0040718,-0.00249324,-0.00150874,-0.000833576,-0.000416293,-0.000194722,-2.05555e-05,0.0,0.0,0.0,0.0,0.0,0.0,-1.73451e-05,-0.000261033,-0.00090034,-0.00203867,-0.00374581,-0.00573457,-0.00816379,-0.00959299,-0.00947263,-0.00844433,-0.00727506,-0.00695342,-0.00653327,-0.00490995,-0.00325803,-0.00214021,-0.00125944,-0.000840149,-0.000370226,-0.000158667,-4.64826e-05,0.0,0.0,0.0,0.0,0.0,0.0,0.0,-2.12642e-05,-0.000145799,-0.000423651,-0.000762275,-0.00163632,-0.00236622,-0.00310976,-0.0035545,-0.00343871,-0.0033888,-0.00319222,-0.00283432,-0.00233392,-0.00181629,-0.00125536,-0.000632565,-0.000278188,-0.000185223,-6.35983e-05,-1.2002e-05,0.0,0.0,0.0,0.0,0.0,0.0,0.0,0.0,0.0,0.0,-7.7673e-06,-7.84294e-05,-0.000181436,-0.00022126,-0.00027098,-0.000325021,-0.00032661,-0.00040386,-0.000510866,-0.000455764,-0.00042233,-0.000273157,