{"max":0.137243,"min":-0.250644,"acc":0.8917,"arr":[0.0,0.0,0.0,0.0,0.0,0.0,0.0,0.0,0.0,0.0,0.0,0.0,-2.27898e-06,-8.04209e-06,-3.39619e-06,-1.41508e-07,0.0,0.0,0.0,0.0,0.0,0.0,0.0,0.0,0.0,0.0,0.0,0.0,0.0,0.0,0.0,0.0,-1.31148e-07,-5.25413e-07,-3.87602e-05,-8.87519e-05,-0.000138137,-0.000153002,-0.000343127,-0.000118666,8.02585e-05,-0.000133625,-0.000420231,-0.000146007,-2.45659e-05,-0.000158611,-0.000229351,-0.000202494,-0.000138496,-3.66404e-05,-1.05289e-05,-3.91525e-07,0.0,0.0,0.0,0.0,0.0,0.0,-2.31574e-07,3.5589e-05,2.76849e-06,-1.09214e-05,-0.000168247,-0.000272117,-0.000837147,-0.00190857,-0.00296285,-0.00374205,-0.00496876,-0.00621739,-0.00826454,-0.00916072,-0.00890905,-0.007786,-0.0067371,-0.00570282,-0.00399262,-0.0022461,-0.00111748,-0.000369645,-8.72125e-05,-8.4817e-06,0.0,0.0,0.0,0.0,-1.18191e-06,7.03666e-05,-6.82534e-05,-0.000457492,-0.00112058,-0.00210329,-0.00348579,-0.00714356,-0.0102712,-0.0121503,-0.0161541,-0.0195239,-0.0231003,-0.0231702,-0.0230905,-0.0253908,-0.0265499,-0.0230196,-0.0167519,-0.0110855,-0.00662895,-0.00266694,-0.000961027,-0.000144078,-1.42863e-05,0.0,0.0,-1.23786e-06,-8.73823e-06,-4.45215e-05,-0.000400787,-0.00204511,-0.00431608,-0.00748817,-0.011653,-0.016995,-0.0222633,-0.0213727,-0.0157543,-0.0061168,0.0033556,0.0139975,0.00850579,0.00143401,-0.004389,-0.00776689,-0.0104538,-0.0125453,-0.0108132,-0.0085763,-0.00474583,-0.00124198,-0.000192016,-3.7184e-06,0.0,0.0,-4.27647e-05,-0.000140773,-0.00145623,-0.00542197,-0.00987974,-0.0177265,-0.0266186,-0.0318091,-0.029842,-0.0200561,-0.00115417,0.028801,0.0545366,0.070147,0.0761883,0.0667307,0.0446499,0.0226018,6.78131e-05,-0.0092526,-0.016732,-0.0190975,-0.0129399,-0.00448485,-0.000940942,-6.38571e-05,0.0,-1.83388e-07,-6.52302e-05,-0.000713728,-0.0033061,-0.00777036,-0.0161651,-0.027294,-0.036471,-0.0390614,-0.0284573,-0.00994625,0.0127776,0.0407036,0.0616358,0.0785955,0.0945884,0.10054,0.084101,0.0521645,0.0242658,0.00695358,-0.00513267,-0.0205003,-0.0224207,-0.0103589,-0.00262753,-0.000278516,0.0,-3.23323e-05,-0.000273301,-0.00146327,-0.00597836,-0.0117038,-0.0223747,-0.0329729,-0.0380712,-0.0300131,-0.0190947,0.00075745,0.0198978,0.0359549,0.051481,0.0680073,0.0870053,0.106556,0.102696,0.0763722,0.046433,0.0241171,0.0115285,-0.0116306,-0.0250396,-0.014811,-0.00345018,-0.000120855,0.000100335,-8.82809e-05,-0.000915712,-0.00354956,-0.00998005,-0.0178852,-0.026732,-0.0309993,-0.029625,-0.0215573,-0.00827575,0.0100226,0.0309845,0.041395,0.0486967,0.0564542,0.0739694,0.0858522,0.0957629,0.0908135,0.0723069,0.0462317,0.0327242,0.0108806,-0.0179028,-0.0161812,-0.003486,-0.00014561,-1.12523e-05,-0.000173419,-0.00136507,-0.00495657,-0.0121608,-0.019889,-0.024547,-0.0218534,-0.0183238,-0.00830762,0.008457,0.026137,0.0509156,0.0575119,0.0413974,0.0262407,0.0255756,0.0393897,0.0676025,0.0863624,0.0860425,0.0726974,0.0634905,0.0421306,-0.000159596,-0.012658,-0.0027744,-0.000124017,-1.53629e-05,-0.000297947,-0.00130756,-0.00556115,-0.0117878,-0.0169846,-0.0146581,-0.00677964,-0.0052752,0.00603657,0.0213417,0.0497272,0.0590813,0.0390734,0.00184898,-0.0335719,-0.0477505,-0.0237205,0.0257659,0.0679043,0.0944245,0.100522,0.101449,0.0761428,0.0189135,-0.00729246,-0.0021692,-7.89143e-05,-1.57243e-05,-0.00021256,-0.0015242,-0.00531542,-0.0127771,-0.0105855,0.00237988,0.0116518,0.0112821,0.0172789,0.041258,0.0552052,0.0333833,-0.0106369,-0.0676733,-0.113659,-0.129025,-0.096006,-0.0309632,0.0430711,0.090422,0.117894,0.127537,0.0998826,0.0354659,-0.00259877,-0.00106089,-6.50646e-05,-2.04819e-06,-0.000138596,-0.00124639,-0.00502775,-0.0114029,0.00121517,0.0234709,0.0319641,0.0264232,0.0391845,0.0622278,0.0432115,-0.00758218,-0.0800483,-0.147366,-0.185088,-0.194551,-0.157129,-0.0774402,0.0119337,0.0769463,0.117205,0.137243,0.111815,0.0453518,0.000131125,-0.000548119,-4.77589e-05,-4.419e-07,4.85159e-06,-0.000776263,-0.00436007,-0.00754699,0.0166615,0.0451769,0.0566098,0.0516912,0.0682442,0.0660979,0.011593,-0.0675189,-0.152991,-0.202977,-0.228821,-0.231257,-0.189811,-0.102889,-0.0110815,0.0627587,0.112275,0.132246,0.109877,0.0466036,0.0013372,-0.000320335,-5.90395e-05,-7.24079e-06,-5.88407e-05,-0.00046399,-0.00410736,-0.00382555,0.0358296,0.0665277,0.080192,0.082321,0.0913132,0.0594685,-0.0243449,-0.1228,-0.197891,-0.235443,-0.249703,-0.238303,-0.179567,-0.0921803,-0.00631814,0.0608725,0.10081,0.11434,0.0976657,0.0457159,0.00151746,-0.000299048,-7.42235e-06,-2.83475e-06,-6.07375e-05,-0.000345047,-0.00483433,0.00263224,0.0536048,0.0841109,0.099808,0.108945,0.106674,0.0506385,-0.059631,-0.158144,-0.221004,-0.248993,-0.250644,-0.217392,-0.143425,-0.0524042,0.0186911,0.0630755,0.0830996,0.0931097,0.0794512,0.0369959,0.000306011,-0.000444171,-5.32836e-05,-2.65072e-06,-3.43428e-05,-0.000460665,-0.00591784,0.00627231,0.064845,0.0982019,0.111163,0.12495,0.106878,0.0362806,-0.0755956,-0.165155,-0.2134,-0.232266,-0.221091,-0.169761,-0.086683,-0.00663134,0.0420679,0.0627371,0.0680738,0.0702826,0.0569151,0.0239242,-0.00110646,-0.000804509,-6.40778e-05,0.0,-2.70792e-05,-0.000663575,-0.00782339,0.00673594,0.067103,0.101831,0.119934,0.130223,0.107781,0.0336,-0.0698688,-0.141893,-0.183285,-0.19546,-0.163527,-0.09903,-0.0237887,0.0248705,0.0472734,0.0505322,0.0498374,0.0504225,0.0326552,0.0110354,-0.00154701,-0.000516543,0.000170237,-2.02737e-06,-9.88935e-06,-0.000862025,-0.0105962,0.00314776,0.0564925,0.0915285,0.117569,0.132706,0.112353,0.0455454,-0.0402033,-0.102292,-0.131481,-0.129318,-0.0903705,-0.0366026,0.0100176,0.0330856,0.0368525,0.0306889,0.0316132,0.0292828,0.0129172,0.00133022,-0.00178068,-0.000351557,-7.99368e-05,-7.45734e-08,8.91626e-05,-0.00100482,-0.0108045,-0.000866375,0.039879,0.0752667,0.100719,0.120582,0.118916,0.0693289,0.00286396,-0.0454935,-0.0662312,-0.0567008,-0.0292169,0.00306593,0.024465,0.0260117,0.0184704,0.0147706,0.0171056,0.0116712,-0.00116549,-0.00390422,-0.00181582,-0.000416165,-3.30151e-05,0.0,0.000226348,-0.000983597,-0.00967926,-0.00317225,0.0251763,0.0544681,0.0769251,0.0997179,0.115674,0.0991449,0.0536167,0.0123273,-0.00704054,-0.00708582,0.0102273,0.0189264,0.0195624,0.00695654,0.00356107,0.00356928,0.00454371,-0.00503193,-0.00940781,-0.00489805,-0.00156655,-0.000238687,-9.26129e-07,-1.58998e-08,-3.22725e-05,-0.00094695,-0.007036,-0.00544645,0.0120216,0.0342452,0.0556496,0.0785995,0.106807,0.115702,0.0970957,0.0641207,0.0420437,0.0367813,0.0362637,0.0255768,0.00978513,-0.00270714,-0.00992658,-0.0095973,-0.0121656,-0.0135036,-0.00818634,-0.00308358,-0.000795377,6.90692e-05,1.21715e-05,-1.54029e-08,-4.70035e-07,-0.000580917,-0.00416176,-0.008513,0.00143098,0.0183428,0.0371533,0.0628347,0.0889697,0.11105,0.120039,0.108308,0.0967768,0.0723712,0.0488237,0.021949,-0.00132383,-0.0165026,-0.0210744,-0.022542,-0.0183585,-0.0108184,-0.00463094,-0.00144772,-0.00031512,-7.33049e-06,2.24704e-05,0.0,0.0,-0.000159105,-0.00139495,-0.00521491,-0.00491115,-0.000156134,0.0117411,0.0254395,0.0472038,0.0677385,0.084529,0.0866056,0.0719433,0.0487081,0.0182753,-0.00862196,-0.0227626,-0.0299933,-0.0290297,-0.0222352,-0.0136732,-0.00712837,-0.00280426,-0.000804794,-0.0001445,-1.19777e-05,0.0,0.0,0.0,-8.96609e-05,-0.000259295,-0.00136977,-0.00380393,-0.00695762,-0.0127248,-0.0159728,-0.0195402,-0.0202502,-0.0206626,-0.0176967,-0.0197558,-0.0264223,-0.0323009,-0.0352759,-0.0333345,-0.0274775,-0.0202948,-0.0130282,-0.00809213,-0.00439153,-0.00177541,-0.000440615,-3.42745e-05,-5.2355e-07,0.0,0.0,0.0,-6.67815e-06,-4.503e-05,-0.000408467,-0.00157196,-0.0044564,-0.00924765,-0.0155073,-0.0227833,-0.0297757,-0.0334703,-0.035847,-0.0346152,-0.03169,-0.0290297,-0.0257398,-0.0211029,-0.0151449,-0.00958258,-0.00581167,-0.00359735,-0.00185069,-0.000748053,-0.000146542,-6.14624e-07,-5.07572e-07,0.0,0.0,0.0,0.0,0.0,-9.66004e-05,-0.000529812,-0.00156244,-0.00290827,-0.00525376,-0.0077144,-0.00918497,-0.0102275,-0.0103652,-0.0112019,-0.0115454,-0.0108979,-0.00951629,-0.00748546,-0.00536105,-0.00297991,-0.00176761,-0.0012141,-0.00062703,-0.000102412,-1.77433e-06,-1.04151e-06,0.0,0.0,0.0,0.0,0.0,0.0,