{"max":0.134504,"min":-0.240035,"acc":0.8897,"arr":[0.0,0.0,0.0,0.0,0.0,0.0,0.0,0.0,0.0,0.0,0.0,0.0,-2.27898e-06,-8.04209e-06,-3.39619e-06,-1.41508e-07,0.0,0.0,0.0,0.0,0.0,0.0,0.0,0.0,0.0,0.0,0.0,0.0,0.0,0.0,0.0,0.0,-1.31148e-07,-5.25413e-07,-3.87602e-05,-8.87203e-05,-0.000135348,-0.000141544,-0.000338169,-0.00011787,8.10741e-05,-0.000131912,-0.000416903,-0.000134619,-1.26347e-05,-0.000147976,-0.000224357,-0.000201656,-0.000136307,-2.89467e-05,-9.70675e-06,-1.35077e-07,0.0,0.0,0.0,0.0,0.0,0.0,-2.31574e-07,3.5589e-05,3.5264e-06,-1.07258e-05,-0.000166464,-0.000270483,-0.000830698,-0.00185561,-0.00284145,-0.00365976,-0.0048517,-0.00589527,-0.00784534,-0.00889998,-0.00864609,-0.0074644,-0.0063928,-0.00553498,-0.00384422,-0.00211605,-0.00107015,-0.000368625,-8.72125e-05,-8.4817e-06,0.0,0.0,0.0,0.0,-1.18191e-06,7.06804e-05,-6.79066e-05,-0.000444388,-0.00104827,-0.00197548,-0.00322443,-0.00695287,-0.0104202,-0.0123368,-0.0159695,-0.0191123,-0.0219828,-0.0220793,-0.0218769,-0.0235505,-0.0241076,-0.0209673,-0.0152221,-0.010304,-0.00617021,-0.00245865,-0.000829954,-0.000129171,-1.42863e-05,0.0,0.0,-1.23786e-06,-8.73823e-06,-4.41787e-05,-0.000400144,-0.00196672,-0.00412476,-0.00709483,-0.011052,-0.0170622,-0.0222084,-0.0208124,-0.0148032,-0.00575734,0.00344466,0.0126323,0.00728753,0.00223626,-0.00301485,-0.00633807,-0.00841054,-0.0105527,-0.00950662,-0.0076912,-0.00439566,-0.00120852,-0.000187947,-2.63207e-06,0.0,0.0,-4.02501e-05,-0.000140665,-0.0014434,-0.00522052,-0.0092679,-0.0166482,-0.0258642,-0.0314971,-0.0297693,-0.0206853,-0.00220666,0.0246936,0.0496644,0.064898,0.0716834,0.0629543,0.0421668,0.0230698,0.00186655,-0.00740573,-0.0153637,-0.0175382,-0.0121553,-0.00434081,-0.000930994,-6.38571e-05,0.0,-1.83388e-07,-6.29502e-05,-0.000703282,-0.00329351,-0.00716155,-0.0150459,-0.0259068,-0.0357549,-0.0385401,-0.0288341,-0.0113356,0.0102023,0.0359384,0.0574755,0.0741837,0.0887933,0.0942222,0.0792084,0.0507155,0.0254013,0.00799228,-0.00503547,-0.0195806,-0.021188,-0.00992711,-0.00253206,-0.000263187,0.0,-2.78302e-05,-0.000261646,-0.00143306,-0.00591762,-0.0110439,-0.0213731,-0.0316929,-0.0363595,-0.0293442,-0.0196007,-0.000617895,0.0173291,0.0327983,0.0481214,0.0635549,0.0806599,0.0994832,0.0968869,0.0740176,0.0482984,0.0257853,0.0113654,-0.0108984,-0.0230865,-0.0137945,-0.00308993,-6.92415e-05,0.000100335,-8.28072e-05,-0.000929771,-0.00352115,-0.00980514,-0.0173114,-0.0254612,-0.0292237,-0.0273748,-0.0207176,-0.00921743,0.00776265,0.0281063,0.0382869,0.0451067,0.0508192,0.0662411,0.0768533,0.0888202,0.0887714,0.0743357,0.0487683,0.0329284,0.0111652,-0.0163229,-0.0151273,-0.00325481,-0.000145522,-1.12523e-05,-0.000164296,-0.00132791,-0.00479262,-0.0118254,-0.019448,-0.0230206,-0.0194217,-0.0169379,-0.00833001,0.00742363,0.0247942,0.0485806,0.0546391,0.0386151,0.0241771,0.0210403,0.0320632,0.0609572,0.0849912,0.0883505,0.0754418,0.0635575,0.0417894,0.000603133,-0.0114267,-0.00251682,-9.5382e-05,-1.53629e-05,-0.000287114,-0.00125338,-0.00505112,-0.011245,-0.0164387,-0.0124449,-0.00367439,-0.00345161,0.00752568,0.0223401,0.0483181,0.0577708,0.0374765,0.00137962,-0.0320805,-0.0473663,-0.027491,0.018263,0.0647115,0.0943385,0.102791,0.101665,0.0749729,0.0184622,-0.00617918,-0.00176708,-5.61973e-05,-1.57243e-05,-0.000206642,-0.00150308,-0.00479735,-0.011597,-0.00939037,0.00409549,0.0148095,0.013976,0.0198457,0.0419283,0.0542485,0.0321408,-0.0113021,-0.0642051,-0.107613,-0.123827,-0.0955807,-0.0360907,0.0376777,0.089146,0.118302,0.126073,0.097032,0.0340923,-0.00201962,-0.000874109,-6.50124e-05,-2.04819e-06,-0.000138174,-0.00123176,-0.00455158,-0.0102344,0.00215173,0.0248207,0.0345859,0.0291825,0.0417958,0.0601388,0.0402357,-0.0101545,-0.0788168,-0.140225,-0.17538,-0.185891,-0.15313,-0.079843,0.00762965,0.0769675,0.117251,0.134504,0.108259,0.0438173,0.000265967,-0.000541055,-4.76889e-05,-4.419e-07,5.1572e-06,-0.000765687,-0.00391498,-0.00641853,0.0178523,0.0461202,0.0584441,0.0549641,0.0685116,0.0607081,0.00621917,-0.0698771,-0.148658,-0.19481,-0.218926,-0.222344,-0.18496,-0.103791,-0.0121515,0.0644545,0.112991,0.129612,0.105806,0.0447409,0.00130006,-0.000318497,-5.90395e-05,-7.24079e-06,-5.88407e-05,-0.000461615,-0.00358353,-0.00251723,0.0365556,0.0672582,0.0818033,0.084397,0.0895146,0.0531431,-0.0290783,-0.121888,-0.190385,-0.225354,-0.239019,-0.229382,-0.175585,-0.0925074,-0.00503615,0.0630051,0.100907,0.111989,0.0942931,0.0437543,0.00159236,-0.000298853,-7.42235e-06,-2.83475e-06,-6.07375e-05,-0.000344401,-0.00380502,0.00353677,0.0531545,0.0837493,0.100883,0.110258,0.103718,0.0438938,-0.0625601,-0.154342,-0.211776,-0.237577,-0.240035,-0.211138,-0.141347,-0.0522608,0.0196429,0.0649065,0.0829185,0.0903214,0.0760547,0.035451,0.000502374,-0.000444097,-5.32836e-05,-2.65072e-06,-3.43428e-05,-0.000450395,-0.00465073,0.00736001,0.0640639,0.0967693,0.112038,0.125685,0.103084,0.0287814,-0.077477,-0.159618,-0.203398,-0.221476,-0.212927,-0.166158,-0.0865203,-0.00590633,0.0426543,0.0632681,0.0670567,0.0675296,0.0544169,0.0237859,-0.000960767,-0.000803996,-6.39809e-05,0.0,-2.70792e-05,-0.000638567,-0.00694633,0.00767107,0.0666435,0.100399,0.119436,0.130015,0.103529,0.0264486,-0.0715431,-0.136858,-0.173983,-0.186139,-0.158843,-0.0987435,-0.0250527,0.0242826,0.0475992,0.0513618,0.049135,0.0476866,0.0314482,0.0110952,-0.0015679,-0.000515645,0.000170478,-2.02737e-06,-9.88935e-06,-0.000835019,-0.00993885,0.00411377,0.0557618,0.0905529,0.116939,0.131715,0.107301,0.0384459,-0.0425093,-0.0987287,-0.125578,-0.12485,-0.0892937,-0.0375508,0.00933094,0.0342954,0.0380582,0.0308885,0.0303236,0.0280169,0.0131675,0.00166206,-0.00175281,-0.000336208,-6.99419e-05,-7.45734e-08,8.91626e-05,-0.000962442,-0.0104134,-0.000328207,0.0391284,0.0744701,0.101103,0.120674,0.114817,0.0624449,-0.000509046,-0.0453012,-0.0642687,-0.0565523,-0.0299937,0.00287022,0.0252945,0.0278658,0.018748,0.0135564,0.0157957,0.0114419,-0.000907003,-0.00348482,-0.00173311,-0.000391849,-2.51106e-05,0.0,0.000226348,-0.00093266,-0.00949737,-0.00319868,0.0238852,0.0539203,0.0773829,0.100408,0.113348,0.0932101,0.0485528,0.0102827,-0.00768369,-0.00802113,0.0101778,0.0199062,0.021194,0.00776058,0.00229745,0.00183829,0.00396759,-0.00449277,-0.00851634,-0.00445586,-0.00151327,-0.000227005,-9.26129e-07,-1.58998e-08,-3.22725e-05,-0.00092531,-0.00698936,-0.00536382,0.0104351,0.0325912,0.05459,0.0791088,0.10537,0.109998,0.0908363,0.0598931,0.0403835,0.0355809,0.0355182,0.0248696,0.0100885,-0.00355023,-0.0103905,-0.00907827,-0.0108903,-0.0122915,-0.00739249,-0.00292899,-0.000780176,7.07397e-05,1.21715e-05,-1.54029e-08,-4.70035e-07,-0.000571455,-0.00408155,-0.00838252,0.00054403,0.0166901,0.0349951,0.0611623,0.0868224,0.106749,0.112316,0.101442,0.0910292,0.0689098,0.0467584,0.0212756,-0.00185476,-0.0157458,-0.0191789,-0.0205235,-0.0166556,-0.00994611,-0.00432828,-0.00141735,-0.000308715,-7.26338e-06,2.24704e-05,0.0,0.0,-0.000147308,-0.00135716,-0.00512207,-0.00480789,-0.000306017,0.0113017,0.0249068,0.0457254,0.0646044,0.0783306,0.0798356,0.0663227,0.0440937,0.015784,-0.00941763,-0.0220533,-0.0279527,-0.0268067,-0.0203799,-0.0126126,-0.00678024,-0.00267391,-0.000775574,-0.000146764,-1.16049e-05,0.0,0.0,0.0,-8.58964e-05,-0.000239355,-0.00136962,-0.00375328,-0.00644029,-0.0115148,-0.0150821,-0.0186563,-0.0192466,-0.0200719,-0.0180479,-0.0209962,-0.0277714,-0.032465,-0.0349284,-0.0319572,-0.0257542,-0.018955,-0.0121968,-0.00749034,-0.00417785,-0.00170248,-0.0004265,-3.71896e-05,-4.78289e-07,0.0,0.0,0.0,-6.67815e-06,-4.503e-05,-0.000397395,-0.00153321,-0.00422481,-0.00869164,-0.0148436,-0.0217923,-0.0281657,-0.0317311,-0.0336948,-0.0326779,-0.030005,-0.0277354,-0.0249951,-0.0202313,-0.0142461,-0.00907345,-0.00563939,-0.00350809,-0.00176228,-0.000727848,-0.000144724,-4.24603e-07,-5.07572e-07,0.0,0.0,0.0,0.0,0.0,-8.4871e-05,-0.000511326,-0.00152104,-0.00281591,-0.00502338,-0.00733737,-0.00890351,-0.00991749,-0.00993143,-0.0106872,-0.0109725,-0.0103966,-0.00916336,-0.00716561,-0.00505641,-0.00293646,-0.00176121,-0.00119714,-0.000611765,-0.000102412,