{"max":0.12912,"min":-0.232513,"acc":0.8888,"arr":[0.0,0.0,0.0,0.0,0.0,0.0,0.0,0.0,0.0,0.0,0.0,0.0,-2.27898e-06,-8.04209e-06,-3.39619e-06,-1.41508e-07,0.0,0.0,0.0,0.0,0.0,0.0,0.0,0.0,0.0,0.0,0.0,0.0,0.0,0.0,0.0,0.0,-1.31148e-07,-5.25413e-07,-3.87602e-05,-8.87203e-05,-0.000134529,-0.000139812,-0.000334711,-8.76407e-05,9.84694e-05,-0.000127127,-0.000410986,-0.000125216,1.55507e-05,-0.00012094,-0.000218673,-0.000200552,-0.000135671,-2.89136e-05,-9.70675e-06,-1.35077e-07,0.0,0.0,0.0,0.0,0.0,0.0,-2.31574e-07,3.5589e-05,3.5264e-06,-1.02688e-05,-0.000142211,-0.000207883,-0.000787053,-0.00182152,-0.00270076,-0.00344123,-0.00462648,-0.00546606,-0.00729997,-0.0086277,-0.00837774,-0.00714864,-0.00607105,-0.00525152,-0.00366567,-0.00197258,-0.00101035,-0.000352736,-7.07134e-05,-3.68562e-06,0.0,0.0,0.0,0.0,-1.18191e-06,7.06804e-05,-6.79066e-05,-0.000442025,-0.000964597,-0.00193879,-0.00338514,-0.00683149,-0.0100872,-0.0120656,-0.0153555,-0.018089,-0.0215402,-0.0214105,-0.0209085,-0.0220931,-0.0222767,-0.0191859,-0.0139509,-0.00999473,-0.00623593,-0.00231819,-0.000709519,-0.000103043,-1.42863e-05,0.0,0.0,-1.23786e-06,-8.73823e-06,-5.90217e-05,-0.000399546,-0.0017089,-0.00380876,-0.00686617,-0.0107831,-0.0164709,-0.0212336,-0.0193613,-0.014066,-0.0063172,0.0020654,0.0120661,0.00686582,0.00288573,-0.00155342,-0.0047607,-0.00723836,-0.0105715,-0.00980053,-0.00742487,-0.00411769,-0.00114904,-0.000178524,-2.63207e-06,0.0,0.0,-4.02501e-05,-0.000162753,-0.00141305,-0.00488816,-0.00905427,-0.0165523,-0.0253074,-0.0304248,-0.0282409,-0.0195414,-0.00292203,0.0232201,0.0471032,0.0616717,0.0689769,0.0607743,0.0412473,0.0231028,0.00251938,-0.00804897,-0.0164419,-0.0171203,-0.0115687,-0.004121,-0.000828456,-6.38571e-05,0.0,0.0,-6.05552e-05,-0.000677515,-0.00298209,-0.00695517,-0.0150973,-0.0260827,-0.0351681,-0.0371946,-0.0274104,-0.0109919,0.0106645,0.0352902,0.0549412,0.0696288,0.0840632,0.0897943,0.0763508,0.0491639,0.0243724,0.00662794,-0.0069628,-0.0196499,-0.0202653,-0.00960733,-0.00245232,-0.000263187,0.0,-2.28006e-05,-0.000247516,-0.00140302,-0.00544666,-0.0110633,-0.0215398,-0.0318865,-0.0352132,-0.0280129,-0.0177974,0.000757199,0.0184591,0.033356,0.0460032,0.0592369,0.0746563,0.0915222,0.091406,0.0705527,0.0465674,0.0242331,0.00988702,-0.011832,-0.0222941,-0.0132784,-0.0029048,-6.69089e-05,0.000100335,-7.81423e-05,-0.00090207,-0.00358015,-0.00953305,-0.0179125,-0.0261877,-0.0294001,-0.0259055,-0.0187112,-0.00737932,0.00898611,0.0280175,0.0366256,0.0429013,0.0480678,0.0608039,0.069525,0.0818939,0.0837792,0.072313,0.0481372,0.0310064,0.00970825,-0.0152059,-0.0137861,-0.00282022,-0.00012271,-1.12523e-05,-0.000162502,-0.00129984,-0.00508494,-0.0119761,-0.0198712,-0.0236157,-0.0194662,-0.01507,-0.00594609,0.00892597,0.0260429,0.0480338,0.0520349,0.0380196,0.0222905,0.0174579,0.0260654,0.0531494,0.0793055,0.0860693,0.0745028,0.0606845,0.0389738,0.000627456,-0.0106302,-0.00231065,-6.68873e-05,-1.53629e-05,-0.000286888,-0.00121352,-0.00506894,-0.0111641,-0.0164887,-0.0128898,-0.0034749,-0.0011562,0.010084,0.0241257,0.0486119,0.0555491,0.0358415,0.00194429,-0.0308466,-0.0464633,-0.0296038,0.0140851,0.0607373,0.0924365,0.101091,0.097612,0.0710953,0.0176541,-0.00563758,-0.00169942,-4.97532e-05,-1.57243e-05,-0.000206577,-0.00144199,-0.00460471,-0.0107118,-0.00882495,0.00424502,0.0145885,0.0157653,0.0224363,0.04302,0.0524999,0.0289573,-0.0116792,-0.0610383,-0.102662,-0.118734,-0.0924343,-0.0354374,0.0359417,0.087461,0.11619,0.121981,0.092501,0.0326866,-0.00168602,-0.000854789,-6.50124e-05,-2.04819e-06,-0.00014123,-0.00121549,-0.00418965,-0.00880382,0.00257349,0.0248111,0.0345789,0.0306643,0.042817,0.0573124,0.0354264,-0.0129511,-0.077129,-0.134116,-0.167402,-0.176827,-0.147358,-0.0770534,0.00815192,0.0759261,0.114338,0.12912,0.103502,0.0425061,0.000515405,-0.000452061,-4.39228e-05,-4.419e-07,-5.36184e-05,-0.00077444,-0.00340676,-0.00505699,0.0180383,0.046014,0.0578509,0.0545779,0.0661239,0.0542668,0.0014658,-0.0697032,-0.144374,-0.188349,-0.21067,-0.213425,-0.179195,-0.100049,-0.00875397,0.0653674,0.1112,0.12319,0.100963,0.0437154,0.00120121,-0.000251839,-2.45865e-05,0.0,-5.87865e-05,-0.00046064,-0.00315351,-0.00157714,0.0368331,0.0670533,0.0803444,0.0827581,0.0838819,0.0464262,-0.0322222,-0.119485,-0.184996,-0.218595,-0.231193,-0.221485,-0.170685,-0.0885335,-0.00172848,0.0638788,0.0997974,0.106262,0.0895869,0.0426574,0.00151971,-0.000282352,-7.00389e-06,-4.63877e-07,-6.07375e-05,-0.000323844,-0.00342618,0.0043813,0.0529695,0.0832882,0.0980548,0.105752,0.0958994,0.0374385,-0.062987,-0.151054,-0.205265,-0.230293,-0.232513,-0.205003,-0.137947,-0.0499042,0.0214611,0.0661425,0.0818727,0.0859609,0.0727935,0.0343675,0.000375742,-0.000412424,-3.84077e-05,-2.65072e-06,-3.43428e-05,-0.000389966,-0.00420722,0.00801671,0.0637482,0.0962654,0.110082,0.120359,0.0961306,0.0240532,-0.076353,-0.154492,-0.196238,-0.213716,-0.206058,-0.160901,-0.0839439,-0.00520583,0.0434291,0.0640463,0.0659947,0.0649888,0.0525388,0.0227814,-0.000923379,-0.000716779,-2.41246e-05,0.0,-2.70792e-05,-0.000491406,-0.0059907,0.0082481,0.0658888,0.09936,0.117896,0.125709,0.0974867,0.0221849,-0.0713143,-0.132669,-0.167627,-0.178483,-0.152213,-0.0951088,-0.0248846,0.0239326,0.0477693,0.0523148,0.049389,0.0463765,0.0305631,0.010104,-0.00158171,-0.000504683,0.000170478,-1.84378e-06,-9.88935e-06,-0.000738162,-0.00873849,0.00479612,0.0540775,0.0890967,0.116448,0.128196,0.101322,0.0341899,-0.0423239,-0.0952838,-0.120343,-0.119275,-0.085382,-0.0361039,0.008331,0.0336365,0.0393853,0.032341,0.0303238,0.0273341,0.0126133,0.000775619,-0.00179103,-0.000334101,-6.99419e-05,-7.45734e-08,8.99863e-05,-0.00089697,-0.0099025,6.05036e-05,0.0368359,0.0720123,0.1003,0.117741,0.109261,0.0578278,-0.0024892,-0.0444052,-0.061724,-0.0549696,-0.0294791,0.00164085,0.0250139,0.0297709,0.0215224,0.015034,0.015778,0.0117183,-0.00153909,-0.00427519,-0.00173797,-0.000390276,-2.51106e-05,0.0,0.000227681,-0.000837285,-0.00923502,-0.00333803,0.022197,0.051429,0.0754373,0.0985051,0.108714,0.0879764,0.0432592,0.00694831,-0.00955262,-0.0102988,0.00798055,0.0190076,0.0228173,0.0103255,0.00462119,0.0027803,0.00395454,-0.00462201,-0.00919054,-0.00492109,-0.00150909,-0.0002208,-1.07893e-07,0.0,-3.1059e-05,-0.00087461,-0.00681584,-0.00544871,0.00942734,0.0304097,0.0513925,0.076223,0.10066,0.103288,0.0843544,0.0542414,0.0356961,0.0323923,0.0340671,0.025338,0.0119257,-0.00165972,-0.00907808,-0.00835916,-0.0104199,-0.0129371,-0.00806267,-0.00320047,-0.000747405,-0.000110667,1.21715e-05,0.0,-1.81009e-07,-0.000560386,-0.00396066,-0.0082414,0.000231726,0.0151715,0.0322184,0.0571615,0.0825283,0.101514,0.105947,0.0956256,0.0864342,0.0659017,0.0452282,0.0211145,-0.0013491,-0.0149523,-0.0186554,-0.0201107,-0.0167523,-0.0102316,-0.00453069,-0.00150459,-0.000290432,-2.55619e-05,2.24704e-05,0.0,0.0,-0.000141176,-0.00128668,-0.00482562,-0.00480125,-0.000540836,0.0105138,0.0229906,0.0427781,0.0609104,0.0736489,0.0759344,0.0643114,0.0426994,0.0153822,-0.00921609,-0.0217634,-0.0273822,-0.0263764,-0.0201241,-0.0123903,-0.00665766,-0.00267869,-0.0007707,-0.000146764,-1.16049e-05,0.0,0.0,0.0,-7.81932e-05,-0.000228135,-0.00132448,-0.00378564,-0.00650154,-0.0115454,-0.0144575,-0.0175756,-0.0178707,-0.0183695,-0.0161016,-0.0191297,-0.0264839,-0.0312418,-0.0333012,-0.0309156,-0.0250996,-0.0184014,-0.0117827,-0.00710909,-0.00378977,-0.00157807,-0.000411883,-3.71896e-05,-4.78289e-07,0.0,0.0,0.0,-5.44528e-06,-4.21161e-05,-0.000379989,-0.00146165,-0.00396471,-0.00830802,-0.0140586,-0.0204558,-0.0263127,-0.0296022,-0.031065,-0.0305562,-0.0284762,-0.0265213,-0.0236826,-0.0193481,-0.0136388,-0.00865546,-0.00546976,-0.00338412,-0.00164731,-0.00065303,-0.000133325,-4.24603e-07,-5.07572e-07,0.0,0.0,0.0,0.0,0.0,-8.42518e-05,-0.000418482,-0.00133289,-0.00263138,-0.00483146,-0.00698788,-0.00843392,-0.00944039,-0.00970092,-0.0105056,-0.0107425,-0.0100074,-0.00880818,-0.00698998,-0.00494412,-0.00289072,-0.00173302,-0.00117769,-0.000598242,-0.000100788,-1.50319e-07,-1.04151e-06,0.0,0.0,0.0,0.0,0.0,0.0,