{"max":0.0569565,"min":-0.0812327,"acc":0.8126,"arr":[0.0,0.0,0.0,0.0,0.0,0.0,0.0,0.0,0.0,0.0,0.0,0.0,0.0,0.0,0.0,0.0,0.0,0.0,0.0,0.0,0.0,0.0,0.0,0.0,0.0,0.0,0.0,0.0,0.0,0.0,0.0,0.0,0.0,0.0,-3.53427e-05,-7.9214e-05,-0.000101634,-5.49469e-05,-6.07807e-05,-8.78648e-05,-0.000144947,-0.000160665,-0.000199717,-8.56742e-05,-0.000160858,-0.00011523,-9.42843e-05,-0.000118087,-8.04919e-05,-7.00381e-07,0.0,0.0,0.0,0.0,0.0,0.0,0.0,0.0,0.0,3.5589e-05,5.69302e-06,0.0,-4.13263e-05,-0.000112939,-0.00031019,-0.000456027,-0.00065682,-0.00111044,-0.001727,-0.00188605,-0.00240548,-0.00284727,-0.0028012,-0.00225986,-0.00181954,-0.00152768,-0.00112177,-0.000515287,-0.000188933,-1.93382e-05,0.0,0.0,0.0,0.0,0.0,0.0,0.0,7.71021e-05,-8.43291e-06,-2.8535e-05,-0.000155952,-0.0003508,-0.000681724,-0.00164993,-0.00276728,-0.00422227,-0.00574474,-0.00695179,-0.00766363,-0.00727264,-0.00689329,-0.00636267,-0.00612591,-0.00486014,-0.00305279,-0.00153152,-0.000783153,-0.000264425,-9.19986e-05,-7.4948e-05,-1.3051e-05,0.0,0.0,0.0,0.0,-4.83673e-05,-0.000111666,-0.000365197,-0.000978891,-0.00179971,-0.00212984,-0.00359546,-0.00583792,-0.00561127,-0.00455025,-0.00289427,-0.00014266,0.0034366,0.002873,0.0041745,0.00340415,0.00374278,0.00175232,0.000158693,-0.000839615,-0.00113806,-0.000634572,-0.000205597,-2.80345e-05,0.0,0.0,0.0,-1.38714e-05,-5.58036e-05,-0.000224702,-0.00116838,-0.00247084,-0.00421126,-0.00605205,-0.00712337,-0.00743954,-0.00466049,-0.00128199,0.00585367,0.0148831,0.0200392,0.0243532,0.0223414,0.0176973,0.0138899,0.0055126,0.00097786,-0.00247332,-0.00328043,-0.00239863,-0.000736824,-7.56898e-05,0.0,0.0,0.0,-1.52015e-06,-0.000201419,-0.000650438,-0.00144678,-0.00362476,-0.0066911,-0.00931227,-0.00978852,-0.0067714,-0.00069619,0.00661576,0.0131297,0.0198942,0.0229377,0.0277184,0.0305043,0.0289783,0.0240841,0.0134463,0.0052006,0.00100832,-0.00352365,-0.00426157,-0.00204155,-0.000302191,-5.51028e-05,0.0,-1.46518e-05,-0.000127756,-0.000525168,-0.00148266,-0.00226118,-0.0056837,-0.00855456,-0.00945211,-0.00712099,-0.00255719,0.00346847,0.0103562,0.0136564,0.0150174,0.0171058,0.0190751,0.0240409,0.0282133,0.0297953,0.0266145,0.0175112,0.00938897,-0.000371291,-0.00445468,-0.00279284,-0.000684058,-0.000106412,0.0,-3.67012e-05,-0.000283746,-0.00109663,-0.00246281,-0.00511758,-0.0077791,-0.00740591,-0.00511312,-0.00235203,0.00411746,0.00963492,0.0135732,0.0129827,0.0121415,0.010187,0.00968776,0.0100823,0.0179061,0.0313103,0.0372918,0.0314629,0.0201395,0.00811119,-0.00105848,-0.00233599,-0.000562122,-2.76709e-05,0.0,-4.80334e-05,-0.000331852,-0.00145271,-0.00311965,-0.00541322,-0.00628944,-0.00277155,0.00177456,0.00754029,0.0131975,0.0170527,0.0188237,0.0157833,0.00663527,-0.00150258,-0.00497711,-0.0069414,0.0013653,0.0206101,0.0390678,0.0417712,0.0331256,0.0188946,0.00367449,-0.00161031,-0.000381144,0.0,0.0,-2.66921e-05,-0.000250894,-0.0013,-0.00232009,-0.0031327,-0.000407474,0.00610185,0.0118206,0.0194708,0.0198435,0.0195509,0.0172834,0.00754749,-0.00756136,-0.0170063,-0.025761,-0.0254564,-0.014188,0.00902874,0.0358035,0.0493592,0.0464785,0.0293694,0.0071757,-0.000666741,-0.000352679,-2.22428e-05,0.0,-5.24493e-06,-0.000208907,-0.000948412,-0.00168718,0.000392706,0.00768494,0.0157566,0.0227687,0.0258058,0.0233509,0.01576,0.0062138,-0.00833859,-0.0217274,-0.0335832,-0.043297,-0.0434938,-0.0293383,0.00178811,0.0349144,0.0541187,0.0551356,0.0365005,0.0125456,0.000194754,-0.000177358,-6.16491e-05,0.0,-1.80414e-05,-0.000208406,-0.000662409,-0.000821452,0.00564639,0.0161462,0.0270253,0.031032,0.0283132,0.0209782,0.00469525,-0.0113234,-0.0288106,-0.0420507,-0.0536229,-0.0607966,-0.05963,-0.0406284,-0.00416329,0.036125,0.0546545,0.0554592,0.0390692,0.0153409,0.000265367,-0.000129255,-4.15083e-05,0.0,0.0,-0.000150424,-0.000575412,0.000111889,0.0103169,0.0266177,0.0385508,0.0366784,0.0288201,0.0104775,-0.0123675,-0.0313941,-0.0504287,-0.0624112,-0.0709536,-0.0750081,-0.0704699,-0.0462441,-0.00686437,0.0369782,0.0544055,0.0527749,0.0379726,0.0156102,0.000243028,-6.76681e-05,-1.11963e-05,0.0,-2.66063e-05,-8.62103e-05,-0.000491058,0.00144955,0.0177637,0.0354356,0.0458173,0.0401971,0.0254713,-0.00110553,-0.025866,-0.0472765,-0.0651642,-0.075649,-0.0812327,-0.0798351,-0.0704895,-0.0427286,-0.00315475,0.0365209,0.0516198,0.0480671,0.0344685,0.0155675,0.000758355,-4.3529e-05,0.0,0.0,-6.07375e-05,-0.000123009,-0.000468663,0.0035912,0.0248504,0.0447845,0.0518866,0.0431717,0.0211988,-0.00977789,-0.0361875,-0.0563852,-0.0694211,-0.077991,-0.0806194,-0.0754757,-0.0599181,-0.0283701,0.00727546,0.037241,0.0469531,0.0421475,0.0281272,0.0128517,0.000572965,-0.000102331,-1.734e-05,0.0,-2.99951e-05,-0.000122372,-0.000510731,0.0049828,0.0289373,0.0507242,0.0543983,0.0445301,0.0188864,-0.0153076,-0.038373,-0.0544521,-0.0642166,-0.0707945,-0.070963,-0.0622823,-0.0412913,-0.0107233,0.0187028,0.0397092,0.0408524,0.0336379,0.0208654,0.00902408,0.000496158,-0.000271794,-3.56999e-05,0.0,-1.99577e-05,-0.000113309,-0.000876604,0.00577445,0.0320284,0.0510494,0.0569348,0.0459885,0.019057,-0.0158901,-0.0370812,-0.0482507,-0.0558088,-0.0594697,-0.0561676,-0.0437428,-0.0198574,0.00475367,0.0261244,0.0358957,0.0323327,0.0243088,0.0134497,0.00418425,0.000166485,-0.000116756,-1.836e-06,0.0,-6.03813e-06,-0.000195486,-0.00145814,0.00610566,0.0295778,0.0484959,0.0569565,0.0498777,0.0236986,-0.0090693,-0.0283948,-0.0377189,-0.0428771,-0.0456628,-0.0375227,-0.0230736,-0.0038561,0.0153692,0.0266411,0.0277935,0.0233663,0.0150913,0.00614281,0.00136835,-0.00021465,-5.36082e-05,0.0,0.0,0.0,-0.000279386,-0.0018484,0.00508239,0.0230832,0.0419661,0.0521483,0.050321,0.0346442,0.00549451,-0.0147849,-0.0246959,-0.0283844,-0.0272054,-0.018046,-0.00595043,0.00914706,0.0191393,0.0223053,0.020421,0.0150602,0.00812473,0.00169026,-0.000486744,-0.000249439,-0.00011897,0.0,0.0,0.0,-0.000281985,-0.00181265,0.00273095,0.0139701,0.0314214,0.0428837,0.0478555,0.0434892,0.0272766,0.00728068,-0.00435178,-0.00904872,-0.0100326,-0.00329323,0.00722186,0.0158084,0.0182314,0.0191011,0.0130191,0.00897577,0.00197024,-0.00158363,-0.00115228,-0.000398083,-5.77918e-05,0.0,0.0,0.0,-0.000189792,-0.00131712,0.00036441,0.00709868,0.0174563,0.0295609,0.0393871,0.0452797,0.0394677,0.0276474,0.0177817,0.0113573,0.0111055,0.0157885,0.0172106,0.0185953,0.0149482,0.0101531,0.0059261,0.000960979,-0.00216113,-0.00192328,-0.000901761,-0.000205209,-2.94555e-05,0.0,0.0,0.0,-6.0504e-05,-0.000833378,-0.00133102,0.00267679,0.00772314,0.0146057,0.0242942,0.0334796,0.0382409,0.0352262,0.0303233,0.0275196,0.0223799,0.0202804,0.0158277,0.00857617,0.00434292,0.00197646,-0.00246322,-0.003282,-0.00213533,-0.00105035,-0.000572671,-0.000112618,-1.27073e-05,0.0,0.0,0.0,-4.62392e-06,-0.000236791,-0.00121089,-0.000890403,0.000398341,0.00202948,0.00511053,0.0101433,0.0159483,0.0186163,0.0182866,0.0150032,0.0122539,0.00559355,-0.000810085,-0.00347375,-0.00438315,-0.00506082,-0.00456614,-0.00293033,-0.00160732,-0.000676111,-0.000301859,-5.3653e-05,-7.50114e-06,0.0,0.0,0.0,0.0,-9.06403e-06,-0.000263311,-0.000661988,-0.00148063,-0.00328208,-0.00538534,-0.00826602,-0.0117833,-0.0136356,-0.0119153,-0.0104156,-0.0113261,-0.0125091,-0.0119944,-0.0094917,-0.00690774,-0.0044117,-0.00286756,-0.00172634,-0.00093262,-0.000416293,-0.000194722,-2.05555e-05,0.0,0.0,0.0,0.0,0.0,0.0,-1.73451e-05,-0.00027053,-0.000946012,-0.00214297,-0.00393627,-0.0062319,-0.00887106,-0.0103449,-0.0101774,-0.00913002,-0.00788009,-0.00743332,-0.00685075,-0.00513289,-0.00340071,-0.00227827,-0.0014847,-0.000996341,-0.000470712,-0.000158667,-4.64826e-05,0.0,0.0,0.0,0.0,0.0,0.0,0.0,-2.12642e-05,-0.000145799,-0.000423651,-0.000772101,-0.00179375,-0.00273753,-0.00339984,-0.00377282,-0.00370656,-0.00364288,-0.0033717,-0.00303373,-0.00244606,-0.00187565,-0.00131134,-0.00072065,-0.000381331,-0.000235097,-6.40536e-05,-1.2002e-05,0.0,0.0,0.0,0.0,0.0,0.0,0.0,0.0,0.0,0.0,-7.7673e-06,-7.84294e-05,-0.000227311,-0.000306894,-0.000284743,-0.000325021,-0.00032661,-0.00040386,-0.000590051,-0.000497881,-0.000457447,-0.000308414,-0.000237728,