{"max":0.118605,"min":-0.207559,"acc":0.8806,"arr":[0.0,0.0,0.0,0.0,0.0,0.0,0.0,0.0,0.0,0.0,0.0,0.0,-2.27898e-06,-8.04209e-06,-3.39619e-06,-1.41508e-07,0.0,0.0,0.0,0.0,0.0,0.0,0.0,0.0,0.0,0.0,0.0,0.0,0.0,0.0,0.0,0.0,-1.31148e-07,-5.25413e-07,-3.82846e-05,-8.3852e-05,-0.000112379,-0.000131204,-0.000328702,-0.000269468,-0.000265667,-0.000268783,-0.000389611,-0.000106205,4.71201e-05,-0.000102283,-0.000212473,-0.00018859,-0.000118896,-6.28346e-06,-1.65695e-06,-1.35077e-07,0.0,0.0,0.0,0.0,0.0,0.0,-2.31574e-07,3.5589e-05,4.02598e-06,-2.64697e-06,-6.22557e-05,-0.000104393,-0.000716725,-0.00168249,-0.00246699,-0.00325205,-0.00450663,-0.00541797,-0.00674609,-0.00774261,-0.00756435,-0.00626031,-0.00545049,-0.0046683,-0.00315931,-0.00166755,-0.000742422,-0.000146715,-2.33489e-05,-3.68562e-06,0.0,0.0,0.0,0.0,-1.17338e-06,7.61288e-05,-2.40853e-05,-0.000341981,-0.000752651,-0.0014417,-0.00265425,-0.00562837,-0.00859104,-0.0100879,-0.0123576,-0.0145728,-0.0182433,-0.0193728,-0.0188949,-0.0185133,-0.0190964,-0.0167181,-0.0116126,-0.00766682,-0.00479019,-0.00174755,-0.000552675,-9.59806e-05,-1.3051e-05,0.0,0.0,-1.23786e-06,-3.3243e-06,-6.4209e-05,-0.000214381,-0.00128038,-0.00304226,-0.00573129,-0.00885161,-0.0137001,-0.0173878,-0.0145499,-0.00936555,-0.0037407,0.00290382,0.0110656,0.00763292,0.00493589,0.00165503,-0.00143192,-0.00528664,-0.00845978,-0.00796096,-0.00622687,-0.00356574,-0.000825774,-0.000155433,0.0,0.0,0.0,-2.60578e-05,-0.000156164,-0.00103913,-0.0042592,-0.00829824,-0.0145155,-0.0222673,-0.0264677,-0.0236977,-0.0140169,0.000280526,0.0220938,0.0440056,0.0569827,0.063868,0.0561507,0.0381155,0.0231307,0.00406273,-0.00731802,-0.0149451,-0.0151994,-0.0102412,-0.00334096,-0.000668088,-5.99716e-05,0.0,0.0,-3.39557e-05,-0.000560049,-0.00244116,-0.00613762,-0.0130757,-0.0229155,-0.0319152,-0.0324713,-0.0225732,-0.00607215,0.0122755,0.0327972,0.0508392,0.063819,0.0765516,0.0808697,0.0708705,0.0459901,0.0236761,0.00581969,-0.00688863,-0.0169113,-0.0168017,-0.00741497,-0.00176145,-0.000247393,0.0,-1.51531e-05,-0.000208092,-0.00113321,-0.00454741,-0.0090811,-0.0185283,-0.028411,-0.0317705,-0.0242606,-0.014111,0.00276892,0.0185478,0.0319459,0.0437389,0.0552638,0.0679132,0.0831967,0.083589,0.0659866,0.0451499,0.0243741,0.00926596,-0.00993183,-0.0181382,-0.0105606,-0.00212227,-0.000151485,0.000100335,-4.83661e-05,-0.000700345,-0.00286475,-0.00777947,-0.0150359,-0.0233664,-0.0271745,-0.023471,-0.0163447,-0.00441496,0.0112612,0.0280606,0.0362993,0.0366788,0.0393136,0.0508879,0.061127,0.0750136,0.0798657,0.0705849,0.0494771,0.0300607,0.00961879,-0.0115824,-0.0106475,-0.00221959,-0.000108496,-1.12523e-05,-0.000135949,-0.00114632,-0.00428317,-0.00988647,-0.0170504,-0.0216172,-0.0184209,-0.0141411,-0.0045028,0.0123993,0.0290576,0.0478939,0.0486834,0.0319511,0.0165578,0.0130615,0.019945,0.0453939,0.0726843,0.083056,0.0732297,0.0568878,0.033983,0.00149625,-0.00799439,-0.00181527,-5.44608e-05,-1.53629e-05,-0.000275063,-0.00134041,-0.00471213,-0.00929314,-0.0140111,-0.0122706,-0.00417438,-0.0011435,0.0128303,0.0270466,0.0483376,0.0523491,0.0314577,-0.000232626,-0.028065,-0.0425276,-0.0308953,0.00797234,0.0540717,0.0870549,0.0976613,0.0888334,0.0615201,0.0151182,-0.00446525,-0.0013473,-4.92959e-05,-1.52101e-05,-0.000196273,-0.00130861,-0.00442341,-0.00943446,-0.00765327,0.00322535,0.0132562,0.0174503,0.0264084,0.046577,0.0521642,0.0282867,-0.00940894,-0.0526151,-0.0880221,-0.103701,-0.0847696,-0.0357615,0.0315872,0.0832866,0.111509,0.11038,0.0801404,0.0270865,-0.00155978,-0.000724634,-6.48059e-05,-1.48945e-06,-0.000138382,-0.00102079,-0.00406891,-0.00774167,0.00221835,0.0210963,0.0343064,0.0347706,0.0461413,0.0562696,0.0322917,-0.0137864,-0.0687768,-0.116506,-0.146521,-0.156291,-0.134309,-0.0730311,0.00667694,0.0752618,0.111706,0.116801,0.0891271,0.0349585,0.000182375,-0.000395332,-4.25701e-05,-4.419e-07,-5.36184e-05,-0.000526644,-0.00320016,-0.00450471,0.0159745,0.0422096,0.056612,0.0575896,0.0646706,0.0479743,-0.00249621,-0.0659578,-0.129085,-0.166953,-0.187905,-0.192562,-0.163922,-0.093661,-0.0093353,0.0681766,0.108949,0.111853,0.0877475,0.036244,0.000812127,-0.000197134,-2.42647e-05,0.0,-5.87865e-05,-0.000287528,-0.00256822,-0.00141516,0.032309,0.0614994,0.076439,0.0802064,0.076864,0.038119,-0.0344567,-0.109981,-0.165223,-0.195007,-0.207371,-0.199842,-0.157123,-0.0836525,-0.00143696,0.0663809,0.0968456,0.0961848,0.078643,0.0363044,0.00142009,-0.000203706,-6.89764e-06,-4.63877e-07,-6.07375e-05,-0.000237083,-0.00259541,0.00434301,0.0479342,0.0765035,0.091981,0.0988198,0.0841583,0.0262583,-0.0627876,-0.137101,-0.183007,-0.205316,-0.207559,-0.184636,-0.128236,-0.0490972,0.0216294,0.0676517,0.0803167,0.0768096,0.0634781,0.029746,0.00083264,-0.000319118,-3.80119e-05,-2.65072e-06,-3.43428e-05,-0.000315918,-0.0029036,0.0081841,0.0591717,0.0896171,0.103711,0.11008,0.0820589,0.0128114,-0.0740691,-0.138827,-0.174693,-0.189944,-0.183472,-0.146537,-0.0807163,-0.0076701,0.0428721,0.065239,0.065565,0.0586721,0.0466708,0.0203555,-0.000302248,-0.000684471,-2.41017e-05,0.0,-2.70792e-05,-0.000426493,-0.00437387,0.00947089,0.0627238,0.0942675,0.110795,0.115534,0.0826555,0.0106465,-0.0689992,-0.119837,-0.149721,-0.160065,-0.137775,-0.0894817,-0.0270664,0.0220055,0.0472116,0.0537782,0.0497328,0.0434949,0.0284837,0.00955787,-0.00111929,-0.000479135,0.000170478,-1.84378e-06,-9.62711e-06,-0.000658535,-0.00670909,0.00688804,0.0522134,0.08583,0.111021,0.118605,0.0878325,0.0221871,-0.0424795,-0.0857886,-0.107677,-0.108855,-0.078675,-0.0351876,0.00717779,0.0325881,0.0416097,0.036087,0.0310741,0.0264577,0.0126375,0.00140274,-0.00150428,-0.000284999,-6.99419e-05,-7.45734e-08,9.05885e-05,-0.000772354,-0.00819478,0.0023803,0.0373679,0.0713373,0.0980728,0.112137,0.0978754,0.045288,-0.00792676,-0.0420097,-0.0572174,-0.0513748,-0.0267127,0.00234314,0.0260691,0.0309746,0.0256132,0.0187716,0.0163436,0.0119274,-0.000320333,-0.00333347,-0.00127584,-0.000339555,-2.50831e-05,0.0,0.00023277,-0.000729564,-0.00831734,-0.00173298,0.02209,0.0524235,0.0753941,0.0965402,0.101753,0.0774596,0.03297,0.0022828,-0.0104679,-0.00975437,0.00805231,0.0213382,0.0251456,0.0158149,0.0103362,0.00610784,0.00475362,-0.00302657,-0.00768602,-0.00381516,-0.00110336,-0.00020893,0.0,0.0,-2.6484e-05,-0.000790231,-0.0060898,-0.00490055,0.00950503,0.029692,0.0518457,0.0770696,0.0969295,0.0958755,0.0751822,0.0476505,0.0332359,0.0311129,0.0343798,0.0281556,0.0161185,0.00441513,-0.00386872,-0.00623472,-0.00855367,-0.0114528,-0.00712188,-0.00267795,-0.000582349,-0.000102773,1.21715e-05,0.0,-1.68794e-08,-0.000532463,-0.00336306,-0.00628938,0.0015162,0.0130979,0.0303847,0.055491,0.0785765,0.0942229,0.0978915,0.0887124,0.0800389,0.0615255,0.0444841,0.0226767,0.00135324,-0.00973581,-0.0142438,-0.0168479,-0.0144165,-0.00889011,-0.00422806,-0.00134136,-0.000240547,-2.53421e-05,2.24704e-05,0.0,0.0,-0.000138161,-0.00111407,-0.00334421,-0.00310852,-0.000157506,0.0086276,0.0200144,0.0380607,0.0550481,0.0668188,0.0679934,0.0575233,0.0387383,0.0153286,-0.00735994,-0.0179234,-0.0222014,-0.0217904,-0.016898,-0.0105946,-0.00602686,-0.00245559,-0.000688528,-0.00011808,-1.15961e-05,0.0,0.0,0.0,-3.14249e-05,-0.00014619,-0.000651044,-0.0025046,-0.00517686,-0.0101384,-0.01333,-0.0166827,-0.0170432,-0.0165429,-0.0140025,-0.0169707,-0.023631,-0.0276536,-0.028655,-0.0264006,-0.021388,-0.0151731,-0.00973604,-0.00609881,-0.00339583,-0.00142806,-0.00037194,-3.6152e-05,0.0,0.0,0.0,0.0,-5.44528e-06,-2.64528e-05,-0.000288464,-0.00117275,-0.00337811,-0.00734532,-0.0121216,-0.0170796,-0.0220146,-0.0253861,-0.0268351,-0.0266696,-0.0244542,-0.0219876,-0.0197048,-0.0165081,-0.011684,-0.00712093,-0.00467543,-0.00308333,-0.00154627,-0.000606821,-0.000100836,0.0,0.0,0.0,0.0,0.0,0.0,0.0,-8.1904e-05,-0.000383546,-0.00118095,-0.00235349,-0.00426253,-0.00596249,-0.00742847,-0.00865149,-0.00889764,-0.00942448,-0.00931534,-0.00856171,-0.00757945,-0.00588706,-0.00409989,-0.00231834,-0.00149048,-0.00109504,-0.00059363,-0.000100788,-1.50319e-07,-1.04151e-06,0.0,0.0,0.0,0.0,0.0,0.0,0.0,0.0,