{"max":0.0985843,"min":-0.163325,"acc":0.8668,"arr":[0.0,0.0,0.0,0.0,0.0,0.0,0.0,0.0,0.0,0.0,0.0,0.0,-2.12175e-06,-4.64589e-06,0.0,0.0,0.0,0.0,0.0,0.0,0.0,0.0,0.0,0.0,0.0,0.0,0.0,0.0,0.0,0.0,0.0,0.0,0.0,0.0,-3.53427e-05,-7.9214e-05,-0.000103653,-0.000100689,-0.000279183,-0.000201419,-0.000198469,-0.00024811,-0.000343618,7.05868e-06,0.000175984,-4.31218e-05,-0.000168335,-0.000143373,-9.06637e-05,-3.83804e-06,-1.65695e-06,-1.35077e-07,0.0,0.0,0.0,0.0,0.0,0.0,0.0,3.5589e-05,4.10795e-06,-1.67859e-06,-5.12394e-05,-5.09121e-05,-0.000553691,-0.0012634,-0.0019063,-0.00257013,-0.00340915,-0.00419842,-0.005324,-0.00600971,-0.00581186,-0.00482337,-0.0041502,-0.00339649,-0.00219493,-0.00113978,-0.000461855,-5.49634e-05,0.0,0.0,0.0,0.0,0.0,0.0,-6.63196e-07,7.61541e-05,-2.36168e-05,-0.000319828,-0.000613483,-0.00105809,-0.00174942,-0.00372314,-0.00610097,-0.00745201,-0.00947203,-0.0120427,-0.0148451,-0.0143008,-0.0133888,-0.0138422,-0.0152387,-0.0130553,-0.0087688,-0.00499396,-0.0028741,-0.000807128,-0.000276465,-9.04772e-05,-1.3051e-05,0.0,0.0,-1.23786e-06,-3.3243e-06,-5.85583e-05,-0.000179217,-0.00101096,-0.00238723,-0.00408593,-0.00605869,-0.00905097,-0.0118117,-0.0114428,-0.00875251,-0.00395426,0.00149634,0.0080175,0.00539372,0.00461105,0.00308642,0.00124573,-0.00316436,-0.00528785,-0.00462744,-0.00319328,-0.0015899,-0.000490188,-0.000150474,0.0,0.0,0.0,-2.47068e-05,-9.01554e-05,-0.000659647,-0.0028421,-0.00578548,-0.010517,-0.015735,-0.019302,-0.0183283,-0.0141344,-0.00529836,0.0113589,0.0291628,0.0393989,0.0475415,0.0415235,0.0329735,0.0218582,0.00467284,-0.00384648,-0.00982184,-0.0100109,-0.00663477,-0.00216939,-0.000468931,0.0,0.0,0.0,-2.73771e-05,-0.000455812,-0.00169849,-0.00389449,-0.00918148,-0.0161254,-0.0240095,-0.024884,-0.0186114,-0.0087064,0.00486622,0.0198346,0.0342246,0.044519,0.0570094,0.0606001,0.0566623,0.041191,0.0208349,0.00503098,-0.00376661,-0.0112493,-0.0113757,-0.00482489,-0.000920287,-6.27568e-05,0.0,-1.49885e-05,-0.000175469,-0.00092782,-0.0031541,-0.00628348,-0.013569,-0.0213143,-0.0247299,-0.018353,-0.0125918,-0.00188622,0.0111776,0.0201774,0.0291838,0.0384395,0.0473493,0.0600743,0.0639406,0.05631,0.0411107,0.0226541,0.00994352,-0.00592844,-0.012439,-0.00694489,-0.00141266,-0.000108596,0.0,-4.25663e-05,-0.000497275,-0.00222414,-0.0057032,-0.0115436,-0.0178878,-0.0206153,-0.0171532,-0.0113155,-0.00333416,0.00763365,0.0216397,0.0284129,0.0316808,0.0292931,0.032986,0.0411553,0.0564719,0.066156,0.0647147,0.0472478,0.0267626,0.00871458,-0.00700039,-0.00681703,-0.00154394,-4.34165e-05,-9.49659e-06,-0.000116496,-0.000744359,-0.00299133,-0.00704807,-0.0131065,-0.0168674,-0.012267,-0.00683446,0.00137167,0.0127585,0.024386,0.0387329,0.0428908,0.0290291,0.0132299,0.00462442,0.0066467,0.0293688,0.0576981,0.074776,0.068886,0.050805,0.0285129,0.00243843,-0.00503283,-0.00116249,-1.46098e-05,-1.11447e-05,-0.00023533,-0.000880158,-0.00300324,-0.00640656,-0.00983966,-0.0068819,0.00139181,0.00523896,0.0166063,0.0246207,0.036817,0.0438308,0.0311435,0.00160884,-0.021913,-0.0387137,-0.0340279,-0.00397469,0.0390485,0.0748335,0.0869243,0.0752065,0.0486439,0.0116317,-0.00290183,-0.00073345,-4.03299e-05,-1.3956e-05,-0.000118192,-0.000871824,-0.00283375,-0.00629154,-0.00479684,0.00665748,0.0158505,0.0205728,0.0270629,0.037322,0.0391502,0.0250948,-0.0043097,-0.0403823,-0.0686026,-0.0829742,-0.0755546,-0.0402559,0.0186863,0.0705474,0.0985843,0.0925398,0.0631026,0.0207808,-0.000852634,-0.00034604,-6.21836e-05,-1.48945e-06,-9.5616e-05,-0.000711803,-0.0026424,-0.00526549,0.00378932,0.0211915,0.0336069,0.0350635,0.0394532,0.0418958,0.0211077,-0.0130773,-0.0548753,-0.0912119,-0.113817,-0.123392,-0.11125,-0.0688944,0.000151461,0.0655279,0.098012,0.097899,0.0697001,0.0262365,-1.82889e-05,-0.000197243,-4.15083e-05,-4.419e-07,-4.95852e-05,-0.000373418,-0.00214522,-0.00250833,0.0150866,0.0392444,0.0528436,0.0503636,0.0496724,0.0312872,-0.00881572,-0.0555152,-0.101581,-0.129993,-0.1465,-0.150953,-0.132998,-0.0816276,-0.00818958,0.0643296,0.0951448,0.093198,0.0685773,0.0278016,0.000106065,-0.000131658,-1.98163e-05,0.0,-5.87865e-05,-0.000199422,-0.00146414,0.000542165,0.0285785,0.0550375,0.0671574,0.0634832,0.055559,0.018317,-0.0348346,-0.0888173,-0.131009,-0.153398,-0.163325,-0.157431,-0.12927,-0.0721593,0.000506824,0.0619086,0.085802,0.0808224,0.0614771,0.0278915,0.000871992,-0.000142551,-6.40337e-06,0.0,-6.07375e-05,-0.000190465,-0.00127522,0.00500022,0.0418985,0.0676771,0.0793119,0.0762442,0.0564418,0.00637457,-0.0562864,-0.108371,-0.142159,-0.159941,-0.162421,-0.146105,-0.106489,-0.0444185,0.0180749,0.0613066,0.0731272,0.0662818,0.0500447,0.0231472,0.000919938,-0.000195289,-3.80119e-05,0.0,-2.99951e-05,-0.000207148,-0.00154165,0.00829116,0.0500932,0.0786203,0.0867779,0.0839516,0.0531527,-0.00534767,-0.0664165,-0.108796,-0.133708,-0.146026,-0.142148,-0.117204,-0.0710185,-0.0125553,0.0354407,0.0595908,0.0612232,0.0508784,0.0371741,0.0159704,0.000410904,-0.000381477,-4.72589e-05,0.0,-1.99577e-05,-0.00024125,-0.00285884,0.0093281,0.0543734,0.0821336,0.0940402,0.089765,0.054805,-0.00682003,-0.0611632,-0.0941176,-0.113475,-0.121318,-0.105061,-0.0741606,-0.0276563,0.0128391,0.0414633,0.0510766,0.0469749,0.0361289,0.0234635,0.00747079,-0.000362159,-0.000274407,-3.02173e-05,-1.49147e-08,-6.33657e-06,-0.0004493,-0.00461849,0.0073131,0.0466361,0.0756757,0.0952862,0.0950188,0.0619614,0.00453576,-0.041116,-0.0679487,-0.0814293,-0.0819855,-0.0612024,-0.0310857,0.00252765,0.0257579,0.0376472,0.0352834,0.0289355,0.0213786,0.0105071,0.00157534,-0.000992001,-0.000227178,-6.99419e-05,-7.45734e-08,-7.19457e-07,-0.000680007,-0.00547834,0.00434029,0.0337977,0.0646986,0.0855835,0.0939026,0.073268,0.0241239,-0.0146645,-0.0371109,-0.0450877,-0.0397069,-0.0222154,-0.000852168,0.0194227,0.0258891,0.0246339,0.0193412,0.0161787,0.0113212,0.00182738,-0.00240815,-0.000990224,-0.000275771,-2.50831e-05,0.0,-3.58364e-06,-0.000746751,-0.00547807,0.000853403,0.0204405,0.0478452,0.0676965,0.0862311,0.0833889,0.0562426,0.0224458,0.000776302,-0.00749008,-0.00752535,0.00589859,0.0167154,0.0206011,0.0149662,0.0121826,0.00854901,0.00790654,0.000255323,-0.00416209,-0.00303518,-0.00094538,-0.000186675,0.0,0.0,-2.60325e-05,-0.000575012,-0.00386402,-0.00154976,0.00957672,0.0278475,0.0466442,0.0695831,0.0849645,0.0783024,0.0583667,0.0390391,0.026543,0.0237243,0.0271805,0.0209182,0.0128425,0.00439634,-0.000319354,-0.00129554,-0.00336539,-0.00688683,-0.00528527,-0.00224222,-0.000490264,-8.54169e-05,1.21715e-05,0.0,0.0,-0.00032268,-0.00216603,-0.00300612,0.00304416,0.0118308,0.0263507,0.0474155,0.0675623,0.0758678,0.0729938,0.0642579,0.0567966,0.0433753,0.0310954,0.0143487,-0.000447184,-0.00752397,-0.00886425,-0.0100849,-0.00906735,-0.0060737,-0.00328053,-0.00133493,-0.000261426,-1.91915e-05,2.24704e-05,0.0,0.0,-9.02743e-05,-0.000757443,-0.00203308,-0.00147448,0.000291352,0.00573424,0.0156575,0.0298099,0.0405979,0.0459144,0.0441809,0.0356703,0.0237108,0.00479849,-0.00980464,-0.0159278,-0.0154883,-0.0144923,-0.011507,-0.00721134,-0.00429267,-0.00209711,-0.000757768,-0.000123439,-1.04926e-05,0.0,0.0,0.0,-2.80544e-05,-8.55603e-05,-0.000595877,-0.00172901,-0.00384146,-0.00770378,-0.0104566,-0.0138094,-0.015999,-0.0177931,-0.0171028,-0.0183029,-0.0221746,-0.023744,-0.0231799,-0.0202757,-0.0161713,-0.0113636,-0.00710945,-0.00408714,-0.00238413,-0.00107715,-0.000283741,-3.575e-05,0.0,0.0,0.0,0.0,-5.44528e-06,-1.52773e-05,-0.00014459,-0.000747634,-0.00233644,-0.00508541,-0.00872549,-0.0131033,-0.0172232,-0.0200113,-0.0206464,-0.0195736,-0.0177693,-0.015529,-0.0140298,-0.0119816,-0.00864975,-0.00521492,-0.00347863,-0.00229675,-0.00106234,-0.000405337,-5.14807e-05,0.0,0.0,0.0,0.0,0.0,0.0,0.0,-5.22418e-05,-0.00028289,-0.000864384,-0.001635,-0.00333777,-0.00478945,-0.0058699,-0.0067241,-0.00681919,-0.00706158,-0.00693472,-0.00589299,-0.00496804,-0.00408353,-0.00297936,-0.00175374,-0.00115562,-0.000867275,-0.000337915,-7.18868e-05,-1.50319e-07,0.0,0.0,0.0,0.0,0.0,0.0,0.0,0.0,0.0,-4.86646e-05,-0.000184857,-0.000340577,