{"max":0.152705,"min":-0.287318,"acc":0.8983,"arr":[0.0,0.0,0.0,0.0,0.0,0.0,0.0,0.0,0.0,0.0,0.0,0.0,-2.31928e-06,-8.9127e-06,-4.26681e-06,-1.77784e-07,0.0,0.0,0.0,0.0,0.0,0.0,0.0,0.0,0.0,0.0,0.0,0.0,0.0,0.0,0.0,0.0,-1.31148e-07,-5.25413e-07,-3.87958e-05,-8.98058e-05,-0.000144699,-0.000171106,-0.000388848,-0.000161365,4.22078e-05,-0.000148343,-0.000476925,-9.67203e-07,0.000416393,4.38628e-05,-0.000262635,-0.000224191,-0.00014991,-4.50897e-05,-1.09322e-05,-3.91525e-07,0.0,0.0,0.0,0.0,0.0,0.0,-2.31574e-07,3.5589e-05,2.31569e-06,-1.73288e-05,-0.000211954,-0.00030374,-0.000970435,-0.00231706,-0.00342775,-0.00427751,-0.00566236,-0.00689374,-0.00935938,-0.0105057,-0.0103528,-0.00919178,-0.00800064,-0.0067611,-0.00463821,-0.00266297,-0.00136234,-0.000491388,-0.000123124,-9.27983e-06,0.0,0.0,0.0,0.0,-1.18631e-06,6.88112e-05,-8.7876e-05,-0.000962088,-0.00180108,-0.00286631,-0.00468834,-0.00908011,-0.0120248,-0.0134766,-0.0180764,-0.0219651,-0.025719,-0.0261484,-0.0255137,-0.0291279,-0.0319245,-0.0285333,-0.0214609,-0.0144455,-0.00865223,-0.00331178,-0.00124896,-0.000288701,-4.61378e-05,0.0,0.0,-1.25642e-06,-9.15828e-06,-3.82058e-05,-0.000516189,-0.00293917,-0.00568922,-0.00951861,-0.0152119,-0.0208036,-0.0270009,-0.026363,-0.0195338,-0.00690549,0.00401878,0.0156293,0.00776332,-0.000329096,-0.00980265,-0.014329,-0.0148818,-0.0157392,-0.0128274,-0.0105946,-0.00649557,-0.00174764,-0.000224501,-3.7184e-06,0.0,0.0,-5.27922e-05,-0.000196367,-0.00189422,-0.00709369,-0.0121763,-0.021984,-0.0325189,-0.0391761,-0.0356003,-0.0223912,0.000874631,0.0373835,0.0648082,0.0796114,0.0845157,0.0726082,0.0458629,0.0214892,-0.00126357,-0.00896516,-0.0174876,-0.0218877,-0.0157433,-0.00559505,-0.00122639,-6.40943e-05,0.0,-3.39729e-07,-8.54897e-05,-0.000841752,-0.00399986,-0.0099117,-0.0200143,-0.0325214,-0.0432216,-0.0458612,-0.0320764,-0.00764336,0.0183294,0.0483695,0.0706272,0.089387,0.105237,0.109864,0.091275,0.0555201,0.0285791,0.0151911,0.000641357,-0.0215096,-0.0274216,-0.0128953,-0.00336361,-0.00039454,0.0,-3.6951e-05,-0.000312403,-0.00160962,-0.00697593,-0.014733,-0.0268452,-0.0389534,-0.0437323,-0.0327946,-0.0189911,0.00419725,0.0249645,0.040736,0.0583541,0.0786783,0.0998249,0.119461,0.114443,0.084388,0.0502454,0.0306719,0.0192364,-0.00921129,-0.0299808,-0.0186856,-0.00458654,-0.000169114,0.000100335,-0.00010394,-0.00102851,-0.00382941,-0.011578,-0.021053,-0.0312023,-0.0353935,-0.0335323,-0.0235145,-0.0071393,0.0107667,0.0326591,0.0444756,0.0569963,0.0677569,0.0912522,0.106763,0.112029,0.101424,0.0779774,0.0494025,0.0401568,0.0162007,-0.0214371,-0.0206879,-0.00475776,-0.000229866,-1.18753e-05,-0.000197367,-0.0015434,-0.00568871,-0.0141392,-0.0226444,-0.0276773,-0.024918,-0.0206329,-0.00907556,0.00768216,0.0233787,0.0520448,0.0650849,0.048325,0.0329643,0.0380147,0.0581988,0.0848431,0.0989088,0.0910565,0.0747282,0.0707335,0.0523373,0.000207136,-0.01683,-0.0039556,-0.000184474,-1.68799e-05,-0.000324737,-0.00126044,-0.00650342,-0.0138345,-0.019539,-0.0170237,-0.0082244,-0.00778364,0.00214319,0.0165154,0.0499682,0.0620313,0.0423737,-0.00166177,-0.0401432,-0.0507341,-0.0169204,0.0406256,0.0791447,0.100125,0.103829,0.112572,0.0923679,0.0235017,-0.0105224,-0.00355411,-0.000109533,-1.87343e-05,-0.000250766,-0.00165781,-0.00654836,-0.0163359,-0.0132474,0.00168385,0.0124221,0.0088156,0.0129479,0.0379459,0.0573034,0.035587,-0.0158878,-0.0855606,-0.137612,-0.152887,-0.104837,-0.0282939,0.0481668,0.0928189,0.122225,0.141073,0.118544,0.0427103,-0.00420755,-0.00170058,-8.7878e-05,-2.04819e-06,-0.000145833,-0.00139763,-0.0065412,-0.0155702,0.00011981,0.0272272,0.0356233,0.023208,0.0361136,0.0644285,0.0509174,-0.00420092,-0.0930089,-0.175341,-0.218699,-0.22692,-0.174252,-0.0814985,0.00953102,0.0735261,0.120484,0.152705,0.131869,0.0561048,-9.53157e-05,-0.000752297,-5.11066e-05,-4.419e-07,6.46193e-05,-0.000857199,-0.00616349,-0.0110022,0.0189819,0.0525351,0.0633081,0.0523223,0.0704132,0.0777753,0.0217331,-0.0688689,-0.173804,-0.235575,-0.265339,-0.264725,-0.209149,-0.110714,-0.0186613,0.0542697,0.114445,0.146818,0.128874,0.0579393,0.00170099,-0.000356024,-6.43378e-05,-7.24079e-06,-5.97279e-05,-0.000501892,-0.00600238,-0.00591419,0.0408265,0.075464,0.0888517,0.0879386,0.100401,0.075442,-0.0163604,-0.131501,-0.224179,-0.269965,-0.286057,-0.270702,-0.195596,-0.100321,-0.0133031,0.0542681,0.101457,0.126113,0.115055,0.056068,0.00147823,-0.000383287,-1.07497e-05,-2.83475e-06,-6.07375e-05,-0.000409953,-0.00690261,0.00218657,0.0608547,0.0937255,0.110188,0.11806,0.122929,0.0696211,-0.0575101,-0.174647,-0.254705,-0.287312,-0.287318,-0.245226,-0.156337,-0.057024,0.0151211,0.0582758,0.0832957,0.103095,0.0945637,0.0444728,-0.000156551,-0.00052159,-6.15227e-05,-2.65072e-06,-3.43472e-05,-0.000557003,-0.00786656,0.00622137,0.0738907,0.109444,0.120521,0.137311,0.124882,0.0546692,-0.0763325,-0.186672,-0.247897,-0.26903,-0.253681,-0.191461,-0.0944642,-0.00792329,0.0389834,0.059618,0.0704283,0.0795332,0.0678477,0.02814,-0.00186119,-0.000957341,-5.73807e-05,0.0,-2.93326e-05,-0.000801147,-0.010165,0.00469099,0.0745071,0.112464,0.127835,0.141462,0.126211,0.0532302,-0.0695865,-0.162237,-0.216178,-0.229497,-0.188881,-0.1124,-0.0282158,0.0224616,0.0449033,0.0494687,0.0531442,0.0570213,0.0385312,0.0132874,-0.00210831,-0.000587613,0.000346829,-3.40962e-06,-1.04675e-05,-0.00104375,-0.0137998,-0.00116154,0.0606764,0.0988276,0.122601,0.143295,0.131159,0.0665244,-0.0360824,-0.117938,-0.15698,-0.154006,-0.104612,-0.0438192,0.00659665,0.0308865,0.0355083,0.0295232,0.034041,0.0326731,0.0146052,0.00176346,-0.00229324,-0.000497491,-0.000153286,-7.95377e-08,8.8611e-05,-0.00125563,-0.0142793,-0.0056422,0.0415748,0.079703,0.102885,0.127079,0.135782,0.09106,0.013355,-0.048175,-0.0780318,-0.066575,-0.0339981,-0.00104116,0.0223897,0.0230809,0.0141764,0.0126186,0.0188152,0.0129721,-0.00068483,-0.00389021,-0.00233865,-0.000570789,-5.37628e-05,0.0,0.000222511,-0.00119731,-0.0124447,-0.00662115,0.027326,0.0582216,0.0799386,0.101907,0.125795,0.117333,0.0691713,0.0180042,-0.00871783,-0.0101403,0.00710231,0.0149345,0.0142903,-0.000667197,-0.0035176,0.00252299,0.00701497,-0.00548818,-0.0109986,-0.00571866,-0.0018765,-0.00030746,-1.5574e-06,-2.57082e-08,-3.56494e-05,-0.00116177,-0.00891454,-0.00830243,0.0126623,0.0390718,0.0599805,0.0812498,0.113558,0.129783,0.112461,0.0702298,0.0407426,0.033074,0.0316615,0.0204117,0.00255223,-0.00841186,-0.0119938,-0.00955213,-0.01392,-0.0162982,-0.0100156,-0.00377757,-0.00100039,3.19485e-05,1.21715e-05,-2.49048e-08,-7.66622e-07,-0.000734319,-0.00520814,-0.0121383,-0.000470164,0.0213156,0.0425786,0.0695717,0.0962763,0.121982,0.134656,0.121695,0.108763,0.0801631,0.0535441,0.0241797,-0.000686739,-0.0183224,-0.0241656,-0.0265217,-0.0223301,-0.0130176,-0.00542609,-0.00177198,-0.000387832,-9.8741e-06,2.24704e-05,0.0,0.0,-0.000189421,-0.00171788,-0.00709408,-0.00729337,-0.00152539,0.0132534,0.0280745,0.0527019,0.0766998,0.0987523,0.103489,0.0888392,0.0637721,0.0288651,-0.00350149,-0.023811,-0.0358669,-0.0348236,-0.0271804,-0.016638,-0.00852799,-0.00342107,-0.000983123,-0.000174226,-1.32723e-05,0.0,0.0,0.0,-0.000139836,-0.000351658,-0.00185696,-0.00516714,-0.00886744,-0.0154727,-0.0188422,-0.0231121,-0.0222896,-0.0217359,-0.015821,-0.0161519,-0.0238449,-0.0328409,-0.0392964,-0.0390892,-0.0336897,-0.0251011,-0.0163899,-0.0104108,-0.00535854,-0.00211724,-0.000545835,-3.93104e-05,-7.42986e-07,0.0,0.0,0.0,-8.43756e-06,-5.49771e-05,-0.000507455,-0.00186576,-0.00538345,-0.0110754,-0.0180946,-0.0266281,-0.0351789,-0.0398833,-0.0428619,-0.0417397,-0.0381569,-0.0346686,-0.0312188,-0.0262594,-0.0189494,-0.011629,-0.00721373,-0.00455365,-0.00232125,-0.00088644,-0.000200255,-7.78771e-07,-7.03793e-07,0.0,0.0,0.0,0.0,0.0,-0.000103566,-0.000630647,-0.00180382,-0.00328931,-0.00593342,-0.00910341,-0.0107743,-0.0118152,-0.0117815,-0.0130436,-0.0135371,-0.0129312,-0.0117002,-0.00910198,-0.00629657,-0.00331769,-0.00219777,-0.0015826,-0.00090896,-0.000114507,-2.89198e-06,-1.04151e-06,0.0,0.0,0.0,0.0,0.0,0.0,-1.49734e-06,-2.36294e-05,