{"max":0.017907,"min":-0.0217246,"acc":0.6824,"arr":[0.0,0.0,0.0,0.0,0.0,0.0,0.0,0.0,0.0,0.0,0.0,0.0,0.0,0.0,0.0,0.0,0.0,0.0,0.0,0.0,0.0,0.0,0.0,0.0,0.0,0.0,0.0,0.0,0.0,0.0,0.0,0.0,0.0,0.0,0.0,0.0,0.0,-2.424e-05,-4.48819e-05,-2.65041e-05,-7.60646e-05,-3.31461e-05,-2.17428e-05,-4.18936e-05,-3.64315e-05,0.0,0.0,0.0,0.0,0.0,0.0,0.0,0.0,0.0,0.0,0.0,0.0,0.0,0.0,0.0,0.0,0.0,0.0,0.0,0.0,-5.70113e-05,-0.00014371,-0.000248686,-0.000468554,-0.00042344,-0.000538842,-0.000733468,-0.000637488,-0.00025965,-0.000306563,-0.000234739,-0.000271492,-0.000194427,-9.54622e-05,-8.04722e-06,0.0,0.0,0.0,0.0,0.0,0.0,0.0,0.0,0.0,-2.53204e-05,-5.30266e-05,-5.98593e-05,-0.000117588,-0.00037697,-0.000723791,-0.00106984,-0.00145647,-0.00181858,-0.00203129,-0.00217584,-0.00209216,-0.00135386,-0.00104622,-0.000713854,-0.000456276,-0.000242449,-0.000268156,-6.15034e-05,0.0,0.0,0.0,0.0,0.0,0.0,0.0,0.0,0.0,-3.73049e-05,-0.000152523,-0.000394711,-0.000828231,-0.000954237,-0.000861602,-0.00154407,-0.00134251,-0.00111164,0.000187346,0.00179304,0.000972067,0.00126911,9.09761e-05,0.000607187,0.000870753,-0.000139641,-0.000580348,-0.00023207,-9.11076e-05,-2.72792e-05,-2.38693e-05,0.0,0.0,0.0,0.0,0.0,-6.02051e-06,-0.000184857,-0.000499132,-0.00105592,-0.00130737,-0.00109865,-0.00120336,-0.00143958,-0.00122082,0.000199869,0.00342853,0.00515595,0.00681106,0.0062052,0.0041373,0.00266064,0.0012853,-0.000101483,-0.00137393,-0.000791591,-0.000488564,-0.00016424,-4.89718e-05,0.0,0.0,0.0,0.0,0.0,-7.82837e-05,-0.000150625,-0.000534271,-0.00139215,-0.00138899,-0.00150896,-0.00136373,0.000478392,0.00120709,0.00213795,0.00495735,0.00473198,0.00594431,0.0080134,0.00808785,0.00648857,0.00305972,0.000851788,-0.000746099,-0.00175954,-0.00131475,-0.000658099,-0.000143493,-7.56471e-06,0.0,0.0,-1.46994e-05,-6.12937e-05,-0.000177146,0.000159519,-0.000859024,-0.000955878,-0.000620461,-0.000539407,-0.000334325,0.000412008,0.00125725,0.00221804,0.0032074,0.00458371,0.00506109,0.00592185,0.00787616,0.00864597,0.00827578,0.00513576,0.00189321,-0.00101811,-0.00152285,-0.000795027,-0.000245971,-5.03651e-05,0.0,0.0,-8.79177e-05,-0.000227556,-0.000208481,-0.000283025,-0.000944879,0.000231714,0.000335023,-8.21092e-05,0.000834055,0.00177865,0.00235223,0.00207108,0.00314324,0.00304651,0.0012144,0.00165894,0.00537245,0.0109532,0.0125933,0.0102513,0.00578723,0.000725187,-0.00103192,-0.000601723,-0.000256855,-2.76709e-05,0.0,0.0,-8.56146e-05,-0.000335275,-0.000545812,-0.000654412,-0.000353116,0.00105246,0.00109627,0.00192099,0.00360704,0.00332271,0.00378741,0.00331394,0.00156697,-0.00100499,-0.00323722,-0.00309636,-0.000174413,0.00629831,0.0132982,0.013647,0.00991317,0.00484362,0.00041831,-0.000245978,-0.000131729,0.0,0.0,0.0,-2.8611e-05,-0.000297065,-3.21487e-05,-0.000168846,0.0020053,0.00300362,0.00356477,0.00543221,0.0045951,0.00382788,0.00293151,0.00168353,-0.00163464,-0.00620912,-0.00923114,-0.00905916,-0.00530226,0.00168485,0.0115881,0.0153939,0.013624,0.00807846,0.00202741,0.00010604,-5.67896e-05,0.0,0.0,0.0,0.0,-0.0001676,0.000126605,0.00134872,0.00427768,0.0055564,0.00734281,0.00703712,0.00544055,0.00232087,0.000954071,-0.00114364,-0.00580621,-0.0105142,-0.0137339,-0.0127985,-0.010011,-0.00163112,0.00937149,0.0164669,0.0163309,0.0107867,0.00384418,0.000374562,-1.05238e-05,0.0,0.0,0.0,-3.79182e-06,-9.54557e-05,0.000182691,0.0030764,0.00653896,0.00924227,0.00968406,0.0073195,0.00412014,-0.000148616,-0.00408461,-0.00806884,-0.0119445,-0.0156742,-0.0171567,-0.0162771,-0.0123369,-0.003808,0.00880144,0.0160911,0.0174129,0.0119782,0.00472273,0.000371599,0.0,0.0,0.0,0.0,-2.33496e-05,-9.74138e-05,0.000666222,0.00379911,0.00982945,0.0121372,0.0103971,0.00666441,0.00117817,-0.00596059,-0.0101402,-0.0138079,-0.0172511,-0.0194988,-0.0198973,-0.0188964,-0.013594,-0.00449637,0.00815039,0.0152594,0.0165583,0.0124965,0.00533186,0.000411409,0.0,0.0,0.0,0.0,-2.55449e-05,-5.83169e-05,0.00101929,0.00570258,0.0122024,0.0140273,0.0110452,0.00553509,-0.00280635,-0.0102632,-0.0140597,-0.0182202,-0.0209161,-0.0217246,-0.0203817,-0.0188409,-0.0126309,-0.00372828,0.00731487,0.0139161,0.0156813,0.0117556,0.00581648,0.000835638,0.0,0.0,0.0,0.0,-2.01565e-05,-4.31628e-05,0.00138838,0.00753696,0.0151657,0.0159922,0.0125362,0.00481533,-0.00522795,-0.0127321,-0.0165304,-0.0196477,-0.0212681,-0.0210468,-0.0188867,-0.0161541,-0.00890278,-0.000722606,0.00827997,0.0138625,0.0141699,0.00982256,0.00498952,0.000680816,-2.04e-06,-1.734e-05,0.0,0.0,0.0,-4.69478e-05,0.00181812,0.0081235,0.0154469,0.0172179,0.0131642,0.00496994,-0.00690037,-0.0124054,-0.015797,-0.0174998,-0.0180934,-0.0178079,-0.0161959,-0.012122,-0.00450102,0.00212822,0.0101554,0.0136402,0.0116473,0.00771911,0.00421687,0.000871168,-4.20239e-05,-3.56999e-05,0.0,0.0,0.0,-0.000169936,0.00246826,0.0085027,0.0149272,0.017907,0.0139472,0.00529918,-0.00644797,-0.0112571,-0.0134597,-0.0145939,-0.0149416,-0.0140581,-0.0113658,-0.0063645,-0.00159326,0.00423923,0.0102276,0.0117417,0.00916518,0.00533746,0.0031287,0.000551782,-1.0812e-05,-1.836e-06,0.0,0.0,-4.14488e-05,-0.00036562,0.0028682,0.00822973,0.0140295,0.0174488,0.0154083,0.00613602,-0.00364986,-0.00838294,-0.00917139,-0.00985652,-0.0103247,-0.00889526,-0.00661361,-0.00369565,0.000923608,0.00651936,0.00922574,0.00874264,0.00578199,0.00361163,0.00212406,0.000302855,0.0,0.0,0.0,0.0,-7.7434e-05,-0.000403833,0.00244707,0.00688342,0.0126643,0.015056,0.014361,0.00841159,9.5519e-05,-0.00435632,-0.00618906,-0.00657163,-0.00583808,-0.00473159,-0.00396022,-0.00109127,0.00257277,0.00738062,0.00822024,0.00592891,0.00347602,0.00249355,0.000705969,0.000223196,0.0,0.0,0.0,0.0,-5.86469e-05,-0.000356627,0.00180572,0.00447295,0.0101868,0.0125255,0.0131768,0.0108092,0.00667856,0.00263043,-0.000559694,-0.00157809,-0.00155713,-0.00273382,-0.00174914,0.0010416,0.00480529,0.00735779,0.00547775,0.00378242,0.00182546,0.000431931,4.99769e-05,-4.15056e-05,0.0,0.0,0.0,0.0,-1.39557e-05,-0.000144766,0.000996168,0.00314587,0.00608625,0.00946487,0.0111367,0.011731,0.00891591,0.00655188,0.00371862,0.00218183,0.000112301,6.72131e-05,0.00141363,0.00483232,0.00531273,0.00417106,0.00271175,0.00115555,0.00014367,-0.000123563,6.35154e-05,-5.3892e-06,0.0,0.0,0.0,0.0,0.0,-8.64377e-05,0.0004034,0.00212779,0.00285843,0.00506289,0.00747082,0.0079683,0.00852165,0.00694968,0.00455489,0.00352137,0.00114319,0.00118067,0.00152059,0.00228385,0.00167096,0.00122203,4.58362e-05,-0.000118217,-1.17398e-05,4.47814e-05,-1.11889e-05,-7.29553e-06,0.0,0.0,0.0,0.0,0.0,-5.15085e-05,-0.000196017,0.00054358,0.00119355,0.00184039,0.00268058,0.00302692,0.00292585,0.00251802,0.00216015,0.000912802,-0.000202241,-0.00109647,-0.000965935,-0.000986362,-0.000935618,-0.000872258,-0.000826056,-0.000472808,-0.000273908,-5.82311e-05,0.0,0.0,0.0,0.0,0.0,0.0,0.0,0.0,-3.97161e-05,1.86919e-06,3.97822e-05,-0.000396112,-0.000646776,-0.00139183,-0.00294615,-0.00421889,-0.00497964,-0.00479549,-0.00428879,-0.00381446,-0.00306245,-0.00209709,-0.00149236,-0.00117093,-0.000744715,-0.000475106,-0.000227328,-6.67023e-05,0.0,0.0,0.0,0.0,0.0,0.0,0.0,0.0,0.0,-3.4972e-05,-0.00013022,-0.00051755,-0.000983882,-0.00139097,-0.00215646,-0.0025343,-0.00261467,-0.00250118,-0.00206176,-0.00225252,-0.0020899,-0.0016234,-0.00107849,-0.000635274,-0.000370554,-0.000189576,-9.55473e-05,-3.32741e-05,0.0,0.0,0.0,0.0,0.0,0.0,0.0,0.0,0.0,0.0,-4.52887e-05,-0.000173231,-0.000432631,-0.000407929,-0.000589315,-0.000638717,-0.000663734,-0.000962809,-0.00102739,-0.000912678,-0.000858587,-0.000743568,-0.000373278,-0.000110423,-1.70588e-05,-6.06044e-06,0.0,0.0,0.0,0.0,0.0,0.0,0.0,0.0,0.0,0.0,0.0,0.0,-7.7673e-06,-5.41171e-05,-8.6206e-05,-4.63596e-05,-4.76453e-05,-3.04754e-05,-4.61127e-05,-0.000149239,-0.000242841,-0.000189051,-0.000203451,-0.000113709,0.0,0.0,0.0,0.0,0.0,0.0,0.0,0.0,0.0,0.0]}