{"max":0.136825,"min":-0.07561,"acc":0.8194,"arr":[0.0,0.0,0.0,0.0,0.0,0.0,0.0,0.0,0.0,0.0,0.0,0.0,0.0,0.0,0.0,0.0,0.0,0.0,0.0,0.0,0.0,0.0,0.0,0.0,0.0,0.0,0.0,0.0,0.0,0.0,0.0,0.0,0.0,0.0,-1.07094e-05,-2.74644e-05,-4.32827e-05,-3.74737e-05,-0.000108184,-8.1287e-05,-0.00010032,-0.000149134,-5.72837e-05,0.000244472,-9.92585e-05,-0.000108256,-5.06961e-05,-8.33464e-05,-5.37095e-05,-3.93558e-07,0.0,0.0,0.0,0.0,0.0,0.0,0.0,0.0,0.0,-1.57713e-06,-1.94349e-06,0.0,-2.0155e-05,-6.51157e-05,-0.00019719,-0.000467805,-0.00065663,-0.000890438,-0.00135205,-0.0015517,-0.00191875,-0.00167557,-0.00160588,-0.00191849,-0.00144692,-0.000855651,-0.000913144,-0.000597701,-0.000207983,-2.90593e-05,0.0,0.0,0.0,0.0,0.0,0.0,-6.70413e-07,-1.01119e-05,-1.07284e-05,-2.82343e-05,-0.000172016,-0.000454682,-0.00108419,-0.00230902,-0.00317868,-0.00453648,-0.00544018,-0.00615277,-0.00726295,-0.00764896,-0.00794058,-0.00725478,-0.00653124,-0.00563183,-0.00337236,-0.00102683,8.29663e-05,-4.17964e-05,-0.000113938,-0.00010298,-1.01756e-05,0.0,0.0,0.0,-2.55976e-06,-1.9422e-05,-0.000105706,-0.000368637,-0.000917933,-0.00210263,-0.00409114,-0.00712581,-0.010148,-0.0101604,-0.0063628,0.000201745,0.00748943,0.00778776,0.00371821,0.00766469,0.0125273,0.0122018,0.00743689,0.00623561,0.00130399,6.81843e-05,-0.000627279,-0.000261737,-5.75564e-05,0.0,0.0,0.0,-1.43019e-05,-6.11976e-05,-0.000190862,-0.000344426,-0.00193753,-0.00507933,-0.00992528,-0.0155067,-0.0199212,-0.0197207,-0.0106457,0.00454781,0.0139209,0.0182916,0.0131251,0.0129506,0.0170844,0.0175031,0.0135384,0.00782875,0.00104213,-0.00252273,-0.00208363,-0.00105186,-0.000154058,0.0,0.0,0.0,-1.3146e-06,-0.000116529,-0.000605702,-0.0017727,-0.00468155,-0.00975978,-0.0165887,-0.0263821,-0.0338301,-0.0349069,-0.0240844,-0.00642249,0.00558236,0.0113393,0.00741003,0.00215016,0.00663394,0.00607683,0.00252445,-0.00261383,-0.00523226,-0.00536402,-0.00416612,-0.00227974,-0.000440503,-0.000104464,0.0,-7.28081e-06,1.35448e-05,-0.000423184,-0.00146597,-0.00407362,-0.00824805,-0.0151523,-0.0237987,-0.0350557,-0.0454474,-0.0503805,-0.0374046,-0.0149258,0.00404324,0.0159146,0.00837613,0.000631021,-0.00347455,-0.0102264,-0.0159693,-0.0165908,-0.013524,-0.00917397,-0.00589449,-0.00302557,-0.000755727,-9.61721e-05,0.0,-2.43331e-05,-0.000199212,-0.000958818,-0.00237533,-0.00557536,-0.0108434,-0.0186939,-0.0281638,-0.0402978,-0.0534749,-0.0588376,-0.0431495,-0.0125207,0.0208157,0.0400153,0.0276404,0.00949731,-0.00962061,-0.0245311,-0.0288128,-0.0257856,-0.0185515,-0.011748,-0.00674223,-0.00301408,-0.000615888,-2.34375e-05,-1.75211e-05,-4.50669e-05,-0.000235331,-0.00114407,-0.00266045,-0.0055297,-0.0109599,-0.0188645,-0.0296305,-0.0429065,-0.0556138,-0.0615842,-0.0420968,0.000119392,0.0516073,0.0770448,0.0526401,0.0141202,-0.0186211,-0.0356251,-0.0354863,-0.0277956,-0.0188914,-0.0113139,-0.00568267,-0.00213813,-0.000427087,0.0,-2.03778e-05,-2.90381e-05,-0.000136103,-0.000887249,-0.00234364,-0.0049338,-0.010208,-0.018362,-0.0293137,-0.0429783,-0.0560243,-0.0622151,-0.0384975,0.0170811,0.0871058,0.107854,0.0639463,0.0075213,-0.032932,-0.0438466,-0.0363029,-0.0255444,-0.0154749,-0.00807807,-0.00375887,-0.00113624,-0.000159798,3.10636e-05,-2.19014e-06,-1.32967e-05,-7.73283e-05,-0.000479091,-0.00167201,-0.00434397,-0.00960241,-0.018539,-0.0304968,-0.0452428,-0.0568995,-0.0621736,-0.0346229,0.0354934,0.116856,0.123943,0.0554429,-0.0159976,-0.0484715,-0.0462969,-0.0326927,-0.0200737,-0.0113093,-0.00558302,-0.00213651,-0.000341658,3.49136e-05,-1.29068e-05,0.0,-4.10328e-06,-6.78098e-05,-0.000286556,-0.00127564,-0.00405357,-0.00980821,-0.0198294,-0.0324086,-0.0475273,-0.0592729,-0.062264,-0.0346221,0.0552718,0.136825,0.116251,0.0270575,-0.0443583,-0.0584108,-0.0450056,-0.0281596,-0.0161631,-0.00955658,-0.0049088,-0.00194434,-0.000210887,-0.000116201,-1.45361e-05,0.0,-7.7209e-07,-5.85644e-05,-0.000234909,-0.00111625,-0.0042285,-0.0107285,-0.0206392,-0.0341715,-0.049232,-0.0599677,-0.0625013,-0.0309125,0.0751189,0.136815,0.0945035,-0.00968338,-0.0657309,-0.0625006,-0.0427849,-0.0259652,-0.0149954,-0.00894333,-0.00508518,-0.00212047,-0.000318814,-8.64067e-05,-3.92092e-06,0.0,-1.35748e-05,-4.72292e-05,-0.000156792,-0.00105124,-0.0047717,-0.0116538,-0.0222604,-0.0353513,-0.0491933,-0.0588078,-0.0595975,-0.0163241,0.0900773,0.127385,0.070824,-0.0379285,-0.07561,-0.0612079,-0.0425864,-0.0273477,-0.0166295,-0.0100915,-0.00587918,-0.00273147,-0.000616681,-6.99565e-05,0.0,0.0,-2.84038e-05,-5.20277e-05,-0.000158367,-0.00122983,-0.00537282,-0.0128867,-0.022628,-0.0348242,-0.0471196,-0.0565605,-0.0482487,0.0089003,0.0995317,0.120578,0.0454866,-0.0564825,-0.0753746,-0.0583485,-0.042815,-0.0292117,-0.018302,-0.0116948,-0.0065143,-0.00291384,-0.000582167,-0.00013858,-4.61233e-05,0.0,2.56376e-05,-5.23217e-05,-0.000228306,-0.00157418,-0.00655142,-0.0140726,-0.0223329,-0.0327092,-0.0423188,-0.046754,-0.0228758,0.0357259,0.106483,0.109268,0.0224151,-0.0579181,-0.0673946,-0.0548979,-0.0421892,-0.0298008,-0.0195928,-0.0126978,-0.00705499,-0.00343353,-0.00148406,-0.000527566,-6.52083e-05,0.0,1.57178e-05,-6.49983e-05,-0.00051007,-0.00225584,-0.00789465,-0.015136,-0.0225988,-0.0307019,-0.036171,-0.0279675,0.00544106,0.0591109,0.106028,0.0883772,0.0104806,-0.0501159,-0.0613378,-0.0538751,-0.0418415,-0.0294488,-0.0196876,-0.0128727,-0.00723155,-0.00362964,-0.00171685,-0.000210918,-1.61272e-06,0.0,-3.46619e-06,-0.000154,-0.000988568,-0.00340598,-0.00945798,-0.017644,-0.0246642,-0.0290511,-0.0262123,-0.0082898,0.0265254,0.0671001,0.0919113,0.064979,0.00310432,-0.0451788,-0.058567,-0.0530831,-0.0396273,-0.0277013,-0.0192061,-0.0126544,-0.00723317,-0.00396738,-0.00147433,-0.000105734,0.0,0.0,0.0,-0.000205699,-0.00127832,-0.00423017,-0.0114375,-0.0199586,-0.0259647,-0.0275195,-0.0156081,0.0039104,0.0335536,0.0591292,0.0682559,0.0424919,-0.00577934,-0.0432745,-0.0564718,-0.050432,-0.0374543,-0.0260109,-0.0176963,-0.0113114,-0.00662692,-0.00360835,-0.00113678,-0.000208584,0.0,0.0,0.0,-0.000270178,-0.00137151,-0.0044249,-0.0102859,-0.0173048,-0.0233763,-0.0210696,-0.00859007,0.00836071,0.0262745,0.0384532,0.039403,0.0224599,-0.0117834,-0.0400895,-0.050612,-0.0444563,-0.0328634,-0.0222763,-0.0148414,-0.0097674,-0.00559715,-0.00303689,-0.000782485,-0.000164739,0.0,0.0,0.0,-0.00024428,-0.0010618,-0.00309261,-0.00645761,-0.011567,-0.0173849,-0.0124105,-0.00373146,0.00602881,0.0109003,0.0166367,0.0157493,0.011296,-0.00898468,-0.0299871,-0.0384802,-0.0355454,-0.0251745,-0.0167281,-0.0113717,-0.00729682,-0.0040054,-0.0019888,-0.000681697,-0.000104225,0.0,0.0,0.0,-0.000137066,-0.000669026,-0.00107882,-0.00116716,-0.0042215,-0.00673521,-0.00274373,0.00170098,0.00512638,0.00261653,0.00293801,0.00494445,0.011147,0.00285308,-0.0116043,-0.0221954,-0.022867,-0.0154754,-0.0094529,-0.00612,-0.00365153,-0.00199692,-0.000984381,-0.000221704,-1.32735e-05,0.0,0.0,0.0,-3.06769e-05,-0.000204997,0.00105045,0.00194428,0.00143788,0.000662506,0.00381347,0.00619613,0.00291611,7.75907e-05,-0.00420344,0.000314017,0.011093,0.0116151,-0.00283813,-0.0115088,-0.0122874,-0.00727508,-0.00390134,-0.00237838,-0.00124708,-0.000628537,-0.000269258,-6.38983e-05,-9.9649e-06,0.0,0.0,0.0,-1.60442e-06,-5.98669e-06,7.63347e-05,0.00024492,-0.000526398,-0.00104655,-0.00430201,-0.00955752,-0.0156147,-0.0202,-0.0214213,-0.0155366,-0.00698379,-0.00360485,-0.0061716,-0.00750427,-0.00616636,-0.00333937,-0.00154202,-0.000662058,-0.000648586,-0.000372136,-0.000132827,-3.95225e-05,0.0,0.0,0.0,0.0,0.0,0.0,-1.6495e-05,-0.000306957,-0.0011891,-0.00284659,-0.00515474,-0.00852077,-0.0124551,-0.0139388,-0.0133063,-0.0124467,-0.00923605,-0.00770429,-0.00609272,-0.00441974,-0.00281136,-0.00148632,-0.000836422,-0.00049866,-0.000254147,-9.70801e-05,-1.72937e-05,0.0,0.0,0.0,0.0,0.0,0.0,0.0,-1.49558e-05,-0.000175504,-0.00048795,-0.000845336,-0.00172522,-0.0024827,-0.00331809,-0.00366217,-0.00393143,-0.00381269,-0.00313275,-0.00245878,-0.00190962,-0.00144121,-0.000838422,-0.000349489,-0.000173074,-9.63732e-05,-2.40783e-05,-3.02751e-06,0.0,0.0,0.0,0.0,0.0,0.0,0.0,0.0,0.0,