{"max":0.321666,"min":-0.161811,"acc":0.8867,"arr":[0.0,0.0,0.0,0.0,0.0,0.0,0.0,0.0,0.0,0.0,0.0,0.0,-2.99522e-06,-8.41972e-06,-2.07119e-06,-8.62994e-08,0.0,0.0,0.0,0.0,0.0,0.0,0.0,0.0,0.0,0.0,0.0,0.0,0.0,0.0,0.0,0.0,-4.89258e-08,-1.4867e-07,-1.08473e-05,-2.95168e-05,-7.56668e-05,-8.29779e-05,-0.00015918,-0.000157602,-0.000145054,-0.000184652,-0.000110315,0.000180948,-0.00031418,-0.000211683,-7.8656e-05,-0.000142768,-0.000115296,-1.05717e-05,-3.95877e-06,-3.12823e-07,0.0,0.0,0.0,0.0,0.0,0.0,-9.88772e-09,-1.57713e-06,-2.12072e-06,-2.26578e-06,-4.0526e-05,-0.000174959,-0.000433755,-0.000923113,-0.00153294,-0.00199724,-0.00207686,-0.00142145,-0.00131152,-0.000723398,-0.00177552,-0.00275585,-0.00335753,-0.00284326,-0.00221532,-0.00141132,-0.000638215,-0.000160919,-8.76817e-05,-4.38155e-05,0.0,0.0,0.0,0.0,-6.92197e-07,-1.03159e-05,-1.64387e-05,-0.000124833,-0.000382471,-0.00133577,-0.00325723,-0.00576097,-0.00830537,-0.0117028,-0.0127615,-0.0116997,-0.0114655,-0.0129687,-0.0137889,-0.0148492,-0.0163687,-0.0139518,-0.00977837,-0.00545251,-0.00226755,-0.00117811,-0.000838934,-0.00023321,-0.000116179,0.0,0.0,-1.7923e-06,-6.71955e-06,-2.12039e-05,-0.000163909,-0.00049188,-0.00199243,-0.00592597,-0.0110271,-0.0176715,-0.0210886,-0.0169837,0.00335922,0.0217102,0.0249092,0.0166322,0.00560477,0.0109586,0.0206073,0.0339174,0.0331495,0.0236954,0.00945658,0.00278058,-0.00105277,-0.00118663,-0.000161254,-3.28558e-05,0.0,0.0,-1.55112e-05,8.13355e-05,-0.000259966,-0.00167804,-0.00648495,-0.0151159,-0.0269297,-0.0386965,-0.0428425,-0.0326991,-9.86964e-05,0.0307148,0.0356986,0.0235217,0.00165786,0.00570686,0.0315588,0.0539282,0.0566188,0.0393887,0.0147118,0.0010012,-0.00303185,-0.00314935,-0.000489603,-6.2107e-05,0.0,0.0,-0.000109525,2.12404e-05,-0.00113394,-0.00525148,-0.0142083,-0.027869,-0.0458172,-0.0653268,-0.0749681,-0.0672765,-0.0365184,-0.00543081,0.00104752,-0.0173222,-0.0374472,-0.0273194,0.0103172,0.0308511,0.032592,0.0150912,-0.00474302,-0.0112512,-0.0100734,-0.00598466,-0.00104655,-0.000128488,0.0,-8.42731e-06,-8.14017e-05,-0.000798941,-0.00263192,-0.00918474,-0.0217623,-0.0383051,-0.0613711,-0.0842069,-0.102833,-0.104469,-0.0697923,-0.0292225,-0.0135323,-0.024495,-0.0399111,-0.0269495,-0.00868744,-0.00152676,-0.00883283,-0.0211095,-0.0277998,-0.0264459,-0.0193321,-0.0090122,-0.00143958,-0.000104574,-7.38457e-07,-2.92595e-05,-0.000286249,-0.00143258,-0.00400586,-0.0120019,-0.0253371,-0.0424566,-0.0651378,-0.0896836,-0.114357,-0.119581,-0.0831563,-0.0195436,0.0272797,0.0358363,0.0120511,0.00481164,-0.0150449,-0.0339445,-0.0483328,-0.0546361,-0.0480492,-0.0383923,-0.0250715,-0.0116137,-0.00157741,-4.7842e-05,-1.76024e-05,-5.85507e-05,-0.00035031,-0.00167016,-0.00427604,-0.0120072,-0.024258,-0.0401246,-0.0628839,-0.0891971,-0.111817,-0.121151,-0.0780695,0.00987929,0.101858,0.129986,0.0778743,0.016254,-0.0331443,-0.0646375,-0.0741792,-0.0671749,-0.0523501,-0.0367323,-0.0215479,-0.00880511,-0.00126986,-7.55038e-05,-2.06041e-05,-5.15253e-05,-0.000267232,-0.00134746,-0.00362374,-0.0106232,-0.0223961,-0.0365769,-0.058534,-0.086132,-0.111144,-0.122933,-0.0772504,0.0414747,0.184525,0.217675,0.108584,0.00236913,-0.0627532,-0.0844295,-0.0796357,-0.0600617,-0.0404035,-0.0247918,-0.0133302,-0.00494241,-0.000911405,-1.25945e-05,-6.28234e-06,-4.47988e-05,-0.000198772,-0.000777733,-0.00253356,-0.00848657,-0.0199062,-0.0349964,-0.0574709,-0.0883963,-0.117204,-0.133165,-0.086219,0.0685796,0.261722,0.266926,0.0931886,-0.0381111,-0.0893756,-0.0897576,-0.0674933,-0.0431833,-0.0262454,-0.0146555,-0.00663526,-0.0023512,-0.000448958,-2.66781e-05,-1.94676e-07,-1.72327e-05,-0.000163056,-0.000418872,-0.00184381,-0.00777471,-0.0181849,-0.0344302,-0.0586088,-0.091978,-0.127556,-0.148178,-0.0996829,0.10504,0.318165,0.25768,0.0408374,-0.0866285,-0.109037,-0.0863752,-0.0535285,-0.0315422,-0.0192553,-0.0101261,-0.00435359,-0.00100885,-0.000366627,-4.30771e-05,1.59329e-05,-7.66463e-06,-8.57137e-05,-0.000235923,-0.00155554,-0.00729087,-0.0182353,-0.0348043,-0.0591951,-0.097145,-0.138601,-0.161811,-0.103237,0.152804,0.321666,0.213621,-0.026143,-0.131242,-0.119991,-0.0793928,-0.0476454,-0.0283008,-0.0170728,-0.00999014,-0.00496859,-0.00121899,-0.000384219,-1.8362e-05,0.0,-1.88425e-05,-5.00085e-05,2.43256e-05,-0.00150093,-0.00791435,-0.0195223,-0.0368203,-0.0608357,-0.0987924,-0.140303,-0.159185,-0.0663285,0.195174,0.296507,0.160332,-0.088814,-0.160282,-0.119897,-0.0800343,-0.0507493,-0.0312134,-0.0191137,-0.0114839,-0.00573039,-0.00161654,-0.000376324,-8.16995e-06,-2.17739e-08,-2.84038e-05,1.80406e-05,-0.000105534,-0.0021562,-0.00964281,-0.022432,-0.0392977,-0.0625207,-0.097812,-0.131836,-0.121741,0.00188739,0.219373,0.272322,0.0942708,-0.131104,-0.161239,-0.118474,-0.0828945,-0.0558291,-0.0359926,-0.0232094,-0.013734,-0.00709835,-0.00233552,-0.00075609,-8.68177e-05,-1.24423e-07,2.28271e-05,2.71583e-05,-0.000647198,-0.00333437,-0.012834,-0.0283036,-0.0450809,-0.067125,-0.0926923,-0.100899,-0.0562723,0.0629546,0.230339,0.237761,0.0329418,-0.131387,-0.149783,-0.116729,-0.0836206,-0.0573843,-0.0377106,-0.0249292,-0.0154465,-0.00864085,-0.00391347,-0.00115887,-8.30407e-05,0.0,4.03443e-05,-0.000169885,-0.00122799,-0.00540511,-0.0179104,-0.0365394,-0.0535633,-0.0696824,-0.0758363,-0.0492947,0.00737211,0.11344,0.21836,0.178756,0.00784658,-0.111066,-0.133894,-0.112597,-0.0802807,-0.0550035,-0.0380919,-0.025864,-0.0169734,-0.0100663,-0.00449949,-0.000977665,-2.10863e-05,-1.62862e-06,1.10491e-06,-0.000267885,-0.00200569,-0.00843013,-0.0236371,-0.046256,-0.0610005,-0.0639626,-0.0457846,-0.00908045,0.0506977,0.127272,0.170548,0.121392,0.000683866,-0.0932213,-0.119137,-0.104089,-0.075131,-0.0528317,-0.0384601,-0.0279075,-0.0185072,-0.0104044,-0.00356181,-0.000714723,-8.24089e-06,5.0853e-06,1.5075e-05,-0.000409824,-0.00269415,-0.0102888,-0.0290207,-0.050108,-0.0606425,-0.0484888,-0.0193691,0.0153665,0.0609869,0.09227,0.106622,0.0731509,-0.00425355,-0.0730572,-0.101545,-0.090564,-0.0682783,-0.0513368,-0.0367525,-0.0256675,-0.0163172,-0.00851337,-0.00259728,-0.000553513,-2.54705e-06,0.0,-2.06408e-05,-0.000572328,-0.00328281,-0.0103099,-0.0258624,-0.0409987,-0.0440443,-0.0255864,0.00106653,0.0240311,0.0369263,0.0315322,0.0362045,0.0340225,-0.0065466,-0.0503966,-0.0760154,-0.0748202,-0.0610819,-0.0461197,-0.0325152,-0.0217838,-0.0135446,-0.00751585,-0.00210531,-0.000383788,0.0,0.0,-3.91795e-06,-0.000569935,-0.00270525,-0.00658729,-0.0118054,-0.0173903,-0.0160569,0.000187514,0.0138968,0.0155408,-0.00804138,-0.0266345,-0.0162656,0.0107285,0.00296816,-0.021859,-0.0464542,-0.0546598,-0.0473408,-0.0351879,-0.0243171,-0.0163115,-0.00977687,-0.00465752,-0.00135304,-0.00014704,-1.0671e-08,0.0,-5.676e-08,-0.000440145,-0.0017461,-0.00272867,0.00362445,0.00619957,0.0122765,0.0225605,0.0249829,0.00191124,-0.0388241,-0.0575682,-0.0384501,0.00899973,0.0272544,0.0132622,-0.0134895,-0.0308849,-0.0303045,-0.0217993,-0.0149403,-0.00923654,-0.0047986,-0.00220721,-0.000355125,8.69045e-05,-1.97004e-08,0.0,0.0,-0.000102248,-0.000830851,0.000824629,0.00794179,0.0159491,0.0238691,0.0301504,0.0250535,-0.00407162,-0.0365885,-0.0505374,-0.0355597,0.00840454,0.0365494,0.0251013,0.00109501,-0.0173856,-0.0160372,-0.0101049,-0.00646068,-0.00362676,-0.00202972,-0.00074111,-0.000146608,5.45209e-05,0.0,0.0,0.0,-1.053e-05,-0.000333739,-0.000215733,0.00233411,0.00227787,-0.00186898,-0.00978513,-0.0232138,-0.0444655,-0.061041,-0.0671627,-0.0565422,-0.0338092,-0.0172225,-0.0150609,-0.0141659,-0.0117869,-0.00754417,-0.00406793,-0.0020356,-0.00140671,-0.000845349,-0.000301227,-5.01087e-05,0.0,0.0,0.0,0.0,-6.3508e-07,-4.09713e-05,-0.000520678,-0.00161384,-0.0040425,-0.00907631,-0.0150893,-0.0233759,-0.0325448,-0.0365124,-0.0353184,-0.0336897,-0.0270252,-0.0216977,-0.0144891,-0.00934433,-0.00558169,-0.00344882,-0.00196937,-0.00109414,-0.000577528,-0.000197089,-2.61796e-05,0.0,0.0,0.0,0.0,0.0,0.0,0.0,-0.000125802,-0.000419885,-0.00101802,-0.00198945,-0.00373202,-0.00547394,-0.00698611,-0.00776391,-0.00830939,-0.00932077,-0.00766172,-0.00498024,