{"max":0.0978662,"min":-0.0547354,"acc":0.7969,"arr":[0.0,0.0,0.0,0.0,0.0,0.0,0.0,0.0,0.0,0.0,0.0,0.0,0.0,0.0,0.0,0.0,0.0,0.0,0.0,0.0,0.0,0.0,0.0,0.0,0.0,0.0,0.0,0.0,0.0,0.0,0.0,0.0,0.0,0.0,-1.04923e-05,-2.2429e-05,-1.19401e-05,-2.38878e-05,-5.21212e-05,-5.51687e-05,-9.34847e-05,-9.33693e-05,-7.81117e-05,-6.59071e-05,-9.07256e-05,-2.7278e-05,-3.27897e-05,-8.33464e-05,-5.37095e-05,-3.93558e-07,0.0,0.0,0.0,0.0,0.0,0.0,0.0,0.0,0.0,-8.33082e-07,-1.68692e-06,0.0,-9.81165e-06,-3.3603e-05,-0.000130802,-0.000365597,-0.000538099,-0.000797091,-0.00115004,-0.00114807,-0.00137891,-0.00146666,-0.00121606,-0.00144905,-0.00128168,-0.00103234,-0.000805766,-0.000401054,-0.000149993,-1.74526e-05,0.0,0.0,0.0,0.0,0.0,0.0,0.0,-7.95674e-06,-1.001e-05,-2.49659e-05,-0.000120313,-0.000274914,-0.000595154,-0.00149114,-0.00230231,-0.0033466,-0.00377173,-0.00436235,-0.00516885,-0.00604886,-0.00589067,-0.00509909,-0.00475285,-0.00435986,-0.00264929,-0.00121376,-0.000529252,-0.000163358,-0.000102418,-0.00010298,-1.01756e-05,0.0,0.0,0.0,0.0,-1.56733e-05,-0.000105612,-0.000398847,-0.000745857,-0.00141739,-0.00256651,-0.00474455,-0.00719975,-0.0071448,-0.00600657,-0.00124105,0.00355031,0.00529591,0.00379498,0.00662739,0.0106356,0.00960175,0.00420791,0.0030514,0.000305719,-0.000357762,-0.00049834,-0.000187352,-2.61277e-05,0.0,0.0,0.0,-1.19957e-05,-3.46725e-05,-8.00711e-05,-0.000337023,-0.00132411,-0.00338672,-0.00653093,-0.0107643,-0.0140862,-0.01398,-0.00988576,-0.000282367,0.00681837,0.0153099,0.0116613,0.0102766,0.0153125,0.0136373,0.00810242,0.00419833,0.000290066,-0.00221614,-0.00174554,-0.000549187,-6.47013e-05,0.0,0.0,0.0,-1.3146e-06,-2.59091e-05,-0.000213285,-0.0012473,-0.00326573,-0.00649072,-0.0110777,-0.0178568,-0.0234573,-0.024986,-0.019365,-0.00810654,0.00170837,0.0102996,0.00894153,0.00411073,0.00750733,0.00513095,6.1604e-05,-0.00304011,-0.00362576,-0.00404324,-0.00330053,-0.00154762,-0.000268307,-9.43385e-05,0.0,-7.14503e-06,-7.78128e-05,-0.000272596,-0.000912375,-0.00270211,-0.00539722,-0.0101741,-0.0162761,-0.0244622,-0.0324344,-0.0364232,-0.0284281,-0.0130656,0.00260424,0.0140126,0.0108907,0.00419568,-0.000122672,-0.00755166,-0.0129773,-0.0120762,-0.00961896,-0.00661691,-0.00393145,-0.00193863,-0.000544573,-9.1973e-05,0.0,-2.19845e-05,-0.000195397,-0.00071756,-0.001689,-0.00393784,-0.00735623,-0.0129174,-0.019966,-0.0291684,-0.0390094,-0.0434168,-0.0319795,-0.0101027,0.0159758,0.0313249,0.0243009,0.0103952,-0.00533811,-0.0184956,-0.0212375,-0.0183815,-0.0131726,-0.00807576,-0.00421454,-0.0019494,-0.000486864,-2.34375e-05,0.0,-2.41601e-05,-0.000188053,-0.000930412,-0.00211321,-0.00410338,-0.00793905,-0.0136273,-0.0219417,-0.0322213,-0.0416487,-0.0453008,-0.030426,-0.000149883,0.0382566,0.0574747,0.0418136,0.0132734,-0.0122758,-0.0264354,-0.0258214,-0.0202679,-0.0140544,-0.00808476,-0.0037586,-0.00150052,-0.000313173,0.0,0.0,-7.91966e-06,-0.000102815,-0.000755188,-0.00194957,-0.00387918,-0.00775947,-0.0143218,-0.0227791,-0.0334283,-0.0424019,-0.044732,-0.0270065,0.0135856,0.0633125,0.079118,0.0497483,0.00812219,-0.0234833,-0.0324052,-0.0268666,-0.0193395,-0.0118821,-0.00615998,-0.00273109,-0.000651093,-2.93591e-05,3.8847e-05,0.0,-1.18171e-06,-5.85348e-05,-0.000400016,-0.00137661,-0.00353491,-0.00766142,-0.0148554,-0.0243285,-0.0352025,-0.0427473,-0.0440861,-0.0229564,0.02862,0.0848472,0.0898475,0.0443722,-0.00903894,-0.0347786,-0.0336146,-0.0249798,-0.0157131,-0.00908077,-0.004447,-0.00161929,-0.000186216,6.28513e-05,-3.32722e-06,0.0,-3.93041e-06,-6.29399e-05,-0.000227787,-0.00102807,-0.00319099,-0.00787827,-0.0158862,-0.0260601,-0.0366292,-0.0441641,-0.043664,-0.0216928,0.0437023,0.0978662,0.0840319,0.0234643,-0.0306928,-0.0422382,-0.0338235,-0.0219561,-0.0128672,-0.00783717,-0.00417348,-0.0016612,-0.000169024,-6.96634e-05,-1.45361e-05,0.0,0.0,-5.23363e-05,-0.000191318,-0.000825276,-0.00341566,-0.00870018,-0.0164735,-0.0268487,-0.0375033,-0.0443803,-0.043573,-0.0189219,0.0572459,0.097637,0.0686683,-0.00361101,-0.0465348,-0.0467818,-0.0331861,-0.0206269,-0.0119951,-0.00742344,-0.00428606,-0.00178198,-0.000211405,-2.60246e-05,-3.92092e-06,0.0,-1.24424e-05,-3.79758e-05,-0.000121903,-0.000855814,-0.00394346,-0.0096564,-0.0180035,-0.0274951,-0.0369581,-0.0430312,-0.0413027,-0.00699859,0.0668659,0.0912732,0.0512212,-0.0234806,-0.0538574,-0.0457006,-0.0329941,-0.0215592,-0.0132401,-0.008012,-0.00454878,-0.00181856,-0.000221525,-3.84791e-05,0.0,0.0,-2.84038e-05,-5.05135e-05,-0.000134858,-0.00101863,-0.00454407,-0.0107893,-0.0183842,-0.0269708,-0.0349757,-0.0404561,-0.0322328,0.0113102,0.0745483,0.0862063,0.0338175,-0.0381803,-0.0547354,-0.043299,-0.0325622,-0.0226757,-0.0140847,-0.0089615,-0.00484541,-0.0020026,-0.000301223,-8.39771e-05,-1.52312e-05,0.0,-1.34478e-05,-5.22901e-05,-0.00018234,-0.00134573,-0.00553745,-0.011736,-0.0179765,-0.0254037,-0.0310747,-0.0323664,-0.0133224,0.031381,0.0803092,0.0783459,0.018244,-0.0401009,-0.0492241,-0.0404211,-0.0318454,-0.0228809,-0.0148047,-0.00936109,-0.00509446,-0.00235847,-0.000747456,-0.000227687,-3.13584e-05,0.0,-9.93198e-06,-6.49534e-05,-0.000414867,-0.0018275,-0.00658011,-0.0124483,-0.0181725,-0.0238398,-0.0264798,-0.0197293,0.00710982,0.0485261,0.0800691,0.0655063,0.00924126,-0.0352731,-0.0452299,-0.0399938,-0.0317389,-0.0222844,-0.0146775,-0.00924526,-0.00492001,-0.00246613,-0.000783093,-9.90402e-05,-1.61272e-06,0.0,-3.46619e-06,-0.000141583,-0.000777743,-0.00270998,-0.00778095,-0.0138896,-0.0191306,-0.02236,-0.0197691,-0.00538992,0.0222318,0.0528093,0.0691657,0.0485261,0.00264628,-0.0324493,-0.0434688,-0.0400122,-0.030536,-0.0209324,-0.0144862,-0.00910335,-0.00489444,-0.0026406,-0.000716546,-6.59649e-05,0.0,0.0,0.0,-0.000135231,-0.000916827,-0.00325361,-0.00874072,-0.0150793,-0.0198788,-0.0209726,-0.0114721,0.00435459,0.028999,0.0469584,0.0518419,0.0313589,-0.00518629,-0.0316379,-0.0430441,-0.0384914,-0.028723,-0.0196286,-0.0134997,-0.00824214,-0.00456223,-0.00210839,-0.000610365,-0.000168498,0.0,0.0,0.0,-0.000166586,-0.00101734,-0.00335091,-0.00771914,-0.0134134,-0.0179945,-0.0160229,-0.0056309,0.0080715,0.0235777,0.0318102,0.0310415,0.0154758,-0.0103515,-0.0305084,-0.0387853,-0.0338458,-0.0248954,-0.0163,-0.0110793,-0.00730246,-0.00389852,-0.00192658,-0.000455285,-0.000103111,0.0,0.0,0.0,-0.000119064,-0.000742838,-0.00231555,-0.00531766,-0.00957966,-0.013358,-0.00903137,-0.00200163,0.00662936,0.0121778,0.0148647,0.0130508,0.00742063,-0.00996307,-0.0238546,-0.030576,-0.0270861,-0.0187618,-0.0119643,-0.00795048,-0.00494483,-0.0028082,-0.00151691,-0.000401234,-3.51445e-05,0.0,0.0,0.0,-2.98609e-05,-0.000444883,-0.000886919,-0.0018634,-0.00429877,-0.00545744,-0.00175765,0.00226878,0.00674474,0.00637227,0.00422968,0.00459443,0.00754461,-0.00167455,-0.0112681,-0.0191354,-0.0173093,-0.0109019,-0.00647359,-0.00402028,-0.00230593,-0.00110497,-0.000586483,-0.000122447,-1.32735e-05,0.0,0.0,0.0,0.0,-0.000120067,0.000870913,0.0015055,0.000941555,0.00112061,0.00399745,0.00539088,0.00483696,0.00329833,-0.00100164,-0.00081847,0.00655348,0.0056476,-0.00365106,-0.00987786,-0.00916209,-0.00531819,-0.00271346,-0.00155441,-0.000812453,-0.000397073,-0.000219939,-6.32167e-05,-9.9649e-06,0.0,0.0,0.0,0.0,-5.75505e-06,-0.000151273,-4.85438e-05,0.000140408,0.000265018,-0.00183253,-0.00542927,-0.00991265,-0.0128456,-0.0142119,-0.0107906,-0.00469707,-0.00269443,-0.00468911,-0.00559065,-0.00444432,-0.00235122,-0.00102776,-0.000478878,-0.000498394,-0.000308357,-0.000127992,-3.95225e-05,0.0,0.0,0.0,0.0,0.0,0.0,-8.4124e-06,-0.000175349,-0.00077741,-0.00204534,-0.00372632,-0.00570454,-0.00850306,-0.00956134,-0.00883299,-0.00779222,-0.00595553,-0.00556319,-0.00466403,-0.00337447,-0.00206271,-0.00108924,-0.000630237,-0.000430023,-0.000238405,-9.70801e-05,-1.72937e-05,0.0,0.0,0.0,0.0,0.0,0.0,0.0,-1.49558e-05,-0.000171792,-0.000381367,-0.00065757,-0.00132609,-0.0018765,-0.00255696,-0.00284224,-0.00274799,-0.00264473,-0.0023422,-0.00187684,-0.00153367,-0.00116517,-0.000647101,-0.000260517,-8.74984e-05,-6.39314e-05,-1.65682e-05,-3.02751e-06,0.0,0.0,0.0,0.0,0.0,