{"max":0.225768,"min":-0.119735,"acc":0.8665,"arr":[0.0,0.0,0.0,0.0,0.0,0.0,0.0,0.0,0.0,0.0,0.0,0.0,0.0,0.0,0.0,0.0,0.0,0.0,0.0,0.0,0.0,0.0,0.0,0.0,0.0,0.0,0.0,0.0,0.0,0.0,0.0,0.0,0.0,0.0,-1.07094e-05,-2.74644e-05,-4.6281e-05,-5.43745e-05,-0.000131705,-9.14855e-05,-0.000104142,-0.000158787,-8.52094e-05,0.000230762,-0.000116648,-0.000133068,-5.97463e-05,-0.000110704,-9.17232e-05,-8.04986e-06,-3.8373e-06,-3.12823e-07,0.0,0.0,0.0,0.0,0.0,0.0,0.0,-1.57713e-06,-2.09014e-06,-1.86011e-07,-2.38713e-05,-0.000106593,-0.000289143,-0.000670466,-0.00100731,-0.00136446,-0.00201328,-0.00177829,-0.00244714,-0.00250141,-0.00240987,-0.00282011,-0.00255755,-0.00178786,-0.00164722,-0.00108424,-0.0003696,-4.72362e-05,0.0,0.0,0.0,0.0,0.0,0.0,-6.70413e-07,-1.03148e-05,-1.37835e-05,-9.59095e-05,-0.000263702,-0.000795187,-0.00196931,-0.00401894,-0.00528373,-0.00784727,-0.00933304,-0.00979012,-0.0109468,-0.012043,-0.0127698,-0.0125985,-0.0114565,-0.00918761,-0.00587341,-0.00240194,-0.000716377,-0.000388759,-0.000311384,-0.000139422,-1.01756e-05,0.0,0.0,-1.7923e-06,-5.7667e-06,-1.9777e-05,-0.000211821,-0.000732579,-0.00168889,-0.00388494,-0.00682951,-0.011804,-0.0156141,-0.0164031,-0.00727006,0.00514936,0.0132174,0.0105913,0.00354996,0.00900197,0.0157172,0.021178,0.0179783,0.0130315,0.00407767,0.00119302,-0.000868699,-0.000630774,-0.000101045,0.0,0.0,0.0,-1.51428e-05,7.5829e-05,-0.000316999,-0.00117044,-0.00416563,-0.00931212,-0.0167073,-0.0254639,-0.0312104,-0.0304709,-0.0143577,0.00985991,0.0219848,0.0227305,0.011732,0.0115516,0.0244978,0.0343148,0.0326231,0.019469,0.0045678,-0.00204619,-0.00300568,-0.00201136,-0.000287686,0.0,0.0,0.0,-1.50955e-05,0.000206094,-0.000814731,-0.00300355,-0.00838194,-0.0170893,-0.0287424,-0.04351,-0.0537356,-0.055294,-0.0390962,-0.00990151,0.00464487,0.00412199,-0.00682802,-0.00895984,0.0095923,0.0173903,0.013544,0.0027027,-0.00750649,-0.00926952,-0.00654859,-0.00358167,-0.000654384,-0.000104464,0.0,-7.29105e-06,-2.08567e-05,-0.000576903,-0.00200682,-0.00607246,-0.0135294,-0.0243647,-0.0394374,-0.0567594,-0.0729634,-0.0801815,-0.0592656,-0.0229959,0.00135407,0.0079313,-0.00505812,-0.0111467,-0.00475342,-0.00721137,-0.0156525,-0.0202895,-0.0202932,-0.0168832,-0.01115,-0.00531713,-0.00105456,-9.61721e-05,0.0,-2.45903e-05,-0.00025457,-0.00117587,-0.00315798,-0.00854657,-0.0171158,-0.0288144,-0.0444402,-0.0632755,-0.0836531,-0.0918036,-0.0670281,-0.0165603,0.0294605,0.0504675,0.030019,0.00915714,-0.011537,-0.0293951,-0.0400757,-0.0387903,-0.0300987,-0.0218329,-0.0138813,-0.00670923,-0.001094,-3.4703e-05,-1.75211e-05,-5.50802e-05,-0.000315586,-0.00141376,-0.00358635,-0.00892095,-0.017222,-0.0292085,-0.0459557,-0.0660813,-0.085295,-0.0951051,-0.0647475,0.00253569,0.0813833,0.1129,0.0718113,0.0181203,-0.023232,-0.0511608,-0.0536097,-0.0447238,-0.0328195,-0.0215385,-0.0118713,-0.00483712,-0.00087737,-1.40688e-05,-2.04089e-05,-4.83764e-05,-0.000236257,-0.00114984,-0.00310476,-0.00769029,-0.016165,-0.027891,-0.0445164,-0.0653948,-0.0865366,-0.0966757,-0.0620168,0.0271016,0.140649,0.168957,0.0898113,0.00686882,-0.0480829,-0.0653868,-0.0568871,-0.0413357,-0.0267241,-0.0153479,-0.00774751,-0.00285436,-0.000440716,9.87528e-06,-6.16469e-06,-2.99955e-05,-0.000147949,-0.000697371,-0.00234592,-0.00637285,-0.0147343,-0.0272413,-0.0452597,-0.0687992,-0.0893869,-0.0994424,-0.0624808,0.051743,0.192193,0.197889,0.0761688,-0.027128,-0.0721663,-0.0694372,-0.0509142,-0.0314753,-0.018575,-0.0098317,-0.00406698,-0.00123661,-0.000116074,-1.35331e-05,0.0,-9.1118e-06,-0.000110004,-0.000456233,-0.00185901,-0.00599659,-0.0142788,-0.0279687,-0.0474957,-0.0721588,-0.0946715,-0.104223,-0.0671115,0.0801277,0.225254,0.187479,0.035623,-0.0692044,-0.0861336,-0.066634,-0.0417078,-0.024114,-0.014418,-0.00730646,-0.00296402,-0.000517049,-0.000183213,-1.45361e-05,1.59329e-05,-6.73e-06,-7.70426e-05,-0.000330085,-0.0016391,-0.00586902,-0.0147305,-0.0288583,-0.0485153,-0.0743715,-0.0976487,-0.108933,-0.0661019,0.11185,0.225768,0.153064,-0.0195054,-0.102265,-0.092299,-0.0616939,-0.0376669,-0.0216253,-0.0128239,-0.0072085,-0.00327487,-0.000719612,-0.000203599,-1.43134e-05,0.0,-1.88425e-05,-5.919e-05,-0.00020483,-0.00144426,-0.00633662,-0.0158798,-0.030834,-0.0504239,-0.0747957,-0.0975441,-0.107139,-0.0416514,0.139219,0.208597,0.112637,-0.0662637,-0.119735,-0.0913476,-0.0621331,-0.039568,-0.0239739,-0.0145395,-0.0083001,-0.00399418,-0.000966266,-0.000184545,-7.72011e-06,0.0,-2.84038e-05,-1.7906e-05,-4.75633e-05,-0.00162576,-0.00757045,-0.0178571,-0.0317994,-0.0506708,-0.0735639,-0.0936835,-0.0862542,0.00249485,0.158709,0.195106,0.0671719,-0.0969694,-0.119425,-0.0898306,-0.0639683,-0.0431692,-0.0270456,-0.0171775,-0.00959615,-0.00470777,-0.00127845,-0.00031,-8.68177e-05,0.0,2.56376e-05,6.91036e-05,-0.000391886,-0.00227748,-0.00937556,-0.0202849,-0.0334975,-0.050704,-0.0683156,-0.0760626,-0.0427195,0.0482514,0.170776,0.174286,0.0266545,-0.0973277,-0.109096,-0.0880253,-0.0645513,-0.0446472,-0.0289642,-0.0187235,-0.0108329,-0.0055614,-0.00233992,-0.000723069,-8.2985e-05,0.0,1.57178e-05,-9.9586e-05,-0.000804334,-0.00371076,-0.0121908,-0.0241881,-0.0367305,-0.0498318,-0.0562813,-0.0409416,0.00552256,0.087764,0.165377,0.136968,0.00901957,-0.0847459,-0.101012,-0.0872591,-0.0634962,-0.0438741,-0.0295716,-0.0195902,-0.012019,-0.00648283,-0.00304359,-0.000564346,-2.06038e-05,1.01706e-06,-1.82256e-07,-0.000194374,-0.00148544,-0.00574057,-0.0154698,-0.0294228,-0.0416094,-0.0474863,-0.0372852,-0.00851908,0.0404147,0.101216,0.13948,0.0987078,0.0022229,-0.0744038,-0.0951965,-0.083237,-0.0594566,-0.0417453,-0.0295736,-0.0204787,-0.0127944,-0.00718438,-0.00272111,-0.000336454,-8.24089e-06,5.0853e-06,2.77997e-05,-0.000268578,-0.00196152,-0.00695347,-0.0184081,-0.0336267,-0.0438629,-0.0394094,-0.0205561,0.0103487,0.0504127,0.0829513,0.0962265,0.0633925,-0.00731684,-0.0667322,-0.0881435,-0.0768996,-0.0551691,-0.0395656,-0.0277967,-0.0188831,-0.0117366,-0.00654718,-0.00232392,-0.000376652,-2.54705e-06,0.0,-1.69509e-07,-0.000353725,-0.00217853,-0.00726307,-0.017524,-0.030152,-0.0351183,-0.0259781,-0.00738431,0.0169763,0.0349202,0.0439279,0.0481552,0.0315134,-0.0139727,-0.0555184,-0.0743318,-0.0666264,-0.0489835,-0.0346147,-0.0243526,-0.0164852,-0.0101309,-0.00538856,-0.00165616,-0.000258716,0.0,0.0,-2.41224e-06,-0.000362962,-0.00177291,-0.00485019,-0.0105391,-0.0176633,-0.0197864,-0.0106089,0.00288887,0.0117634,0.00551113,0.00465336,0.00993748,0.0129419,-0.008596,-0.0347127,-0.0515147,-0.0508577,-0.037565,-0.0260295,-0.0184499,-0.0121921,-0.00685916,-0.00338031,-0.00103139,-8.12783e-05,0.0,0.0,0.0,-0.000265514,-0.00114519,-0.00212605,-0.00177566,-0.00384626,-0.00172388,0.00547356,0.0124724,0.00635323,-0.0119384,-0.0163719,-0.00588057,0.0122576,0.0103152,-0.00563411,-0.0243969,-0.030537,-0.0232988,-0.0155769,-0.0100795,-0.00600654,-0.00315191,-0.00132524,-0.000188258,9.22017e-05,0.0,0.0,0.0,-8.69623e-05,-0.000616267,-1.83095e-06,0.00187063,0.00364734,0.00796362,0.0150043,0.0160911,0.000644153,-0.01301,-0.0190131,-0.00940257,0.0118675,0.0200103,0.0048253,-0.0101331,-0.0166443,-0.0118407,-0.0066637,-0.0042492,-0.00236786,-0.00117854,-0.000387667,-5.46319e-05,5.47977e-05,0.0,0.0,0.0,-8.83179e-06,-0.000245193,-0.000530366,0.000370875,0.000527588,-0.000957132,-0.00463453,-0.0136726,-0.0281366,-0.0376737,-0.0400664,-0.0313211,-0.0180277,-0.00988161,-0.00974104,-0.0102694,-0.0085663,-0.00518579,-0.0025766,-0.00130103,-0.00100685,-0.000581933,-0.00015746,-4.14045e-05,0.0,0.0,0.0,0.0,-6.3508e-07,-2.94334e-06,-0.000170874,-0.000618292,-0.00212019,-0.00511971,-0.00918015,-0.0148932,-0.0211846,-0.0239208,-0.0226924,-0.0209445,-0.016792,-0.0142615,-0.00935256,-0.00640501,-0.00428641,-0.0025651,-0.00144437,-0.000852189,-0.000492109,-0.00017726,-2.20863e-05,0.0,0.0,0.0,0.0,0.0,0.0,0.0,-9.15791e-05,-0.000289114,-0.000665801,-0.00134339,-0.00277753,-0.00418073,-0.00547173,-0.00579024,-0.00575706,-0.00580692,-0.0050429,-0.00375853,-0.0026262,-0.00187017,-0.00117992,-0.000670472,-0.000387637,-0.000211681,-5.7045e-05,-6.9912e-06,