{"max":0.106417,"min":-0.0588943,"acc":0.8238,"arr":[0.0,0.0,0.0,0.0,0.0,0.0,0.0,0.0,0.0,0.0,0.0,0.0,0.0,0.0,0.0,0.0,0.0,0.0,0.0,0.0,0.0,0.0,0.0,0.0,0.0,0.0,0.0,0.0,0.0,0.0,0.0,0.0,0.0,0.0,-1.04923e-05,-2.42073e-05,-3.12313e-05,-3.15424e-05,-5.21212e-05,-5.51687e-05,-9.34847e-05,-9.58039e-05,-0.000100705,-7.18474e-05,-9.77935e-05,-6.24789e-05,-4.09663e-05,-8.33464e-05,-5.37095e-05,-3.93558e-07,0.0,0.0,0.0,0.0,0.0,0.0,0.0,0.0,0.0,-8.33082e-07,-1.68692e-06,0.0,-9.81165e-06,-3.62893e-05,-0.00015088,-0.00040089,-0.000563422,-0.000798263,-0.00119938,-0.00126928,-0.00149698,-0.00154354,-0.0013128,-0.00155766,-0.00133419,-0.00104826,-0.000833137,-0.000411023,-0.000149993,-1.74526e-05,0.0,0.0,0.0,0.0,0.0,0.0,0.0,-7.95674e-06,-1.001e-05,-2.49659e-05,-0.000120313,-0.000281967,-0.000637046,-0.00157096,-0.00238117,-0.00347025,-0.00406107,-0.00481916,-0.00570623,-0.00660551,-0.00624778,-0.00532231,-0.00498123,-0.00462109,-0.00281063,-0.00125765,-0.000544638,-0.000180138,-0.000111704,-0.00010298,-1.01756e-05,0.0,0.0,0.0,0.0,-1.56733e-05,-0.000105612,-0.000401226,-0.000752212,-0.00144841,-0.00269471,-0.00496564,-0.00762464,-0.00733653,-0.00548162,-0.000795349,0.00386438,0.00507957,0.00371681,0.00646361,0.0103678,0.00918306,0.00471335,0.00437042,0.000741516,-6.93469e-05,-0.000511883,-0.000187352,-2.61277e-05,0.0,0.0,0.0,-1.19957e-05,-3.46725e-05,-8.68122e-05,-0.000390157,-0.00146369,-0.0036158,-0.00700601,-0.0114751,-0.0150308,-0.0147851,-0.00897815,0.00192836,0.00859521,0.0153974,0.0117233,0.0102891,0.0150077,0.0139598,0.00929626,0.00579562,0.000960182,-0.00196171,-0.00174796,-0.000571315,-6.47013e-05,0.0,0.0,0.0,-1.3146e-06,-2.59091e-05,-0.000245825,-0.00140158,-0.00360561,-0.0071419,-0.0121317,-0.0195125,-0.0257135,-0.0274411,-0.0196359,-0.00736706,0.00230748,0.00988184,0.00749668,0.00281895,0.0065034,0.00492997,0.000670408,-0.00235475,-0.00346605,-0.0038624,-0.0031143,-0.00160186,-0.000268842,-9.43385e-05,0.0,-7.14503e-06,-7.78128e-05,-0.000272596,-0.000965607,-0.00296115,-0.00589991,-0.0111484,-0.0176681,-0.0263797,-0.0350968,-0.039855,-0.0301471,-0.0135066,0.00291423,0.0135901,0.00900419,0.00247293,-0.00118771,-0.00767357,-0.01313,-0.0126167,-0.0100748,-0.00669504,-0.00412033,-0.00204895,-0.000561832,-9.1973e-05,0.0,-2.19845e-05,-0.000199831,-0.000752723,-0.0017793,-0.00426552,-0.00797582,-0.0138554,-0.021334,-0.031113,-0.0418686,-0.0471822,-0.0342897,-0.0100907,0.0175398,0.0326607,0.0242604,0.00940065,-0.00602613,-0.0194006,-0.0224247,-0.01976,-0.0142708,-0.00877681,-0.00464755,-0.00205845,-0.00049449,-2.34375e-05,0.0,-2.41601e-05,-0.000215154,-0.000977221,-0.00218432,-0.00437949,-0.00837275,-0.014395,-0.0230974,-0.0341711,-0.0447121,-0.0494964,-0.0331079,0.0010306,0.0420664,0.0608066,0.0434599,0.0133789,-0.0126616,-0.027893,-0.0277689,-0.0220437,-0.015166,-0.00868405,-0.00411163,-0.00157664,-0.000313173,0.0,0.0,-7.91966e-06,-0.000107758,-0.000775775,-0.00201197,-0.00402779,-0.00803783,-0.0149282,-0.0239287,-0.035345,-0.0457474,-0.048886,-0.0290394,0.0159052,0.0689799,0.0842605,0.0524733,0.00830828,-0.0245448,-0.0345901,-0.0288994,-0.020936,-0.0128115,-0.00657404,-0.00293519,-0.000688696,-4.3814e-05,3.10636e-05,0.0,-1.18171e-06,-5.98069e-05,-0.000405747,-0.00141506,-0.00364638,-0.00794791,-0.0154566,-0.0255595,-0.0373004,-0.0460621,-0.0478562,-0.02433,0.0319682,0.0918079,0.0962645,0.0469698,-0.00999177,-0.0376064,-0.0363171,-0.0266822,-0.0168217,-0.00965088,-0.00469648,-0.00172334,-0.000207144,5.32716e-05,-1.29068e-05,0.0,-3.93041e-06,-6.29399e-05,-0.000229695,-0.00105371,-0.00329561,-0.00816712,-0.0165471,-0.0273873,-0.0387547,-0.0470748,-0.0467793,-0.0232421,0.047602,0.106417,0.0909023,0.024705,-0.033378,-0.0459273,-0.0363536,-0.0234274,-0.0136967,-0.00829373,-0.0043162,-0.00171762,-0.000169024,-6.96634e-05,-1.45361e-05,0.0,0.0,-5.23363e-05,-0.00019259,-0.000852843,-0.00354515,-0.00901532,-0.0171908,-0.0281931,-0.0395175,-0.0470278,-0.0467026,-0.0207046,0.0615603,0.106009,0.0742015,-0.00429411,-0.0506488,-0.050045,-0.0352823,-0.0218282,-0.0127766,-0.00777828,-0.00442327,-0.00183976,-0.000214199,-2.60246e-05,-3.92092e-06,0.0,-1.24424e-05,-3.79758e-05,-0.000125422,-0.000875421,-0.00408853,-0.00999408,-0.0187148,-0.028804,-0.0389742,-0.0458514,-0.044559,-0.00830253,0.0715862,0.0986538,0.055387,-0.0258412,-0.0582133,-0.0486953,-0.0349163,-0.0228642,-0.0140843,-0.0085055,-0.00484571,-0.00197592,-0.00022494,-3.84791e-05,0.0,0.0,-2.84038e-05,-5.05135e-05,-0.000135991,-0.00104865,-0.00472146,-0.0111562,-0.0190937,-0.0282515,-0.0371235,-0.0432379,-0.0348802,0.0110984,0.0792079,0.0929586,0.0366889,-0.0403989,-0.0588943,-0.0461416,-0.0346484,-0.0241057,-0.01492,-0.00946567,-0.00510874,-0.00209704,-0.000308664,-8.77989e-05,-1.52312e-05,0.0,-1.34478e-05,-5.22901e-05,-0.000183246,-0.00137671,-0.00575361,-0.0122106,-0.0188042,-0.0268129,-0.0332498,-0.0347898,-0.0146901,0.03218,0.0849344,0.0843812,0.0200296,-0.0421941,-0.0522413,-0.0429491,-0.033635,-0.0241894,-0.0156111,-0.00984558,-0.00531201,-0.00250064,-0.00086852,-0.000312113,-3.13584e-05,0.0,-9.93198e-06,-6.49534e-05,-0.000415773,-0.00188994,-0.00687931,-0.0130586,-0.0191914,-0.0255323,-0.0284966,-0.0210392,0.0072033,0.0505811,0.0842806,0.0700261,0.0108379,-0.0367282,-0.0478305,-0.0424187,-0.0336089,-0.0236133,-0.0154997,-0.00971343,-0.00515553,-0.00267879,-0.000986984,-0.000160623,-1.61272e-06,0.0,-3.46619e-06,-0.000145821,-0.000796286,-0.00283775,-0.00820349,-0.0147394,-0.0203942,-0.0238831,-0.0207478,-0.00572433,0.0234243,0.0551205,0.0727428,0.0521831,0.0037339,-0.0337607,-0.0458341,-0.0425265,-0.032384,-0.0221952,-0.0152538,-0.00958862,-0.00526621,-0.00286685,-0.000789119,-9.55002e-05,0.0,0.0,0.0,-0.000151825,-0.00096868,-0.00344047,-0.00936809,-0.01618,-0.0210678,-0.0221755,-0.0119877,0.00432498,0.0298895,0.0486461,0.0546147,0.0340766,-0.00470303,-0.0328601,-0.0451313,-0.0408249,-0.0305476,-0.0209064,-0.0142039,-0.00874513,-0.00493093,-0.00229452,-0.000614947,-0.000168498,0.0,0.0,0.0,-0.000175709,-0.00109177,-0.00356633,-0.008447,-0.0144741,-0.0191958,-0.0168318,-0.00628432,0.00794229,0.023857,0.0327367,0.0323122,0.0170104,-0.0100961,-0.0315665,-0.0400344,-0.0360047,-0.0264447,-0.0174616,-0.011769,-0.00770428,-0.00416317,-0.00206535,-0.000487867,-0.000103111,0.0,0.0,0.0,-0.000153032,-0.000852078,-0.00255419,-0.00587442,-0.0100762,-0.014089,-0.00945275,-0.00253242,0.00626216,0.0121108,0.0151522,0.0136316,0.00856263,-0.00899699,-0.0242233,-0.0311857,-0.0288691,-0.0201577,-0.0129461,-0.00854367,-0.00531142,-0.00306667,-0.0017049,-0.000412787,-3.51445e-05,0.0,0.0,0.0,-9.38188e-05,-0.00054457,-0.00105203,-0.00172002,-0.0041218,-0.00533206,-0.00168968,0.00185281,0.00572171,0.00567693,0.0038101,0.00470532,0.00905982,0.00020671,-0.0104192,-0.0190515,-0.0185169,-0.0118299,-0.00709557,-0.00436553,-0.00251415,-0.00130147,-0.000725883,-0.000127161,-1.32735e-05,0.0,0.0,0.0,-1.15375e-05,-0.000159987,0.000807688,0.00172227,0.00160169,0.00139017,0.00466655,0.00466687,0.00311838,0.00215757,-0.00218496,-0.000859933,0.00733088,0.00721435,-0.00268359,-0.00971986,-0.00971775,-0.00570838,-0.00291388,-0.00166116,-0.000926766,-0.00053944,-0.000307806,-6.32167e-05,-9.9649e-06,0.0,0.0,0.0,0.0,-5.88316e-06,-0.000157935,-0.00011279,-3.19871e-05,-3.21088e-05,-0.00264212,-0.00686453,-0.0117806,-0.0141967,-0.0157371,-0.0117231,-0.00520687,-0.00264952,-0.00468335,-0.00562894,-0.00472036,-0.00253703,-0.00112421,-0.000503805,-0.000502081,-0.000311725,-0.000132827,-3.95225e-05,0.0,0.0,0.0,0.0,0.0,0.0,-1.6495e-05,-0.000252822,-0.00093214,-0.00218604,-0.00399142,-0.00644939,-0.00960316,-0.0105874,-0.00977322,-0.00863299,-0.00668176,-0.00606524,-0.00495072,-0.00350693,-0.00218661,-0.00121237,-0.0006538,-0.000430023,-0.000238405,-9.70801e-05,-1.72937e-05,0.0,0.0,0.0,0.0,0.0,0.0,0.0,-1.49558e-05,-0.000172729,-0.000415244,-0.000702775,-0.00146933,-0.00208074,-0.0027609,-0.00296897,-0.0029375,-0.00285864,-0.00246933,-0.00200836,-0.00161567,-0.00118283,-0.000672086,-0.000280206,-9.62455e-05,-6.39314e-05,-1.65682e-05,-3.02751e-06,0.0,0.0,0.0,0.0,0.0,