{"max":0.198317,"min":-0.104846,"acc":0.8556,"arr":[0.0,0.0,0.0,0.0,0.0,0.0,0.0,0.0,0.0,0.0,0.0,0.0,0.0,0.0,0.0,0.0,0.0,0.0,0.0,0.0,0.0,0.0,0.0,0.0,0.0,0.0,0.0,0.0,0.0,0.0,0.0,0.0,0.0,0.0,-1.07094e-05,-2.74644e-05,-4.6281e-05,-5.43745e-05,-0.000131705,-9.05152e-05,-0.000101874,-0.000157923,-8.36094e-05,0.000232936,-0.000109576,-0.000115073,-5.08653e-05,-0.000107809,-8.14779e-05,-3.93558e-07,0.0,0.0,0.0,0.0,0.0,0.0,0.0,0.0,0.0,-1.57713e-06,-2.03303e-06,-1.30867e-07,-2.30677e-05,-0.00010342,-0.000283282,-0.000639046,-0.000944106,-0.00124905,-0.00168843,-0.00135085,-0.00204977,-0.00219214,-0.00222268,-0.0025769,-0.00233167,-0.00157014,-0.00134436,-0.000959557,-0.000354658,-4.54218e-05,0.0,0.0,0.0,0.0,0.0,0.0,-6.70413e-07,-1.03148e-05,-1.37284e-05,-8.46619e-05,-0.000237392,-0.000739314,-0.00182635,-0.00377913,-0.00481857,-0.00644442,-0.00786251,-0.00858163,-0.00995904,-0.0106432,-0.0109021,-0.0108022,-0.0100044,-0.00815785,-0.0053169,-0.00234125,-0.00054799,-0.000293807,-0.000235457,-0.00010298,-1.01756e-05,0.0,0.0,-1.7923e-06,-5.7667e-06,-1.9777e-05,-0.00020952,-0.000650569,-0.00145132,-0.00343702,-0.00589124,-0.0102203,-0.0144462,-0.0150978,-0.0081745,0.00308994,0.011799,0.0104314,0.00434246,0.00825732,0.0141578,0.0173138,0.0132321,0.00979136,0.00264355,0.000508572,-0.000858701,-0.000444176,-0.000100617,0.0,0.0,0.0,-1.51428e-05,7.62111e-05,-0.000282669,-0.000902002,-0.00349092,-0.00797128,-0.014076,-0.0219084,-0.028277,-0.0277782,-0.0136907,0.00808061,0.0213626,0.0230066,0.0138134,0.0125684,0.0211715,0.0281217,0.0253553,0.0141489,0.00229584,-0.00260005,-0.00270983,-0.0015432,-0.000274339,0.0,0.0,0.0,-1.50547e-05,0.000215313,-0.000712444,-0.00274347,-0.00736639,-0.0147756,-0.0244133,-0.0379303,-0.0490457,-0.0496817,-0.0357076,-0.00922597,0.00616225,0.00864057,-0.000415585,-0.00449775,0.00878332,0.0134953,0.00919322,-2.40687e-05,-0.00751711,-0.0089713,-0.00617431,-0.00312553,-0.000618481,-0.000104464,0.0,-7.28081e-06,-2.06272e-05,-0.000545761,-0.00181197,-0.00547837,-0.0119396,-0.0215629,-0.0345723,-0.0504095,-0.0661526,-0.0720374,-0.0536056,-0.0212263,0.00298582,0.0126995,0.00201406,-0.00573356,-0.00229438,-0.00759532,-0.0166164,-0.0192297,-0.018924,-0.0150494,-0.00965684,-0.00479794,-0.000926231,-9.61721e-05,0.0,-2.43331e-05,-0.000244876,-0.00110957,-0.0029426,-0.00765663,-0.0153232,-0.0255668,-0.0393172,-0.0562464,-0.0746929,-0.0819908,-0.0601256,-0.015615,0.0271857,0.0483418,0.0317615,0.0113363,-0.00898863,-0.0279966,-0.0367204,-0.0346478,-0.0265848,-0.0184274,-0.0116082,-0.00575288,-0.000968516,-3.4703e-05,-1.75211e-05,-5.46168e-05,-0.000298909,-0.00134675,-0.00336603,-0.00796756,-0.0153708,-0.026184,-0.0410793,-0.0589584,-0.0758579,-0.0839205,-0.0568509,0.00168803,0.0708676,0.101642,0.0679635,0.018678,-0.0213101,-0.0466694,-0.0474236,-0.0392349,-0.0279201,-0.0177526,-0.00961596,-0.00407139,-0.00080087,-1.40688e-05,-2.04089e-05,-4.0544e-05,-0.000221806,-0.00109692,-0.00291578,-0.00691715,-0.0142189,-0.0248023,-0.0396307,-0.0582331,-0.0768031,-0.0850175,-0.0539045,0.0228642,0.121743,0.148616,0.0839267,0.00871995,-0.0431232,-0.0576945,-0.049422,-0.0355682,-0.0222224,-0.0120364,-0.00584964,-0.00215885,-0.000272455,9.87528e-06,-6.16469e-06,-2.60724e-05,-0.000131801,-0.000637058,-0.00217622,-0.00572583,-0.0131358,-0.0244883,-0.0402326,-0.0610131,-0.0790675,-0.0860294,-0.0527128,0.0454891,0.165907,0.174771,0.0720136,-0.0221949,-0.0636283,-0.061081,-0.0442466,-0.02712,-0.0154872,-0.00770507,-0.00305183,-0.000756921,3.27448e-06,-1.35331e-05,0.0,-9.1118e-06,-0.00010282,-0.000402797,-0.00168696,-0.00533367,-0.0129594,-0.0255124,-0.0425424,-0.0642158,-0.0830003,-0.0894487,-0.0557847,0.0717677,0.19667,0.167323,0.035974,-0.0599249,-0.0761755,-0.0591728,-0.0371695,-0.0211765,-0.0123751,-0.00637733,-0.00268074,-0.000469361,-0.000140259,-1.45361e-05,1.59329e-05,-6.73e-06,-7.58441e-05,-0.000301963,-0.00148256,-0.0053296,-0.0134712,-0.0262529,-0.0435383,-0.0657379,-0.0845608,-0.091994,-0.0532549,0.100071,0.198317,0.13758,-0.0137802,-0.089097,-0.0824024,-0.0553791,-0.0337583,-0.0194741,-0.0114395,-0.00658466,-0.00292064,-0.000592347,-0.000185977,-1.43134e-05,0.0,-1.74849e-05,-5.3836e-05,-0.000184161,-0.00134904,-0.00589381,-0.0145724,-0.0281552,-0.0455454,-0.0663535,-0.0845429,-0.0904111,-0.0337987,0.123322,0.184546,0.102932,-0.0538616,-0.104605,-0.0810796,-0.055516,-0.0351587,-0.0213979,-0.0129504,-0.00751312,-0.00359252,-0.000872731,-0.000184271,-7.72011e-06,0.0,-2.84038e-05,-1.21671e-05,-0.000179544,-0.00152609,-0.00697334,-0.016345,-0.0291815,-0.0460119,-0.0649772,-0.0812956,-0.0733901,0.00319229,0.139951,0.173999,0.0640137,-0.0826347,-0.104846,-0.0793038,-0.057196,-0.0386085,-0.0240601,-0.0153148,-0.00865712,-0.00419752,-0.00104979,-0.000266811,-8.68177e-05,0.0,2.56376e-05,6.92661e-05,-0.000348244,-0.00210361,-0.00852701,-0.0183582,-0.0299034,-0.0447668,-0.0597843,-0.0666834,-0.0368683,0.0442019,0.152251,0.157143,0.0278918,-0.0842493,-0.0952622,-0.0771138,-0.0578137,-0.0401803,-0.0262394,-0.0168491,-0.00962349,-0.00478629,-0.00194183,-0.000625651,-8.2985e-05,0.0,1.57178e-05,-9.47652e-05,-0.000751164,-0.00321578,-0.0107025,-0.0209894,-0.0317801,-0.0435004,-0.0507578,-0.0377034,0.00468024,0.0791562,0.149747,0.125843,0.011229,-0.0734919,-0.0880331,-0.0767732,-0.0570788,-0.0394236,-0.0262668,-0.017158,-0.0100433,-0.00528582,-0.00263644,-0.000412945,-1.84574e-05,0.0,-4.2505e-06,-0.000184873,-0.00136471,-0.00477974,-0.013206,-0.0252368,-0.036149,-0.0420926,-0.0342381,-0.00926949,0.035511,0.0926234,0.127494,0.089919,0.0038292,-0.0647424,-0.0833208,-0.0739179,-0.0534375,-0.0371712,-0.0260337,-0.0177562,-0.0106351,-0.00595711,-0.00227356,-0.000291043,-3.47469e-06,0.0,0.0,-0.000254788,-0.00175976,-0.00594637,-0.01581,-0.0293642,-0.0384779,-0.035801,-0.0201114,0.0077339,0.0452585,0.0790995,0.0898238,0.0573753,-0.00540734,-0.0586424,-0.0779026,-0.0685334,-0.0498505,-0.0353721,-0.0244939,-0.016335,-0.0097788,-0.00531397,-0.00195363,-0.000370582,-2.54705e-06,0.0,-1.69509e-07,-0.000346383,-0.00196149,-0.00632096,-0.0151268,-0.0267641,-0.031855,-0.0249094,-0.00825206,0.0144521,0.032596,0.0446563,0.0465878,0.0292578,-0.0125961,-0.0513462,-0.0676161,-0.0610297,-0.045055,-0.0313607,-0.0214232,-0.0145483,-0.00865302,-0.00471899,-0.00130878,-0.000257957,0.0,0.0,-2.41224e-06,-0.000358497,-0.00165251,-0.00489901,-0.0102393,-0.0173742,-0.0205773,-0.012535,0.000609225,0.0105058,0.0074207,0.00983582,0.0125736,0.0122469,-0.00970148,-0.0348335,-0.0489553,-0.0481688,-0.0356413,-0.024222,-0.0164848,-0.010945,-0.00618807,-0.00296935,-0.000854752,-8.12642e-05,0.0,0.0,0.0,-0.000258344,-0.00107052,-0.00240312,-0.00270248,-0.00564742,-0.0045105,0.00202141,0.00903308,0.00636015,-0.00731724,-0.00827398,-0.000948206,0.0117215,0.00674997,-0.00894984,-0.0254597,-0.0295685,-0.0219635,-0.0142047,-0.00898965,-0.00546245,-0.00294373,-0.00124398,-0.000221478,9.22017e-05,0.0,0.0,0.0,-7.79651e-05,-0.000440564,-1.93788e-05,0.00136778,0.00238222,0.00604348,0.0126654,0.0140805,0.00150074,-0.00771618,-0.0116956,-0.00370012,0.0123414,0.0170974,0.00137926,-0.0114578,-0.0156191,-0.0107497,-0.00579697,-0.00361159,-0.00212092,-0.00109828,-0.000377849,-5.46319e-05,1.67555e-05,0.0,0.0,0.0,-4.13364e-06,-0.000137097,-0.000424618,0.000409555,9.01684e-05,-0.000420324,-0.00351341,-0.0108181,-0.0223454,-0.029787,-0.031775,-0.0243973,-0.0133336,-0.00758747,-0.00893894,-0.0094174,-0.00756313,-0.00483919,-0.00228362,-0.00110258,-0.000961984,-0.000538005,-0.000153099,-4.14045e-05,0.0,0.0,0.0,0.0,-2.88673e-07,-1.72087e-07,-0.000149936,-0.000446736,-0.00162418,-0.00419109,-0.00752643,-0.0127989,-0.0183947,-0.0204472,-0.0192329,-0.0179115,-0.0143803,-0.0124732,-0.00850946,-0.00593219,-0.00388692,-0.00228554,-0.00130064,-0.000797844,-0.000461443,-0.000143585,-1.72937e-05,0.0,0.0,0.0,0.0,0.0,0.0,0.0,-3.46275e-05,-0.000215399,-0.000623753,-0.00122755,-0.00248387,-0.00358571,-0.00471515,-0.00493537,-0.00488242,-0.00510178,-0.00444337,-0.00341614,-0.00245262,-0.00176531,-0.00107205,-0.000588588,-0.000360288,-0.000199927,-5.17172e-05,