{"max":0.013564,"min":-0.00766694,"acc":0.5575,"arr":[0.0,0.0,0.0,0.0,0.0,0.0,0.0,0.0,0.0,0.0,0.0,0.0,0.0,0.0,0.0,0.0,0.0,0.0,0.0,0.0,0.0,0.0,0.0,0.0,0.0,0.0,0.0,0.0,0.0,0.0,0.0,0.0,0.0,0.0,0.0,0.0,0.0,0.0,0.0,0.0,0.0,0.0,0.0,-1.61488e-05,-3.09832e-05,0.0,0.0,0.0,0.0,0.0,0.0,0.0,0.0,0.0,0.0,0.0,0.0,0.0,0.0,0.0,0.0,0.0,0.0,0.0,0.0,-2.64758e-05,-8.3759e-05,-9.68006e-05,-9.87811e-05,-6.43349e-05,-0.000143974,-9.80058e-05,0.000192301,-9.40188e-05,-0.00016684,-3.9666e-05,-4.76848e-05,-2.28139e-05,0.0,0.0,0.0,0.0,0.0,0.0,0.0,0.0,0.0,0.0,0.0,0.0,0.0,0.0,-7.54376e-07,-0.000115228,-0.000246287,-0.000322636,-0.000407505,-0.000474392,-0.000555168,-0.00052427,-0.000449191,-0.000278837,-0.000393524,-0.000425704,-0.000387529,-0.000210827,-0.000113957,-3.56189e-05,0.0,0.0,0.0,0.0,0.0,0.0,0.0,0.0,0.0,-6.98216e-06,-5.57731e-05,-0.00021937,-0.000385381,-0.000692357,-0.00101941,-0.000492752,-0.000463267,0.000885907,0.00170247,0.000460291,-0.000354735,0.0022375,0.00278061,0.0024127,0.000163039,-0.000146477,-0.000224806,-9.13257e-05,-1.13781e-05,-2.61487e-05,-2.28801e-05,0.0,0.0,0.0,0.0,0.0,0.0,-6.31827e-05,-0.000242676,-0.000579221,-0.00107351,-0.00143016,-0.00203914,-0.00209357,-0.00215178,-0.000440627,0.000568561,0.000336039,0.00150721,0.00248619,0.00271066,0.00222813,0.000856201,0.00027394,0.000277292,-0.00034468,-0.00021851,-0.00011378,-4.72215e-05,0.0,0.0,0.0,0.0,0.0,0.0,-0.000126838,-0.000493869,-0.0010501,-0.00170339,-0.00256654,-0.0036772,-0.00462379,-0.00458832,-0.0027701,-0.00120895,-5.9463e-05,0.00162301,0.00163223,0.00134939,-0.000205106,-0.000955398,-0.00120972,-0.000844653,-0.000831346,-0.000659613,-0.000413251,-7.50041e-05,0.0,0.0,0.0,-1.38174e-05,-3.91741e-05,-7.63988e-05,-0.000284889,-0.000756744,-0.00141979,-0.00267438,-0.00391008,-0.00543472,-0.00679286,-0.0061786,-0.00325126,-0.000831155,0.00106794,0.00164863,0.00176593,-0.000403237,-0.00254375,-0.00342102,-0.00231938,-0.00158462,-0.000983412,-0.000683098,-0.000361254,-6.83179e-05,0.0,0.0,0.0,-6.87182e-05,-0.000120298,-0.000283586,-0.000701934,-0.00113731,-0.00208607,-0.00330817,-0.00502839,-0.00684617,-0.00752978,-0.00614935,-0.00229934,0.00104593,0.00500923,0.00423844,0.00300647,-0.00114103,-0.00343862,-0.00410239,-0.00317732,-0.00177401,-0.000976081,-0.000507478,-0.000261756,-7.52983e-05,0.0,0.0,0.0,-3.56361e-05,-0.000170697,-0.000460988,-0.000674517,-0.00109189,-0.00213438,-0.00359246,-0.0055715,-0.00711981,-0.00735796,-0.00565349,-0.000722897,0.00515972,0.00904315,0.00771828,0.0029511,-0.00177692,-0.00397721,-0.0045547,-0.00341716,-0.00207585,-0.0010565,-0.000378218,-0.000217339,-7.52324e-05,0.0,0.0,0.0,0.0,-0.000173875,-0.000530919,-0.000764179,-0.00121934,-0.00251206,-0.00419422,-0.00609112,-0.00700061,-0.00713879,-0.00472289,0.00162471,0.00894277,0.0117683,0.00867608,0.00150387,-0.00384923,-0.00491184,-0.00490574,-0.00341576,-0.00195882,-0.000914401,-0.000311106,-8.59242e-05,-4.11765e-06,0.0,0.0,0.0,0.0,-0.00013098,-0.000412967,-0.000886059,-0.00167069,-0.00305824,-0.00476575,-0.00626846,-0.00665149,-0.00670184,-0.00300747,0.00423147,0.011677,0.0133118,0.00714275,-0.00148979,-0.00527806,-0.00533146,-0.00449181,-0.00305687,-0.00174681,-0.000703562,-0.0002158,-1.75604e-07,0.0,0.0,0.0,0.0,0.0,-1.98039e-05,-0.000254836,-0.000738095,-0.00175461,-0.00327152,-0.0048951,-0.0063417,-0.00665098,-0.00640011,-0.00285527,0.00629927,0.0135065,0.0118189,0.00346431,-0.00407551,-0.00614727,-0.00517923,-0.00382217,-0.00268047,-0.001614,-0.0007582,-0.000246978,-7.88408e-07,0.0,0.0,0.0,0.0,0.0,0.0,-0.00013699,-0.000685995,-0.00169784,-0.00330425,-0.00488368,-0.00647438,-0.00715877,-0.00659921,-0.00257732,0.0079203,0.013564,0.0093124,-0.000950014,-0.00640168,-0.00713895,-0.00530783,-0.00380755,-0.00248671,-0.0016715,-0.000921772,-0.000303027,-2.66697e-05,0.0,0.0,0.0,0.0,0.0,0.0,-0.000154553,-0.000728355,-0.0018954,-0.00348194,-0.00485905,-0.00623094,-0.00692955,-0.0063304,-0.00145587,0.00912687,0.0121256,0.00610606,-0.00305472,-0.00759836,-0.00711998,-0.00555752,-0.00376036,-0.00268323,-0.00188762,-0.0010948,-0.000381165,-5.09506e-06,0.0,0.0,0.0,0.0,0.0,0.0,-0.000139076,-0.000725243,-0.00212114,-0.00351272,-0.00460691,-0.00535179,-0.0058711,-0.0049894,0.00101991,0.0102807,0.0115027,0.00434015,-0.00476386,-0.00766694,-0.00680264,-0.00521326,-0.00390103,-0.00261477,-0.00193398,-0.00124915,-0.000492516,-3.64402e-05,0.0,0.0,0.0,0.0,0.0,-8.16736e-06,-0.000225916,-0.000904078,-0.00228939,-0.00332667,-0.00417309,-0.0047984,-0.00479573,-0.00243156,0.00504728,0.0117659,0.0108059,0.00244971,-0.0050812,-0.0067152,-0.00624304,-0.00481437,-0.00370333,-0.00263295,-0.00178895,-0.00107387,-0.000527687,-0.000158974,0.0,0.0,0.0,0.0,0.0,-5.55991e-05,-0.000395014,-0.000942512,-0.00202497,-0.00313471,-0.0038148,-0.00417431,-0.00275343,0.00167251,0.00836851,0.0124527,0.00918748,0.00108426,-0.00530083,-0.00665938,-0.00614044,-0.00486542,-0.00360453,-0.00254717,-0.00147376,-0.00058363,-0.000306614,-0.000150324,0.0,0.0,0.0,0.0,-1.88235e-05,-0.000157659,-0.00053763,-0.000934434,-0.00170556,-0.00294023,-0.00364908,-0.00341889,-0.000878237,0.00491471,0.00922757,0.0113361,0.00669031,-0.000237644,-0.004902,-0.00612495,-0.00596954,-0.00461562,-0.00321757,-0.00216206,-0.00110982,-0.000481718,-0.000312072,-0.000152639,0.0,0.0,0.0,0.0,-2.37255e-05,-0.000202341,-0.00051166,-0.000989392,-0.00183786,-0.00253291,-0.00351521,-0.00187948,0.00132846,0.00655256,0.0090288,0.0088338,0.00412671,-0.000406513,-0.00393935,-0.00557051,-0.00579941,-0.00444152,-0.00291276,-0.00180615,-0.000857853,-0.000612947,-0.000365942,3.60843e-05,0.0,0.0,0.0,0.0,-7.45098e-06,-0.000156958,-0.000446105,-0.000905715,-0.00176507,-0.0027195,-0.00287828,-0.00126097,0.00242404,0.00588042,0.00655422,0.00475639,0.00140448,-0.00095139,-0.00387726,-0.00500588,-0.0055984,-0.00394526,-0.00247465,-0.00156449,-0.00107025,-0.000630721,-0.000284415,0.000236383,0.0,0.0,0.0,0.0,0.0,-4.76467e-05,-0.000313726,-0.000801251,-0.00152645,-0.0023003,-0.00224342,-0.000726978,0.00255984,0.00341283,0.00247953,0.000907989,-0.000447205,-0.00156276,-0.00348632,-0.00478131,-0.00493871,-0.00317364,-0.0020855,-0.00138324,-0.000837126,-0.000430903,-0.000129663,-6.27687e-06,0.0,0.0,0.0,0.0,0.0,-3.64367e-07,-0.000203692,-0.000563166,-0.000940323,-0.00122005,-0.000701836,0.000162883,0.00207318,0.0017081,-0.000351995,-0.00193019,-0.00167133,-0.0013781,-0.00179479,-0.00316217,-0.00314417,-0.00211958,-0.00142047,-0.000941085,-0.000418507,-0.000166181,-5.33692e-05,-1.01113e-05,0.0,0.0,0.0,0.0,0.0,0.0,-9.06945e-05,3.47246e-05,-4.7679e-05,-0.000181033,0.000589989,0.000871409,0.00109085,0.0011751,-0.00136982,-0.00307129,-0.0016208,-0.000269045,-0.00151562,-0.00205749,-0.00195026,-0.00125879,-0.00079468,-0.000445483,-0.000229977,-8.92677e-05,0.0,0.0,0.0,0.0,0.0,0.0,0.0,0.0,-4.33723e-05,-5.82053e-05,0.0001508,0.000467945,6.22955e-05,-0.000389414,-0.00109767,-0.00137383,-0.00275124,-0.00258611,-0.00166743,-0.00197204,-0.00185678,-0.00138473,-0.00106277,-0.000708852,-0.000358829,-0.000282827,-0.000159238,-6.79274e-05,0.0,0.0,0.0,0.0,0.0,0.0,0.0,0.0,0.0,0.0,-3.73547e-06,-0.000109952,-0.000348003,-0.000555777,-0.00105365,-0.00121459,-0.00133688,-0.00132528,-0.000922772,-0.000949303,-0.000978979,-0.000845706,-0.00049877,-0.000299025,-0.000172749,-0.000134914,-8.56843e-05,-3.03283e-05,0.0,0.0,0.0,0.0,0.0,0.0,0.0,0.0,0.0,0.0,-2.07526e-07,-5.82103e-05,-0.000145231,-0.000125426,-0.000263511,-0.000237678,-0.00027762,-0.000380963,-0.000317912,-0.000287943,-0.000412495,-0.000423787,-0.000138714,-5.54902e-05,-1.70588e-05,0.0,0.0,0.0,0.0,0.0,0.0,0.0,0.0,0.0,0.0,0.0,0.0,0.0,0.0,-9.76975e-06,-4.50911e-05,-3.47578e-05,-3.7576e-06,0.0,-4.25499e-05,-2.33099e-05,0.0,-3.29829e-05,-0.000128836,-0.000116619,0.0,0.0,0.0,0.0,0.0,0.0,0.0,0.0,0.0,0.0]}