{"max":0.41635,"min":-0.218851,"acc":0.8983,"arr":[0.0,0.0,0.0,0.0,0.0,0.0,0.0,0.0,0.0,0.0,0.0,0.0,-3.00602e-06,-8.65306e-06,-2.30452e-06,-9.60218e-08,0.0,0.0,0.0,0.0,0.0,0.0,0.0,0.0,0.0,0.0,0.0,0.0,0.0,0.0,0.0,0.0,-4.89258e-08,-1.4867e-07,-1.08545e-05,-3.39702e-05,-0.000269402,-0.000255153,-0.000274964,-0.000213659,-0.000206038,-0.000221033,0.000483668,0.000993455,-0.000378137,-0.000296034,-9.51701e-05,-0.000149384,-0.000129246,-5.16928e-05,-7.43783e-06,-4.14931e-07,0.0,0.0,0.0,0.0,0.0,0.0,-9.88772e-09,-1.57853e-06,-3.43324e-06,-2.66238e-06,-4.36094e-05,-0.000277673,-0.0010095,-0.00172055,-0.00255049,-0.00289009,-0.00222871,-0.000179598,0.00059556,0.00218784,-0.0006608,-0.00298612,-0.00412647,-0.00384473,-0.0029869,-0.00195727,-0.000929718,-0.000420593,-0.000193798,-4.43642e-05,0.0,0.0,0.0,0.0,1.18573e-05,-7.45861e-06,-2.01287e-05,-0.000159097,-0.000499092,-0.00185539,-0.00489861,-0.00882643,-0.0130234,-0.0181644,-0.0186194,-0.0158461,-0.0141661,-0.0132221,-0.0155769,-0.0202638,-0.0216098,-0.0188003,-0.0137393,-0.00756055,-0.00369978,-0.00228188,-0.00141529,-0.000389354,-0.000232083,0.0,0.0,-1.81585e-06,3.62665e-05,-3.2458e-05,-0.000214362,-0.000445553,-0.00257602,-0.00825862,-0.0156249,-0.0234627,-0.0259036,-0.0181733,0.00901702,0.0355189,0.0392312,0.0250664,0.00741794,0.00958673,0.0240356,0.0475321,0.0524281,0.0417651,0.020081,0.00512825,-0.00252781,-0.00217726,-0.000256665,-4.62908e-05,0.0,0.0,-1.10196e-05,0.000217796,-0.000149038,-0.00186588,-0.00870237,-0.021545,-0.0378316,-0.0506994,-0.0499807,-0.0322068,0.0103167,0.0493565,0.0518106,0.0253223,-0.00979645,-0.00904594,0.0277563,0.0694226,0.0877775,0.0692628,0.0344082,0.0083013,-0.0032223,-0.00496534,-0.000670889,-6.3403e-05,0.0,-5.65293e-07,-0.000232895,0.000223849,-0.00121024,-0.00723366,-0.0189373,-0.037916,-0.0629096,-0.0868137,-0.0945752,-0.0769087,-0.0354119,-0.00135005,-0.00656328,-0.0447953,-0.0758833,-0.0648247,-0.00491772,0.0430449,0.0591874,0.0356661,0.00660242,-0.0100582,-0.0139828,-0.00876981,-0.00154205,-0.000145919,0.0,-3.7067e-05,-0.000175992,-0.000976933,-0.00341608,-0.0133922,-0.0310309,-0.0532732,-0.0846882,-0.112192,-0.130647,-0.123191,-0.077376,-0.0363936,-0.0336051,-0.0607755,-0.0818764,-0.0604799,-0.0220898,0.0122409,0.00853762,-0.0140884,-0.0311976,-0.0366208,-0.030695,-0.0143464,-0.00207402,-0.000312599,-7.38457e-07,-4.72365e-05,-0.000360876,-0.00156526,-0.00504553,-0.0163299,-0.0350959,-0.0589764,-0.0909666,-0.121739,-0.146513,-0.139489,-0.0916253,-0.0237534,0.0185281,0.0209229,-0.0127604,-0.00926339,-0.0178481,-0.0271751,-0.0481938,-0.0673847,-0.0695097,-0.059604,-0.0414351,-0.0185089,-0.0026698,-0.000203576,-1.76151e-05,-6.23527e-05,-0.000417201,-0.0018439,-0.005699,-0.0170606,-0.0336618,-0.0527945,-0.0827433,-0.114255,-0.1381,-0.138272,-0.0859969,0.0142883,0.116124,0.143813,0.0777829,0.00882766,-0.0375009,-0.0727578,-0.0923979,-0.095601,-0.0805636,-0.0597767,-0.0373904,-0.0155167,-0.0022469,-0.000228122,-2.06366e-05,-5.41142e-05,-0.000315554,-0.00188115,-0.00492449,-0.0145329,-0.0306148,-0.0470729,-0.0722121,-0.104306,-0.130237,-0.139096,-0.0843267,0.0517763,0.224175,0.259981,0.121651,-0.00434809,-0.0734862,-0.0999334,-0.107446,-0.0868149,-0.0616056,-0.041686,-0.0246266,-0.00882955,-0.00128255,-5.15324e-05,-6.54795e-06,-1.16653e-05,-0.000201666,-0.00112823,-0.00315284,-0.0105836,-0.0250505,-0.0431944,-0.0692555,-0.106742,-0.141363,-0.16068,-0.104487,0.0812595,0.326059,0.331833,0.107936,-0.0446219,-0.0984982,-0.107475,-0.0872331,-0.0578295,-0.0365836,-0.0220189,-0.011712,-0.0040384,-0.000613407,2.78516e-05,-1.94676e-07,-2.17116e-05,-0.000191078,-0.000431541,-0.00205566,-0.00949065,-0.0217366,-0.0404887,-0.0696779,-0.110999,-0.160138,-0.192407,-0.129936,0.123451,0.4065,0.326731,0.05227,-0.091698,-0.122283,-0.102915,-0.0667538,-0.0393473,-0.0243963,-0.0134277,-0.00639318,-0.00166651,-0.000573619,2.32409e-05,1.95246e-05,-8.95144e-06,-9.22426e-05,-0.0001614,-0.00174725,-0.00894543,-0.0214293,-0.0406075,-0.0690733,-0.120254,-0.182405,-0.218362,-0.141563,0.186425,0.41635,0.27367,-0.0226766,-0.146291,-0.141704,-0.0964244,-0.0589238,-0.0354329,-0.0221282,-0.0139862,-0.0079828,-0.00266486,-0.000784423,-6.98029e-05,-3.88575e-07,-1.93139e-05,-4.05076e-05,0.000167442,-0.00169125,-0.0101615,-0.0235538,-0.0439329,-0.073011,-0.12681,-0.18929,-0.218851,-0.0930307,0.246659,0.382957,0.209053,-0.0978832,-0.19102,-0.148047,-0.0998698,-0.0640758,-0.0400364,-0.0256582,-0.0163151,-0.00850456,-0.00320178,-0.00064828,-1.58642e-05,-1.49006e-07,-2.94101e-05,8.65712e-05,-5.49924e-05,-0.00261583,-0.0130574,-0.0299572,-0.0493353,-0.0789775,-0.128114,-0.17649,-0.157712,-0.00315384,0.273388,0.351103,0.121089,-0.155154,-0.200984,-0.149386,-0.105139,-0.0711456,-0.0467482,-0.0313766,-0.0192799,-0.0103286,-0.00381292,-0.00102957,-0.000115714,-1.24423e-07,2.1798e-05,9.59116e-05,-0.000855657,-0.00418822,-0.0178492,-0.0406004,-0.0615433,-0.0877356,-0.118711,-0.124957,-0.0699212,0.0685166,0.28304,0.300401,0.0387887,-0.161804,-0.192759,-0.150608,-0.106519,-0.0730457,-0.0485219,-0.0333301,-0.0218183,-0.0127845,-0.00618075,-0.00165376,-0.000111557,0.0,5.48055e-05,-0.000207435,-0.00157166,-0.00693297,-0.0268048,-0.0558295,-0.0763765,-0.0910491,-0.0928815,-0.0531104,0.0106895,0.131771,0.261215,0.214407,0.00527247,-0.137503,-0.169786,-0.14286,-0.10122,-0.0690534,-0.0486531,-0.0347075,-0.0246916,-0.0152803,-0.00695206,-0.00157651,-4.28756e-05,-4.52917e-06,3.76038e-06,-0.000348339,-0.00244136,-0.0107748,-0.0366404,-0.0725023,-0.0885569,-0.0806745,-0.049747,-0.00371132,0.0600839,0.140063,0.190116,0.137039,-0.00380532,-0.109304,-0.138816,-0.124249,-0.0911896,-0.0643194,-0.0476184,-0.0366129,-0.0259844,-0.0146571,-0.00477744,-0.000779655,-1.11437e-05,6.62381e-06,2.18166e-05,-0.000563901,-0.00328104,-0.0132487,-0.0433087,-0.0729638,-0.0804426,-0.0561912,-0.01312,0.02247,0.0619149,0.0854424,0.107354,0.0731084,-0.00416875,-0.0717385,-0.106985,-0.0998272,-0.0788571,-0.0613921,-0.0457711,-0.0340239,-0.0222541,-0.0118413,-0.00367971,-0.000644685,1.0639e-08,0.0,-2.44726e-05,-0.000718856,-0.00400537,-0.0123065,-0.0333377,-0.0488331,-0.0476572,-0.01773,0.0150907,0.0317758,0.0302285,0.0135652,0.0170308,0.0243222,-0.00486166,-0.0397521,-0.0670829,-0.0739942,-0.0659712,-0.0537813,-0.0414931,-0.029314,-0.0181353,-0.0103162,-0.00268037,-0.000351247,1.57292e-05,5.90113e-06,-6.62049e-06,-0.000592717,-0.00280339,-0.0057187,-0.00619244,-0.00722547,-0.00073621,0.023591,0.0297046,0.0166234,-0.0304036,-0.0611737,-0.0520219,-0.00228219,0.0120501,-0.00617274,-0.0303819,-0.0484804,-0.0492322,-0.0404989,-0.0304226,-0.0239339,-0.0142605,-0.00613378,-0.001833,-0.000252398,-1.0671e-08,5.71672e-06,1.2687e-06,-0.000442495,-0.00158614,0.000810079,0.0186504,0.0272338,0.0369617,0.0481248,0.0406947,-0.00573273,-0.0718676,-0.106499,-0.0784151,-0.000652182,0.0429786,0.0387922,0.0117346,-0.019249,-0.0299848,-0.0258422,-0.0213284,-0.0160705,-0.00877792,-0.00337908,-0.000531536,0.00015502,-1.97004e-08,0.0,0.0,-0.000116358,-0.00102768,0.00296686,0.0206074,0.0356148,0.0441028,0.0459356,0.0294197,-0.0195187,-0.067224,-0.0850199,-0.0653634,0.000888203,0.0534021,0.0519227,0.0233039,-0.0103685,-0.0141566,-0.0123005,-0.0101655,-0.007078,-0.0044754,-0.0013825,-6.28265e-05,0.000234326,0.0,0.0,0.0,-1.4839e-05,-0.00043291,-0.00035037,0.00497827,0.00594487,-0.00339082,-0.0180012,-0.0412366,-0.0725745,-0.0931221,-0.0997739,-0.0890109,-0.0570523,-0.0272781,-0.0192204,-0.0138744,-0.012004,-0.0076009,-0.00468032,-0.0023903,-0.0024883,-0.00140027,-0.000377458,5.47077e-05,1.85128e-05,0.0,0.0,0.0,-1.06158e-06,-8.286e-05,-0.000882678,-0.0023412,-0.00572077,-0.0131873,-0.022085,-0.0343673,-0.0477487,-0.0517809,-0.0510204,-0.0501627,-0.0421609,-0.0335507,-0.0221407,-0.0131147,-0.00701218,-0.00446005,-0.00245261,-0.00136339,-0.000821682,-0.000238731,-2.95224e-05,-1.57467e-06,-1.84401e-06,0.0,0.0,0.0,0.0,0.0,-0.000174758,-0.000561654,-0.00135218,-0.00253724,-0.00442363,-0.00663015,-0.00876152,-0.0096595,-0.0108735,-0.0126777,-0.0106356,-0.00676665,-0.0044019,-0.00284033,