{"max":0.170609,"min":-0.0923481,"acc":0.8426,"arr":[0.0,0.0,0.0,0.0,0.0,0.0,0.0,0.0,0.0,0.0,0.0,0.0,0.0,0.0,0.0,0.0,0.0,0.0,0.0,0.0,0.0,0.0,0.0,0.0,0.0,0.0,0.0,0.0,0.0,0.0,0.0,0.0,0.0,0.0,-1.07094e-05,-2.74644e-05,-4.6281e-05,-5.22736e-05,-0.000127578,-8.71062e-05,-0.00010032,-0.000157191,-8.29007e-05,0.000237712,-0.000102638,-0.000113352,-5.06961e-05,-0.000107809,-8.14779e-05,-3.93558e-07,0.0,0.0,0.0,0.0,0.0,0.0,0.0,0.0,0.0,-1.57713e-06,-2.03303e-06,-1.30867e-07,-2.0155e-05,-7.69288e-05,-0.000235449,-0.000586007,-0.000854299,-0.00113055,-0.00154797,-0.00177441,-0.00228058,-0.00204252,-0.00196723,-0.00225431,-0.00190605,-0.00130947,-0.00116514,-0.00083238,-0.000319085,-4.46357e-05,0.0,0.0,0.0,0.0,0.0,0.0,-6.70413e-07,-1.01119e-05,-1.07869e-05,-7.13475e-05,-0.000216513,-0.000615363,-0.00150061,-0.00323753,-0.00421375,-0.00580063,-0.00674908,-0.00775714,-0.0093181,-0.00998784,-0.00985304,-0.00957313,-0.00871888,-0.0076089,-0.00477575,-0.0018601,-0.000354372,-0.000228774,-0.000221573,-0.00010298,-1.01756e-05,0.0,0.0,-1.7923e-06,-2.55976e-06,-1.9422e-05,-0.000208303,-0.000527603,-0.00129859,-0.00289538,-0.0048217,-0.00879703,-0.0128772,-0.0135188,-0.00773115,0.00180879,0.00986687,0.00971055,0.00447781,0.00871581,0.0141635,0.0154739,0.0115446,0.00855337,0.00223954,0.000529669,-0.000702789,-0.000379178,-9.23698e-05,0.0,0.0,0.0,-1.43019e-05,-6.22118e-05,-0.000316198,-0.000768552,-0.00291722,-0.00687993,-0.0123138,-0.0192568,-0.0246861,-0.0246319,-0.0125985,0.00709072,0.0191562,0.0213316,0.0137506,0.0140033,0.021008,0.0239247,0.0197636,0.0120897,0.00251234,-0.00253218,-0.00265488,-0.00131975,-0.000235908,0.0,0.0,0.0,-2.88991e-06,-0.000143007,-0.000758632,-0.00226507,-0.00617018,-0.0126666,-0.0209604,-0.0328761,-0.0420707,-0.0431488,-0.0301287,-0.00674686,0.0074708,0.00926237,0.00310113,0.000328412,0.00983146,0.0106118,0.00600824,-0.000418191,-0.0062254,-0.00792287,-0.00574791,-0.00283678,-0.000588156,-0.000104464,0.0,-7.28081e-06,4.97778e-06,-0.000479973,-0.00166695,-0.00478632,-0.0100322,-0.0184628,-0.0294676,-0.0429327,-0.0561573,-0.0615059,-0.0454435,-0.0174223,0.00414914,0.0124985,0.00460938,-0.000907074,-0.00178075,-0.00811656,-0.016009,-0.0175562,-0.0170076,-0.0131752,-0.00825873,-0.00412601,-0.000811805,-9.61721e-05,0.0,-2.43331e-05,-0.000228959,-0.00105766,-0.00272796,-0.00666749,-0.0131459,-0.0223769,-0.0340822,-0.0487375,-0.0646106,-0.0708594,-0.0525725,-0.0148803,0.0235479,0.0432981,0.0306105,0.0122338,-0.00812154,-0.0257558,-0.0324136,-0.0309532,-0.0235472,-0.0155117,-0.00911366,-0.00433799,-0.000769232,-3.4703e-05,-1.75211e-05,-4.96434e-05,-0.000275461,-0.00125394,-0.00304151,-0.00685373,-0.0133114,-0.0229077,-0.0360209,-0.0518988,-0.066639,-0.0732874,-0.0513143,-0.000676958,0.0608456,0.0905526,0.0622771,0.0182615,-0.0194662,-0.0417887,-0.0418471,-0.0347233,-0.0239391,-0.0146214,-0.00749015,-0.00302523,-0.000619231,-1.40688e-05,-2.03778e-05,-3.18507e-05,-0.00018045,-0.000983819,-0.00260084,-0.00603405,-0.0124314,-0.022056,-0.0353125,-0.0518802,-0.0678845,-0.0745515,-0.0475721,0.0191206,0.105608,0.131262,0.0778016,0.0105174,-0.0383206,-0.051216,-0.044219,-0.0313691,-0.0188578,-0.00989972,-0.00473602,-0.00164277,-0.000190923,9.87528e-06,-2.19014e-06,-1.32967e-05,-9.16517e-05,-0.000537405,-0.00187082,-0.00514008,-0.0116609,-0.0220418,-0.0362624,-0.0547012,-0.0698765,-0.075272,-0.0435115,0.0406352,0.144823,0.153053,0.0670405,-0.0180475,-0.0567069,-0.0546571,-0.0394562,-0.0237232,-0.0134402,-0.0067159,-0.00259807,-0.00060484,1.68684e-05,-1.35331e-05,0.0,-4.10328e-06,-7.29743e-05,-0.000317825,-0.0014225,-0.00473726,-0.0117042,-0.0233308,-0.0383313,-0.0571865,-0.0725603,-0.0769607,-0.0447969,0.0650563,0.170609,0.145154,0.0338744,-0.0524675,-0.0683892,-0.0533725,-0.0330618,-0.0188448,-0.0111347,-0.00567013,-0.00230215,-0.000385428,-0.000132292,-1.45361e-05,0.0,-7.7209e-07,-5.9492e-05,-0.000254558,-0.00129548,-0.00482865,-0.012473,-0.0242299,-0.0403332,-0.05878,-0.0738729,-0.07868,-0.041585,0.0898289,0.170335,0.118475,-0.0105439,-0.0784793,-0.0738096,-0.0503073,-0.0303425,-0.0175424,-0.0104394,-0.00595805,-0.00250668,-0.000411673,-9.17491e-05,-3.92092e-06,0.0,-1.35748e-05,-4.72292e-05,-0.000167885,-0.00121238,-0.00543629,-0.0135152,-0.026008,-0.0418096,-0.0593423,-0.0739442,-0.076043,-0.024217,0.109614,0.158202,0.0891661,-0.0460448,-0.0923481,-0.072883,-0.0502217,-0.0320628,-0.0194069,-0.0118359,-0.00682369,-0.00309434,-0.000701974,-0.000122595,0.0,0.0,-2.84038e-05,-1.00109e-05,-0.000184466,-0.00146307,-0.00642703,-0.0150499,-0.026552,-0.0411867,-0.0573348,-0.0707806,-0.0608024,0.00807022,0.122887,0.150031,0.0569085,-0.0713222,-0.0922885,-0.070539,-0.0512619,-0.0348696,-0.0217575,-0.0138332,-0.00760318,-0.00351545,-0.00081656,-0.0001972,-4.61233e-05,0.0,2.56376e-05,8.99934e-05,-0.000304131,-0.00191009,-0.00774487,-0.0166046,-0.0264893,-0.0393401,-0.0529126,-0.0576011,-0.0292511,0.0425703,0.133321,0.136295,0.0264124,-0.0728503,-0.0829373,-0.0674808,-0.0510166,-0.0359046,-0.0236175,-0.0150556,-0.00839027,-0.0040499,-0.00174466,-0.000611768,-7.30637e-05,0.0,1.57178e-05,-6.77935e-05,-0.000652488,-0.00280383,-0.0094043,-0.0186271,-0.0278849,-0.0383567,-0.0444078,-0.032485,0.00673995,0.0723265,0.13182,0.110151,0.0120797,-0.0628639,-0.0760593,-0.0665557,-0.0506414,-0.0351199,-0.0235046,-0.0153308,-0.00880616,-0.00452076,-0.0022635,-0.000393181,-1.5786e-05,0.0,-4.2505e-06,-0.000176612,-0.00121521,-0.00413365,-0.0114979,-0.0221357,-0.0313409,-0.0366126,-0.0302912,-0.00814509,0.0331322,0.0830684,0.112311,0.0792686,0.0047897,-0.0563635,-0.0725608,-0.0647128,-0.0478918,-0.0333831,-0.0232364,-0.0155957,-0.00912561,-0.00507602,-0.00195841,-0.000244765,-9.27634e-07,0.0,0.0,-0.000242399,-0.00158144,-0.00521758,-0.0138982,-0.0251684,-0.0330155,-0.0319134,-0.0178984,0.00641633,0.0414078,0.070603,0.0797587,0.0515321,-0.00379341,-0.052506,-0.0692661,-0.0605855,-0.044551,-0.0316941,-0.0218168,-0.0143859,-0.00856277,-0.0046343,-0.0015892,-0.000355755,0.0,0.0,-1.69509e-07,-0.000328864,-0.0017704,-0.00554688,-0.0131572,-0.0225379,-0.0275292,-0.0227929,-0.00824938,0.0117919,0.0307165,0.0415399,0.0428479,0.0268811,-0.0108442,-0.047708,-0.0614534,-0.054053,-0.0400146,-0.0277919,-0.0188455,-0.0128869,-0.00773263,-0.00420306,-0.00109952,-0.000240061,0.0,0.0,-2.41224e-06,-0.000311154,-0.00144206,-0.00417549,-0.00870126,-0.0144519,-0.0178562,-0.0120203,-0.00091239,0.00977603,0.0100736,0.0120418,0.0132729,0.0121531,-0.00885048,-0.0341562,-0.0456398,-0.042916,-0.0310766,-0.0210738,-0.0143889,-0.00959763,-0.00545795,-0.00268605,-0.000734124,-0.000104225,0.0,0.0,0.0,-0.000192713,-0.000882603,-0.00182543,-0.00225982,-0.00477321,-0.0048197,2.45076e-05,0.00643034,0.00745488,-0.0017502,-0.00432547,0.00129402,0.0122976,0.00592003,-0.0105051,-0.0248066,-0.0273524,-0.0191271,-0.0118289,-0.00737521,-0.00446417,-0.00239135,-0.00111343,-0.000240774,-1.32735e-05,0.0,0.0,0.0,-5.808e-05,-0.00035166,0.000473286,0.00149299,0.00161113,0.00388953,0.00877957,0.0114351,0.00283564,-0.0039217,-0.00918099,-0.00125245,0.0134959,0.0154697,4.79958e-05,-0.0121094,-0.0144459,-0.00901019,-0.00448932,-0.00271238,-0.001502,-0.000709369,-0.000308273,-6.62076e-05,-9.9649e-06,0.0,0.0,0.0,-4.13364e-06,-0.000122778,-0.000325199,0.00013087,-0.000615303,-0.00129521,-0.00460215,-0.0107514,-0.0185555,-0.0260983,-0.0286736,-0.021358,-0.00938329,-0.00587828,-0.00771722,-0.00838937,-0.00662908,-0.00413561,-0.00185845,-0.0007989,-0.000744238,-0.000382033,-0.00014039,-3.97833e-05,0.0,0.0,0.0,0.0,0.0,-1.72087e-07,-0.000124667,-0.000472856,-0.00162144,-0.0038182,-0.00677288,-0.0110551,-0.0156164,-0.0176037,-0.0171229,-0.0155503,-0.0116537,-0.00999645,-0.00711438,-0.00530497,-0.00337248,-0.00179035,-0.000977575,-0.000629508,-0.000324032,-9.96215e-05,-1.72937e-05,0.0,0.0,0.0,0.0,0.0,0.0,0.0,-1.81166e-05,-0.000203438,-0.00058196,-0.00107458,-0.00219022,-0.00318103,-0.00426901,-0.00446006,-0.00456714,-0.00458434,-0.00381478,-0.0029991,-0.00226073,-0.00164975,-0.000958326,-0.000455714,-0.000250993,-0.000115402,-2.61836e-05,