{"max":0.0119237,"min":-0.00595824,"acc":0.4222,"arr":[0.0,0.0,0.0,0.0,0.0,0.0,0.0,0.0,0.0,0.0,0.0,0.0,0.0,0.0,0.0,0.0,0.0,0.0,0.0,0.0,0.0,0.0,0.0,0.0,0.0,0.0,0.0,0.0,0.0,0.0,0.0,0.0,0.0,0.0,0.0,0.0,0.0,0.0,0.0,0.0,0.0,0.0,0.0,-1.61488e-05,-3.09832e-05,0.0,0.0,0.0,0.0,0.0,0.0,0.0,0.0,0.0,0.0,0.0,0.0,0.0,0.0,0.0,0.0,0.0,0.0,0.0,0.0,-1.13368e-05,-5.22344e-05,-9.18945e-05,-7.352e-05,-2.82245e-05,-0.000106849,-4.3572e-05,0.00025564,-5.79634e-05,-0.000115294,-3.55337e-05,-4.76848e-05,-2.28139e-05,0.0,0.0,0.0,0.0,0.0,0.0,0.0,0.0,0.0,0.0,0.0,0.0,0.0,0.0,-7.54376e-07,-4.51677e-05,-0.000154976,-0.000265746,-0.000274328,-0.000266661,-0.000307979,-0.000184139,-3.53993e-05,-2.29281e-05,-0.000207105,-0.000370837,-0.000368363,-0.000210827,-0.000113957,-3.56189e-05,0.0,0.0,0.0,0.0,0.0,0.0,0.0,0.0,0.0,0.0,-3.59588e-05,-0.000161258,-0.000271281,-0.000510731,-0.000769561,-0.000241084,8.28157e-06,0.000596978,0.00145716,0.000804416,0.000256421,0.00258089,0.00290455,0.0021552,0.00017766,-0.000143611,-0.000224806,-8.10534e-05,0.0,0.0,0.0,0.0,0.0,0.0,0.0,0.0,0.0,-3.31783e-05,-0.000138613,-0.000368591,-0.000753815,-0.00105336,-0.00149694,-0.00136839,-0.00105914,-0.000107627,0.000602899,0.000830356,0.00192072,0.00308245,0.00286071,0.00169529,0.000783829,0.000494025,0.000462503,-0.000211223,-0.000124366,-5.49702e-05,-1.05741e-05,0.0,0.0,0.0,0.0,0.0,0.0,-8.4219e-05,-0.000358703,-0.000732172,-0.00117562,-0.00180185,-0.00269779,-0.00337559,-0.00291218,-0.00155098,-0.000776886,0.000187373,0.0020669,0.00240818,0.00168891,3.54951e-05,-0.00037669,-0.00070018,-0.000508471,-0.000587619,-0.000489083,-0.000337242,-3.9256e-05,0.0,0.0,0.0,0.0,-1.88966e-05,-6.52731e-05,-0.000262258,-0.000578663,-0.00101688,-0.0019515,-0.00284983,-0.00404699,-0.00512861,-0.00430064,-0.00203727,-0.000608524,0.00134053,0.00238384,0.00256281,0.000100581,-0.00171941,-0.00246,-0.00155446,-0.0011808,-0.000767931,-0.000537941,-0.00029208,-4.27451e-05,0.0,0.0,0.0,-2.3677e-05,-7.47188e-05,-0.000221409,-0.000532819,-0.000791899,-0.00147858,-0.00240132,-0.00377511,-0.00526455,-0.00559344,-0.00410373,-0.00120949,0.000902397,0.00444423,0.0048881,0.00321069,-0.000712243,-0.002671,-0.00294436,-0.00227575,-0.0012511,-0.000694541,-0.000317137,-0.000142709,-2.41177e-05,0.0,0.0,0.0,-1.5538e-05,-0.000117257,-0.000304438,-0.000350898,-0.00057733,-0.00140544,-0.00262352,-0.00425495,-0.00534405,-0.00546202,-0.00386629,-0.000104746,0.00411502,0.00820261,0.00789862,0.00294705,-0.0015301,-0.00324602,-0.00334284,-0.00257376,-0.00147355,-0.000704977,-0.000214943,-0.000104013,-3.64706e-05,0.0,0.0,0.0,0.0,-0.000147582,-0.000419811,-0.00046759,-0.000732102,-0.0017483,-0.00313645,-0.00457668,-0.00531749,-0.00552068,-0.00329768,0.00151505,0.00738929,0.0107698,0.00831475,0.00143325,-0.00326259,-0.00383035,-0.00368083,-0.00254938,-0.00137005,-0.000487174,-0.000136408,-1.41176e-05,-4.11765e-06,0.0,0.0,0.0,0.0,-0.000123724,-0.000361185,-0.000613331,-0.00113294,-0.00232255,-0.00366529,-0.0048584,-0.00508206,-0.00524827,-0.00227035,0.00345984,0.00976796,0.0119237,0.00684046,-0.00110812,-0.00438295,-0.00393962,-0.00326084,-0.00221493,-0.0011687,-0.000374319,-0.000152607,0.0,0.0,0.0,0.0,0.0,0.0,-1.98039e-05,-0.000218514,-0.000542624,-0.00121173,-0.0024503,-0.00378561,-0.00478664,-0.00505819,-0.0050351,-0.00233892,0.00491691,0.0113866,0.0107475,0.00382002,-0.00317822,-0.0047358,-0.00391829,-0.00283932,-0.00186295,-0.00104252,-0.000429653,-0.00017365,-7.88408e-07,0.0,0.0,0.0,0.0,0.0,0.0,-9.31472e-05,-0.000428543,-0.00110453,-0.00244504,-0.00384764,-0.00492723,-0.00551081,-0.00504813,-0.00207267,0.00678551,0.0113281,0.00857423,-5.23186e-05,-0.00506646,-0.00553709,-0.0040821,-0.00283762,-0.0017391,-0.00110298,-0.000559309,-0.000178455,-2.44407e-05,0.0,0.0,0.0,0.0,0.0,0.0,-0.000111171,-0.000468627,-0.00126676,-0.00258272,-0.00385565,-0.00488429,-0.00532016,-0.0050967,-0.000866456,0.00779624,0.010403,0.00604581,-0.00178976,-0.00594698,-0.00561024,-0.00419478,-0.00273327,-0.00192311,-0.00133237,-0.000706459,-0.000204562,0.0,0.0,0.0,0.0,0.0,0.0,0.0,-6.95898e-05,-0.000500161,-0.00143738,-0.00255222,-0.003543,-0.00420603,-0.00455505,-0.00393174,0.00153465,0.00872764,0.0101841,0.00475762,-0.00293861,-0.00595824,-0.00545613,-0.00395646,-0.00281789,-0.00182717,-0.00145064,-0.000891886,-0.000292465,-2.50111e-05,0.0,0.0,0.0,0.0,0.0,-4.25249e-06,-0.000133152,-0.000661368,-0.00166035,-0.00239986,-0.00307849,-0.0036414,-0.00379406,-0.00175748,0.00464969,0.00973675,0.00915792,0.0028672,-0.00326635,-0.00517851,-0.00485845,-0.00364585,-0.00271525,-0.00186485,-0.0014176,-0.000741722,-0.00032813,-0.00010281,0.0,0.0,0.0,0.0,0.0,-4.23321e-05,-0.00026501,-0.000738751,-0.001516,-0.0022415,-0.00264719,-0.00320851,-0.00220505,0.00158095,0.00727822,0.0103168,0.00770865,0.00165741,-0.00367694,-0.00505765,-0.0046069,-0.00354427,-0.00262901,-0.00187305,-0.00103785,-0.000250745,-0.00011231,-6.01925e-05,0.0,0.0,0.0,0.0,-1.88235e-05,-0.00012634,-0.000417589,-0.000737897,-0.00136384,-0.00210956,-0.00252269,-0.00272288,-0.000730544,0.00443575,0.00803722,0.0095927,0.00573475,0.000729668,-0.00330254,-0.00448746,-0.00441336,-0.00327087,-0.00226927,-0.00149844,-0.000663498,-0.000184358,-0.000190462,-0.000101097,0.0,0.0,0.0,0.0,-2.37255e-05,-0.000188639,-0.000413151,-0.00082804,-0.00145314,-0.0018636,-0.00243656,-0.00131125,0.00152414,0.00616038,0.00851486,0.00771912,0.0037502,0.000337158,-0.00233035,-0.00410798,-0.00431156,-0.00322099,-0.00209188,-0.00121173,-0.000471255,-0.000391294,-0.000279649,6.37887e-05,0.0,0.0,0.0,0.0,-7.45098e-06,-0.000156958,-0.000349916,-0.000765674,-0.00135486,-0.00195951,-0.00212058,-0.000600505,0.0026146,0.00586506,0.00677092,0.00465005,0.00170677,-0.000457744,-0.00262792,-0.00377551,-0.00413056,-0.0028558,-0.00182286,-0.00101665,-0.000695026,-0.000473947,-0.000171704,0.000241478,0.0,0.0,0.0,0.0,0.0,-4.76467e-05,-0.000234561,-0.000685194,-0.00116142,-0.00177891,-0.00172091,-0.000181932,0.00297694,0.00431895,0.00339663,0.00148858,-0.000177989,-0.00139242,-0.00261429,-0.00361376,-0.00380357,-0.00245644,-0.00147838,-0.000872517,-0.000522693,-0.0002935,-9.21539e-05,-4.36622e-06,0.0,0.0,0.0,0.0,0.0,-3.64367e-07,-0.000133809,-0.000429143,-0.000742966,-0.0010694,-0.000656975,0.00049554,0.00265152,0.00276902,0.000891481,-0.000912253,-0.00123796,-0.00136923,-0.0013599,-0.00230326,-0.00247455,-0.00156554,-0.00088759,-0.000527546,-0.000199568,-0.000119384,-5.06624e-05,-1.01113e-05,0.0,0.0,0.0,0.0,0.0,0.0,-4.46395e-05,0.000134172,-0.000170534,-0.000408992,0.000241585,0.00101514,0.00178731,0.00211043,-0.000122125,-0.00148022,-0.00126162,-0.000685348,-0.00116994,-0.00146193,-0.00153787,-0.000897218,-0.000466618,-0.000255199,-0.000125971,-7.40739e-05,0.0,0.0,0.0,0.0,0.0,0.0,0.0,0.0,-7.15829e-06,-1.41094e-05,-1.82548e-05,5.96328e-05,-0.000100784,-0.000309891,-0.000809551,-0.000872827,-0.00171541,-0.00148177,-0.00139074,-0.00161623,-0.00148959,-0.00105549,-0.000835751,-0.000510494,-0.000217389,-0.000158473,-7.37691e-05,-3.50858e-05,0.0,0.0,0.0,0.0,0.0,0.0,0.0,0.0,0.0,0.0,-3.73547e-06,-8.90854e-05,-0.000276025,-0.000420199,-0.0006484,-0.000733642,-0.000852475,-0.000976793,-0.000847703,-0.000844489,-0.000856761,-0.000696242,-0.000410905,-0.000237012,-9.58464e-05,-5.01201e-05,-6.27451e-06,0.0,0.0,0.0,0.0,0.0,0.0,0.0,0.0,0.0,0.0,0.0,-2.07526e-07,-5.82103e-05,-0.000145231,-0.000125426,-0.000149217,-9.45804e-05,-0.000131742,-0.000354631,-0.000317912,-0.000261385,-0.000358063,-0.000371475,-0.000116989,-5.54902e-05,-1.70588e-05,0.0,0.0,0.0,0.0,0.0,0.0,0.0,0.0,0.0,0.0,0.0,0.0,0.0,0.0,-9.76975e-06,-4.50911e-05,-3.47578e-05,-3.7576e-06,0.0,-4.25499e-05,-2.33099e-05,0.0,-3.29829e-05,-0.000128836,-0.000116619,0.0,0.0,0.0,0.0,0.0,0.0,0.0,0.0,0.0,0.0]}