{"max":0.112039,"min":-0.132235,"acc":0.8668,"arr":[0.0,0.0,0.0,0.0,0.0,0.0,0.0,0.0,0.0,0.0,0.0,0.0,-2.6656e-05,-5.83674e-05,0.0,0.0,0.0,0.0,0.0,0.0,0.0,0.0,0.0,0.0,0.0,0.0,0.0,0.0,0.0,0.0,0.0,0.0,0.0,0.0,-5.24137e-05,-0.000131199,-0.000230952,-0.000230334,-0.0005887,-0.000510382,-0.000460446,-0.000282449,0.000200157,-3.58824e-05,-0.000326509,-0.000138112,-0.000178855,-0.000253762,-0.00022041,-4.90905e-05,-2.16098e-05,-1.76167e-06,0.0,0.0,0.0,0.0,0.0,0.0,0.0,-6.96944e-06,-1.1614e-05,-5.72672e-06,-8.36417e-05,-0.000423085,-0.000809009,-0.000639886,-0.000633839,-0.000261848,-0.000397128,-0.000832282,-0.00131135,-0.00242325,-0.00479637,-0.00435027,-0.00446557,-0.00474204,-0.00349396,-0.0021779,-0.000853599,-0.000119111,0.0,0.0,0.0,0.0,0.0,0.0,9.29631e-06,-9.44859e-06,-7.02059e-05,0.000529921,0.00134802,0.00381253,0.00805137,0.0151388,0.0202202,0.027995,0.0342958,0.0389806,0.0374925,0.0343495,0.0260016,0.0159144,0.00318873,-0.00388473,-0.00445745,-0.00420093,-0.00262419,-0.00104826,-0.00059601,-0.00018243,-8.60058e-06,0.0,0.0,-6.54063e-06,2.03783e-05,0.000109281,0.000655447,0.00259463,0.00660631,0.0165528,0.0285945,0.0430157,0.0592707,0.0795088,0.0947365,0.102971,0.105235,0.0935752,0.0785145,0.0513199,0.0262361,0.00526698,-0.0062541,-0.00899444,-0.00703876,-0.00411972,-0.00246754,-0.000688509,-9.90574e-05,0.0,0.0,0.0,3.44053e-05,5.33143e-05,0.00140584,0.00423608,0.0140382,0.0290347,0.0485785,0.0667353,0.0847313,0.102459,0.111274,0.112039,0.110201,0.102641,0.082582,0.0601394,0.032765,0.00926966,-0.00563001,-0.0125162,-0.0127272,-0.0116937,-0.0063796,-0.00198049,-0.000290705,0.0,0.0,0.0,-2.39645e-05,0.000107821,0.00103969,0.00396033,0.0166265,0.0370269,0.0538441,0.0697584,0.0776646,0.0779551,0.073476,0.0625036,0.0562467,0.0573028,0.049214,0.0376599,0.0196668,0.00308412,-0.00443125,-0.0123763,-0.0176727,-0.0183997,-0.0103938,-0.00395318,-0.000683767,-4.67997e-05,0.0,-1.6677e-05,-0.000208205,-0.000588973,-0.000345757,0.00353686,0.0194402,0.0337198,0.0369646,0.038931,0.0349836,0.0298836,0.0206164,0.00747666,0.00359303,0.00995776,0.0184817,0.0163509,0.00769338,0.000318818,-0.000254903,-0.00572403,-0.0157983,-0.0212773,-0.0137887,-0.00506947,-0.0010376,-7.59818e-05,0.0,-5.2104e-05,-0.000474737,-0.0020193,-0.00233568,0.00394845,0.0169239,0.0190369,0.0101677,0.00305839,-0.00583436,-0.0167514,-0.0288553,-0.0353099,-0.0297253,-0.0122664,0.0067021,0.0181516,0.00598035,-0.000942639,-0.00151573,-0.00629356,-0.0133013,-0.0204534,-0.0147683,-0.00578826,-0.00108751,-2.63356e-05,-1.45004e-05,-0.000106464,-0.000635347,-0.00152006,-0.00152941,0.00351518,0.00732721,-0.00202777,-0.0190462,-0.0364213,-0.0502712,-0.0614781,-0.0663778,-0.065872,-0.0534237,-0.0288239,0.00127589,0.019624,0.0172996,0.0036955,-0.00602669,-0.00834883,-0.0130148,-0.0195229,-0.0132405,-0.00447814,-0.000860328,-1.93399e-05,-1.69246e-05,-0.000120474,-0.000526362,-0.000605057,-0.00243638,-0.00127885,-0.0053433,-0.0276942,-0.0504583,-0.0717389,-0.0862503,-0.0923004,-0.0934317,-0.0865419,-0.0667978,-0.0394186,-0.000928747,0.0160035,0.021813,0.0109293,-0.00131385,-0.0084927,-0.0154654,-0.0165393,-0.00869928,-0.00296566,-0.000673566,-5.34582e-05,-9.49586e-06,-8.31333e-05,-0.00032282,-0.000308547,-0.00216997,-0.00818416,-0.0234054,-0.0529982,-0.0798125,-0.101384,-0.117666,-0.123064,-0.115431,-0.0976108,-0.0757839,-0.0416516,-0.00688633,0.00724426,0.0172793,0.015869,0.00347573,-0.0107033,-0.0182844,-0.0164274,-0.0070887,-0.00134363,-0.000259166,-4.28871e-05,-9.74239e-07,-2.96147e-05,-0.000209985,-0.00118298,-0.00305773,-0.0142782,-0.0384973,-0.0693504,-0.0961052,-0.117671,-0.132235,-0.131402,-0.116753,-0.0956587,-0.0774387,-0.0464877,-0.0250654,-0.00809856,0.0115367,0.0145653,-0.00301128,-0.0175222,-0.0241686,-0.0200483,-0.00772422,0.000112065,0.00100965,-3.57768e-05,-2.02105e-06,-1.60488e-05,-0.000132905,-0.00127922,-0.00523053,-0.0198932,-0.0460186,-0.0712658,-0.0940122,-0.110507,-0.113917,-0.101596,-0.0805959,-0.0721223,-0.0638681,-0.0503693,-0.0334771,-0.0133104,0.00242907,0.0019959,-0.0169991,-0.0279164,-0.0298518,-0.022532,-0.00810646,0.00150721,0.00139883,0.000105432,0.0,-6.40142e-05,-0.000104568,-0.000858712,-0.00426633,-0.0187789,-0.036239,-0.0512113,-0.0624108,-0.067156,-0.057248,-0.0401833,-0.0278908,-0.0305422,-0.0375978,-0.0326882,-0.0174045,-0.00553809,-0.00307404,-0.013933,-0.0325763,-0.036684,-0.0322145,-0.0204741,-0.00590951,0.002787,0.00177742,8.54895e-05,0.0,-5.15396e-05,-0.000138896,9.14034e-05,-0.000132603,-0.00521987,-0.00977107,-0.0146386,-0.0177188,-0.0121641,0.00267359,0.0216133,0.0341065,0.026282,0.0103411,0.00339532,0.0126362,0.0102191,-0.00267202,-0.022482,-0.0356619,-0.0348482,-0.0258344,-0.0106912,0.00169802,0.00661975,0.00236494,0.000648279,0.0,-2.81749e-05,-0.000119469,0.00216804,0.008647,0.0157418,0.0243681,0.0272956,0.0268897,0.0359229,0.0483482,0.067517,0.0791096,0.0702993,0.0490857,0.0431245,0.0452417,0.0286984,0.00674636,-0.0114811,-0.0147008,-0.00848221,-0.00171193,0.00992537,0.016351,0.0154501,0.00494476,0.000824212,0.0,-2.03615e-05,2.63793e-05,0.00545259,0.0192393,0.0347928,0.0502731,0.060431,0.0613308,0.0633359,0.0713092,0.0874835,0.0954983,0.0841968,0.0673771,0.0634973,0.0549978,0.0372292,0.0171846,0.00840805,0.0133085,0.0211261,0.0288849,0.035397,0.0360436,0.0231301,0.00460434,0.000340171,-3.19113e-07,-8.62451e-06,-0.00019878,0.0074033,0.0257441,0.0503737,0.0738785,0.083091,0.0801444,0.0818909,0.0887365,0.0956875,0.0951509,0.0858553,0.0718193,0.0566483,0.0416929,0.0282441,0.0235145,0.0280116,0.0390789,0.0537684,0.0611789,0.0633572,0.049344,0.0226438,0.00323474,0.000465883,-1.59556e-06,-1.01196e-05,-0.000326242,0.00918281,0.0288708,0.0583899,0.0819519,0.0944617,0.0949614,0.101797,0.0976283,0.0948652,0.0833906,0.0669134,0.0477565,0.0311798,0.0195037,0.019966,0.0334939,0.0514605,0.0719967,0.0822197,0.0802828,0.0695857,0.0459874,0.0182962,0.00294503,0.000195446,0.0,7.72317e-06,0.000244462,0.00893337,0.0296599,0.0549544,0.0739057,0.0913587,0.0989536,0.101074,0.0904719,0.0766286,0.0467178,0.0187784,0.000285728,-0.00745373,0.00179706,0.0187008,0.0438113,0.0703667,0.0857916,0.0909115,0.0823643,0.0645183,0.0393537,0.0130982,0.00193682,0.0,0.0,0.000136207,0.00116822,0.00709141,0.0213649,0.0392341,0.0542325,0.0709555,0.081142,0.0769229,0.0619779,0.0367568,0.00171773,-0.0296133,-0.0433714,-0.040889,-0.019734,0.0108647,0.0414655,0.0677438,0.0776761,0.0752416,0.0637207,0.0458536,0.0262604,0.00720261,0.000794084,-1.3725e-06,0.0,0.0,0.000562593,0.00353763,0.0105518,0.019392,0.0293483,0.0400552,0.0419118,0.0282427,0.00493573,-0.0207434,-0.0471959,-0.0674021,-0.0756275,-0.0653144,-0.0408661,-0.0122364,0.0176249,0.0402074,0.0478272,0.0420186,0.032782,0.0210926,0.010595,0.00219567,-0.000122601,-2.53384e-06,0.0,0.0,-4.42261e-05,5.82363e-05,0.000838643,0.00122132,-0.000601875,-0.00405135,-0.0149641,-0.0333931,-0.0558526,-0.0739183,-0.0848913,-0.088847,-0.0854946,-0.0746297,-0.0535099,-0.0308705,-0.0104102,0.00350753,0.0109292,0.0142665,0.0103711,0.00630486,0.00274088,0.000674127,-9.49624e-05,0.0,0.0,0.0,-1.3651e-05,-0.000210917,-0.00089814,-0.0028552,-0.00803425,-0.0144169,-0.0242816,-0.0378661,-0.049703,-0.056724,-0.0582789,-0.0563423,-0.0508826,-0.0434775,-0.0333499,-0.0241381,-0.0166848,-0.00982104,-0.00418873,0.000223951,0.0012428,0.000806677,0.00093244,0.000529064,0.0,0.0,0.0,0.0,-5.21274e-06,-2.66485e-06,-0.000308086,-0.00114664,-0.00293091,-0.00577867,-0.0097014,-0.0137693,-0.0174518,-0.0193523,-0.0191288,-0.017967,-0.0160092,-0.014506,-0.0128483,-0.010281,-0.00798777,-0.00616159,-0.00368648,-0.00238909,-0.000976079,-0.000564531,-0.000166118,0.0,0.0,0.0,0.0,0.0,0.0,0.0,-0.000112414,-0.000396801,-0.000919534,-0.001517,-0.00269583,-0.00365007,-0.00486355,-0.00538174,-0.00528093,-0.00534677,-0.00511878,-0.00450161,-0.00374232,-0.00300832,-0.00223722,-0.00159418,-0.0010141,-0.000546542,-0.000145725,-2.88776e-05,-1.39699e-07,0.0,0.0,0.0,0.0,0.0,0.0,0.0,0.0,0.0,-3.24134e-05,-0.000132659,-0.000199685,-0.000183765,-0.000285252,-0.000369462,-0.000379176,-0.000429915,-0.000548739,