{"max":0.0591174,"min":-0.0644274,"acc":0.8279,"arr":[0.0,0.0,0.0,0.0,0.0,0.0,0.0,0.0,0.0,0.0,0.0,0.0,0.0,0.0,0.0,0.0,0.0,0.0,0.0,0.0,0.0,0.0,0.0,0.0,0.0,0.0,0.0,0.0,0.0,0.0,0.0,0.0,0.0,0.0,-5.24137e-05,-0.000131199,-0.000216301,-8.4622e-05,-7.6369e-05,-0.000118447,-0.000217144,-0.000377514,-0.00017727,7.59478e-05,3.52948e-05,0.000151729,-7.13964e-05,-0.000157837,-9.56136e-05,-9.67296e-07,0.0,0.0,0.0,0.0,0.0,0.0,0.0,0.0,0.0,-6.96944e-06,-7.31657e-06,0.0,-8.27047e-05,-0.000230442,-0.000402415,0.000195641,0.000321139,0.000273315,0.000135761,-0.000463599,-0.000567882,-0.000768642,-0.00169289,-0.00151702,-0.001285,-0.00159403,-0.00129199,-0.000719459,-0.000220884,-2.46535e-05,0.0,0.0,0.0,0.0,0.0,0.0,9.29631e-06,-7.1745e-06,-3.40735e-05,0.000213084,0.000748159,0.00173582,0.00350726,0.00649486,0.00940568,0.0148741,0.0187124,0.0222474,0.0223216,0.0194807,0.0142697,0.00998643,0.00348898,0.000249835,0.000101263,-0.000173856,-1.65274e-05,5.27515e-05,-0.000118929,-7.68758e-05,-8.60058e-06,0.0,0.0,0.0,3.5495e-05,0.000121412,0.000272618,0.00135782,0.00283393,0.00613586,0.0107498,0.0175651,0.0291537,0.0406514,0.048152,0.0541065,0.054458,0.0467736,0.0385009,0.0260905,0.0145938,0.00611265,0.000973849,-0.00136661,-0.00130735,-0.000410995,-0.000584237,-0.000164461,-2.6764e-05,0.0,0.0,0.0,4.10738e-05,0.000132243,0.000533352,0.00242538,0.00610608,0.0124041,0.0206873,0.0303027,0.0434423,0.0539602,0.0591174,0.0567283,0.0519869,0.0478291,0.0396368,0.0295836,0.0149176,0.00530134,-0.000922873,-0.00470821,-0.0043029,-0.00356466,-0.00223175,-0.000759544,-0.000114758,0.0,0.0,0.0,-1.36575e-06,0.000467365,0.00019623,0.00307227,0.00947462,0.0192967,0.026314,0.0349064,0.0418219,0.0440733,0.0374023,0.0291626,0.0248392,0.0257911,0.0246723,0.0234307,0.0126344,0.000159695,-0.00327985,-0.0073364,-0.00815437,-0.00708095,-0.00421989,-0.00205018,-0.0003655,-4.14476e-05,0.0,-1.65717e-05,-0.000158909,-4.18777e-05,-0.000415009,0.00252534,0.011029,0.0191831,0.0201556,0.0226664,0.0198959,0.0149548,0.0061706,-0.00285216,-0.00610873,-0.000639684,0.00974423,0.0145288,0.00864478,-0.00022657,-0.00197445,-0.00653847,-0.0091828,-0.00934019,-0.00573127,-0.00254263,-0.000636459,-7.16859e-05,0.0,-5.12189e-05,-0.000356712,-0.00135261,-0.00187142,0.000904008,0.00608072,0.00741616,0.00498054,0.0012902,-0.00463297,-0.0135328,-0.0219881,-0.0259652,-0.0258131,-0.0137603,0.00253246,0.0126352,0.00856679,0.000445151,-0.00274192,-0.00732631,-0.00829,-0.00934127,-0.00612136,-0.00230994,-0.000561651,-2.26669e-05,0.0,-6.9319e-05,-0.000398511,-0.00161687,-0.00234764,-0.00161873,0.000248935,-0.00539529,-0.0108387,-0.0189386,-0.0282435,-0.0367801,-0.0382456,-0.0382482,-0.0322014,-0.0193795,-0.00197532,0.0141525,0.0152705,0.00567845,-0.00534579,-0.00703464,-0.00778996,-0.00832144,-0.00539256,-0.00173422,-0.000425471,0.0,0.0,-4.01854e-05,-0.0002206,-0.000927522,-0.00272194,-0.00338743,-0.00487581,-0.0135376,-0.0237946,-0.0352025,-0.0434015,-0.0465108,-0.0451189,-0.0419563,-0.0339238,-0.0201441,0.00116412,0.0161955,0.0188504,0.00974019,-0.0027108,-0.00606966,-0.00756937,-0.00708841,-0.00362046,-0.00101774,-0.000344798,-1.28958e-05,0.0,-1.20508e-05,-0.000121375,-0.00032093,-0.00173635,-0.00449657,-0.010299,-0.0218158,-0.0356099,-0.0483637,-0.0576591,-0.0580408,-0.0512068,-0.0433522,-0.0344232,-0.0172955,0.00061389,0.0130703,0.0168675,0.00952061,-0.0003461,-0.00548764,-0.00797489,-0.00625277,-0.00315486,-0.000453519,-0.000176949,-4.16882e-05,0.0,-1.0018e-05,-9.91079e-05,-0.000542508,-0.00119418,-0.00546749,-0.0148836,-0.0286816,-0.0439026,-0.0577156,-0.0644274,-0.0603006,-0.0508243,-0.0421561,-0.0328393,-0.0190151,-0.007293,0.00433939,0.011898,0.00918585,-0.00096364,-0.00839164,-0.0098996,-0.00759002,-0.00351486,-0.000252542,0.000177518,-3.57768e-05,0.0,0.0,-7.85034e-05,-0.000506382,-0.00146638,-0.0072096,-0.0172832,-0.0293879,-0.0438304,-0.0547125,-0.0552471,-0.0462008,-0.03704,-0.0328435,-0.027609,-0.0227348,-0.00979899,0.00162618,0.00548419,0.00402644,-0.00735017,-0.0123683,-0.0121342,-0.00919448,-0.0035468,0.00020904,0.000360884,-9.65031e-06,0.0,-2.25771e-05,-6.67211e-05,-0.000357136,-0.00107475,-0.00625715,-0.0136706,-0.0225972,-0.0321798,-0.0352917,-0.0291022,-0.0214707,-0.0154547,-0.0150443,-0.0193694,-0.0136144,-0.00277433,0.00491592,0.00265457,-0.00472688,-0.0165313,-0.0171034,-0.0134849,-0.00866415,-0.00231623,0.00109111,0.00063825,0.0,0.0,-5.15396e-05,-7.41616e-05,0.000120103,0.000115916,-0.00155556,-0.00342722,-0.00631481,-0.00850582,-0.00393158,0.00329711,0.0132919,0.018781,0.0134229,0.00628339,0.00479593,0.0118895,0.0103725,0.00166133,-0.0129981,-0.0195181,-0.0169798,-0.010917,-0.00328284,0.00146149,0.00225141,0.000593948,0.000151161,0.0,-2.81749e-05,9.77878e-05,0.00078782,0.00282349,0.00706751,0.0113566,0.0152797,0.017552,0.0208984,0.027313,0.0361837,0.0389491,0.0353457,0.0276789,0.0245057,0.0256879,0.016572,0.00443945,-0.00851586,-0.0104152,-0.00507295,-0.000513854,0.00577813,0.0073143,0.00647932,0.00230748,0.000311213,0.0,-2.03615e-05,0.000228414,0.00164056,0.00679758,0.0151968,0.0256699,0.032976,0.0343398,0.0358818,0.0406567,0.0481767,0.0489451,0.0444215,0.037778,0.0333758,0.0276995,0.0199442,0.00836353,0.00263717,0.00443357,0.00982844,0.0135671,0.0166047,0.0149184,0.00768241,0.00139276,1.60052e-05,0.0,-6.19978e-06,-4.0278e-06,0.00194722,0.00873957,0.0214706,0.034028,0.0428722,0.0453416,0.0487382,0.0521577,0.0527026,0.0523518,0.0464094,0.0384654,0.0311061,0.0224429,0.0143251,0.011631,0.0128088,0.0196531,0.0264398,0.0280547,0.0274105,0.0199302,0.00665569,0.00060856,0.0,0.0,0.0,2.42659e-05,0.00283162,0.0104987,0.0237409,0.0360535,0.0477863,0.0540086,0.0580476,0.0546763,0.0526822,0.0467938,0.0372993,0.0285063,0.0217799,0.0134307,0.010402,0.0179216,0.0297277,0.0377706,0.0418341,0.0381941,0.0314497,0.0184742,0.00624581,0.00125837,0.0,0.0,0.0,0.000286656,0.00247024,0.0106456,0.022285,0.0317427,0.0448278,0.0552016,0.058652,0.051765,0.0456979,0.0294957,0.0144693,0.00379235,-0.00103785,0.000988568,0.00607576,0.0195462,0.0363233,0.0446242,0.0435966,0.0385907,0.0282355,0.0162279,0.0053341,0.000654351,0.0,0.0,0.0,0.000366464,0.00261699,0.00806325,0.0168637,0.024733,0.0364898,0.043445,0.0431243,0.0346205,0.0213702,0.0027309,-0.0134084,-0.0220549,-0.0226814,-0.0143887,0.00063913,0.0184088,0.0329174,0.0377066,0.0362471,0.029481,0.0203223,0.012324,0.00274714,3.01988e-05,0.0,0.0,0.0,5.0021e-05,0.00135732,0.00411517,0.00875613,0.0130082,0.0203825,0.0216007,0.0139062,0.000661188,-0.0135822,-0.0281079,-0.0373046,-0.0399299,-0.0347522,-0.0232572,-0.00764954,0.0088367,0.019512,0.0205988,0.0164538,0.0133442,0.00886338,0.00524919,0.00100938,3.77298e-07,0.0,0.0,0.0,-1.18519e-05,-8.09074e-05,0.000557347,0.00179443,0.00135138,0.00137127,-0.00682607,-0.019198,-0.0318409,-0.0414246,-0.0461217,-0.0464837,-0.0436201,-0.0383479,-0.026828,-0.0141586,-0.00308257,0.00254412,0.00426967,0.00429679,0.00336467,0.0031526,0.00203971,0.0005593,-1.19233e-05,0.0,0.0,0.0,0.0,-7.1594e-06,-0.000269822,-0.000964657,-0.00262317,-0.00580803,-0.0101593,-0.0167852,-0.0247909,-0.0293799,-0.0300891,-0.028868,-0.02556,-0.0207176,-0.0150224,-0.00955516,-0.00543905,-0.0027197,-0.00121753,0.000312228,0.000840448,0.00054837,0.000427213,0.000430068,0.0,0.0,0.0,0.0,0.0,0.0,-2.10609e-05,-0.000324233,-0.000555183,-0.00162816,-0.00367973,-0.00620125,-0.00912424,-0.0106586,-0.0107239,-0.00957191,-0.00828305,-0.00743064,-0.00635085,-0.00452597,-0.00300027,-0.00241776,-0.00159771,-0.00099365,-0.00053791,-0.000154915,-4.18395e-05,0.0,0.0,0.0,0.0,0.0,0.0,0.0,-1.96548e-05,-0.000161417,-0.000436158,-0.00081782,-0.00169098,-0.00237292,-0.00317951,-0.00352525,-0.00349617,-0.00334519,-0.00309911,-0.00279052,-0.00234597,-0.00176425,-0.00113886,-0.000602975,-0.000369025,-0.00018173,-3.01995e-05,-5.328e-06,0.0,0.0,0.0,0.0,0.0,0.0,0.0,0.0,0.0,0.0,-7.75869e-06,-9.29581e-05,-0.00015956,-0.000146755,-0.000200962,-0.00028188,-0.000248763,-0.000289586,-0.000398046,-0.000404004,-0.000409922,-0.000235051,-0.000110931,-7.78801e-05,-5.23467e-05,-1.18986e-05,0.0,0.0,0.0,0.0,0.0,0.0]}