{"max":0.0122294,"min":-0.0118817,"acc":0.6708,"arr":[0.0,0.0,0.0,0.0,0.0,0.0,0.0,0.0,0.0,0.0,0.0,0.0,0.0,0.0,0.0,0.0,0.0,0.0,0.0,0.0,0.0,0.0,0.0,0.0,0.0,0.0,0.0,0.0,0.0,0.0,0.0,0.0,0.0,0.0,0.0,0.0,0.0,-2.72224e-05,-5.0404e-05,-6.16758e-06,-4.24e-05,-2.80648e-05,0.000225268,0.000248521,2.15103e-05,0.0,0.0,0.0,0.0,0.0,0.0,0.0,0.0,0.0,0.0,0.0,0.0,0.0,0.0,0.0,0.0,0.0,0.0,0.0,0.0,-6.57623e-05,-0.000153397,-0.000193873,-0.000358094,-0.000330552,0.000189825,0.00031464,-2.59591e-05,-0.000183039,-0.000315355,-0.000231826,-0.000199477,-7.46942e-05,-4.62491e-05,-6.71668e-06,0.0,0.0,0.0,0.0,0.0,0.0,0.0,0.0,0.0,0.000216407,0.000470959,0.00056221,0.000993674,0.00134137,0.00247828,0.00429302,0.005797,0.00771869,0.00722157,0.00575738,0.00360442,0.00178819,-0.000504029,-0.000783025,-0.000620279,-0.00029273,-0.000188346,-5.91804e-05,0.0,0.0,0.0,0.0,0.0,0.0,0.0,0.0,0.0,0.000288322,0.000951191,0.00169801,0.00267515,0.00436597,0.00715082,0.00846468,0.0104433,0.0118308,0.0120989,0.0110229,0.00897493,0.00500146,0.00197889,-0.000137432,-0.000982544,-0.00108758,-0.000419665,-0.000116109,-1.19837e-05,-2.74505e-05,-2.40192e-05,0.0,0.0,0.0,0.0,0.0,0.0,0.0007342,0.00160593,0.00266668,0.00456609,0.00697052,0.00924272,0.0101954,0.0119004,0.0109712,0.0103172,0.0093444,0.00722781,0.00528644,0.00274052,3.9744e-05,-0.00172398,-0.00197272,-0.00128285,-0.000565775,-0.000313146,-0.000163763,-4.99489e-05,0.0,0.0,0.0,0.0,0.0,8.35849e-05,0.000836426,0.00197546,0.00390161,0.00498812,0.00635724,0.00673895,0.0081196,0.00626948,0.00256143,0.00172024,0.00338495,0.00409174,0.00228718,0.000927065,-0.00106417,-0.00324639,-0.00319757,-0.00203078,-0.00137993,-0.00102158,-0.000594008,-0.00012614,-6.1967e-06,0.0,0.0,-1.42351e-05,-6.48299e-05,-2.99423e-06,0.000236373,0.00153456,0.00282736,0.00215779,0.00281811,0.0025429,0.000866616,-0.00210916,-0.00509277,-0.00579606,-0.00297319,0.000322657,0.000855923,0.000102905,-0.000583506,-0.00278008,-0.0041826,-0.00309162,-0.00195554,-0.00120875,-0.000661448,-0.000197302,-4.1257e-05,0.0,0.0,-8.83198e-05,-0.00024094,-0.000262955,3.5339e-05,0.00047472,-0.000202253,-0.000479047,0.000333717,-0.00123321,-0.0041722,-0.00685088,-0.00887106,-0.00963563,-0.00587175,-0.000954566,0.0020376,0.00201001,0.000142175,-0.00252322,-0.00473289,-0.00355749,-0.00213167,-0.00102693,-0.000480744,-0.00020831,-2.26669e-05,0.0,0.0,-8.50955e-05,-0.000347462,-0.000533995,-0.000496391,-0.000903895,-0.00261146,-0.00206829,-0.00260512,-0.00532018,-0.00871904,-0.00865334,-0.00940416,-0.00883854,-0.00531622,0.000428505,0.00311748,0.00415675,0.00195392,-0.00214404,-0.00403608,-0.0036462,-0.00201971,-0.000824279,-0.000298985,-0.000119695,0.0,0.0,0.0,-2.67118e-05,-7.45431e-05,-0.00042255,-0.000206558,-0.000723254,-0.0030717,-0.00365083,-0.00521432,-0.00854923,-0.0104899,-0.00973492,-0.00864004,-0.00696526,-0.00300006,0.00154307,0.00397401,0.00445214,0.00219422,-0.00130146,-0.00329781,-0.00346796,-0.00186542,-0.000581233,-0.000146941,-4.62886e-05,0.0,0.0,0.0,0.0,0.000248874,-0.000160004,-0.000263766,-0.000791176,-0.00359302,-0.00573693,-0.00849714,-0.0112288,-0.0111113,-0.0092235,-0.0077645,-0.00662899,-0.00168995,0.0013888,0.00258423,0.00268045,0.00272676,-0.000703083,-0.00286766,-0.00305032,-0.00158959,-0.000517629,-7.51696e-05,-8.37514e-06,0.0,0.0,0.0,-3.49169e-06,-9.29331e-05,8.72772e-06,-0.000445663,-0.00198904,-0.00517011,-0.00798709,-0.0106924,-0.0118817,-0.0104576,-0.00887241,-0.00689352,-0.00558768,-0.00128987,-0.000461981,-0.000587586,0.00111165,0.00293664,-0.000204113,-0.0025061,-0.0021956,-0.00137209,-0.000501059,-3.91509e-06,0.0,0.0,0.0,0.0,-2.15015e-05,-7.49691e-05,-0.000250683,-0.0011038,-0.00284742,-0.00533688,-0.00788476,-0.0108562,-0.0110006,-0.00963459,-0.00722235,-0.00580506,-0.00323007,-0.00255725,-0.00266611,-0.00265349,0.00127441,0.00323486,-0.00059342,-0.0021769,-0.00191293,-0.000979317,-7.5853e-05,0.000136994,0.0,0.0,0.0,0.0,-2.3523e-05,-2.11336e-05,-0.000243611,-0.00127885,-0.00237184,-0.00459478,-0.00698206,-0.00769701,-0.00709789,-0.00590009,-0.00474223,-0.00423265,-0.00256601,-0.00173134,-0.0031058,-0.00194982,0.0004017,0.00190691,-0.00205852,-0.00329617,-0.00236439,-0.00105027,0.000191006,0.00018713,0.0,0.0,0.0,0.0,-1.85611e-05,0.0,-5.30171e-05,-0.000307241,-0.0011135,-0.00240028,-0.00279878,-0.00179612,-0.000498009,0.000645352,0.00123156,0.00162474,0.0012334,-0.00161882,-0.0013519,-0.000953926,0.00036358,-0.000392278,-0.00327638,-0.00390027,-0.00227648,-0.000418245,0.000861544,0.00051675,1.77836e-05,0.000151161,0.0,0.0,0.0,0.000100431,0.000205689,0.000141495,0.00122549,0.00208742,0.00327756,0.00389537,0.00465843,0.00511918,0.00562292,0.00647494,0.00435199,0.00228825,0.00286048,0.00174586,0.00187074,-0.00100699,-0.0020269,-0.00127517,0.000426662,0.00188747,0.00206355,0.00186206,0.000366342,0.000311213,0.0,0.0,0.0,0.00034999,0.000187055,0.00110007,0.00370845,0.0066328,0.00654284,0.00710954,0.0079495,0.0091312,0.00928901,0.00853542,0.00542382,0.00481585,0.00422361,0.00401779,0.00190731,0.00117177,0.00169664,0.00204117,0.00330346,0.00338816,0.00261206,0.00187838,9.42531e-05,1.60052e-05,0.0,0.0,-3.7804e-05,0.000182094,-0.000353786,0.00153936,0.00532714,0.00838888,0.00850393,0.00932657,0.00959897,0.0090154,0.00939963,0.0070595,0.00604717,0.00456014,0.00352812,0.00199071,0.00195699,0.0018409,0.00416076,0.00549891,0.00519845,0.00493217,0.00303843,0.000990856,0.0,0.0,0.0,0.0,-6.87818e-05,0.000149396,-0.000446419,0.00149796,0.00524234,0.00997842,0.0116322,0.0116709,0.0100489,0.00897312,0.00860515,0.00789615,0.00631925,0.00438397,0.00300607,0.00365512,0.00414943,0.00460086,0.00576461,0.00758827,0.00703385,0.00531083,0.00348905,0.000469343,0.0,0.0,0.0,0.0,-4.47023e-05,0.000185276,-0.000324159,0.000985682,0.00430857,0.00899085,0.0112391,0.0122294,0.011185,0.00973989,0.00770554,0.00714536,0.00452118,0.000833472,0.000351635,0.0011156,0.0038692,0.00728857,0.00789742,0.00739142,0.00680062,0.00455257,0.00316873,0.000675009,0.0,0.0,0.0,0.0,-1.17076e-05,9.10438e-05,0.000218202,0.000724666,0.00297735,0.0060996,0.00754173,0.00838952,0.00855932,0.0064613,0.00316505,0.000721525,-0.00168495,-0.00360437,-0.00305367,-0.00151436,0.00186995,0.00585837,0.00614876,0.00511683,0.00430213,0.00319283,0.00161663,0.000273365,0.0,0.0,0.0,0.0,0.0,-7.28103e-05,4.7167e-05,8.36932e-05,0.00154966,0.00254605,0.00261339,0.00154493,0.000619421,-0.00178922,-0.00413314,-0.00605611,-0.00765269,-0.00726279,-0.00522379,-0.00210229,0.000631229,0.00287981,0.00288048,0.00213343,0.00161699,0.00103482,0.000429827,7.73371e-05,0.0,0.0,0.0,0.0,0.0,-4.30766e-05,-8.91156e-05,2.4843e-07,-7.68615e-05,3.91421e-05,-0.00245191,-0.00589099,-0.00740513,-0.00870242,-0.00955368,-0.00931849,-0.00977182,-0.00903951,-0.00645558,-0.0032095,-0.000820495,-0.000152501,0.000127811,0.000233338,0.000439092,0.000506305,0.0,0.0,0.0,0.0,0.0,0.0,0.0,0.0,-4.59514e-05,-0.000164051,-0.000444555,-0.00116881,-0.00219732,-0.00364998,-0.00516057,-0.006092,-0.00628832,-0.00633823,-0.00578556,-0.004844,-0.00363304,-0.00219379,-0.00146176,-0.000935224,-0.000543689,-0.000140683,0.000292653,0.000267706,0.0,0.0,0.0,0.0,0.0,0.0,0.0,0.0,0.0,-3.50375e-05,-0.000108616,-0.000403082,-0.000793606,-0.00114664,-0.00193134,-0.00224604,-0.00237195,-0.00233668,-0.00189484,-0.00201565,-0.00184561,-0.00144711,-0.000994994,-0.000623733,-0.000376494,-0.000197435,-0.000100125,-3.65436e-05,0.0,0.0,0.0,0.0,0.0,0.0,0.0,0.0,0.0,0.0,-1.51302e-05,-0.000117249,-0.000325882,-0.000289045,-0.000546951,-0.000615602,-0.000626739,-0.00087262,-0.000901378,-0.000796844,-0.000763797,-0.000671245,-0.000343483,-0.000106088,-1.70588e-05,-6.01355e-06,0.0,0.0,0.0,0.0,0.0,0.0,0.0,0.0,0.0,0.0,0.0,0.0,-7.50677e-06,-5.2848e-05,-8.58353e-05,-4.68326e-05,-4.73877e-05,-3.02396e-05,-4.82506e-05,-0.000105617,-0.000152248,-0.000158453,-0.000199056,-0.000119764,0.0,0.0,0.0,0.0,0.0,0.0,0.0,0.0,0.0,0.0]}