{"max":0.0329753,"min":-0.0359388,"acc":0.7951,"arr":[0.0,0.0,0.0,0.0,0.0,0.0,0.0,0.0,0.0,0.0,0.0,0.0,0.0,0.0,0.0,0.0,0.0,0.0,0.0,0.0,0.0,0.0,0.0,0.0,0.0,0.0,0.0,0.0,0.0,0.0,0.0,0.0,0.0,0.0,-1.86178e-05,-5.54154e-05,-4.97205e-05,-3.26982e-05,-7.6369e-05,-0.000118447,-0.00017689,-0.000158222,8.15013e-05,0.000208149,-0.000101446,-0.000106631,-8.49162e-05,-9.64134e-05,-5.13598e-05,0.0,0.0,0.0,0.0,0.0,0.0,0.0,0.0,0.0,0.0,0.0,-5.6658e-06,0.0,-4.59969e-06,-6.1074e-05,-0.000110591,-8.5276e-05,-0.000202974,-1.62274e-05,6.51956e-05,-0.000249768,0.000178852,0.000461606,-9.58295e-05,-0.000707511,-0.000695289,-0.000782886,-0.000717333,-0.000433844,-0.000152036,-1.74397e-05,0.0,0.0,0.0,0.0,0.0,0.0,0.0,2.3646e-05,-1.46796e-05,0.000216407,0.000610997,0.00113068,0.00205981,0.00414287,0.00602408,0.00951335,0.0121589,0.0144667,0.0141165,0.0126894,0.00911903,0.00560746,0.000682653,-0.00138228,-0.000759974,-0.000826551,-0.00043546,-7.00507e-05,0.0,0.0,0.0,0.0,0.0,0.0,0.0,0.000121412,0.000261948,0.00133667,0.00224264,0.00381586,0.0061656,0.010036,0.0165555,0.0235059,0.0274737,0.0296275,0.0291256,0.0258754,0.0220848,0.0144858,0.00599298,0.000621115,-0.00148953,-0.00157585,-0.00130156,-0.000621439,-0.00027761,-7.77416e-05,-2.40192e-05,0.0,0.0,0.0,-1.24625e-05,-3.60216e-05,0.000230503,0.00218481,0.00433173,0.00679908,0.0107683,0.0160737,0.0233906,0.029388,0.0329753,0.0309023,0.0282882,0.0246227,0.0188691,0.0148197,0.00666232,7.63852e-05,-0.003386,-0.00439625,-0.00381322,-0.00254227,-0.00128375,-0.000447049,-7.11966e-05,0.0,0.0,0.0,-1.36575e-06,0.000100062,0.000139297,0.0027325,0.00584047,0.0102268,0.0134271,0.016462,0.0197521,0.0235262,0.0198092,0.0145419,0.0125388,0.0124757,0.0112916,0.0098544,0.00569113,-0.00217066,-0.00543386,-0.00625325,-0.00610085,-0.00477809,-0.00297116,-0.00132041,-0.00021591,-1.19317e-05,0.0,0.0,-8.42092e-05,9.01235e-05,0.000162415,0.00225359,0.00645609,0.00988009,0.00816373,0.00887342,0.00807068,0.005905,0.000442263,-0.00488631,-0.00556775,-0.00249568,0.00268309,0.00464497,0.00276463,-0.00199796,-0.00559602,-0.00723899,-0.00736034,-0.00636024,-0.00361804,-0.00153089,-0.0004056,-6.04862e-05,0.0,-3.27452e-05,-0.000233357,-0.000698917,-0.000279293,0.00107148,0.00251027,0.00240548,6.33283e-05,-0.00154826,-0.00507778,-0.00978195,-0.0145795,-0.0174011,-0.0187301,-0.011817,-0.00186961,0.00452122,0.00188652,-0.00201264,-0.00596198,-0.00826369,-0.00680613,-0.00623499,-0.0033689,-0.00127632,-0.000328749,-2.26669e-05,0.0,-3.54293e-05,-0.000184155,-0.000929327,-0.000729882,-0.000838184,-0.00108504,-0.00508715,-0.00770132,-0.0110286,-0.0167108,-0.0228185,-0.024251,-0.0254856,-0.0229492,-0.0130284,-0.00101616,0.00674526,0.00664435,0.000419471,-0.00650471,-0.00660287,-0.00630253,-0.00584417,-0.0029916,-0.00103337,-0.000149317,0.0,0.0,-1.78936e-06,-9.59953e-05,-0.000491597,-0.00126913,-0.00182584,-0.00404546,-0.00875946,-0.0135992,-0.0194299,-0.0243079,-0.027823,-0.0283236,-0.0263559,-0.0217354,-0.0115915,0.00204955,0.00921596,0.009384,0.00243245,-0.00428303,-0.00497287,-0.00613007,-0.00537905,-0.002264,-0.000599215,-0.000118821,0.0,0.0,-2.36967e-06,-7.36256e-05,-3.13418e-05,-0.000667622,-0.00227432,-0.0057493,-0.0120713,-0.0198696,-0.0274616,-0.033006,-0.0335747,-0.029263,-0.0239191,-0.019586,-0.0095638,0.00125567,0.00690891,0.00812652,0.0036787,-0.00129312,-0.00446293,-0.00629628,-0.00466137,-0.00202115,-0.000238879,-7.51775e-05,-3.08339e-05,0.0,-9.34704e-06,-7.20302e-05,-0.000276672,-0.000340822,-0.00277787,-0.00817999,-0.0161327,-0.0255827,-0.0329934,-0.0359388,-0.0329677,-0.0280082,-0.0218801,-0.0180568,-0.00941592,-0.00300421,0.00138524,0.00445842,0.00499332,-0.000324308,-0.00536412,-0.00605856,-0.00474587,-0.00204595,-0.000163523,-9.88499e-05,-3.57768e-05,0.0,0.0,-6.92185e-05,-0.000262742,-0.000700532,-0.00356119,-0.00874045,-0.0157534,-0.0236267,-0.0305612,-0.0299971,-0.0245065,-0.0201673,-0.0189961,-0.0149915,-0.0113449,-0.00728167,-0.00209441,0.00103371,0.0041076,-0.00392391,-0.00752135,-0.00658722,-0.00450632,-0.00163985,-1.41237e-07,-4.22204e-05,-9.65031e-06,0.0,-2.25771e-05,-5.92428e-05,-0.000106328,-5.51788e-05,-0.00257436,-0.00673806,-0.0125041,-0.0183605,-0.0205906,-0.0174139,-0.0134579,-0.0115068,-0.0104506,-0.0111937,-0.00777531,-0.00522952,-0.000558524,0.000632727,1.89454e-05,-0.00929888,-0.00918466,-0.00698227,-0.00427533,-0.00079948,0.00042107,0.000245271,0.0,0.0,-5.15396e-05,-7.54943e-05,7.63931e-05,0.000475602,-0.000451694,-0.00304236,-0.00621173,-0.00735692,-0.0052058,-0.000843346,0.00368981,0.00624055,0.00503117,0.00150518,-0.00144055,0.00298598,0.00343412,0.00158697,-0.00524577,-0.0110794,-0.0105079,-0.00612584,-0.00168851,0.00082664,0.00118234,0.000484016,0.000151161,0.0,-2.44015e-05,-6.75396e-05,0.000400328,0.00189957,0.00278307,0.00331939,0.00540002,0.00804474,0.00933945,0.0120018,0.0146245,0.0165454,0.016123,0.00987916,0.00838385,0.0112404,0.00792043,0.00206927,-0.00499517,-0.0063324,-0.00425328,-0.00140818,0.00231198,0.00360551,0.00267455,0.00110518,0.000311213,0.0,-1.78852e-05,-6.59945e-05,0.0012943,0.00267567,0.00541841,0.0117036,0.017622,0.0186771,0.0187569,0.0201795,0.0226086,0.0224428,0.0189464,0.0153701,0.0137731,0.0129637,0.00906086,0.00214084,0.000335964,0.0016487,0.00406734,0.00670368,0.00818527,0.00736116,0.00331875,0.000595433,1.60052e-05,0.0,-6.19978e-06,-0.000104042,0.00112749,0.00192847,0.00842218,0.0176546,0.0231577,0.0245576,0.0255402,0.0268326,0.0263758,0.0263042,0.0217073,0.0191314,0.0153259,0.0103415,0.00499148,0.00378382,0.0049851,0.0112534,0.0154149,0.0163008,0.0148992,0.0105154,0.00292773,0.000166334,0.0,0.0,0.0,-4.05262e-05,0.00150418,0.0023352,0.00983093,0.0178017,0.0250717,0.0280301,0.0293941,0.0287859,0.0272494,0.0244812,0.0212481,0.0153315,0.0104816,0.00642505,0.00626241,0.00902388,0.0141378,0.0211615,0.0254118,0.0228695,0.01809,0.00949394,0.00252747,0.000615724,0.0,0.0,0.0,0.000233709,0.00159016,0.0035538,0.0109369,0.0158399,0.0220132,0.0269852,0.0308511,0.0275493,0.0233118,0.016176,0.00951392,0.00323439,-0.00072594,-0.000584984,0.00187993,0.00836835,0.0176172,0.023104,0.0234167,0.0218126,0.015511,0.00827221,0.00213272,0.000216121,0.0,0.0,0.0,0.000402382,0.0015196,0.00320825,0.00850364,0.0128905,0.0178481,0.0210259,0.0224727,0.0183946,0.0116278,0.0019845,-0.0064003,-0.011718,-0.0123765,-0.0102282,-0.00318574,0.0060079,0.0137951,0.0167045,0.0167841,0.0141038,0.0102598,0.00603645,0.000669723,1.50084e-06,0.0,0.0,0.0,0.000131534,0.000886206,0.00181042,0.00379144,0.0059207,0.00940865,0.00928018,0.00436176,-0.00187996,-0.00950104,-0.0169885,-0.0214462,-0.0226893,-0.0205824,-0.0146981,-0.00626259,0.00143433,0.00691644,0.00749023,0.00699527,0.00703244,0.00497632,0.00256619,0.000107951,0.0,0.0,0.0,0.0,0.0,-0.000127257,-7.44906e-05,0.000685087,0.000341286,0.000192152,-0.0054936,-0.0129871,-0.0195836,-0.0247793,-0.0266217,-0.0263569,-0.0257527,-0.0229063,-0.016287,-0.00877389,-0.00298544,-0.000103248,0.000677641,0.00127511,0.00132659,0.00151335,0.000649328,-6.82603e-06,0.0,0.0,0.0,0.0,0.0,-4.0641e-06,-0.000183326,-0.000569834,-0.0011968,-0.00261831,-0.00576388,-0.0100615,-0.0145929,-0.0172301,-0.0176628,-0.0169714,-0.0149261,-0.0123554,-0.00933466,-0.00557016,-0.00272273,-0.00141826,-0.000678266,0.000156271,0.00054032,0.000198657,-2.22021e-05,-9.699e-07,0.0,0.0,0.0,0.0,0.0,0.0,-8.74964e-06,-0.000159539,1.78272e-05,-0.000502923,-0.00187017,-0.00322436,-0.00510207,-0.00595476,-0.00594951,-0.00550226,-0.00472695,-0.00439001,-0.00394905,-0.002909,-0.00183063,-0.00111531,-0.000692609,-0.000444293,-0.000200779,-0.000129934,-3.84962e-05,0.0,0.0,0.0,0.0,0.0,0.0,0.0,-1.96548e-05,-0.000100437,-0.000268369,-0.000541692,-0.00116217,-0.0015382,-0.00211743,-0.00218302,-0.00212728,-0.00208491,-0.00200665,-0.00178523,-0.00168056,-0.00132497,-0.000707272,-0.000271231,-7.66405e-05,-4.55275e-05,-2.67558e-05,-5.328e-06,0.0,0.0,0.0,0.0,0.0,0.0,0.0,0.0,0.0,0.0,-7.50677e-06,-7.58273e-05,-0.000147435,-0.000139798,-0.000156582,-0.000192952,-0.000188399,-0.000212837,-0.000279591,-0.000295523,-0.000296677,-0.000142589,-4.4038e-05,