{"max":0.0196327,"min":-0.0177284,"acc":0.7828,"arr":[0.0,0.0,0.0,0.0,0.0,0.0,0.0,0.0,0.0,0.0,0.0,0.0,0.0,0.0,0.0,0.0,0.0,0.0,0.0,0.0,0.0,0.0,0.0,0.0,0.0,0.0,0.0,0.0,0.0,0.0,0.0,0.0,0.0,0.0,0.0,0.0,0.0,-2.72224e-05,-5.0404e-05,-3.34684e-05,-9.67884e-05,-4.17152e-05,0.000225268,0.000248521,2.15103e-05,0.0,0.0,0.0,0.0,0.0,0.0,0.0,0.0,0.0,0.0,0.0,0.0,0.0,0.0,0.0,0.0,0.0,0.0,-1.68293e-05,2.23907e-05,0.000130292,9.0785e-05,0.000225359,-2.30628e-05,-0.000512693,-4.45203e-05,0.00016199,-0.000275081,-0.000563834,-0.000572038,-0.000435903,-0.000430555,-0.00027409,-8.19809e-05,-6.71668e-06,0.0,0.0,0.0,0.0,0.0,0.0,0.0,0.0,0.0,0.000216407,0.000569502,0.000723673,0.00144718,0.00291987,0.00474126,0.00646131,0.00821977,0.00954546,0.00852828,0.0069378,0.00435651,0.00214811,-0.000769498,-0.00136792,-0.000887899,-0.000553209,-0.000288779,-6.68338e-05,0.0,0.0,0.0,0.0,0.0,0.0,0.0,-7.85306e-06,-3.49973e-05,0.000584033,0.00147061,0.00230964,0.00447797,0.0074256,0.0111041,0.0136075,0.0160915,0.0173575,0.0170998,0.0142101,0.0114612,0.00598186,0.00230741,-8.88295e-05,-0.00136316,-0.00141351,-0.000824999,-0.000323549,-0.000104691,-2.74505e-05,-2.40192e-05,0.0,0.0,0.0,-1.24625e-05,-3.60216e-05,-2.46029e-05,0.00129636,0.00242521,0.00394756,0.0074902,0.0115505,0.0144723,0.0168089,0.0196327,0.0188592,0.0174908,0.0152792,0.0109503,0.00734755,0.00285078,3.62228e-05,-0.00259336,-0.00297723,-0.00210178,-0.00121177,-0.000650949,-0.00020745,-4.99489e-05,0.0,0.0,0.0,-1.36575e-06,-1.87791e-06,6.20769e-05,0.00118314,0.00332611,0.00653262,0.00852637,0.010169,0.0114646,0.0146182,0.0129488,0.00908969,0.00760335,0.00715876,0.0063031,0.0044895,0.00154458,-0.00152481,-0.0044204,-0.00451814,-0.00313418,-0.0023384,-0.00157413,-0.000751115,-0.000167628,-6.1967e-06,0.0,0.0,-1.42351e-05,-6.84902e-05,-0.000131343,0.00040928,0.00296137,0.00568067,0.00448706,0.00519789,0.00500888,0.00413315,0.000491354,-0.00272021,-0.00351631,-0.00120761,0.00195332,0.00267032,0.00145575,-0.000708255,-0.00433054,-0.00601338,-0.00458117,-0.00314123,-0.00186274,-0.000901844,-0.000243377,-4.1257e-05,0.0,0.0,-8.83198e-05,-0.000378331,-0.00062239,6.05242e-05,0.000970172,0.00141934,0.000609052,0.00049013,-0.00131208,-0.00524458,-0.00830994,-0.00991681,-0.0102391,-0.00520079,0.000488873,0.00379768,0.00286492,0.000539585,-0.00403795,-0.0066456,-0.00489979,-0.00341357,-0.00178943,-0.000771033,-0.000256392,-2.26669e-05,0.0,0.0,-8.50955e-05,-0.00051806,-0.000906527,-0.000723016,-0.000997727,-0.00308019,-0.00219331,-0.00403986,-0.0085218,-0.0131934,-0.0128685,-0.0130133,-0.0119248,-0.00575663,0.00166674,0.00537703,0.00585634,0.00296926,-0.00313307,-0.00567704,-0.00479629,-0.00323478,-0.00132146,-0.000478789,-0.000128962,0.0,0.0,0.0,-2.67118e-05,-0.000182026,-0.000708567,-0.000816662,-0.00216814,-0.00440716,-0.00535227,-0.00838938,-0.0129267,-0.0152401,-0.0140706,-0.0126026,-0.0106208,-0.00466174,0.00339837,0.00749708,0.00778759,0.00367096,-0.00198932,-0.00470676,-0.00460426,-0.00287749,-0.000917364,-0.000253488,-5.41683e-05,0.0,0.0,0.0,0.0,0.000240779,-0.000324987,-0.00111849,-0.00272498,-0.00571478,-0.00884483,-0.0127335,-0.0164388,-0.016749,-0.0140474,-0.0118828,-0.0100075,-0.00324387,0.00302721,0.00635415,0.00603969,0.00406208,-0.00037715,-0.00359815,-0.00410281,-0.00218116,-0.000823295,-0.000113105,-9.23475e-06,0.0,0.0,0.0,-3.49169e-06,-9.44844e-05,-0.000127847,-0.00128808,-0.00371272,-0.0075651,-0.0117492,-0.0158928,-0.0177284,-0.0164701,-0.0142687,-0.0112021,-0.008802,-0.00264862,8.81606e-05,0.00240581,0.0031271,0.00443323,-0.000190199,-0.00310544,-0.00306135,-0.00189425,-0.000813272,-4.34489e-06,0.0,0.0,0.0,0.0,-2.15015e-05,-0.000118863,-0.000229368,-0.00148743,-0.00399174,-0.00754886,-0.0108596,-0.0154274,-0.0160796,-0.0138309,-0.0115143,-0.00957063,-0.00609543,-0.00431691,-0.00199235,-0.000797041,0.00274106,0.00438564,-0.000853154,-0.00322734,-0.00270559,-0.00155059,-0.000430901,0.000136994,0.0,0.0,0.0,0.0,-2.3523e-05,-3.61353e-06,-4.19439e-05,-0.00142168,-0.00325685,-0.00590821,-0.0088483,-0.0107969,-0.00975069,-0.00773292,-0.00639923,-0.00572713,-0.00421636,-0.0021235,-0.00110062,4.46599e-05,0.00216422,0.00278377,-0.00259174,-0.00325638,-0.00242854,-0.00158701,-1.70173e-05,0.00018713,0.0,0.0,0.0,0.0,-1.85611e-05,0.000159173,0.000189361,-0.000353322,-0.00182874,-0.00207197,-0.0021172,-0.00135033,0.00118452,0.00382622,0.00542897,0.00490174,0.00317069,0.001668,0.00174382,0.00107595,0.00212121,-0.000470004,-0.00392238,-0.00393743,-0.00172817,5.24745e-05,0.00113058,0.000843336,0.000224799,0.000151161,0.0,0.0,0.0,0.000298143,0.000685079,0.000564833,0.00151522,0.00417274,0.00644451,0.00745088,0.0091496,0.0104679,0.0114736,0.0118356,0.00911411,0.00645232,0.00678816,0.00497785,0.00307792,-0.000728245,-0.00179366,-0.000715156,0.00114065,0.00320938,0.00311588,0.00235519,0.000817851,0.000311213,0.0,0.0,0.0,0.00063643,0.00109359,0.00176829,0.00633824,0.0112995,0.0117205,0.0120874,0.0133698,0.0148266,0.0150188,0.0142978,0.010633,0.00933891,0.00844462,0.00659722,0.00387169,0.00293749,0.0037378,0.00399206,0.00493952,0.005356,0.00423933,0.00259503,0.000356592,1.60052e-05,0.0,0.0,-4.59703e-05,0.000455395,0.000490543,0.00313789,0.00904923,0.0136518,0.0144717,0.0148121,0.015319,0.0143791,0.0150315,0.0125347,0.0111436,0.00895196,0.00770004,0.00522337,0.00469047,0.00476984,0.00761494,0.00896052,0.00908711,0.00813014,0.0053242,0.0016931,8.52885e-05,0.0,0.0,0.0,-6.87818e-05,0.000483951,0.000133846,0.00359771,0.00876069,0.0149789,0.0172864,0.0168998,0.0149601,0.0144808,0.0135895,0.0132343,0.0102122,0.00764717,0.005829,0.00650063,0.0072087,0.00870181,0.0104957,0.0121936,0.0116503,0.00929964,0.00548482,0.00146007,0.000252521,0.0,0.0,0.0,-5.04697e-05,0.000427878,0.000250077,0.00372896,0.00696087,0.012565,0.0157777,0.0172945,0.0156055,0.0147857,0.0117082,0.010127,0.00593149,0.00297311,0.00161635,0.00153139,0.00515061,0.00951272,0.0114072,0.0108045,0.0102267,0.00725887,0.004171,0.000948329,0.0,0.0,0.0,0.0,-1.17076e-05,0.000102474,0.000443691,0.00292311,0.00553082,0.00822873,0.0102806,0.0117509,0.0111281,0.00936621,0.00538416,0.00128461,-0.00205025,-0.00359153,-0.00417059,-0.00222163,0.00207613,0.00719945,0.00843323,0.00847736,0.00675222,0.00486984,0.00295175,0.000346429,0.0,0.0,0.0,0.0,0.0,-0.000145767,-7.13511e-05,0.00113424,0.00294129,0.00392678,0.00383739,0.00232892,0.00112492,-0.00213977,-0.00571715,-0.00836833,-0.0101403,-0.00942543,-0.00723234,-0.00308601,0.0012528,0.00362503,0.00347046,0.00350583,0.003322,0.00194097,0.000880987,3.68437e-05,0.0,0.0,0.0,0.0,0.0,-0.000101226,-0.000182068,0.000263376,0.000300333,4.96887e-06,-0.00363124,-0.00824338,-0.0103572,-0.0122146,-0.012852,-0.0128767,-0.0132025,-0.0123436,-0.00904364,-0.00467132,-0.00131768,3.91273e-05,0.000575514,0.000667134,0.000657623,0.000491358,-7.75735e-05,-2.13378e-05,0.0,0.0,0.0,0.0,0.0,-7.92041e-07,-9.80826e-05,-0.00027008,-0.000664473,-0.00178095,-0.0034559,-0.00566382,-0.00791966,-0.00919113,-0.00924536,-0.00879767,-0.00755372,-0.00648961,-0.00494015,-0.00246917,-0.000954456,-0.00045745,2.40288e-05,0.000491591,0.000771482,0.000187862,-4.3242e-05,-9.699e-07,0.0,0.0,0.0,0.0,0.0,0.0,-6.86105e-06,-7.61877e-05,-0.000226202,-0.000678836,-0.00125487,-0.00192313,-0.00312818,-0.00372526,-0.00362592,-0.003152,-0.00241743,-0.00237203,-0.00212598,-0.00160173,-0.00114292,-0.000755292,-0.000505266,-0.000253502,-0.000115416,-3.65436e-05,0.0,0.0,0.0,0.0,0.0,0.0,0.0,0.0,-3.70677e-06,-4.46752e-05,-0.000136647,-0.000295957,-0.000606566,-0.000620714,-0.00104516,-0.00120463,-0.00110064,-0.00118992,-0.0010905,-0.00102321,-0.00102529,-0.000853286,-0.000430172,-0.000130199,-1.70588e-05,-6.01355e-06,0.0,0.0,0.0,0.0,0.0,0.0,0.0,0.0,0.0,0.0,0.0,0.0,-7.50677e-06,-5.2848e-05,-8.58353e-05,-4.68326e-05,-8.76478e-05,-0.000124679,-9.0959e-05,-0.000137636,-0.00019104,-0.000165147,-0.000199056,-0.000119764,0.0,0.0,0.0,0.0,0.0,0.0,0.0,0.0,0.0,0.0]}