{"max":0.00622945,"min":-0.00577457,"acc":0.5575,"arr":[0.0,0.0,0.0,0.0,0.0,0.0,0.0,0.0,0.0,0.0,0.0,0.0,0.0,0.0,0.0,0.0,0.0,0.0,0.0,0.0,0.0,0.0,0.0,0.0,0.0,0.0,0.0,0.0,0.0,0.0,0.0,0.0,0.0,0.0,0.0,0.0,0.0,0.0,0.0,0.0,0.0,0.0,0.0,-1.72243e-05,-3.30467e-05,0.0,0.0,0.0,0.0,0.0,0.0,0.0,0.0,0.0,0.0,0.0,0.0,0.0,0.0,0.0,0.0,0.0,0.0,0.0,0.0,-3.15216e-05,-9.95898e-05,-0.000110408,-0.000109256,-7.79609e-05,7.83106e-05,0.0001633,-3.44978e-05,-0.000100766,-0.000163938,-4.04941e-05,-5.21927e-05,-2.49706e-05,0.0,0.0,0.0,0.0,0.0,0.0,0.0,0.0,0.0,0.0,0.0,0.0,0.0,0.0,6.97888e-06,-3.14541e-05,0.000517768,0.00151463,0.00226894,0.00353644,0.003765,0.00320111,0.0018449,0.000918756,-0.000228038,-0.000447963,-0.00040514,-0.000218613,-0.000117854,-3.64233e-05,0.0,0.0,0.0,0.0,0.0,0.0,0.0,0.0,0.0,-7.23937e-06,1.71596e-05,0.000228643,0.000596073,0.00173798,0.00331769,0.00368196,0.00472878,0.00530295,0.00527718,0.00475042,0.00459586,0.00281564,0.00116433,-0.000244471,-0.000629706,-0.000636256,-0.000303007,-9.05608e-05,-1.19837e-05,-2.74505e-05,-2.40192e-05,0.0,0.0,0.0,0.0,0.0,0.0,-6.50627e-05,-4.87126e-05,0.000451193,0.00224308,0.0029218,0.00386769,0.00454572,0.00549071,0.00481984,0.00478354,0.00464724,0.00349532,0.00315702,0.00200091,-8.19035e-05,-0.00131051,-0.00114906,-0.000667177,-0.000385043,-0.000224717,-0.000117204,-4.99489e-05,0.0,0.0,0.0,0.0,0.0,0.0,2.13186e-05,0.000810175,0.00170201,0.00235083,0.00205346,0.00232953,0.00267167,0.00161647,0.000298625,8.79016e-05,0.000682121,0.000538705,0.000405205,0.000684265,-0.00089545,-0.00219235,-0.00195225,-0.000990266,-0.000845435,-0.000674531,-0.000417642,-8.00019e-05,0.0,0.0,0.0,-1.42351e-05,-4.15178e-05,-7.90492e-05,0.000135531,0.00122192,0.0013819,0.000656188,0.000628246,0.000553677,-0.000322873,-0.00174591,-0.00302128,-0.00415683,-0.00345499,-0.00209479,-0.00127736,0.00029582,-0.00021291,-0.00172621,-0.00275027,-0.00164083,-0.00100156,-0.000685712,-0.000358062,-6.57838e-05,0.0,0.0,0.0,-7.11657e-05,-0.000127217,-0.000296541,7.24162e-05,0.000277349,5.21542e-05,-6.06409e-05,0.000153595,-0.00076585,-0.00208115,-0.00310959,-0.00403704,-0.00495182,-0.00435269,-0.0027082,-0.000596856,0.00130525,0.000853921,-0.00118538,-0.00279752,-0.00205139,-0.00100765,-0.000509675,-0.000258447,-7.17874e-05,0.0,0.0,0.0,-3.69563e-05,-0.000179593,-0.000482239,-0.0004999,-0.000939784,-0.00151749,-0.000920824,-0.00107739,-0.00230245,-0.00408886,-0.00419171,-0.00436974,-0.00380653,-0.00307249,-0.000974052,0.000615148,0.00211957,0.00183454,-0.00089699,-0.00252002,-0.00212935,-0.00108743,-0.000392257,-0.000219342,-7.466e-05,0.0,0.0,0.0,0.0,4.76674e-05,-0.000195986,-0.000470821,-0.000393,-0.00118843,-0.00134842,-0.00208626,-0.00395507,-0.00513313,-0.00523633,-0.00443173,-0.00339982,-0.0017674,0.000822397,0.00210268,0.00256988,0.000715196,-0.00107032,-0.00227393,-0.0020139,-0.000965596,-0.000327718,-8.4773e-05,-4.11765e-06,0.0,0.0,0.0,0.0,0.000281364,5.34945e-05,-5.59384e-06,-4.73152e-05,-0.0014005,-0.00276543,-0.00402789,-0.00511431,-0.00546952,-0.00476347,-0.00423478,-0.00376667,-0.00119096,0.00118984,0.00211423,0.00232469,-7.86446e-05,-0.0011374,-0.00206109,-0.00167453,-0.000755536,-0.000238164,-1.80503e-07,0.0,0.0,0.0,0.0,0.0,-1.98039e-05,0.000149615,1.20185e-05,-0.00069585,-0.00209638,-0.00369807,-0.00530279,-0.00577457,-0.00517131,-0.00422158,-0.00340754,-0.00350251,-0.0011548,0.000205806,0.00108966,0.00109284,-0.000181577,-0.000958131,-0.00195145,-0.00133377,-0.000828547,-0.000275719,-7.88435e-07,0.0,0.0,0.0,0.0,0.0,0.0,-0.000152292,-0.000614979,-0.00140087,-0.00220094,-0.00334872,-0.00526191,-0.0054236,-0.00451247,-0.00372671,-0.00274072,-0.00184326,-0.00169481,-0.000754318,0.000393586,0.000263688,0.000295073,-0.00108033,-0.00148025,-0.00109585,-0.000635844,-0.000135479,-2.72353e-05,0.0,0.0,0.0,0.0,0.0,0.0,-0.000169236,-0.000720518,-0.00122668,-0.0020375,-0.00283539,-0.00357958,-0.00321395,-0.00305727,-0.00253959,-0.00186044,-0.00144938,-0.00129377,-0.00134915,-0.000231214,-0.000410668,-0.000569521,-0.00183852,-0.00176585,-0.00130617,-0.000701526,6.60328e-05,-6.38578e-06,0.0,0.0,0.0,0.0,0.0,0.0,-0.000147066,-0.000165064,-0.000142852,-0.000682613,-0.00119122,-0.00111717,-0.000906005,-0.000953354,0.000225308,0.000367367,-0.000122322,-0.00155449,-0.00149335,-0.000663804,-0.000866316,-0.00167538,-0.00277003,-0.00230323,-0.00150007,-0.000798754,0.000194201,0.000193231,0.0,0.0,0.0,0.0,0.0,-8.03266e-06,-0.00023001,-0.000143464,0.00109833,0.00121825,0.000991209,0.000918754,0.00100654,0.00207185,0.00241909,0.00246547,0.000619165,-0.000625235,-0.00012079,-7.45571e-05,7.33795e-05,-0.00136228,-0.00218846,-0.00131774,-0.000825873,-5.18006e-05,0.000381481,0.000658376,0.0,0.0,0.0,0.0,0.0,-5.61128e-05,-0.000401779,0.000163555,0.00152132,0.00240277,0.00172722,0.00218123,0.00327608,0.0040849,0.00469113,0.00284713,0.00144552,0.00145074,0.00178118,0.0017491,0.000997207,0.000135637,8.71099e-05,0.000722194,0.00119926,0.00122043,0.000982602,0.000841755,0.0,0.0,0.0,0.0,-1.88235e-05,-0.000160264,-0.000545564,0.000433032,0.00185042,0.00297296,0.00294507,0.00439422,0.00532593,0.00500455,0.00370125,0.00171423,0.00198838,0.00248024,0.00190788,0.000937532,0.000389268,-0.000172535,0.00112738,0.00220683,0.00224586,0.00221908,0.00138998,0.00083785,0.0,0.0,0.0,0.0,-2.37255e-05,-0.000207144,-0.000518103,0.00047175,0.00201242,0.00374043,0.00528155,0.00550609,0.00502689,0.00379896,0.00265499,0.00283332,0.00340707,0.00272799,0.00140508,0.00174388,0.0022135,0.0022485,0.0025528,0.00304054,0.00259948,0.00262454,0.00187061,0.000273713,0.0,0.0,0.0,0.0,-7.45098e-06,-0.000162137,-0.000431558,0.000512489,0.00193318,0.00402747,0.00580582,0.00622945,0.0050047,0.0034458,0.00295235,0.00371402,0.00283353,0.000201195,-0.000705276,-0.000132526,0.00212943,0.00444232,0.00479516,0.00367336,0.00330978,0.00277067,0.00170976,-3.45557e-05,0.0,0.0,0.0,0.0,0.0,-4.97297e-05,-9.4078e-05,0.00040786,0.00140731,0.00281463,0.00359053,0.00413556,0.00370672,0.00232878,0.00112945,0.0002459,-0.00160277,-0.00310644,-0.00212754,-0.000949379,0.0013073,0.00377051,0.00391138,0.00355592,0.00277587,0.00200006,0.000883765,3.10009e-05,0.0,0.0,0.0,0.0,0.0,-4.13553e-07,5.01922e-05,0.000210954,0.000721654,0.0011537,0.000828626,0.000503788,-6.26647e-05,-0.00192098,-0.00262764,-0.00363551,-0.0046524,-0.00408003,-0.00281492,-0.00097572,0.000607818,0.00200804,0.00209997,0.00204214,0.00128152,0.000685265,0.000385012,7.73371e-05,0.0,0.0,0.0,0.0,0.0,0.0,-0.000101029,7.7163e-07,-0.000126705,-6.03103e-05,-0.00147899,-0.00325349,-0.00382941,-0.00481056,-0.00530403,-0.00552372,-0.00553253,-0.00499463,-0.00331534,-0.00146824,-0.000506085,-9.74443e-05,0.000301664,0.000360905,0.000455337,0.000497603,0.0,0.0,0.0,0.0,0.0,0.0,0.0,0.0,-4.46546e-05,-9.58966e-05,-0.000235833,-0.000507046,-0.000987141,-0.00188817,-0.00292046,-0.00349325,-0.00365426,-0.00369888,-0.00322198,-0.00282901,-0.00216743,-0.00144841,-0.00108126,-0.000742936,-0.000356396,-2.03858e-05,0.000317515,0.000267706,0.0,0.0,0.0,0.0,0.0,0.0,0.0,0.0,0.0,0.0,-3.58673e-06,-0.000109741,-0.000347533,-0.000555893,-0.00104257,-0.00119496,-0.00132159,-0.00132444,-0.000940827,-0.000990353,-0.00101835,-0.000874998,-0.000508526,-0.000309427,-0.000185688,-0.000150638,-0.000100125,-3.65436e-05,0.0,0.0,0.0,0.0,0.0,0.0,0.0,0.0,0.0,0.0,-1.99263e-07,-5.62102e-05,-0.000143447,-0.000126105,-0.000267327,-0.000240798,-0.00028546,-0.000397878,-0.000331482,-0.000301699,-0.000427218,-0.000434225,-0.000138396,-5.54902e-05,-1.70588e-05,0.0,0.0,0.0,0.0,0.0,0.0,0.0,0.0,0.0,0.0,0.0,0.0,0.0,0.0,-1.01876e-05,-4.70198e-05,-3.62445e-05,-3.91832e-06,0.0,-4.56515e-05,-2.50091e-05,0.0,-3.39702e-05,-0.000132408,-0.000119764,0.0,0.0,0.0,0.0,0.0,0.0,0.0,0.0,0.0,0.0]}