{"max":0.00949582,"min":-0.0103586,"acc":0.6226,"arr":[0.0,0.0,0.0,0.0,0.0,0.0,0.0,0.0,0.0,0.0,0.0,0.0,0.0,0.0,0.0,0.0,0.0,0.0,0.0,0.0,0.0,0.0,0.0,0.0,0.0,0.0,0.0,0.0,0.0,0.0,0.0,0.0,0.0,0.0,0.0,0.0,0.0,-2.72224e-05,-5.0404e-05,-6.16758e-06,0.0,0.0,0.000225268,0.000248521,2.15103e-05,0.0,0.0,0.0,0.0,0.0,0.0,0.0,0.0,0.0,0.0,0.0,0.0,0.0,0.0,0.0,0.0,0.0,0.0,0.0,0.0,-6.57623e-05,-0.000153397,-0.000185191,-0.000305019,-0.000261603,0.000159157,0.000248805,-1.16446e-05,-0.000135032,-0.000242668,-0.000182468,-0.000177519,-7.46942e-05,-4.62491e-05,-6.71668e-06,0.0,0.0,0.0,0.0,0.0,0.0,0.0,0.0,0.0,0.000216407,0.000470959,0.000474995,0.00072408,0.000759478,0.00161881,0.00320613,0.00447721,0.00596403,0.00524946,0.00414861,0.00253091,0.00115064,-0.000555693,-0.000666634,-0.000584743,-0.000287217,-0.00015873,-4.08371e-05,0.0,0.0,0.0,0.0,0.0,0.0,0.0,0.0,0.0,0.000252411,0.000574138,0.00091109,0.00167887,0.00313357,0.00541135,0.00640199,0.00822709,0.00923757,0.00910343,0.00814427,0.00650289,0.00347085,0.00116594,-0.0003269,-0.000855215,-0.00103761,-0.000372056,-9.77662e-05,-1.19837e-05,-2.74505e-05,-2.40192e-05,0.0,0.0,0.0,0.0,0.0,0.0,0.000438354,0.00101978,0.00207439,0.00394832,0.00535706,0.00703533,0.00782828,0.00949582,0.00879487,0.00819311,0.00723345,0.00524503,0.00347767,0.00161383,-0.000590348,-0.00183212,-0.00210866,-0.00109462,-0.000510684,-0.000309682,-0.000163763,-4.99489e-05,0.0,0.0,0.0,0.0,0.0,8.54431e-05,0.000599883,0.00176783,0.0035897,0.00460616,0.00478043,0.00515749,0.00653128,0.00532327,0.00211855,0.000994945,0.00225815,0.00261887,0.000891083,-0.000364595,-0.00195469,-0.00323003,-0.00314305,-0.00179474,-0.00130211,-0.000993708,-0.000594008,-0.00012614,-6.1967e-06,0.0,0.0,-1.42351e-05,-4.15178e-05,5.71924e-05,0.000328293,0.00172817,0.00299389,0.00197252,0.00228484,0.00210982,0.000490466,-0.00216452,-0.00471819,-0.00528114,-0.00283637,0.000443027,0.00015596,-0.00068473,-0.00157501,-0.0032048,-0.00412262,-0.00297961,-0.00184336,-0.00117098,-0.000661448,-0.000197302,-4.1257e-05,0.0,0.0,-8.51864e-05,-0.0001587,-0.000139517,0.000176671,0.000774928,0.000335607,-0.00021192,0.000187612,-0.000920895,-0.00357305,-0.00605014,-0.00782076,-0.00875458,-0.00569552,-0.00131511,0.00158316,0.00168695,-0.000530789,-0.00306168,-0.00460718,-0.00360644,-0.00193741,-0.00090876,-0.000480744,-0.00020831,-2.26669e-05,0.0,0.0,-6.84392e-05,-0.000255995,-0.000413811,-0.000363623,-0.000595703,-0.00200991,-0.00157693,-0.0021533,-0.00433634,-0.00729109,-0.00735367,-0.00800862,-0.00766693,-0.00519736,-0.000245556,0.00260852,0.00338608,0.0011053,-0.00266204,-0.00414076,-0.00353459,-0.0017316,-0.000609955,-0.00028879,-0.000119695,0.0,0.0,0.0,-2.6217e-05,-3.3157e-05,-0.000348616,-8.67178e-05,-0.000332911,-0.00236216,-0.0034132,-0.00478142,-0.00718505,-0.00868966,-0.00813993,-0.00732395,-0.00583037,-0.00295215,0.00117106,0.00381324,0.00373585,0.000764966,-0.00191331,-0.00354928,-0.00318093,-0.0015546,-0.000433712,-0.000123884,-4.62886e-05,0.0,0.0,0.0,0.0,0.000248874,-0.00012439,-8.89963e-05,-0.000390315,-0.00299158,-0.00547588,-0.0077693,-0.00962003,-0.00952421,-0.00803333,-0.00670344,-0.00568509,-0.00161067,0.00125927,0.00276788,0.0024853,0.000853734,-0.0012794,-0.00321978,-0.00280411,-0.00138534,-0.000419847,-3.54865e-05,-8.37514e-06,0.0,0.0,0.0,-3.49169e-06,-9.29331e-05,1.9876e-05,-0.000294339,-0.0015782,-0.00436592,-0.00691161,-0.00932987,-0.0103586,-0.00902935,-0.00763495,-0.00578694,-0.00494065,-0.00114362,-0.000317575,8.02931e-05,0.000638523,0.000878154,-0.000852515,-0.00271096,-0.00196728,-0.00116202,-0.000440252,3.05919e-05,0.0,0.0,0.0,0.0,-2.15015e-05,-7.49691e-05,-0.000229438,-0.000950895,-0.00242079,-0.00461795,-0.00681768,-0.00957145,-0.00987138,-0.00869986,-0.00662315,-0.00525772,-0.00304664,-0.00264565,-0.00199719,-0.00201439,-0.000301097,0.00123657,-0.0011909,-0.0020979,-0.00158564,-0.000780619,1.35315e-07,0.000159424,0.0,0.0,0.0,0.0,-2.3523e-05,-2.11336e-05,-0.000219766,-0.00108746,-0.00195294,-0.00380077,-0.00601508,-0.00727773,-0.00696242,-0.00603329,-0.00447808,-0.00413777,-0.00302733,-0.0022311,-0.00330023,-0.00224324,-0.00126931,7.01194e-05,-0.00257568,-0.00305754,-0.00208299,-0.000901142,0.00027701,0.000207364,0.0,0.0,0.0,0.0,-1.85611e-05,0.0,-1.68869e-05,-0.000203562,-0.000694598,-0.00221002,-0.00319796,-0.00283319,-0.00196323,-0.000918763,-0.000157003,-0.000229455,-0.000523896,-0.00270634,-0.00247609,-0.00228619,-0.00146698,-0.00187367,-0.00394035,-0.00406391,-0.00265832,-0.000810735,0.000502368,0.000245733,1.77836e-05,0.000151161,0.0,0.0,0.0,0.000100431,2.796e-05,5.30187e-05,0.000655314,0.00074699,0.00100117,0.00155181,0.00253812,0.00365091,0.00401934,0.00403818,0.00165149,-0.000320055,0.000317161,-0.000664006,-5.77775e-05,-0.00246214,-0.00317654,-0.00250872,-0.00120418,0.000409586,0.000675271,0.00101327,0.000366342,0.000311213,0.0,0.0,0.0,0.00034999,-0.000157082,0.000526316,0.00226018,0.0041483,0.00422318,0.00501148,0.00662897,0.00789581,0.00776057,0.00628188,0.00312568,0.0024068,0.00208913,0.0020913,0.000645347,-0.000445067,0.000286018,0.00107747,0.00223768,0.00240544,0.00203996,0.00173926,9.42531e-05,1.60052e-05,0.0,0.0,-3.7804e-05,0.000182094,-0.000374498,0.000655728,0.00330119,0.00586742,0.00653844,0.00762072,0.00817924,0.00726608,0.00700496,0.00468056,0.00419131,0.00354105,0.0026562,0.000985517,0.000878277,0.000279055,0.00286384,0.00430743,0.00433042,0.0042558,0.00272711,0.000990856,0.0,0.0,0.0,0.0,-6.87818e-05,0.000152546,-0.000359058,0.000598375,0.00327777,0.00714958,0.00867784,0.00881498,0.00742431,0.00629614,0.00588845,0.00594898,0.00498948,0.00311993,0.00193382,0.00268677,0.00333687,0.00372565,0.00449967,0.00601022,0.00532651,0.00398839,0.00279695,0.000469343,0.0,0.0,0.0,0.0,-4.47023e-05,0.000225444,-0.000221422,0.000672908,0.00318566,0.00641986,0.00799091,0.00913333,0.00858271,0.00723681,0.00578192,0.00547627,0.00359845,0.000620168,0.000675336,0.00154332,0.0042439,0.0073188,0.00732882,0.00650928,0.00531835,0.00354431,0.00256003,0.000602615,0.0,0.0,0.0,0.0,-1.17076e-05,0.000148744,0.000178196,0.000592195,0.00268069,0.00499179,0.00591333,0.00665175,0.0068012,0.00478822,0.00181716,2.49898e-05,-0.00135193,-0.00286752,-0.00220657,-0.000721851,0.00240522,0.00623573,0.00629731,0.00516438,0.00394812,0.00273108,0.00122364,0.000149262,0.0,0.0,0.0,0.0,0.0,-2.17487e-05,-1.58473e-05,-0.00011798,0.00139822,0.00243503,0.00232387,0.001339,-6.73358e-06,-0.00274954,-0.00445933,-0.00592508,-0.00687491,-0.00639974,-0.00432624,-0.00118313,0.00154416,0.00339718,0.00315308,0.00226511,0.00159012,0.000955529,0.000385012,7.73371e-05,0.0,0.0,0.0,0.0,0.0,-2.04238e-05,-0.000166955,-0.000322616,-0.000352609,-0.000114611,-0.00236338,-0.00534254,-0.00640285,-0.00758022,-0.0085164,-0.00838629,-0.00883456,-0.00805673,-0.0054441,-0.00225734,-0.000223279,0.00025109,0.000327258,0.000251844,0.000439092,0.000506305,0.0,0.0,0.0,0.0,0.0,0.0,0.0,0.0,-4.59514e-05,-0.000157992,-0.000393851,-0.00102315,-0.00193314,-0.0033046,-0.00470445,-0.00554562,-0.00568235,-0.00572326,-0.0051729,-0.00436663,-0.00318115,-0.00180538,-0.00110378,-0.000649374,-0.000376672,-0.000114232,0.000292653,0.000267706,0.0,0.0,0.0,0.0,0.0,0.0,0.0,0.0,0.0,-3.50375e-05,-7.65749e-05,-0.000291152,-0.000643793,-0.00100285,-0.00174709,-0.00195155,-0.00210442,-0.00214925,-0.00169445,-0.00182848,-0.00167557,-0.00127717,-0.000800136,-0.000432204,-0.000225254,-0.000159411,-0.000100125,-3.65436e-05,0.0,0.0,0.0,0.0,0.0,0.0,0.0,0.0,0.0,0.0,-1.99263e-07,-7.58332e-05,-0.000280734,-0.000253635,-0.000436354,-0.000481888,-0.000564625,-0.000783167,-0.000730128,-0.000694289,-0.000718737,-0.000596293,-0.000285564,-0.000106088,-1.70588e-05,-6.01355e-06,0.0,0.0,0.0,0.0,0.0,0.0,0.0,0.0,0.0,0.0,0.0,0.0,-7.50677e-06,-5.2848e-05,-8.58353e-05,-4.68326e-05,-4.73877e-05,-3.02396e-05,-4.82506e-05,-0.000100761,-0.000117945,-0.000139344,-0.000199056,-0.000119764,0.0,0.0,0.0,0.0,0.0,0.0,0.0,0.0,0.0,0.0]}