{"max":0.187707,"min":-0.265066,"acc":0.9007,"arr":[0.0,0.0,0.0,0.0,0.0,0.0,0.0,0.0,0.0,0.0,0.0,0.0,-1.95211e-05,9.57449e-05,0.000154112,6.42134e-06,0.0,0.0,0.0,0.0,0.0,0.0,0.0,0.0,0.0,0.0,0.0,0.0,0.0,0.0,0.0,0.0,-9.13291e-07,-3.42715e-06,-9.5796e-05,-0.000215243,-0.000202482,-0.000467386,-0.000885574,-0.00132003,-0.00147197,-0.000995102,-0.000459036,-0.000293297,0.00115342,2.92608e-05,-0.000706949,-0.000685486,-0.000489262,-0.000288072,-5.35396e-05,-1.19922e-05,0.0,0.0,0.0,0.0,0.0,0.0,-3.27394e-07,-7.7759e-06,-6.39806e-05,-1.55753e-05,-0.000284472,-0.000746576,-0.000919956,-0.000514606,-0.000712893,0.000844805,-0.00134806,-0.00431197,-0.00374851,-0.0031963,-0.00429268,-0.00634063,-0.00932503,-0.011075,-0.00836012,-0.00615755,-0.00367227,-0.00147135,0.000172599,0.000417118,0.0,0.0,0.0,0.0,6.36308e-06,-2.16454e-05,-0.000193223,0.000620644,0.00201008,0.00693732,0.014695,0.030938,0.0424693,0.0539215,0.0618335,0.0639596,0.0540027,0.0453357,0.0347565,0.0158244,-0.00599086,-0.0168763,-0.019894,-0.0170437,-0.0114868,-0.00663606,-0.0024424,-7.54562e-05,-5.88035e-05,0.0,0.0,-7.31749e-06,-5.41932e-06,3.23647e-05,-0.000158288,0.00453212,0.0138823,0.0297094,0.0538077,0.0899829,0.122048,0.152351,0.169801,0.170905,0.161886,0.142386,0.12546,0.08261,0.0365014,-0.00188554,-0.024702,-0.0329588,-0.027479,-0.017706,-0.00864405,-0.00173243,-0.000214127,-6.37525e-05,0.0,0.0,5.23212e-05,0.000203802,0.00131231,0.0100727,0.0303285,0.0643307,0.106488,0.143416,0.169383,0.18651,0.187616,0.187707,0.182675,0.179772,0.159643,0.120302,0.0638509,0.00900049,-0.0220366,-0.0322237,-0.0343984,-0.0312593,-0.0175155,-0.00474297,-0.000722907,-9.80859e-05,0.0,-1.23291e-06,-6.14462e-05,0.000514281,0.00303039,0.0167631,0.0493356,0.0912922,0.119108,0.134306,0.133576,0.124555,0.110937,0.102599,0.0985527,0.0960499,0.0848493,0.0643645,0.0308513,-0.00298758,-0.0242865,-0.0307753,-0.0377851,-0.0436263,-0.0252484,-0.00851581,-0.00138536,-7.87146e-05,0.0,-5.7331e-05,0.000181653,9.52031e-05,0.00600162,0.0249097,0.0639594,0.0837367,0.0855033,0.0746844,0.0654689,0.0628015,0.0499893,0.0452903,0.0446968,0.0321201,0.022015,0.00518464,-0.00285679,-0.0138124,-0.0202817,-0.0194985,-0.0280098,-0.0500875,-0.034694,-0.0123159,-0.00197676,-0.000134995,-1.75931e-05,9.85009e-05,2.18367e-05,-0.000671812,0.00592674,0.0280924,0.0526172,0.0488319,0.0340122,0.0242935,0.0331452,0.0269239,0.0111941,0.00780705,0.0237571,0.029457,0.0196268,0.009563,-0.00675507,-0.00849875,-0.0182508,-0.0186956,-0.0290347,-0.0494389,-0.0405242,-0.0151239,-0.00221508,-0.000102917,-1.6315e-05,-0.000144051,0.000384342,0.000452074,0.00607409,0.0254695,0.0208031,-0.0110297,-0.0399828,-0.0366903,-0.0221956,-0.0361405,-0.0550223,-0.055727,-0.0272795,0.00702431,0.0273198,0.0191564,0.00807446,-0.00376338,-0.01863,-0.021591,-0.0286073,-0.0478286,-0.0373946,-0.0129053,-0.00194575,-0.000148181,-2.06577e-05,-0.000146178,-7.08378e-05,0.00101071,-0.00296762,0.000666018,-0.0218285,-0.0795719,-0.107811,-0.11027,-0.113454,-0.133682,-0.154435,-0.154867,-0.102834,-0.0483354,0.00187836,0.0107618,0.00924638,-0.000516596,-0.0117976,-0.0214652,-0.0329641,-0.0414078,-0.0260939,-0.00842265,-0.00107681,-0.000134953,-1.16907e-05,-0.000122468,-0.000512259,-0.00141877,-0.0097174,-0.0326114,-0.0846379,-0.145944,-0.176506,-0.187203,-0.210305,-0.236916,-0.253226,-0.232055,-0.172119,-0.092812,-0.0325719,-0.0258595,-0.0104588,0.0102092,-0.00880874,-0.0265728,-0.0443763,-0.0439465,-0.0188768,-0.00233902,-0.000261915,-5.69515e-05,-1.64031e-06,-4.55314e-05,-0.000320132,-0.00333838,-0.0151071,-0.0613424,-0.132333,-0.188734,-0.210391,-0.227567,-0.250349,-0.265066,-0.258887,-0.224146,-0.179705,-0.1167,-0.078308,-0.0603489,-0.024048,0.00662074,-0.0137952,-0.0385874,-0.0603188,-0.0575287,-0.0179621,0.00341919,0.00281496,0.000269392,-2.46973e-06,-2.63415e-05,-0.000158706,-0.00381434,-0.0212866,-0.0773185,-0.144965,-0.18408,-0.191266,-0.192587,-0.191871,-0.174721,-0.151665,-0.132445,-0.117248,-0.108347,-0.0937078,-0.0649349,-0.0371167,-0.0187117,-0.0321206,-0.0552323,-0.0685872,-0.0567148,-0.0161971,0.0108402,0.00740797,0.00204436,-1.71014e-06,-0.000152591,-0.000206757,-0.00362634,-0.0182917,-0.0695668,-0.112639,-0.122211,-0.109883,-0.0948404,-0.0697932,-0.0374054,-0.0174259,-0.0139184,-0.037862,-0.0618273,-0.0505958,-0.0515948,-0.0361104,-0.0379143,-0.047622,-0.0646056,-0.0660094,-0.0470844,-0.0111907,0.0165686,0.0106522,0.000348073,-5.81448e-07,-0.000252875,-0.00056541,0.000741807,-0.00183859,-0.0250217,-0.038911,-0.0364481,-0.0206827,-0.00257229,0.0251026,0.055559,0.0821049,0.078155,0.0285594,0.00336439,0.00838357,-0.0108655,-0.0289804,-0.0372487,-0.0514761,-0.0537065,-0.0479727,-0.0238778,0.0128899,0.0291772,0.0142358,0.00127135,-1.22793e-07,-0.000171473,-0.000889039,0.00741407,0.0228208,0.0296852,0.043767,0.0418938,0.0402637,0.0591305,0.080141,0.113261,0.144487,0.123359,0.0700067,0.0591082,0.0698471,0.0400061,0.00169154,-0.0151257,-0.0150081,0.00191106,0.00969612,0.028904,0.0481911,0.0532356,0.0199103,0.00174752,0.0,-0.000120654,-0.000469933,0.0159533,0.0509337,0.0826935,0.0976821,0.0925485,0.0819417,0.0867539,0.106013,0.14706,0.164322,0.140084,0.102355,0.098115,0.0872978,0.053809,0.0232924,0.0146881,0.031696,0.0507339,0.0666298,0.0799961,0.0931037,0.0638582,0.0155832,0.000638553,-3.4921e-06,-3.94232e-05,-0.00201321,0.0188384,0.0686335,0.116113,0.133135,0.134759,0.110537,0.113628,0.141401,0.163659,0.175039,0.154344,0.112816,0.0852632,0.0769023,0.053722,0.0425961,0.0483581,0.0679071,0.0936623,0.116304,0.137941,0.120918,0.0561664,0.00836948,0.00106073,-2.22845e-06,-7.69721e-05,-0.00219425,0.015968,0.069274,0.116087,0.143582,0.15416,0.140675,0.145546,0.155358,0.162965,0.145448,0.114535,0.070463,0.0500769,0.0403152,0.042404,0.0528484,0.0719328,0.102045,0.131677,0.153219,0.15193,0.107989,0.0476585,0.00955934,0.000528002,0.0,-0.000127105,-0.000757825,0.0160711,0.063479,0.101611,0.130254,0.152586,0.152986,0.145915,0.120078,0.104162,0.0632341,0.0244014,0.00259004,-0.00252185,0.0145595,0.0377798,0.0756017,0.108338,0.130681,0.153317,0.157422,0.134514,0.0876839,0.028416,0.00443527,-5.80037e-06,-1.45541e-06,9.9688e-05,0.00027937,0.0130606,0.0428791,0.0703629,0.0926808,0.113985,0.125652,0.121188,0.0887542,0.0525127,0.0118348,-0.0222291,-0.0445288,-0.0378875,-0.0022158,0.0447013,0.0874105,0.120913,0.125549,0.137754,0.130008,0.101043,0.0561161,0.016284,0.00190822,-1.49178e-06,-1.40993e-06,-1.46137e-06,-0.000118342,0.00719528,0.0224684,0.0352856,0.0465017,0.0588464,0.0698832,0.0587049,0.0299201,-0.00232325,-0.039112,-0.0738466,-0.0892161,-0.0766352,-0.0383808,0.00587653,0.0533428,0.0798413,0.0909006,0.0893879,0.0767757,0.050317,0.0241387,0.00608291,-0.00017213,-2.75406e-06,0.0,0.0,-0.000191916,-0.000283784,0.000105467,-0.00178021,-0.0105874,-0.0214482,-0.0307749,-0.0425407,-0.0629261,-0.083091,-0.107901,-0.127685,-0.127942,-0.112467,-0.0788729,-0.0440788,-0.00684156,0.0147959,0.0243119,0.0308179,0.0257911,0.0152096,0.00779624,0.00251137,-0.0002228,0.0,0.0,0.0,-0.000187956,-0.00243939,-0.00640029,-0.0133414,-0.0277636,-0.0446897,-0.0599184,-0.0752538,-0.0896651,-0.0917486,-0.0898374,-0.0875623,-0.0778734,-0.0707738,-0.0560701,-0.0407099,-0.0306019,-0.0268566,-0.0153056,-0.0050455,0.000990959,0.00200528,0.00418929,0.00243151,0.000325987,0.0,0.0,0.0,-1.57794e-05,-0.00066723,-0.00250006,-0.00541239,-0.0103741,-0.0190178,-0.0289573,-0.0346082,-0.0363867,-0.036393,-0.0346312,-0.0331769,-0.029222,-0.0254665,-0.0234204,-0.0208067,-0.0207586,-0.0189903,-0.0115075,-0.00746187,-0.00412326,-0.00215092,-0.000518286,0.000289003,0.000346609,0.0,0.0,0.0,0.0,0.0,-0.000245428,-0.00084469,-0.00188169,-0.0029057,-0.00425411,-0.00530292,-0.00665685,-0.0075372,-0.00737104,-0.0077706,-0.00740175,-0.00667866,-0.00599536,-0.00519358,-0.00428502,-0.0031904,-0.00213047,-0.00106439,-0.000250498,-4.1758e-05,-1.2986e-06,-1.81095e-06,0.0,0.0,0.0,0.0,0.0,0.0,-1.73175e-06,-5.71688e-06,-4.16561e-05,-0.00014642,-0.000216762,-0.000207149,-0.000351941,-0.000433376,-0.00044808,-0.000512172,-0.000675912,-0.00068525,-0.000667685,