{"max":0.00522871,"min":-0.00429849,"acc":0.4222,"arr":[0.0,0.0,0.0,0.0,0.0,0.0,0.0,0.0,0.0,0.0,0.0,0.0,0.0,0.0,0.0,0.0,0.0,0.0,0.0,0.0,0.0,0.0,0.0,0.0,0.0,0.0,0.0,0.0,0.0,0.0,0.0,0.0,0.0,0.0,0.0,0.0,0.0,0.0,0.0,0.0,0.0,0.0,0.0,-1.72243e-05,-3.30467e-05,0.0,0.0,0.0,0.0,0.0,0.0,0.0,0.0,0.0,0.0,0.0,0.0,0.0,0.0,0.0,0.0,0.0,0.0,0.0,0.0,-1.3836e-05,-6.27621e-05,-0.000104611,-7.76991e-05,-3.28514e-05,0.000116525,0.000217915,2.50536e-05,-6.6911e-05,-0.000115294,-3.65944e-05,-5.21927e-05,-2.49706e-05,0.0,0.0,0.0,0.0,0.0,0.0,0.0,0.0,0.0,0.0,0.0,0.0,0.0,0.0,6.97888e-06,4.7783e-05,0.000549775,0.00125336,0.00159065,0.00227061,0.00251795,0.00215172,0.000909028,0.000291472,-0.000307164,-0.000388244,-0.0003837,-0.000218613,-0.000117854,-3.64233e-05,0.0,0.0,0.0,0.0,0.0,0.0,0.0,0.0,0.0,0.0,3.77037e-05,0.00028829,0.000716738,0.001842,0.00312189,0.00335343,0.00383175,0.00399597,0.00338348,0.00298864,0.00273797,0.00101649,-8.3872e-06,-0.00054712,-0.00060074,-0.00063305,-0.000303007,-7.9577e-05,0.0,0.0,0.0,0.0,0.0,0.0,0.0,0.0,0.0,-3.3953e-05,6.17008e-05,0.000674137,0.00259049,0.00320965,0.00396744,0.00406968,0.00452641,0.00391821,0.0039015,0.00362483,0.00254367,0.00188329,0.000723746,-0.000662311,-0.000983197,-0.000830151,-0.000484426,-0.00024901,-0.000125697,-5.6857e-05,-1.17149e-05,0.0,0.0,0.0,0.0,0.0,0.0,6.94944e-05,0.00095682,0.00203868,0.00290048,0.00270839,0.00224166,0.00210493,0.00128845,0.000452234,0.000502739,0.00121428,0.00062805,0.000126619,0.000152319,-0.00107485,-0.0015405,-0.00134189,-0.000657857,-0.000599306,-0.000496097,-0.000340996,-4.33892e-05,0.0,0.0,0.0,0.0,-2.06273e-05,-6.75871e-05,0.000160885,0.00141429,0.00181698,0.00117462,0.00109445,0.000874969,3.81912e-05,-0.00145643,-0.00203249,-0.00215838,-0.00164928,-0.000828622,-0.000911538,-5.29902e-05,-0.00025899,-0.00114157,-0.00187749,-0.00124235,-0.0007856,-0.000540332,-0.000294672,-4.27451e-05,0.0,0.0,0.0,-2.47629e-05,-8.02596e-05,-0.00023231,0.000247449,0.000648179,0.00072545,0.000295818,0.000547095,-9.40409e-05,-0.00143361,-0.00251559,-0.00291279,-0.00338402,-0.0031568,-0.00164097,-0.000521892,0.0007649,0.00049087,-0.000693639,-0.00190168,-0.00152179,-0.000726622,-0.000317734,-0.000145853,-2.41177e-05,0.0,0.0,0.0,-1.62506e-05,-0.000123463,-0.000316374,-0.000152839,-0.000379811,-0.000706155,-0.000419066,-0.00051631,-0.00154933,-0.00291306,-0.00310365,-0.00320933,-0.00267,-0.00237992,-0.00053948,0.00040897,0.00145332,0.00150693,-0.000392479,-0.00185451,-0.00149683,-0.000717984,-0.000222087,-0.000106233,-3.64706e-05,0.0,0.0,0.0,0.0,7.81417e-05,-7.40173e-05,-0.000146293,0.000147246,-0.000328646,-0.000656578,-0.00137647,-0.00278767,-0.00393512,-0.00385027,-0.00306128,-0.00250127,-0.00138809,0.00046472,0.00177303,0.00221577,0.000799405,-0.00054668,-0.00168271,-0.00139571,-0.000509496,-0.000146443,-1.41176e-05,-4.11765e-06,0.0,0.0,0.0,0.0,0.00028983,0.000114459,0.000298412,0.000556379,-0.000625695,-0.00200016,-0.0030498,-0.0039234,-0.00418417,-0.00336212,-0.00309631,-0.00287249,-0.000923254,0.000404001,0.00164131,0.00215807,0.000260226,-0.000587644,-0.00144566,-0.00104076,-0.000393047,-0.000163623,0.0,0.0,0.0,0.0,0.0,0.0,-1.98039e-05,0.000193344,0.000233169,-7.97712e-05,-0.00141433,-0.00296904,-0.00413195,-0.00429849,-0.00375773,-0.00301796,-0.00260539,-0.0027557,-0.00113795,-0.000296048,0.00113046,0.00117634,-3.46339e-05,-0.000671076,-0.00133225,-0.000690506,-0.000450573,-0.00018443,-7.88435e-07,0.0,0.0,0.0,0.0,0.0,0.0,-0.00010008,-0.000326423,-0.000812431,-0.00167373,-0.00269369,-0.00390799,-0.00370704,-0.00293072,-0.00228261,-0.00190367,-0.00114384,-0.0015056,-0.000654939,0.000538917,0.000593708,0.000420799,-0.00060152,-0.000722546,-0.000451049,-0.000209821,1.89098e-05,-2.44415e-05,0.0,0.0,0.0,0.0,0.0,0.0,-0.000120606,-0.000424456,-0.000784745,-0.0015403,-0.0023496,-0.00235219,-0.00193084,-0.00188441,-0.00159994,-0.000959393,-0.00068481,-0.00093018,-0.000991606,-4.58633e-05,-0.000197863,4.75497e-05,-0.00120901,-0.0010002,-0.000681812,-0.000251847,0.000280257,0.0,0.0,0.0,0.0,0.0,0.0,0.0,-7.47041e-05,8.97026e-05,0.000135718,-0.000356733,-0.000589892,-0.000631844,-0.000762406,-0.000760666,-3.0833e-05,0.000473277,0.000232097,-0.000847061,-0.00101556,-0.000382668,-0.000573664,-0.000995788,-0.00195797,-0.0014656,-0.000951865,-0.000382245,0.000432883,0.000207589,0.0,0.0,0.0,0.0,0.0,-4.33817e-06,-0.000138133,0.000110863,0.000967296,0.0013306,0.00108856,0.000483468,0.0005701,0.00120103,0.00150898,0.00162294,0.0004217,-0.00039183,0.000231224,0.000289005,0.000629502,-0.000535578,-0.00119648,-0.000519916,-0.000460159,0.00028017,0.000559072,0.000696492,0.0,0.0,0.0,0.0,0.0,-4.35926e-05,-0.000274996,0.000302764,0.00130864,0.00215652,0.00141102,0.00154786,0.00290688,0.00316637,0.00325418,0.00206566,0.00112091,0.00139321,0.00172085,0.0018558,0.00169431,0.000691718,0.000339463,0.000646801,0.000961664,0.00109711,0.000706198,0.0005197,0.0,0.0,0.0,0.0,-1.88235e-05,-0.000130708,-0.000428254,0.000299963,0.00158505,0.00237672,0.00261335,0.00421048,0.00450006,0.00387796,0.00268241,0.00116916,0.001867,0.00235093,0.00159928,0.000919768,0.000856244,0.000318328,0.00119054,0.00195982,0.00185428,0.002088,0.0014219,0.000789134,0.0,0.0,0.0,0.0,-2.37255e-05,-0.000194213,-0.000421112,0.000161095,0.00146377,0.00286196,0.00463251,0.00491525,0.00425976,0.00270778,0.00167675,0.00207578,0.00309865,0.00253093,0.00114119,0.0014851,0.00228696,0.002317,0.00277772,0.00289002,0.00240434,0.00232071,0.00184783,0.000308435,0.0,0.0,0.0,0.0,-7.45098e-06,-0.000162137,-0.000355688,0.000190681,0.0013495,0.00297658,0.00478166,0.00522871,0.00415594,0.00249819,0.00193716,0.00315803,0.00284349,0.000358862,-0.000987709,-0.000556793,0.00178814,0.00355505,0.00385952,0.00295879,0.00302554,0.0024504,0.00148664,-2.81699e-05,0.0,0.0,0.0,0.0,0.0,-4.97297e-05,-0.000239414,4.35805e-05,0.00106241,0.00173362,0.00251178,0.00325406,0.00296639,0.00176072,0.000697382,0.000341059,-0.000837133,-0.0023158,-0.00205622,-0.00118855,0.000676444,0.00295097,0.0031158,0.00301585,0.00230979,0.00169108,0.000804827,3.33956e-05,0.0,0.0,0.0,0.0,0.0,-4.13553e-07,-0.000133175,-0.000136491,0.000143789,0.000468985,0.000317391,0.000753161,0.000682835,-0.000847054,-0.00166877,-0.00237019,-0.00344898,-0.00332344,-0.00271813,-0.0012833,0.000130596,0.00145088,0.0016833,0.00171364,0.00107072,0.000648617,0.000388404,7.73371e-05,0.0,0.0,0.0,0.0,0.0,0.0,-8.05482e-05,-0.000284987,-0.00047495,-0.000241364,-0.000908194,-0.00227542,-0.00238814,-0.00291521,-0.00346048,-0.00398504,-0.00428821,-0.0040863,-0.00273272,-0.0013084,-0.000377888,0.000113693,0.000637066,0.00057995,0.000576847,0.000515456,0.0,0.0,0.0,0.0,0.0,0.0,0.0,0.0,-1.07694e-05,-5.46363e-05,-0.000180898,-0.000426293,-0.000805061,-0.00132777,-0.00189386,-0.00220098,-0.0023894,-0.00259235,-0.00251006,-0.00224895,-0.00175865,-0.00108602,-0.000839345,-0.000533931,-0.000199865,0.000125482,0.000418379,0.000307278,0.0,0.0,0.0,0.0,0.0,0.0,0.0,0.0,0.0,0.0,-3.58673e-06,-8.75643e-05,-0.00027134,-0.000415407,-0.000641253,-0.000729463,-0.000851573,-0.000981506,-0.000859601,-0.000866324,-0.000876477,-0.000712676,-0.000421465,-0.000249666,-0.000101294,-5.05663e-05,-6.27451e-06,0.0,0.0,0.0,0.0,0.0,0.0,0.0,0.0,0.0,0.0,0.0,-1.99263e-07,-5.62102e-05,-0.000143447,-0.000126105,-0.000152639,-9.71405e-05,-0.000138506,-0.000371277,-0.000331482,-0.000271299,-0.000365571,-0.000378807,-0.000117452,-5.54902e-05,-1.70588e-05,0.0,0.0,0.0,0.0,0.0,0.0,0.0,0.0,0.0,0.0,0.0,0.0,0.0,0.0,-1.01876e-05,-4.70198e-05,-3.62445e-05,-3.91832e-06,0.0,-4.56515e-05,-2.50091e-05,0.0,-3.39702e-05,-0.000132408,-0.000119764,0.0,0.0,0.0,0.0,0.0,0.0,0.0,0.0,0.0,0.0]}