{"max":0.0772285,"min":-0.0904916,"acc":0.833,"arr":[0.0,0.0,0.0,0.0,0.0,0.0,0.0,0.0,0.0,0.0,0.0,0.0,0.0,0.0,0.0,0.0,0.0,0.0,0.0,0.0,0.0,0.0,0.0,0.0,0.0,0.0,0.0,0.0,0.0,0.0,0.0,0.0,0.0,0.0,-5.24137e-05,-0.000131199,-0.000230952,-0.000169509,-0.000443315,-0.000333829,-0.000281999,-0.000147629,0.000302227,8.49142e-05,-0.000100637,7.09189e-05,-7.56777e-05,-0.000198366,-0.00014162,-9.67296e-07,0.0,0.0,0.0,0.0,0.0,0.0,0.0,0.0,0.0,-6.96944e-06,-7.31657e-06,0.0,-8.34108e-05,-0.000304907,-0.000468848,-5.69214e-05,-0.000154945,5.695e-05,-0.000321513,-0.00135839,-0.00113726,-0.000832796,-0.00244807,-0.00243283,-0.00249331,-0.00300598,-0.00212682,-0.00140829,-0.000593151,-9.25691e-05,0.0,0.0,0.0,0.0,0.0,0.0,9.29631e-06,-7.1745e-06,-3.40735e-05,0.000189256,0.000918084,0.00275923,0.00603556,0.0103798,0.0142235,0.0199451,0.0237167,0.0272473,0.0281993,0.0266638,0.0208383,0.0144043,0.00489915,-0.000651502,-0.00116193,-0.00136655,-0.00109571,-0.000402236,-0.000257608,-7.68758e-05,-8.60058e-06,0.0,0.0,-6.54063e-06,3.5495e-05,0.00011326,0.000252096,0.00140542,0.0041002,0.0103533,0.0178834,0.0258167,0.0386612,0.0529365,0.0639499,0.0700184,0.0715358,0.0648776,0.0549889,0.0369776,0.0207989,0.00859214,0.000128179,-0.00295907,-0.00252635,-0.00125835,-0.00101643,-0.000264142,-5.47062e-05,0.0,0.0,0.0,4.10738e-05,0.000129742,0.000571481,0.00254335,0.00930628,0.0194363,0.0314806,0.0425582,0.0569717,0.0706772,0.0772285,0.0757349,0.0706117,0.065853,0.0544047,0.0399489,0.0223989,0.00812856,0.000176353,-0.00478148,-0.00561133,-0.00580633,-0.00357715,-0.00110277,-0.000184928,0.0,0.0,0.0,-4.84608e-06,0.000326531,0.000432912,0.00345947,0.0132189,0.0269127,0.0355992,0.0471225,0.0550974,0.0570147,0.0495729,0.0390324,0.0333376,0.0344084,0.0312102,0.0258898,0.0141904,0.00340361,-0.000325552,-0.00599521,-0.00985587,-0.0105229,-0.0066729,-0.00273813,-0.000538184,-4.67997e-05,0.0,-1.65717e-05,-0.000170944,-0.000307362,-0.000338783,0.00412983,0.0156997,0.024867,0.0257002,0.0285485,0.0246489,0.0189751,0.00884932,-0.00220186,-0.00676685,-0.00276502,0.00697792,0.0118433,0.00761517,0.0015682,0.000434843,-0.0047002,-0.0109785,-0.0136806,-0.00875461,-0.00370983,-0.000771391,-7.59818e-05,0.0,-5.12189e-05,-0.00037394,-0.00165095,-0.00153178,0.00214432,0.0104777,0.0110469,0.00464707,-0.000690937,-0.00884967,-0.0183275,-0.0299689,-0.0358072,-0.0343876,-0.0187852,-0.00279313,0.00937693,0.00676468,0.000331543,-0.00208872,-0.00614155,-0.0101521,-0.0128941,-0.00891686,-0.0034972,-0.000710661,-2.63356e-05,-1.45004e-05,-9.037e-05,-0.000458839,-0.00144142,-0.00203632,-0.000355595,0.00197785,-0.00477768,-0.0148417,-0.0272687,-0.0409913,-0.0505941,-0.0541628,-0.0544638,-0.0445084,-0.0251471,-0.00413224,0.0136428,0.0147006,0.00497462,-0.0053716,-0.00782287,-0.0100902,-0.0117862,-0.00778741,-0.00249229,-0.000607978,-1.93399e-05,-1.68646e-05,-7.51716e-05,-0.000301395,-0.000259093,-0.0028083,-0.00408173,-0.00634378,-0.0183181,-0.0324861,-0.0490657,-0.0623592,-0.0670309,-0.0648671,-0.0598942,-0.0467192,-0.0250381,0.00136879,0.0150398,0.0187361,0.00955677,-0.0026111,-0.00766227,-0.0107649,-0.00985882,-0.00506903,-0.00143745,-0.000452143,-5.34582e-05,-1.81255e-06,-3.24026e-05,-0.00016985,-0.000109787,-0.00228569,-0.00647918,-0.0153397,-0.0309522,-0.0497611,-0.0681432,-0.0809467,-0.0826657,-0.0737484,-0.0612718,-0.0475135,-0.0218158,0.00149798,0.0124767,0.0168495,0.0107076,0.000799169,-0.00774085,-0.0109155,-0.00985108,-0.00464276,-0.000929909,-0.000203975,-4.28871e-05,0.0,-1.0018e-05,-0.000123976,-0.000688433,-0.00188812,-0.00842249,-0.0222623,-0.0405538,-0.0608678,-0.0796132,-0.0904916,-0.0874521,-0.0747586,-0.0599919,-0.0459967,-0.0235776,-0.0106375,0.000847259,0.0106733,0.0090451,-0.00160304,-0.0115046,-0.0144386,-0.0121568,-0.00550481,-0.000624857,0.000165623,-3.57768e-05,0.0,-1.61541e-06,-9.59872e-05,-0.000770244,-0.00240266,-0.0100468,-0.0256225,-0.0430391,-0.0612716,-0.0763036,-0.0793195,-0.0688418,-0.0544947,-0.0472544,-0.0365135,-0.0297633,-0.0177538,-0.00477745,0.00369631,0.00290647,-0.00974684,-0.0180252,-0.0188836,-0.0145074,-0.00609724,-8.29876e-06,0.000525209,-9.65031e-06,0.0,-2.49464e-05,-8.41675e-05,-0.000460623,-0.00148233,-0.00956182,-0.0221515,-0.034678,-0.0454047,-0.0505342,-0.0443649,-0.033025,-0.0239626,-0.0214552,-0.0248524,-0.0210982,-0.00817733,-6.58412e-05,-0.0011447,-0.0078775,-0.0223659,-0.0246175,-0.0206522,-0.0133863,-0.00446585,0.00116921,0.00126405,0.0,0.0,-5.15396e-05,-8.41298e-05,0.000297441,0.00030458,-0.00411101,-0.0091652,-0.0117096,-0.0143431,-0.0106144,-0.00178084,0.0113015,0.0196494,0.0154341,0.00552202,0.00146493,0.0101208,0.00765304,-0.00190205,-0.0178842,-0.0254641,-0.0248248,-0.0174522,-0.00718923,0.000132169,0.0034901,0.0012165,0.000257297,0.0,-2.81749e-05,6.40247e-05,0.00167832,0.00411149,0.00683523,0.0110263,0.0171368,0.0189192,0.0238535,0.030602,0.0428439,0.048431,0.0437501,0.0300446,0.0274143,0.028272,0.0164517,0.000790271,-0.0143906,-0.0162579,-0.00988227,-0.00305757,0.00530547,0.00894009,0.00909029,0.00336641,0.000427512,0.0,-2.03615e-05,0.00021717,0.00300985,0.00933232,0.0184269,0.0311845,0.0416303,0.0423059,0.0438476,0.0502171,0.0604829,0.0615483,0.0546098,0.044842,0.0397655,0.0326655,0.0209271,0.00587774,-0.0019282,0.00168502,0.00884894,0.0154608,0.0201216,0.0205292,0.0127863,0.00211375,1.60052e-05,0.0,-6.19978e-06,-2.37888e-05,0.00368798,0.0127435,0.0284225,0.0467358,0.0568921,0.0568026,0.0598887,0.0655039,0.0676005,0.0672167,0.0607521,0.0482559,0.0366423,0.0253862,0.014207,0.00952323,0.012089,0.021605,0.0309158,0.0365873,0.037912,0.0287751,0.0117421,0.00108155,0.0,0.0,0.0,-4.37825e-05,0.00421835,0.0160103,0.034722,0.0514064,0.0641909,0.0693601,0.0737537,0.0702775,0.068304,0.0633761,0.0490641,0.0330312,0.0228357,0.0129936,0.00959947,0.019806,0.0344618,0.0473781,0.0546145,0.0522514,0.0442686,0.0283156,0.0100992,0.00204244,0.0,0.0,9.6334e-06,0.000241284,0.0034736,0.0163061,0.0342008,0.0482429,0.0627374,0.0730053,0.0759524,0.0668815,0.057724,0.0372923,0.0179403,0.00345392,-0.00206206,0.00120081,0.00945148,0.0280243,0.0481565,0.0590837,0.0615365,0.055822,0.0422961,0.0260168,0.00798466,0.00135781,0.0,0.0,0.000137091,0.000429497,0.00335084,0.0111654,0.024643,0.0368873,0.052774,0.0600034,0.0556424,0.0432973,0.0266174,0.00374421,-0.018537,-0.0295238,-0.029376,-0.0163754,0.00461639,0.0276881,0.0451424,0.0518127,0.0519953,0.0439589,0.0316124,0.0191565,0.00470418,0.000525729,0.0,0.0,0.0,4.92912e-05,0.00154543,0.00506837,0.0125903,0.0197944,0.0306656,0.0311455,0.0187562,0.000277893,-0.0184578,-0.0364317,-0.0495985,-0.0534627,-0.0455928,-0.0294121,-0.00838575,0.0126585,0.0262284,0.0292701,0.02597,0.0215912,0.0145462,0.00766298,0.00173825,3.77298e-07,0.0,0.0,0.0,-7.69659e-05,-0.00022686,0.000435588,0.00181841,-3.4184e-05,-0.00162657,-0.00990931,-0.024873,-0.042036,-0.0553853,-0.0625245,-0.0631872,-0.0588289,-0.0499852,-0.0351242,-0.0192959,-0.00480545,0.00346189,0.00630102,0.00733042,0.00555538,0.0040442,0.00209466,0.000551774,-1.19233e-05,0.0,0.0,0.0,-4.91777e-06,-7.50233e-05,-0.000541578,-0.00130523,-0.00416017,-0.00864942,-0.0141453,-0.0229903,-0.0328376,-0.0388758,-0.040332,-0.0381446,-0.0339799,-0.0278881,-0.0206493,-0.0137839,-0.00787899,-0.00358983,-0.000947928,0.000620595,0.0012521,0.000763896,0.000424285,0.000430068,0.0,0.0,0.0,0.0,0.0,-1.25036e-07,-0.000190192,-0.000575661,-0.00123389,-0.00299446,-0.00531236,-0.0084738,-0.011945,-0.0138823,-0.0141185,-0.01293,-0.0109007,-0.00983354,-0.0087873,-0.00655633,-0.00437653,-0.00299957,-0.00197764,-0.00133804,-0.000632106,-0.000161903,-4.18395e-05,0.0,0.0,0.0,0.0,0.0,0.0,0.0,-2.67457e-05,-0.000223172,-0.000613345,-0.00108638,-0.00200714,-0.00279209,-0.00383742,-0.00424905,-0.004227,-0.00416462,-0.00389182,-0.00349786,-0.00299622,-0.00226714,-0.00150765,-0.000816187,-0.000510184,-0.000255617,-4.81652e-05,-5.328e-06,0.0,0.0,0.0,0.0,0.0,0.0,0.0,0.0,0.0,0.0,-2.90853e-05,-0.000118869,-0.000186843,-0.000170512,-0.000228421,-0.000315236,-0.000294803,-0.000322096,-0.00045609,-0.000499581,-0.000490718,-0.000298213,-0.00014319,