{"max":0.0826589,"min":-0.0928001,"acc":0.8426,"arr":[0.0,0.0,0.0,0.0,0.0,0.0,0.0,0.0,0.0,0.0,0.0,0.0,0.0,0.0,0.0,0.0,0.0,0.0,0.0,0.0,0.0,0.0,0.0,0.0,0.0,0.0,0.0,0.0,0.0,0.0,0.0,0.0,0.0,0.0,-5.24137e-05,-0.000131199,-0.000230952,-0.00020211,-0.000492026,-0.000345335,-0.000281999,-0.000147629,0.000302227,8.49142e-05,-0.000121842,3.89462e-05,-7.56777e-05,-0.000198366,-0.00014162,-9.67296e-07,0.0,0.0,0.0,0.0,0.0,0.0,0.0,0.0,0.0,-6.96944e-06,-1.04969e-05,-4.64818e-06,-8.34108e-05,-0.000304907,-0.000508396,-0.000140237,-0.000114196,0.000335007,0.000109358,-0.00100867,-0.000891289,-0.000809968,-0.00251999,-0.00241303,-0.0026904,-0.00330356,-0.00226512,-0.00149104,-0.000652542,-9.95863e-05,0.0,0.0,0.0,0.0,0.0,0.0,9.29631e-06,-7.1745e-06,-3.6153e-05,0.00026292,0.000949748,0.00288223,0.00609138,0.0112789,0.0153732,0.020997,0.0250369,0.0292562,0.030315,0.0282784,0.0218862,0.0148683,0.00466857,-0.00118752,-0.00140956,-0.00164063,-0.00126292,-0.000474508,-0.000284584,-7.68758e-05,-8.60058e-06,0.0,0.0,-6.54063e-06,3.5495e-05,0.00011326,0.000581632,0.00180294,0.00471969,0.0113265,0.0197351,0.0282549,0.0418911,0.0563528,0.068037,0.074698,0.0768841,0.0695489,0.0578543,0.0384122,0.0220736,0.00897457,0.000284154,-0.00294475,-0.0029864,-0.00161399,-0.00119198,-0.000374736,-7.79624e-05,0.0,0.0,0.0,4.10738e-05,0.000111351,0.000970334,0.00297355,0.0103236,0.0211227,0.0338742,0.0457078,0.0612933,0.0755671,0.0826589,0.0805389,0.0752665,0.070464,0.0583667,0.0426272,0.0244103,0.00956877,0.000249878,-0.00553735,-0.00643042,-0.006597,-0.00392094,-0.00129766,-0.000214487,0.0,0.0,0.0,-4.84608e-06,0.000287614,0.000545191,0.00361082,0.0137439,0.0279532,0.0372011,0.0499406,0.0588146,0.060247,0.0533456,0.04342,0.0365054,0.0365777,0.0334123,0.0270549,0.0144119,0.00379763,0.000328055,-0.00705272,-0.0109273,-0.0113686,-0.00713053,-0.00284272,-0.000548399,-4.67997e-05,0.0,-1.65717e-05,-0.000176036,-0.00036382,-0.000359326,0.00426032,0.0152448,0.0251627,0.0270805,0.0300606,0.0263658,0.020963,0.0111102,6.30944e-05,-0.00385059,-0.000312198,0.0088666,0.0117542,0.00629342,0.00136115,0.00132435,-0.0042532,-0.011426,-0.0143061,-0.00919592,-0.00380946,-0.000771391,-7.59818e-05,0.0,-5.12189e-05,-0.00040452,-0.00174974,-0.00174921,0.00203233,0.0100067,0.0117556,0.00526615,-0.00042843,-0.00806464,-0.0176472,-0.0289322,-0.034826,-0.0332893,-0.017944,-0.0022493,0.0088978,0.00518671,-0.000470408,-0.000632444,-0.00486882,-0.00999567,-0.0134031,-0.00937867,-0.00362562,-0.000710661,-2.63356e-05,-1.45004e-05,-9.037e-05,-0.000467722,-0.00149921,-0.00213465,-0.000237286,0.00202787,-0.00480447,-0.0156802,-0.0278574,-0.040733,-0.0506728,-0.0537471,-0.0540117,-0.0453075,-0.0260869,-0.004169,0.0121644,0.0129871,0.00374194,-0.00411481,-0.00633257,-0.00977236,-0.0124424,-0.0080486,-0.00272167,-0.000633339,-1.93399e-05,-1.68646e-05,-7.51716e-05,-0.000307803,-0.00030477,-0.00287253,-0.00425976,-0.00628665,-0.0194919,-0.033793,-0.0505354,-0.0634899,-0.0679042,-0.0660575,-0.0610645,-0.0481244,-0.0266986,-0.000436108,0.012921,0.0172811,0.00877037,-0.000820378,-0.00595484,-0.010332,-0.00980768,-0.00535442,-0.00170453,-0.000456056,-5.34582e-05,-1.81255e-06,-3.24026e-05,-0.000171707,-0.000166263,-0.00244319,-0.0069729,-0.0159745,-0.033043,-0.0524015,-0.0701842,-0.0829513,-0.085258,-0.0766698,-0.0640379,-0.0499084,-0.024426,-0.00122834,0.010059,0.0152426,0.0111792,0.00315405,-0.00665283,-0.0107926,-0.00945966,-0.00483242,-0.000633368,-0.000149211,-4.28871e-05,0.0,-1.0018e-05,-0.000125262,-0.000749681,-0.00217277,-0.00940238,-0.024158,-0.0434685,-0.0636909,-0.0813048,-0.0928001,-0.0911975,-0.0790867,-0.0635333,-0.0487136,-0.0272369,-0.0142651,-0.00223369,0.00965929,0.0102183,-0.000139027,-0.0109965,-0.0145524,-0.0123289,-0.00490944,2.34623e-06,0.000605492,-3.57768e-05,0.0,-1.61541e-06,-9.59872e-05,-0.000850534,-0.00286905,-0.0115933,-0.0277254,-0.0456559,-0.0636955,-0.0780179,-0.0814191,-0.0717765,-0.0575748,-0.0494454,-0.0399115,-0.0333648,-0.0220141,-0.00732811,0.00371885,0.00437662,-0.00935467,-0.0182134,-0.0194105,-0.0147363,-0.00538244,0.000438648,0.000723427,-9.65031e-06,0.0,-2.49464e-05,-8.41675e-05,-0.00051848,-0.00185738,-0.0106005,-0.0234988,-0.0356174,-0.045319,-0.049988,-0.0445253,-0.0330455,-0.023864,-0.0210939,-0.0265298,-0.023756,-0.0113083,-0.0012925,0.000602461,-0.00644065,-0.022923,-0.0258788,-0.0214467,-0.013717,-0.0046105,0.00162084,0.00128951,0.0,0.0,-5.15396e-05,-8.41298e-05,0.000144324,0.000260999,-0.00432164,-0.00780886,-0.0106148,-0.0125299,-0.00784932,0.00115707,0.0140489,0.0224311,0.0178514,0.00711506,0.00170708,0.0104728,0.00933776,0.000920751,-0.0162237,-0.026104,-0.0260139,-0.0180057,-0.00780166,-0.000178277,0.00384755,0.00121616,0.000257297,0.0,-2.81749e-05,6.40247e-05,0.0016278,0.00471716,0.00758909,0.0139817,0.0201998,0.0218307,0.0273,0.0338582,0.0462679,0.0522341,0.0462027,0.0331775,0.0305033,0.0308447,0.0199464,0.00443172,-0.0118366,-0.0150138,-0.00920264,-0.00227155,0.00647135,0.0100793,0.0102007,0.0034361,0.000462882,0.0,-2.03615e-05,0.00021717,0.0036204,0.0109354,0.0198368,0.0329688,0.0444002,0.0455495,0.0478819,0.0534681,0.0635223,0.0643515,0.0571614,0.046701,0.0437489,0.0359663,0.024478,0.00936939,9.7141e-05,0.00274175,0.0101935,0.0186288,0.0235099,0.0237791,0.0149168,0.00245702,0.000128264,0.0,-7.34806e-06,-3.58979e-05,0.0045031,0.0145608,0.0303121,0.0495349,0.0610414,0.0606799,0.0634894,0.0677091,0.0696715,0.068899,0.0627745,0.0511434,0.0389788,0.0282858,0.0181578,0.0131108,0.0149255,0.0239185,0.0339237,0.0402045,0.0417968,0.0312878,0.012764,0.00150105,2.0324e-05,0.0,0.0,-2.50867e-05,0.00512612,0.0176306,0.0370231,0.0553129,0.069489,0.0732625,0.0773923,0.0740716,0.0715069,0.0649943,0.0515445,0.0356495,0.0240173,0.0146294,0.0124363,0.0231426,0.0379169,0.0520447,0.0597706,0.0568491,0.0476994,0.0297925,0.0107276,0.00227481,0.0,0.0,9.6334e-06,0.00039792,0.00460032,0.0177422,0.0364413,0.052089,0.0677691,0.0767784,0.0797888,0.0704741,0.0611848,0.0391468,0.0196709,0.00432186,-0.00191325,0.00265474,0.0119569,0.032238,0.0527458,0.0633748,0.065645,0.0587364,0.0446678,0.0272277,0.00835229,0.00135781,0.0,0.0,0.000137091,0.000790201,0.00410346,0.0124499,0.026488,0.0395581,0.0549934,0.0624397,0.058728,0.0456477,0.0285114,0.00516456,-0.0177143,-0.0288601,-0.0293421,-0.0152336,0.00700575,0.0305485,0.0478058,0.0545058,0.0543208,0.0463163,0.0332691,0.0199077,0.00482542,0.000525729,0.0,0.0,0.0,0.000315994,0.00186285,0.00553747,0.0134176,0.0214019,0.0318547,0.0322839,0.0203557,0.00136614,-0.0179404,-0.0360497,-0.0495423,-0.054374,-0.046895,-0.0295955,-0.00864582,0.0127065,0.0266406,0.0299713,0.0271037,0.0228021,0.0157424,0.00850563,0.0021207,3.77298e-07,0.0,0.0,0.0,1.6644e-05,-8.32845e-05,0.000303037,0.00184374,0.000777851,-0.000764147,-0.00962736,-0.0255239,-0.0431209,-0.0565041,-0.0641803,-0.0652434,-0.0613536,-0.053136,-0.0379337,-0.0211382,-0.00613467,0.00219673,0.00548074,0.00746877,0.00628318,0.00491623,0.00265123,0.00101297,-1.19233e-05,0.0,0.0,0.0,-9.34526e-06,-8.89888e-05,-0.000640151,-0.00156134,-0.00442132,-0.00899225,-0.0154616,-0.0253365,-0.0352148,-0.0415347,-0.0431625,-0.0409758,-0.0364891,-0.0302138,-0.0222607,-0.0151649,-0.0092319,-0.00492452,-0.00188647,4.03424e-05,0.000988409,0.00102821,0.000619453,0.00053693,0.0,0.0,0.0,0.0,0.0,-1.25036e-07,-0.000190192,-0.000596288,-0.00132101,-0.00328522,-0.00589951,-0.00920727,-0.0126276,-0.0144844,-0.0147182,-0.0136548,-0.0115482,-0.0104344,-0.0093125,-0.00709515,-0.00481808,-0.00355643,-0.00238361,-0.00145931,-0.000635978,-0.000161903,-4.18395e-05,0.0,0.0,0.0,0.0,0.0,0.0,0.0,-2.67457e-05,-0.000230639,-0.000650759,-0.00115961,-0.00212984,-0.00291763,-0.00395932,-0.00436284,-0.00436237,-0.00433169,-0.00408719,-0.00370488,-0.00311026,-0.00243836,-0.00166738,-0.000958245,-0.000647291,-0.000326615,-5.17664e-05,-5.328e-06,0.0,0.0,0.0,0.0,0.0,0.0,0.0,0.0,0.0,0.0,-2.90853e-05,-0.000118869,-0.000186843,-0.000173093,-0.000234243,-0.000327746,-0.000308548,-0.000333446,-0.000467043,-0.000504706,-0.000490772,-0.000298213,-0.00014698,-9.54994e-05,