{"max":0.162349,"min":-0.21226,"acc":0.8917,"arr":[0.0,0.0,0.0,0.0,0.0,0.0,0.0,0.0,0.0,0.0,0.0,0.0,-2.1893e-05,4.45118e-05,0.000102879,4.28663e-06,0.0,0.0,0.0,0.0,0.0,0.0,0.0,0.0,0.0,0.0,0.0,0.0,0.0,0.0,0.0,0.0,-9.13291e-07,-3.42715e-06,-7.96705e-05,-0.000181479,-0.00022132,-0.000376395,-0.000752673,-0.000958305,-0.00103663,-0.000696121,-0.000199794,-0.000143635,0.000572808,1.30905e-05,-0.000455446,-0.000525389,-0.000385436,-0.000161772,-3.5063e-05,-7.15325e-06,0.0,0.0,0.0,0.0,0.0,0.0,-3.27394e-07,-6.96944e-06,-4.07329e-05,-9.47982e-06,-0.000224792,-0.00057997,-0.000603796,7.1179e-05,-0.000584033,-0.000214519,-0.00123327,-0.0031197,-0.00343799,-0.00318942,-0.0043924,-0.00607563,-0.00786678,-0.0087204,-0.0064438,-0.00447896,-0.00257212,-0.00092486,6.07343e-05,0.000207166,0.0,0.0,0.0,0.0,7.29472e-06,-1.42614e-05,-0.000108186,0.000551087,0.00178329,0.00575874,0.0122157,0.0238141,0.0325997,0.0421813,0.0497341,0.0532294,0.0481907,0.042667,0.0329544,0.0178391,-0.000436976,-0.010338,-0.0123328,-0.0110323,-0.00769827,-0.00428645,-0.00161532,-5.85251e-05,-3.4651e-05,0.0,0.0,-6.54063e-06,1.27651e-05,7.03589e-05,0.000246779,0.00339551,0.0106796,0.0240609,0.044091,0.0711301,0.0976946,0.125031,0.141592,0.146826,0.143349,0.129067,0.112237,0.0758785,0.0368256,0.00412286,-0.0146957,-0.0216495,-0.018716,-0.011896,-0.00591215,-0.00120038,-0.000159614,-3.50103e-05,0.0,0.0,4.29763e-05,8.72924e-05,0.00109282,0.00699919,0.0230409,0.0499207,0.0830878,0.113069,0.138237,0.15723,0.161834,0.162349,0.159391,0.155061,0.13487,0.100771,0.0534933,0.0110137,-0.0134522,-0.023049,-0.0248049,-0.022419,-0.0125169,-0.00332599,-0.000518009,-5.41945e-05,0.0,-6.51725e-07,-2.1385e-05,0.000180136,0.0019347,0.0111279,0.0359227,0.0696014,0.0945776,0.109731,0.113387,0.111393,0.103713,0.0950851,0.090338,0.0875904,0.0770161,0.0580819,0.0287769,0.00129503,-0.0141627,-0.0222189,-0.0284954,-0.0315261,-0.0186079,-0.00631426,-0.00105351,-6.75013e-05,0.0,-4.08421e-05,8.96523e-06,-0.000355337,0.00284322,0.0155474,0.0444456,0.0625997,0.0671925,0.0620426,0.0550993,0.0521448,0.0419521,0.0332112,0.0283666,0.0234912,0.0231494,0.0126399,0.00216521,-0.00762159,-0.0120315,-0.0161381,-0.0238737,-0.0370044,-0.0252603,-0.00893983,-0.00154817,-0.00010937,-1.11193e-05,1.9952e-05,-0.000219494,-0.00145875,0.0018418,0.0178606,0.0363482,0.0349332,0.0228948,0.0123793,0.0127513,0.0055065,-0.00735392,-0.0131896,-0.00492858,0.00621977,0.0123219,0.0113047,4.67929e-05,-0.00387608,-0.0116135,-0.0161661,-0.0253924,-0.0378397,-0.0295578,-0.0111858,-0.00171695,-7.06659e-05,-1.55222e-05,-0.000130478,-0.000132221,-0.00100288,0.00188185,0.0151405,0.0137353,-0.00915036,-0.0354665,-0.0432345,-0.0399058,-0.051495,-0.0654074,-0.0661544,-0.0448694,-0.0122697,0.0161271,0.0199663,0.0129438,0.00118427,-0.0125872,-0.018638,-0.0254468,-0.0367283,-0.027027,-0.00944381,-0.00145979,-8.35508e-05,-1.93797e-05,-0.000137693,-0.000293999,-0.000353786,-0.00305262,-0.00146335,-0.0173777,-0.0600071,-0.0872917,-0.0977566,-0.106386,-0.121744,-0.133675,-0.128001,-0.0910443,-0.0453911,0.00359155,0.0190426,0.0178808,0.00668772,-0.00633947,-0.0181129,-0.0282242,-0.0317515,-0.0190009,-0.00594842,-0.000868927,-8.12331e-05,-1.07127e-05,-0.000110365,-0.000450674,-0.00121068,-0.00619467,-0.022666,-0.0587243,-0.106038,-0.136693,-0.15397,-0.17349,-0.19107,-0.195425,-0.17461,-0.131569,-0.0707554,-0.0159635,-0.00223751,0.00498833,0.0130655,-0.00325445,-0.0212451,-0.0348232,-0.0331983,-0.0142672,-0.00194897,-0.000349421,-4.85877e-05,-1.5034e-06,-4.23559e-05,-0.000291083,-0.00235081,-0.00952755,-0.039648,-0.0896861,-0.136169,-0.162956,-0.18449,-0.20494,-0.21226,-0.199657,-0.17243,-0.138318,-0.0848557,-0.0470793,-0.0286505,-0.00655484,0.00767992,-0.00937674,-0.0315397,-0.0468238,-0.0415679,-0.0138826,0.00158265,0.00130191,0.000114007,-2.02105e-06,-2.24204e-05,-0.000151932,-0.00248397,-0.013139,-0.0497496,-0.098854,-0.136153,-0.153865,-0.164705,-0.167279,-0.151838,-0.129362,-0.114868,-0.0984401,-0.0822647,-0.0610596,-0.0371344,-0.0209243,-0.012569,-0.0273068,-0.0466022,-0.0545444,-0.042744,-0.0135152,0.00561915,0.00401336,0.0010196,-1.01277e-06,-6.40151e-05,-0.00012785,-0.00211916,-0.0112861,-0.045397,-0.0788627,-0.0972367,-0.0991939,-0.0937605,-0.0734486,-0.0453638,-0.0271446,-0.0269572,-0.0393754,-0.0465502,-0.0323348,-0.0293816,-0.0245394,-0.0303481,-0.0444486,-0.0543137,-0.0531909,-0.0370849,-0.00951238,0.00973664,0.00620719,0.000184113,-3.53104e-07,-5.15396e-05,-0.000317,0.000280413,-0.00181794,-0.0172679,-0.0307845,-0.03458,-0.0276056,-0.0121602,0.0153763,0.0437849,0.0636167,0.0569918,0.0248762,0.00918522,0.0146282,0.000288172,-0.0191443,-0.0343869,-0.0469473,-0.0455467,-0.0388721,-0.0191702,0.00714445,0.0184075,0.00848511,0.000891085,-1.22793e-07,-5.40332e-05,-0.000513552,0.00404037,0.0150668,0.0204676,0.0293119,0.0300171,0.0328074,0.0506806,0.0721009,0.0993368,0.119569,0.10449,0.06787,0.0601607,0.0633652,0.0369528,0.0022467,-0.0185014,-0.0194845,-0.0056922,0.00231091,0.0189082,0.0321895,0.0335608,0.0115354,0.00112421,0.0,-6.3324e-05,-0.000333275,0.0100294,0.0345499,0.0585801,0.0753519,0.0785357,0.0758301,0.0817342,0.0961066,0.126608,0.139068,0.121956,0.0956992,0.0899445,0.077755,0.0489982,0.0199927,0.00834575,0.0196312,0.0352626,0.048102,0.0590888,0.0645539,0.0414272,0.00956749,0.000467273,-2.37707e-06,-3.05284e-05,-0.00127283,0.0124966,0.0477714,0.0860822,0.107512,0.114014,0.102524,0.10413,0.124342,0.13807,0.144501,0.131028,0.101569,0.0794677,0.067768,0.0463494,0.0360278,0.0413959,0.057213,0.0772055,0.0907186,0.102734,0.0859099,0.0384538,0.00584004,0.000645452,-1.59556e-06,-4.93638e-05,-0.00139718,0.0124861,0.0507665,0.0908221,0.117911,0.131609,0.125962,0.130683,0.133709,0.135025,0.122309,0.0983731,0.0650321,0.0463203,0.0346165,0.0348178,0.047071,0.0673119,0.0919729,0.11314,0.122377,0.116275,0.0798132,0.0335032,0.00642449,0.000336589,0.0,-6.84356e-05,-0.000512085,0.0128312,0.0495426,0.0822816,0.110019,0.131173,0.135699,0.134301,0.112769,0.0938328,0.0598736,0.0267692,0.00562629,-0.00203167,0.0106315,0.0305032,0.0638757,0.0938755,0.116182,0.131072,0.126293,0.10456,0.0652596,0.0213785,0.00333,-3.4379e-06,-7.72917e-07,0.000109583,0.000336686,0.0104665,0.0348256,0.0590988,0.0809283,0.101764,0.111462,0.108302,0.0801059,0.0437313,0.00613588,-0.0260521,-0.0447055,-0.0411073,-0.0116403,0.0295818,0.0689238,0.100065,0.108225,0.113397,0.10052,0.0749721,0.0414341,0.0120078,0.00152238,-1.3725e-06,-7.48763e-07,-8.74604e-07,-3.20114e-05,0.00553423,0.0181054,0.0298086,0.0411848,0.0538868,0.05845,0.046329,0.0198813,-0.011944,-0.0449009,-0.0735529,-0.0859571,-0.0743164,-0.0406229,-0.000336443,0.039904,0.0636632,0.0723338,0.0692518,0.0570473,0.0364439,0.0174646,0.00425138,-3.41234e-05,-2.53384e-06,0.0,0.0,-0.00014209,-1.94067e-05,0.00109428,0.000675421,-0.00512435,-0.0132776,-0.025994,-0.0418919,-0.0618874,-0.0831334,-0.101878,-0.114957,-0.113472,-0.0984509,-0.0698941,-0.0394901,-0.00906471,0.00924183,0.0176035,0.0224516,0.0184491,0.0108296,0.00524578,0.0014615,-0.000109624,0.0,0.0,0.0,-0.000107469,-0.00135836,-0.00366928,-0.00812942,-0.0180715,-0.0309237,-0.0447912,-0.0596045,-0.0728618,-0.0782754,-0.0783869,-0.0767448,-0.0689339,-0.0606891,-0.0481025,-0.0360301,-0.0257176,-0.0204012,-0.0111027,-0.00370876,3.86823e-05,0.00025998,0.00169755,0.000940988,0.000164688,0.0,0.0,0.0,-1.10253e-05,-0.000335816,-0.00135035,-0.00342027,-0.00717971,-0.0131852,-0.0203604,-0.0253315,-0.0280866,-0.028879,-0.0279784,-0.0265328,-0.0232614,-0.0205575,-0.0193289,-0.0170858,-0.0156109,-0.0129887,-0.00767069,-0.00482708,-0.00276111,-0.00148014,-0.000305145,0.000145549,0.000175124,0.0,0.0,0.0,0.0,0.0,-0.000184253,-0.000648835,-0.00151875,-0.00241864,-0.00374414,-0.00472305,-0.00602285,-0.00671474,-0.0066094,-0.00682739,-0.00649767,-0.00580449,-0.00512783,-0.00434771,-0.0034802,-0.0025232,-0.0016317,-0.000830127,-0.000195851,-3.62691e-05,-8.3118e-07,-1.53467e-06,0.0,0.0,0.0,0.0,0.0,0.0,-1.24317e-06,-4.07307e-06,-3.85087e-05,-0.000141921,-0.000212375,-0.000202598,-0.000331037,-0.000411952,-0.000425245,