{"max":0.122448,"min":-0.146876,"acc":0.8731,"arr":[0.0,0.0,0.0,0.0,0.0,0.0,0.0,0.0,0.0,0.0,0.0,0.0,-2.1893e-05,4.45118e-05,0.000102879,4.28663e-06,0.0,0.0,0.0,0.0,0.0,0.0,0.0,0.0,0.0,0.0,0.0,0.0,0.0,0.0,0.0,0.0,0.0,-7.44351e-07,-6.70216e-05,-0.000149529,-0.000234208,-0.000305004,-0.000720905,-0.000541201,-0.000426174,-0.00025373,6.19884e-05,-0.000255522,-2.78838e-05,0.000129832,-0.000179858,-0.000274765,-0.000249651,-5.31749e-05,-2.16098e-05,-1.76167e-06,0.0,0.0,0.0,0.0,0.0,0.0,0.0,-6.96944e-06,-1.1614e-05,1.67206e-06,-5.68386e-05,-0.000419841,-0.000993649,-0.00109596,-0.00112205,-0.000617984,-0.000441416,-0.000602869,-0.000889149,-0.00210987,-0.00440296,-0.00459285,-0.00460428,-0.00540517,-0.00394602,-0.00247012,-0.00102616,-0.000191377,-4.81116e-05,-2.85447e-05,0.0,0.0,0.0,0.0,9.29631e-06,-9.44859e-06,-5.88038e-05,0.000582639,0.0017727,0.00468383,0.00871245,0.0155567,0.0204904,0.0291142,0.0366623,0.0415092,0.0404193,0.0367064,0.0273455,0.0162857,0.00305486,-0.00427224,-0.00516932,-0.00502845,-0.00332525,-0.0013723,-0.000734486,-0.000185326,-8.60058e-06,0.0,0.0,-6.54063e-06,2.03783e-05,0.000109281,0.000671014,0.00251295,0.00747565,0.0182028,0.0315593,0.0477789,0.065863,0.0885278,0.104779,0.112223,0.113302,0.100579,0.085595,0.0563666,0.029953,0.00688316,-0.00580628,-0.00940266,-0.00799816,-0.00493593,-0.00291154,-0.000779789,-9.90574e-05,0.0,0.0,0.0,3.44053e-05,4.70454e-05,0.00126224,0.00418517,0.0152617,0.0333942,0.0551753,0.0742148,0.0930069,0.113449,0.121418,0.122448,0.11931,0.111816,0.0926075,0.0679282,0.0389032,0.0109317,-0.00465627,-0.0136461,-0.0143627,-0.0123963,-0.00708542,-0.00218303,-0.000311861,-1.61787e-06,0.0,0.0,-7.70351e-05,7.96712e-05,0.00111946,0.00498257,0.0201437,0.0443184,0.0618321,0.0761086,0.0820038,0.082564,0.0777061,0.0677371,0.062238,0.0634809,0.0558923,0.0419296,0.0227907,0.00416588,-0.00538202,-0.0141986,-0.0196016,-0.0198245,-0.0113915,-0.00447385,-0.000777502,-5.08959e-05,0.0,-1.69636e-05,-0.000237909,-0.000529864,9.22899e-05,0.00548315,0.0236159,0.0397985,0.0413546,0.0408428,0.0348417,0.0314646,0.0243224,0.0110006,0.00800015,0.0142111,0.0217418,0.0166573,0.00858988,0.00116976,-0.00166401,-0.00760168,-0.0181111,-0.0232144,-0.0153698,-0.00584447,-0.00114253,-7.59818e-05,0.0,-5.5064e-05,-0.00049695,-0.00205073,-0.00142428,0.00602798,0.0205975,0.0217958,0.0116544,0.00296376,-0.00569453,-0.0140146,-0.0252806,-0.0328891,-0.0284089,-0.00952716,0.0078771,0.0162075,0.00510181,7.36748e-05,-0.00209239,-0.00690525,-0.0153338,-0.0229684,-0.0167047,-0.00651415,-0.00117988,-2.85328e-05,-1.45004e-05,-0.000110355,-0.000674579,-0.00146874,-0.00125529,0.00481121,0.00872933,-0.0036556,-0.0229732,-0.0406045,-0.0519879,-0.0623001,-0.0667015,-0.0664921,-0.0545704,-0.0283109,0.00309594,0.0189783,0.0166394,0.00524063,-0.00608128,-0.00859909,-0.0144552,-0.0223006,-0.0152092,-0.00523555,-0.000971252,-2.82916e-05,-1.69246e-05,-0.000125017,-0.000554958,-0.000477748,-0.00324736,-0.00158478,-0.00650689,-0.0323618,-0.0567007,-0.0772885,-0.0920129,-0.0995942,-0.101469,-0.0922351,-0.0719643,-0.0419618,0.0011649,0.0170889,0.0215248,0.0118333,-0.0010615,-0.00947795,-0.0175448,-0.0190019,-0.0101357,-0.00336699,-0.000729228,-6.26039e-05,-9.49586e-06,-9.13207e-05,-0.000353559,-0.000380457,-0.00339461,-0.0103571,-0.0277719,-0.0600994,-0.0895546,-0.11243,-0.129119,-0.136467,-0.128496,-0.108632,-0.0849214,-0.0450162,-0.00693743,0.00605216,0.0149202,0.0164333,0.00380194,-0.0125792,-0.021699,-0.0191616,-0.00821476,-0.0016851,-0.000304535,-4.71551e-05,-9.74239e-07,-3.32533e-05,-0.000225264,-0.00126177,-0.00453268,-0.0177511,-0.0450177,-0.0785354,-0.1081,-0.130886,-0.146876,-0.146101,-0.129361,-0.107138,-0.085557,-0.0512233,-0.0283582,-0.0108552,0.00804356,0.0143364,-0.00390144,-0.0213861,-0.0287883,-0.0237578,-0.00884065,-0.000194256,0.00094287,-3.57768e-05,-2.02105e-06,-1.60488e-05,-0.000133293,-0.00140461,-0.00699759,-0.0246426,-0.0537471,-0.0807373,-0.104376,-0.121614,-0.12419,-0.11017,-0.0880849,-0.0776847,-0.0685126,-0.0552192,-0.0380055,-0.0187469,-0.00273587,-0.000964076,-0.0206205,-0.0335172,-0.0342915,-0.0258275,-0.00980172,0.00134449,0.00134103,0.000105432,0.0,-6.40142e-05,-0.000114738,-0.00106629,-0.00600652,-0.0233341,-0.0425251,-0.0585258,-0.0694243,-0.073956,-0.0603097,-0.0419777,-0.0275141,-0.0304597,-0.0396394,-0.0362453,-0.0216206,-0.0121668,-0.00917275,-0.0178567,-0.0380682,-0.0417854,-0.0364907,-0.0235055,-0.00746136,0.00311885,0.0020192,8.54895e-05,0.0,-5.15396e-05,-0.000258628,-3.83807e-05,-0.00115619,-0.0078829,-0.0135911,-0.0182293,-0.0212769,-0.0137631,0.00357867,0.0251765,0.0395957,0.0305948,0.011858,0.00202895,0.0114622,0.00581443,-0.00862998,-0.0275768,-0.0414984,-0.0399738,-0.0295662,-0.0126891,0.00125027,0.0079224,0.00293949,0.000648279,0.0,-2.81749e-05,-0.00029295,0.00194765,0.00898581,0.0150451,0.0240103,0.0272791,0.0285115,0.0388102,0.0523682,0.0724723,0.0843101,0.074503,0.0511821,0.0448392,0.0471794,0.0262028,0.00301511,-0.0156322,-0.0196001,-0.0117817,-0.00375852,0.00959045,0.0177232,0.0175726,0.0058712,0.000824212,0.0,-5.59507e-05,-4.2528e-05,0.00572718,0.0226107,0.0381727,0.0536213,0.0628197,0.0647864,0.069626,0.0774917,0.0942452,0.10177,0.0887642,0.0710613,0.0688715,0.058709,0.0380919,0.0153215,0.00536565,0.0109698,0.0212385,0.0290461,0.0374694,0.0403378,0.0255711,0.00515925,0.000340171,-3.19113e-07,-2.9738e-05,-0.000256204,0.00786844,0.0307935,0.0572284,0.0788543,0.0880796,0.0848041,0.0881173,0.0950388,0.101591,0.100682,0.0921196,0.0784297,0.0642042,0.0502893,0.0335183,0.0252123,0.0294082,0.0417537,0.0567172,0.0654156,0.0691107,0.0561299,0.0255432,0.0039841,0.000465883,-1.59556e-06,-2.24118e-05,-0.000415749,0.00970724,0.0342667,0.0650466,0.0872978,0.0997243,0.100922,0.10746,0.103821,0.101216,0.0880136,0.0720724,0.0533462,0.0370206,0.0247009,0.0237692,0.0361184,0.0556995,0.0776295,0.0887994,0.087807,0.0783665,0.0521684,0.020983,0.00385718,0.000195446,0.0,5.3536e-06,0.000373299,0.010225,0.0342004,0.0609977,0.0802395,0.0982115,0.106433,0.108442,0.0955828,0.0802033,0.0498623,0.022917,0.00472465,-0.00365517,0.003927,0.022067,0.0503098,0.0787634,0.0948205,0.0995805,0.0904766,0.0720776,0.0437821,0.0142698,0.00226921,0.0,0.0,0.000136207,0.00137447,0.00848551,0.0250608,0.0448858,0.0612371,0.0779703,0.0881273,0.0836568,0.0657767,0.0372319,0.00355622,-0.0279014,-0.0423327,-0.0389257,-0.0170458,0.0160786,0.0499822,0.0773851,0.0849297,0.0821882,0.0699285,0.0507616,0.0289943,0.00783984,0.000985856,-1.3725e-06,0.0,0.0,0.000621877,0.0043018,0.013028,0.0222959,0.0326074,0.0446875,0.0472881,0.0324175,0.00863615,-0.0185279,-0.0475526,-0.0707108,-0.0800363,-0.0685907,-0.0415182,-0.0090678,0.0234052,0.0456514,0.0523884,0.0464182,0.0370028,0.024009,0.0121452,0.00258806,-0.0001241,-2.53384e-06,0.0,0.0,-7.32448e-05,0.000114795,0.00194594,0.00204057,-0.00143054,-0.00539352,-0.0150854,-0.0356541,-0.0579629,-0.0777434,-0.0909148,-0.0969076,-0.094,-0.0807091,-0.0566304,-0.0329564,-0.00993574,0.00443421,0.012621,0.0155533,0.0118787,0.00784496,0.00359999,0.000826071,-9.64616e-05,0.0,0.0,0.0,-1.70328e-05,-0.000447585,-0.00124209,-0.00358532,-0.00992308,-0.0178117,-0.0283681,-0.0424727,-0.0547098,-0.0618571,-0.0635716,-0.0617059,-0.0559843,-0.0476287,-0.036087,-0.0262653,-0.0180374,-0.0108868,-0.00452736,-0.000175651,0.0012063,0.000989875,0.00129865,0.000587746,0.0,0.0,0.0,0.0,-5.21274e-06,-5.20248e-05,-0.000431783,-0.00150482,-0.00350215,-0.00679162,-0.0115442,-0.0155716,-0.0188748,-0.0205594,-0.0202174,-0.0191222,-0.0171111,-0.0153617,-0.014135,-0.0116214,-0.00894074,-0.00693895,-0.00402735,-0.00263056,-0.00109281,-0.000596594,-0.000174544,0.0,0.0,0.0,0.0,0.0,0.0,0.0,-0.000145877,-0.000485153,-0.00100794,-0.0015957,-0.00287917,-0.00383488,-0.00506529,-0.00561528,-0.00551564,-0.00562402,-0.00538682,-0.0047603,-0.00406067,-0.00328126,-0.00245198,-0.00173267,-0.00110695,-0.000584743,-0.000146571,-2.88776e-05,-1.39699e-07,0.0,0.0,0.0,0.0,0.0,0.0,0.0,0.0,0.0,-3.24134e-05,-0.000132871,-0.000200893,-0.000189582,-0.000302692,-0.000381486,-0.00038273,