{"max":0.073349,"min":-0.0841894,"acc":0.8312,"arr":[0.0,0.0,0.0,0.0,0.0,0.0,0.0,0.0,0.0,0.0,0.0,0.0,0.0,0.0,0.0,0.0,0.0,0.0,0.0,0.0,0.0,0.0,0.0,0.0,0.0,0.0,0.0,0.0,0.0,0.0,0.0,0.0,0.0,0.0,-5.24137e-05,-0.000131199,-0.000230952,-0.000164988,-0.000303729,-0.000272244,-0.000281999,-0.000243068,3.47876e-05,1.35969e-05,-0.000100637,7.09189e-05,-7.56777e-05,-0.000198366,-0.00014162,-9.67296e-07,0.0,0.0,0.0,0.0,0.0,0.0,0.0,0.0,0.0,-6.96944e-06,-7.31657e-06,0.0,-8.34108e-05,-0.000304907,-0.000465944,4.52594e-05,0.000288085,0.000429287,-8.72764e-05,-0.00085682,-0.000814798,-0.000679703,-0.00209711,-0.00220435,-0.00231715,-0.00282916,-0.00200915,-0.00125428,-0.000477382,-7.85028e-05,0.0,0.0,0.0,0.0,0.0,0.0,9.29631e-06,-7.1745e-06,-3.40735e-05,0.000200629,0.000949905,0.0025291,0.00532903,0.00937663,0.0133378,0.0192604,0.0231252,0.0268164,0.0272778,0.0249255,0.0187543,0.0129425,0.00419033,-0.000661796,-0.000923975,-0.00123401,-0.000928428,-0.000285215,-0.000257608,-7.68758e-05,-8.60058e-06,0.0,0.0,-6.54063e-06,3.5495e-05,0.00011326,0.000258126,0.00138045,0.00363894,0.00901723,0.0159626,0.0241556,0.0370169,0.0510411,0.0610634,0.0675534,0.0693829,0.0617634,0.0511413,0.0336456,0.0181691,0.00725057,-0.000164226,-0.00298596,-0.00238063,-0.00119555,-0.000937988,-0.000235797,-5.47062e-05,0.0,0.0,0.0,4.10738e-05,0.000129742,0.000621758,0.00264622,0.00866337,0.0174777,0.0290012,0.0405768,0.0553982,0.0674447,0.073349,0.0714956,0.0670667,0.0625816,0.0517886,0.037203,0.0199314,0.00663541,-0.00100398,-0.00594597,-0.00608158,-0.00547523,-0.00335583,-0.00107621,-0.000184928,0.0,0.0,0.0,-1.36575e-06,0.000348362,0.000547975,0.00348594,0.0127979,0.0252512,0.0335927,0.0450176,0.0528842,0.054325,0.0459719,0.0357191,0.0302983,0.0316945,0.0296325,0.0248053,0.0133789,0.00123549,-0.00161086,-0.00752326,-0.0106369,-0.0100702,-0.00622848,-0.00261353,-0.000464756,-4.67997e-05,0.0,-1.65717e-05,-0.000159412,-0.000275768,-0.000262848,0.00376798,0.0152141,0.0238381,0.0238468,0.0268455,0.0246732,0.0185524,0.0080857,-0.00244523,-0.00686407,-0.00233822,0.00868354,0.0122667,0.00694892,-0.000931217,-0.00137707,-0.00625654,-0.0113855,-0.0130446,-0.00808477,-0.00344946,-0.000735008,-7.59818e-05,0.0,-5.12189e-05,-0.000367144,-0.00159585,-0.00147574,0.00205972,0.0100122,0.0101946,0.00394274,-1.49454e-05,-0.00725131,-0.0168242,-0.0281888,-0.0339391,-0.0319889,-0.0167726,-0.000608461,0.0100431,0.0059503,-0.00158575,-0.00361006,-0.00726645,-0.00978268,-0.0120138,-0.0082355,-0.00321812,-0.000681384,-2.63356e-05,-1.45004e-05,-8.273e-05,-0.000444591,-0.00146409,-0.00198869,-0.000572547,0.00209088,-0.00493183,-0.0137615,-0.0248515,-0.0375086,-0.0467362,-0.050169,-0.0508871,-0.0413938,-0.0224668,-0.00207495,0.0150845,0.0141903,0.0037352,-0.00674057,-0.00800881,-0.00929049,-0.0108013,-0.00715957,-0.00227127,-0.000570393,-1.93399e-05,-1.68646e-05,-7.04761e-05,-0.000290062,-0.000362865,-0.00303117,-0.00426593,-0.00551358,-0.0168852,-0.0300184,-0.0455021,-0.0575708,-0.0618292,-0.0599283,-0.0556516,-0.042669,-0.0217658,0.00310275,0.0161195,0.0176204,0.00813875,-0.00366911,-0.00702966,-0.00948586,-0.00915614,-0.00469808,-0.00114298,-0.00042804,-5.34582e-05,-1.81255e-06,-3.24026e-05,-0.000166097,-8.97073e-05,-0.00231811,-0.00633232,-0.0141325,-0.0283306,-0.0461418,-0.0628446,-0.0751602,-0.0770316,-0.068559,-0.0569392,-0.0436502,-0.0191683,0.0023173,0.0121113,0.0152168,0.00976526,0.000175543,-0.00693247,-0.0097169,-0.00855642,-0.00422637,-0.000719608,-0.000197018,-4.28871e-05,0.0,-1.0018e-05,-0.000122657,-0.000682306,-0.00178166,-0.00744475,-0.0200117,-0.0374602,-0.056828,-0.0742709,-0.0841894,-0.0811065,-0.0689337,-0.0547769,-0.0413225,-0.020951,-0.0100735,0.00103321,0.0105214,0.00910592,-0.0015756,-0.0104005,-0.0127356,-0.0105999,-0.00487485,-0.00053489,0.000177518,-3.57768e-05,0.0,-1.61541e-06,-9.59872e-05,-0.000766317,-0.00233925,-0.00889319,-0.0227241,-0.0390828,-0.057213,-0.0716008,-0.0747242,-0.0641056,-0.050252,-0.0423522,-0.0328132,-0.0274758,-0.0171192,-0.00309065,0.00520144,0.00344942,-0.00946304,-0.0166775,-0.016894,-0.0129155,-0.00533699,5.44176e-05,0.000527178,-9.65031e-06,0.0,-2.49464e-05,-8.41675e-05,-0.000459803,-0.00148441,-0.00862133,-0.0195215,-0.0312255,-0.042829,-0.0488843,-0.0423197,-0.0310865,-0.0216942,-0.0192368,-0.0225195,-0.0196265,-0.00742197,0.00259233,0.00159255,-0.00704052,-0.0212051,-0.0230288,-0.0189891,-0.0124514,-0.00414619,0.00121592,0.00126405,0.0,0.0,-5.15396e-05,-7.41616e-05,0.000305071,-1.63041e-05,-0.00400208,-0.00764943,-0.0105319,-0.0142091,-0.0110206,-0.00162353,0.0118755,0.0196513,0.0153106,0.00576402,0.00153658,0.0103288,0.00916008,-5.5127e-07,-0.0159856,-0.0240773,-0.023219,-0.0164257,-0.00642991,0.000633475,0.00317418,0.0012165,0.000257297,0.0,-2.81749e-05,9.77878e-05,0.00148825,0.0030216,0.0059505,0.0109263,0.0172115,0.0186963,0.0234807,0.0305135,0.0421873,0.0466808,0.04137,0.0285567,0.0269902,0.0277313,0.0169311,0.00311869,-0.0119095,-0.0142552,-0.00827206,-0.00255749,0.00563434,0.00907596,0.00864606,0.00336641,0.000427512,0.0,-2.03615e-05,0.00021717,0.00261948,0.00742406,0.0164225,0.0307144,0.0406262,0.0411423,0.0431684,0.0491174,0.0588146,0.0592462,0.0517648,0.0434003,0.0384693,0.0312788,0.0214173,0.00695914,-0.000353683,0.00323866,0.0100763,0.0155806,0.0194769,0.0200231,0.0120713,0.00211375,1.60052e-05,0.0,-6.19978e-06,-2.28751e-05,0.0030329,0.0107352,0.0260736,0.044773,0.0550294,0.0557619,0.0588668,0.0638322,0.065198,0.0647491,0.0581875,0.0472321,0.0355036,0.0248431,0.0149177,0.00999251,0.0124819,0.0217806,0.0305347,0.0351062,0.0361273,0.0278032,0.0112231,0.00108155,0.0,0.0,0.0,-4.04001e-05,0.00343224,0.0138462,0.0318879,0.0491407,0.0629513,0.068454,0.0721614,0.0683342,0.066444,0.0614229,0.0481217,0.0330579,0.0228288,0.0136675,0.00997438,0.0194313,0.0337107,0.0454266,0.05223,0.0500956,0.042391,0.0271346,0.00954496,0.0017603,0.0,0.0,0.0,0.000196548,0.00306975,0.0141895,0.0314454,0.0449665,0.0603092,0.0709339,0.0730938,0.0636151,0.0556055,0.0366506,0.0184631,0.00475938,-0.00166214,0.00179927,0.00880378,0.0267304,0.0460939,0.0567201,0.0590825,0.0529443,0.0390528,0.0240146,0.00733398,0.00111349,0.0,0.0,0.0,0.000360205,0.00335843,0.0101027,0.0224498,0.0345362,0.0494211,0.0564384,0.0526486,0.0408932,0.024885,0.00301342,-0.0177875,-0.0275412,-0.0275146,-0.0152418,0.00376397,0.0257351,0.0418384,0.0488133,0.0491122,0.0410813,0.0292565,0.0180167,0.00455402,0.000525729,0.0,0.0,0.0,5.44159e-05,0.00160337,0.00492592,0.0118681,0.0190961,0.02919,0.0289039,0.0164032,-0.00160025,-0.0189463,-0.0359321,-0.0486,-0.0517424,-0.0441762,-0.0288307,-0.00920942,0.0108984,0.0242682,0.0270018,0.0236131,0.019961,0.0138809,0.00733086,0.00171972,3.77298e-07,0.0,0.0,0.0,-7.38014e-05,-0.00025097,0.000493923,0.00207382,0.000849092,-4.24159e-07,-0.00847867,-0.0240319,-0.0407924,-0.0533675,-0.0600213,-0.0608945,-0.056781,-0.0487357,-0.0346251,-0.0194403,-0.00560918,0.00218617,0.00548699,0.00649823,0.00523939,0.00410638,0.00213773,0.000551774,-1.19233e-05,0.0,0.0,0.0,-4.91777e-06,-4.59986e-05,-0.000369215,-0.00106476,-0.00369831,-0.00792888,-0.0133038,-0.0219285,-0.0312896,-0.0370251,-0.0384664,-0.0364771,-0.032076,-0.0261167,-0.0191679,-0.0126905,-0.00755372,-0.00358869,-0.000972491,0.000662501,0.001349,0.000801626,0.000424285,0.000430068,0.0,0.0,0.0,0.0,0.0,0.0,-0.000101431,-0.000380397,-0.000966843,-0.00270076,-0.00502519,-0.00802343,-0.0112435,-0.0130299,-0.0133593,-0.0122594,-0.0102212,-0.00917691,-0.00819963,-0.00606416,-0.00396515,-0.00268048,-0.00179738,-0.00130766,-0.000632106,-0.000161903,-4.18395e-05,0.0,0.0,0.0,0.0,0.0,0.0,0.0,-1.96548e-05,-0.000169272,-0.000542087,-0.00101481,-0.00194554,-0.00269005,-0.00363538,-0.00399956,-0.00404628,-0.0040429,-0.00375737,-0.0033275,-0.00289657,-0.00217321,-0.00139012,-0.000733325,-0.000468262,-0.000246967,-4.81652e-05,-5.328e-06,0.0,0.0,0.0,0.0,0.0,0.0,0.0,0.0,0.0,0.0,-2.90853e-05,-0.000118869,-0.000181581,-0.000154574,-0.000214721,-0.000305586,-0.000291441,-0.000319122,-0.000431833,-0.000443955,-0.000445695,-0.000278682,-0.000118649,-7.78801e-05,