{"max":0.0262523,"min":-0.023151,"acc":0.7512,"arr":[0.0,0.0,0.0,0.0,0.0,0.0,0.0,0.0,0.0,0.0,0.0,0.0,0.0,0.0,0.0,0.0,0.0,0.0,0.0,0.0,0.0,0.0,0.0,0.0,0.0,0.0,0.0,0.0,0.0,0.0,0.0,0.0,0.0,0.0,0.0,0.0,0.0,-2.72224e-05,-7.6369e-05,-9.20621e-05,-0.000114252,-4.17152e-05,0.000225268,0.000248521,2.15103e-05,0.0,0.0,0.0,0.0,0.0,0.0,0.0,0.0,0.0,0.0,0.0,0.0,0.0,0.0,0.0,0.0,0.0,0.0,-1.68293e-05,-5.48808e-05,6.25076e-06,9.51501e-06,0.000439034,0.00061652,-5.60944e-05,0.00028531,0.000576865,3.43156e-05,-0.000200961,-5.97595e-05,-0.000227211,-0.000447539,-0.00033948,-0.000146587,-1.74397e-05,0.0,0.0,0.0,0.0,0.0,0.0,0.0,0.0,0.0,0.000216407,0.000610997,0.00106604,0.00172174,0.00315309,0.00510288,0.00802664,0.0101663,0.0116359,0.0108269,0.00931384,0.00661495,0.00394682,0.000422243,-0.000994993,-0.000508122,-0.00066406,-0.000355751,-7.00507e-05,0.0,0.0,0.0,0.0,0.0,0.0,0.0,-7.85306e-06,0.000279612,0.00100406,0.00197998,0.00288138,0.00486744,0.0081454,0.0134953,0.0185968,0.0214852,0.0230888,0.0223894,0.0188376,0.0153539,0.00901239,0.00357562,0.000221652,-0.000845485,-0.00104934,-0.000897024,-0.000425221,-0.000182407,-4.07665e-05,-2.40192e-05,0.0,0.0,0.0,-1.24625e-05,-3.60216e-05,0.000269639,0.00185488,0.00376968,0.00518795,0.00878859,0.0140961,0.0193926,0.0234717,0.0262523,0.0238505,0.0212378,0.0184364,0.0134027,0.00964864,0.00341678,-0.000565462,-0.00282815,-0.00308181,-0.00259933,-0.00161367,-0.000804282,-0.000285853,-4.99489e-05,0.0,0.0,0.0,-1.36575e-06,-3.65586e-05,-6.14157e-05,0.00222276,0.00459665,0.00798898,0.0106831,0.0139613,0.0165854,0.0191597,0.015833,0.0100048,0.00775489,0.00747037,0.00657222,0.0047079,0.00132252,-0.002631,-0.00530566,-0.00505876,-0.00416381,-0.00308098,-0.0020066,-0.000918248,-0.000167628,-6.1967e-06,0.0,0.0,-3.62442e-05,-0.000129681,1.5043e-05,0.0013422,0.00421255,0.00711493,0.00634294,0.00780746,0.00751601,0.00476274,-0.00110987,-0.00535578,-0.00629826,-0.00334699,0.00122873,0.00227015,0.000924674,-0.00175802,-0.00503594,-0.00667856,-0.00613426,-0.00418114,-0.00237098,-0.00105004,-0.000243377,-4.1257e-05,0.0,-3.27452e-05,-0.000133769,-0.0004897,-0.000521839,-4.8988e-05,0.000690992,0.00135471,0.000357829,-7.25779e-05,-0.00257409,-0.00747745,-0.0114527,-0.0140398,-0.0141286,-0.00774543,-0.00043807,0.0044162,0.00267726,-0.000571899,-0.00481146,-0.00758803,-0.00641688,-0.00461061,-0.00229849,-0.00090305,-0.000256392,-2.26669e-05,0.0,-3.54293e-05,-0.000136024,-0.000696399,-0.0010197,-0.00117854,-0.00167676,-0.00398348,-0.0038676,-0.00569078,-0.0108458,-0.0164831,-0.0170994,-0.0177011,-0.0163153,-0.00869023,0.00107476,0.00674669,0.00636475,0.00183803,-0.00412968,-0.00683921,-0.00620782,-0.00459299,-0.00198631,-0.00069867,-0.000128962,0.0,0.0,-1.78936e-06,-6.62397e-05,-0.000336156,-0.00102127,-0.00121469,-0.00289421,-0.00575607,-0.00761193,-0.0109442,-0.0155569,-0.0193769,-0.0185996,-0.0166879,-0.0140126,-0.00717816,0.00357784,0.00954631,0.00926711,0.00347495,-0.00299044,-0.00578989,-0.00597432,-0.00431235,-0.00163415,-0.000403131,-7.00335e-05,0.0,0.0,0.0,-3.83796e-06,0.00013517,-0.000387293,-0.00122092,-0.00379583,-0.00824544,-0.0123911,-0.0166114,-0.0207435,-0.0214764,-0.0183301,-0.0150905,-0.0129735,-0.00529404,0.00329308,0.00773036,0.00778214,0.00386356,-0.00181759,-0.0051528,-0.00535984,-0.0034486,-0.00142963,-0.000150972,-4.71017e-05,0.0,0.0,0.0,-3.49169e-06,-0.000151966,-7.83504e-06,-0.00162472,-0.00560838,-0.0111845,-0.0166537,-0.0214391,-0.023151,-0.0215984,-0.0187842,-0.0147545,-0.0121561,-0.0045808,-0.000126404,0.00321813,0.0038124,0.00421111,-0.00159106,-0.00501086,-0.00449785,-0.00308121,-0.0013227,-3.8919e-05,-3.03833e-05,0.0,0.0,0.0,-2.15015e-05,-0.000166138,-0.000325075,-0.00223761,-0.00612981,-0.0109708,-0.0158609,-0.0206259,-0.02048,-0.0171982,-0.0144673,-0.0127696,-0.00873067,-0.00623211,-0.00260577,-0.00137292,0.00148899,0.00323372,-0.00299841,-0.00526755,-0.00435006,-0.00266153,-0.000857085,9.34337e-05,-1.34704e-06,0.0,0.0,0.0,-2.3523e-05,-4.61052e-05,-6.87355e-05,-0.00214954,-0.0053413,-0.00898654,-0.013081,-0.0151639,-0.0130903,-0.00996806,-0.00819176,-0.00684114,-0.00627876,-0.00349062,-0.00210647,-1.80444e-08,0.00133234,0.00122297,-0.00547854,-0.00552905,-0.00411438,-0.00272276,-0.000450136,0.000174472,-1.44178e-05,0.0,0.0,0.0,-1.85611e-05,0.00011102,0.000366851,-0.00100813,-0.00305687,-0.00444313,-0.00477112,-0.00335749,0.000197254,0.00363746,0.00548473,0.00519308,0.00327857,0.000793723,0.00227451,0.00184717,0.00163687,-0.00213669,-0.00608894,-0.006071,-0.00324265,-0.000623346,0.000724431,0.000810964,0.000155975,0.000151161,0.0,0.0,0.0,0.000379833,0.00127771,0.000903673,0.00135569,0.00342983,0.00648692,0.00849172,0.0101536,0.0120263,0.0124071,0.0127998,0.00908275,0.00648985,0.00788079,0.00527195,0.00193257,-0.00198328,-0.00276057,-0.00170821,0.000327904,0.00290309,0.00295219,0.00228636,0.000749026,0.000311213,0.0,-9.44729e-06,0.0,0.00102324,0.00174633,0.00257301,0.0076934,0.0130561,0.0141801,0.0150797,0.0159866,0.016722,0.0164685,0.0150321,0.0114791,0.0101183,0.00920994,0.00641711,0.00289186,0.00242318,0.00331155,0.00434976,0.00572932,0.00648731,0.00547214,0.00270057,0.000331837,1.60052e-05,0.0,-6.19978e-06,-4.59703e-05,0.000830305,0.00113639,0.0051034,0.012103,0.0168686,0.0185216,0.0197317,0.0204878,0.0193092,0.0189828,0.0154769,0.0131997,0.0101111,0.00787021,0.00549801,0.00480562,0.00497629,0.00931382,0.0122033,0.0123923,0.0106645,0.00686285,0.00197894,8.52885e-05,0.0,0.0,0.0,-1.03222e-05,0.00109432,0.00129475,0.0062355,0.0123144,0.0187018,0.0215116,0.022092,0.0208435,0.0197872,0.0180998,0.0161571,0.0119393,0.0087948,0.00648903,0.00667723,0.0079709,0.0106065,0.0144715,0.0176195,0.0163327,0.0124993,0.0062959,0.00163435,0.000252521,0.0,0.0,0.0,0.000233709,0.00103708,0.00133987,0.00627614,0.0106293,0.0170083,0.0207826,0.0226855,0.0199177,0.0185615,0.0137827,0.0107387,0.00525388,0.0019359,0.00122014,0.00190587,0.00628982,0.012304,0.0152487,0.015492,0.0152103,0.0108115,0.0053217,0.00115414,0.0,0.0,0.0,0.0,0.000402382,0.000624462,0.00113261,0.00455858,0.00793859,0.0118793,0.0140415,0.0143078,0.0128693,0.0100442,0.00472502,-0.00166801,-0.00611992,-0.00731542,-0.00637488,-0.00269113,0.00301922,0.00871449,0.0106506,0.0117403,0.00958082,0.00712516,0.00421512,0.000346429,0.0,0.0,0.0,0.0,0.000131534,7.58166e-05,0.000188826,0.00158993,0.0036766,0.00513938,0.00483371,0.00191495,-0.00106642,-0.00507953,-0.00996083,-0.0133303,-0.0152412,-0.0138453,-0.00980099,-0.00398373,0.00182708,0.00478319,0.00469767,0.00493982,0.00491181,0.00313953,0.00156716,3.68437e-05,0.0,0.0,0.0,0.0,0.0,-0.000123399,-0.0003189,-0.000121596,-0.00012252,-4.26541e-05,-0.00437641,-0.00949613,-0.0132529,-0.0162565,-0.0171644,-0.017152,-0.017422,-0.016027,-0.0113841,-0.00590407,-0.00159338,9.04185e-05,0.000634165,0.00113862,0.00142268,0.00140089,0.000592559,-2.13378e-05,0.0,0.0,0.0,0.0,0.0,-3.85403e-06,-0.000139228,-0.000371098,-0.000940081,-0.00238117,-0.00441086,-0.0072207,-0.0104613,-0.0123276,-0.0123091,-0.0117352,-0.0101546,-0.0084714,-0.00648025,-0.00353278,-0.00153352,-0.00078182,-0.00032093,0.000373539,0.0007098,0.000320769,4.97002e-05,-9.699e-07,0.0,0.0,0.0,0.0,0.0,0.0,-6.86105e-06,-7.61877e-05,-0.000249677,-0.000797403,-0.00162044,-0.00242643,-0.00397205,-0.00477933,-0.00453233,-0.00405774,-0.00336486,-0.00317157,-0.00270605,-0.00198416,-0.0013939,-0.00086892,-0.000570574,-0.000291923,-0.000139122,-6.64507e-05,0.0,0.0,0.0,0.0,0.0,0.0,0.0,0.0,-3.70677e-06,-4.75569e-05,-0.000178516,-0.000395199,-0.000834216,-0.000987697,-0.00148428,-0.00160348,-0.00140508,-0.00150045,-0.001502,-0.00133541,-0.0012148,-0.000982219,-0.000514593,-0.000147905,-6.42815e-05,-1.86558e-05,0.0,0.0,0.0,0.0,0.0,0.0,0.0,0.0,0.0,0.0,0.0,0.0,-7.50677e-06,-7.58273e-05,-0.000133008,-0.000117127,-0.000137145,-0.000164771,-0.000131946,-0.000176755,-0.000226058,-0.000237092,-0.000261434,-0.000122013,0.0,-1.48733e-05,-4.70367e-05,-1.18986e-05,0.0,0.0,0.0,0.0,0.0,0.0]}