{"max":0.0076662,"min":-0.00896365,"acc":0.6812,"arr":[0.0,0.0,0.0,0.0,0.0,0.0,0.0,0.0,0.0,0.0,0.0,0.0,0.0,0.0,0.0,0.0,0.0,0.0,0.0,0.0,0.0,0.0,0.0,0.0,0.0,0.0,0.0,0.0,0.0,0.0,0.0,0.0,0.0,0.0,0.0,0.0,0.0,0.0,0.0,0.0,0.0,0.0,0.000225268,0.000248521,2.15103e-05,0.0,0.0,0.0,0.0,0.0,0.0,0.0,0.0,0.0,0.0,0.0,0.0,0.0,0.0,0.0,0.0,0.0,0.0,0.0,0.0,-3.15216e-05,-9.95898e-05,-0.000157756,-0.000276811,-0.000209956,0.000254822,0.000385291,9.64796e-05,-0.000116958,-0.000184903,-9.04577e-05,-0.00013209,-7.46942e-05,-4.62491e-05,-6.71668e-06,0.0,0.0,0.0,0.0,0.0,0.0,0.0,0.0,0.0,0.000216407,0.000285024,7.21356e-05,0.000286788,0.000338754,0.00105965,0.00226309,0.00356453,0.00541768,0.00508015,0.00412238,0.00254318,0.00109429,-0.000402551,-0.000583837,-0.000543417,-0.000287217,-0.00015873,-4.08371e-05,0.0,0.0,0.0,0.0,0.0,0.0,0.0,0.0,0.0,0.000217978,0.000179553,0.000428352,0.00104433,0.00230261,0.00415159,0.00484091,0.0064855,0.00744793,0.0076662,0.00685952,0.00548187,0.0027864,0.00103388,-0.000198773,-0.000615636,-0.000853452,-0.000335855,-9.05608e-05,-1.19837e-05,-2.74505e-05,-2.40192e-05,0.0,0.0,0.0,0.0,0.0,0.0,0.000383613,0.000523129,0.00133499,0.00320135,0.00408124,0.005055,0.00567194,0.00720978,0.00688396,0.00658983,0.00577453,0.00367277,0.0021033,0.000777201,-0.000792105,-0.00147217,-0.00170307,-0.00092357,-0.000452299,-0.000268906,-0.000137858,-4.99489e-05,0.0,0.0,0.0,0.0,0.0,0.0,0.00033987,0.00128166,0.00291251,0.00379647,0.00394663,0.00387398,0.00442464,0.00309162,0.000848628,-0.000124349,0.000771651,0.00063839,-0.0005661,-0.00142074,-0.00220695,-0.00286233,-0.00250459,-0.00148691,-0.00110905,-0.000842454,-0.0005025,-0.000105323,-6.1967e-06,0.0,0.0,-1.42351e-05,-4.15178e-05,-0.000124366,2.9737e-05,0.00145657,0.00259324,0.00204571,0.00185283,0.000527835,-0.000723756,-0.00250005,-0.00460596,-0.00576332,-0.00368235,-0.00128163,-0.00175645,-0.00190352,-0.00152594,-0.00262006,-0.0036478,-0.0024972,-0.00156103,-0.00101713,-0.000607366,-0.000169198,-4.1257e-05,0.0,0.0,-8.51864e-05,-0.000152241,-0.000356791,-8.58759e-05,0.000481734,0.00017994,-8.23901e-06,-0.000339671,-0.00176941,-0.00386711,-0.00532063,-0.00667697,-0.00769746,-0.00505008,-0.00206019,-0.000598279,-5.98469e-05,-0.000438927,-0.00241314,-0.00422969,-0.00319926,-0.00166936,-0.000825558,-0.000443402,-0.000170672,-2.26669e-05,0.0,0.0,-6.19806e-05,-0.000224317,-0.000540147,-0.000615309,-0.000731844,-0.00180685,-0.00149406,-0.0021679,-0.00386866,-0.00677732,-0.00658192,-0.00706492,-0.00624213,-0.00407059,-0.00045921,0.000854289,0.00147514,0.000953408,-0.00218211,-0.00390668,-0.00321123,-0.00157846,-0.000580405,-0.0002839,-0.000108729,0.0,0.0,0.0,-1.66829e-05,3.13442e-06,-0.000324431,-0.000280888,-0.000419271,-0.00201847,-0.00279444,-0.00431339,-0.00626043,-0.00761872,-0.00738459,-0.00650428,-0.0051006,-0.00243639,0.000780288,0.0025661,0.00220043,0.000120522,-0.00188667,-0.00347532,-0.0029165,-0.00145324,-0.000429382,-0.000123884,-4.62886e-05,0.0,0.0,0.0,0.0,0.000261638,-4.18898e-05,7.21291e-05,-0.000190045,-0.00271953,-0.00490411,-0.00679156,-0.00834836,-0.00831807,-0.0069958,-0.00580223,-0.00513029,-0.00152626,0.00104708,0.00234518,0.00183678,-1.99553e-05,-0.00186658,-0.00329237,-0.00253405,-0.00130924,-0.000403768,-3.54865e-05,-8.37514e-06,0.0,0.0,0.0,-3.49169e-06,-9.29331e-05,8.4022e-05,-0.000122355,-0.00123368,-0.00381425,-0.00628008,-0.00820886,-0.00896365,-0.00776554,-0.00662662,-0.00504629,-0.00436205,-0.000865148,-4.50353e-06,0.000780554,0.000613154,-0.000164802,-0.00152641,-0.00282165,-0.00181993,-0.00108105,-0.000397775,3.05919e-05,0.0,0.0,0.0,0.0,-2.15015e-05,-7.49691e-05,-0.000205571,-0.000782211,-0.00217285,-0.00398741,-0.0061204,-0.00843404,-0.00865425,-0.00730242,-0.00590916,-0.0046593,-0.00220148,-0.0019013,-0.000867484,-0.000384586,-0.000270802,8.16842e-05,-0.00181063,-0.00211292,-0.00140479,-0.00066472,4.92302e-05,0.000159424,0.0,0.0,0.0,0.0,-2.3523e-05,-2.11336e-05,-0.000188807,-0.00098533,-0.00204102,-0.0036077,-0.00541799,-0.00635625,-0.00569381,-0.00486757,-0.00414355,-0.00329753,-0.00208233,-0.00134074,-0.00178998,-0.000958824,-0.00141867,-0.00116669,-0.00290521,-0.00258103,-0.00177028,-0.000681457,0.000314644,0.000207364,0.0,0.0,0.0,0.0,-1.85611e-05,0.0,-0.000199925,-0.000324074,-0.000730825,-0.00201506,-0.00300236,-0.00251218,-0.00189664,-0.00175148,-0.000365464,-6.28888e-05,-0.000416061,-0.00216036,-0.00170004,-0.00167924,-0.00215559,-0.00315913,-0.0040805,-0.00345947,-0.00224767,-0.00058736,0.000568728,0.000245733,0.0,0.0,0.0,0.0,0.0,-8.03266e-06,-0.000304925,-0.000157432,0.000668364,0.000767122,0.000825255,0.000934385,0.00116962,0.00225444,0.00341868,0.00384939,0.00134275,-0.000322184,0.000489468,-0.000658916,-0.00133032,-0.00358215,-0.00339793,-0.00209392,-0.00106996,0.000222696,0.000391509,0.000597317,0.0,0.0,0.0,0.0,0.0,-5.61128e-05,-0.000470919,0.000458331,0.00218625,0.0034025,0.00291493,0.00351042,0.00490906,0.00642088,0.00701444,0.00541865,0.00275168,0.00206941,0.00218952,0.00141618,-0.000812272,-0.00160674,-0.000811022,0.000440153,0.00168444,0.00194435,0.0014093,0.00123471,0.0,0.0,0.0,0.0,-1.88235e-05,-0.000160264,-0.000621368,0.00072335,0.00319335,0.00473371,0.00449623,0.00606402,0.00700318,0.00637942,0.0064765,0.00420578,0.00361906,0.00271384,0.00214431,-0.000358643,-0.00112143,-0.00120676,0.000926643,0.00284014,0.0036721,0.00394118,0.00260503,0.000971294,0.0,0.0,0.0,0.0,-2.37255e-05,-0.000207144,-0.00057397,0.000542937,0.00274456,0.00513122,0.00662766,0.00707552,0.00619664,0.00523849,0.00495759,0.00496135,0.00422569,0.00247082,0.000725676,0.000418194,0.000896127,0.00199629,0.00312005,0.004694,0.00466723,0.00407583,0.0028187,0.000469343,0.0,0.0,0.0,0.0,-7.45098e-06,-0.000162137,-0.000482961,0.000553956,0.00247805,0.00477011,0.00647316,0.00744522,0.00641519,0.00505557,0.00403063,0.00400575,0.00210131,-0.000936174,-0.00163889,-0.000374195,0.00262448,0.00575143,0.00657801,0.00568885,0.00465256,0.00354617,0.00256096,0.000602615,0.0,0.0,0.0,0.0,0.0,-4.97297e-05,-0.000168369,0.000409303,0.00216388,0.00395442,0.00428146,0.00499151,0.00491412,0.00322917,0.000841446,-0.000534239,-0.00241564,-0.00433378,-0.00313381,-0.000762869,0.002429,0.00559122,0.00588259,0.00485,0.00344268,0.00246068,0.00122364,0.000149262,0.0,0.0,0.0,0.0,0.0,-4.13553e-07,-1.0876e-05,-3.14318e-05,0.00135832,0.00200188,0.00158579,0.000441624,-0.000776996,-0.00302486,-0.00422168,-0.0056023,-0.00685725,-0.00613169,-0.00383638,-0.000775099,0.00159332,0.00322499,0.00313149,0.00239425,0.0013077,0.00071999,0.000385012,7.73371e-05,0.0,0.0,0.0,0.0,0.0,0.0,-0.000119052,-0.000185088,-4.8073e-05,5.99442e-05,-0.00213433,-0.00497946,-0.00627418,-0.00746877,-0.00822575,-0.00805058,-0.00823697,-0.00761809,-0.00531385,-0.00243776,-0.000479498,0.000327123,0.000517091,0.000387338,0.000455337,0.000497603,0.0,0.0,0.0,0.0,0.0,0.0,0.0,0.0,-4.46546e-05,-0.000147943,-0.000356106,-0.00083253,-0.00155422,-0.00283122,-0.00415675,-0.00504518,-0.00530844,-0.00540614,-0.00492364,-0.00446412,-0.00333023,-0.00182157,-0.00108376,-0.000447017,-0.000235482,-2.03858e-05,0.000317515,0.000267706,0.0,0.0,0.0,0.0,0.0,0.0,0.0,0.0,0.0,-3.50375e-05,-7.65749e-05,-0.000252437,-0.000515837,-0.000841053,-0.00147811,-0.00168031,-0.00183396,-0.00188694,-0.0015338,-0.00168544,-0.0015546,-0.0011571,-0.000653932,-0.000326438,-0.000185688,-0.000150638,-0.000100125,-3.65436e-05,0.0,0.0,0.0,0.0,0.0,0.0,0.0,0.0,0.0,0.0,-1.99263e-07,-6.5731e-05,-0.000222956,-0.00018938,-0.000314367,-0.000393657,-0.000533794,-0.000683494,-0.000631226,-0.000619655,-0.000626256,-0.000533218,-0.00019102,-6.5991e-05,-1.70588e-05,0.0,0.0,0.0,0.0,0.0,0.0,0.0,0.0,0.0,0.0,0.0,0.0,0.0,-7.50677e-06,-5.2848e-05,-8.58353e-05,-4.35681e-05,-3.91832e-06,0.0,-4.56515e-05,-4.98789e-05,-6.55714e-05,-0.000100745,-0.000160458,-0.000119764,0.0,0.0,0.0,0.0,0.0,0.0,0.0,0.0,0.0,0.0]}