{"max":0.0968548,"min":-0.109213,"acc":0.8556,"arr":[0.0,0.0,0.0,0.0,0.0,0.0,0.0,0.0,0.0,0.0,0.0,0.0,0.0,0.0,0.0,0.0,0.0,0.0,0.0,0.0,0.0,0.0,0.0,0.0,0.0,0.0,0.0,0.0,0.0,0.0,0.0,0.0,0.0,0.0,-5.24137e-05,-0.000131199,-0.000230952,-0.000230334,-0.000566843,-0.000457947,-0.000354457,-0.000175052,0.000280114,3.62637e-05,-0.000206945,-5.94879e-06,-8.00905e-05,-0.000198366,-0.00014162,-9.67296e-07,0.0,0.0,0.0,0.0,0.0,0.0,0.0,0.0,0.0,-6.96944e-06,-1.04969e-05,-4.64818e-06,-0.000102277,-0.000437246,-0.000766053,-0.000236426,-5.82219e-05,0.000204231,-4.90638e-06,-0.00118189,-0.00132268,-0.00138635,-0.00307382,-0.00296685,-0.00342603,-0.00388402,-0.00266573,-0.00177734,-0.000746801,-0.000108894,0.0,0.0,0.0,0.0,0.0,0.0,9.29631e-06,-9.44859e-06,-6.91273e-05,0.000258126,0.000906834,0.00307718,0.006948,0.0132698,0.0179976,0.0235169,0.028649,0.0329224,0.0324079,0.0295148,0.0219234,0.0143428,0.00371012,-0.00233312,-0.00236573,-0.00234223,-0.00166866,-0.000630486,-0.000317123,-7.68758e-05,-8.60058e-06,0.0,0.0,-6.54063e-06,2.03783e-05,0.000109281,0.000640104,0.00206044,0.00569375,0.0141484,0.0240674,0.0346531,0.0488786,0.0660182,0.0795589,0.0869517,0.0883255,0.0774531,0.0644415,0.0422062,0.0234353,0.00763818,-0.00191917,-0.00471285,-0.00409716,-0.0024979,-0.001622,-0.000530071,-9.04886e-05,0.0,0.0,0.0,3.44053e-05,6.22231e-05,0.00139329,0.00393529,0.0127704,0.0253732,0.0399494,0.0531236,0.0699164,0.0872418,0.0968548,0.0944928,0.0897917,0.0836605,0.0675988,0.0498245,0.0297598,0.0118566,-0.00131733,-0.00729568,-0.00768802,-0.00853403,-0.00494304,-0.00153933,-0.000228956,0.0,0.0,0.0,-1.87441e-05,0.000164092,0.00106885,0.00458652,0.0156945,0.0315443,0.0420611,0.0564451,0.0672848,0.0692273,0.0637375,0.0516915,0.0453619,0.0455873,0.0407422,0.0321427,0.018602,0.00536965,-0.000836506,-0.00826534,-0.0124227,-0.0137424,-0.00858354,-0.00323478,-0.000565286,-4.67997e-05,0.0,-1.65717e-05,-0.000199377,-0.00047989,-0.000165017,0.00428389,0.0169199,0.0276537,0.030911,0.0346374,0.0309991,0.0252985,0.0142753,0.00126787,-0.00088461,0.00444907,0.0123966,0.0133355,0.00742349,0.00123482,0.000433279,-0.00620735,-0.0134747,-0.0169691,-0.0114402,-0.004525,-0.000916227,-7.59818e-05,0.0,-5.12189e-05,-0.000449245,-0.00193124,-0.00182052,0.00275137,0.0127506,0.01488,0.00724436,0.00250138,-0.0059019,-0.0175282,-0.0299071,-0.035783,-0.0325831,-0.0164699,-0.00166474,0.0105774,0.00525443,-0.000411735,-0.00230075,-0.00749134,-0.0126533,-0.0169584,-0.0119709,-0.00482206,-0.000944898,-2.63356e-05,-1.45004e-05,-0.000102832,-0.00054895,-0.0014479,-0.00210846,0.00113273,0.00417316,-0.00282198,-0.0154072,-0.0291051,-0.0426004,-0.0549236,-0.0582642,-0.0583736,-0.0482693,-0.0275544,-0.00556664,0.0119597,0.0138617,0.00406976,-0.00549818,-0.00885995,-0.0127475,-0.0157721,-0.00993328,-0.00347743,-0.000761437,-1.93399e-05,-1.69246e-05,-9.86349e-05,-0.00040816,-0.000404948,-0.00283717,-0.00278441,-0.0052071,-0.0211845,-0.0377922,-0.057923,-0.0720947,-0.0779927,-0.0758166,-0.0693129,-0.0539586,-0.0315784,-0.00304134,0.0104897,0.018104,0.0108145,-0.00146876,-0.00755127,-0.013808,-0.0124632,-0.00639167,-0.00201105,-0.000496281,-5.34582e-05,-9.49586e-06,-6.52189e-05,-0.000259007,-7.14564e-05,-0.00234334,-0.00679847,-0.0179783,-0.0388084,-0.06121,-0.0823966,-0.0982207,-0.101283,-0.0901054,-0.0755378,-0.0595404,-0.0319851,-0.00601892,0.00563168,0.015453,0.0154109,0.00357286,-0.00929857,-0.0145262,-0.0119884,-0.0056605,-0.000765855,-0.000158714,-4.28871e-05,0.0,-2.41579e-05,-0.000182546,-0.00085023,-0.00268942,-0.0109947,-0.0286367,-0.0520935,-0.0753227,-0.0956556,-0.109213,-0.107693,-0.0930212,-0.0770081,-0.0601877,-0.0361677,-0.0213572,-0.00782994,0.0116987,0.0145093,-0.00170579,-0.0157792,-0.019372,-0.0154158,-0.0059542,-7.27381e-05,0.000635056,-3.57768e-05,-2.02105e-06,-1.52987e-05,-0.000127167,-0.000951529,-0.00417127,-0.0145207,-0.0342508,-0.0556561,-0.0756779,-0.0911925,-0.0947325,-0.0837649,-0.0666852,-0.0594705,-0.0512586,-0.0425541,-0.0294545,-0.0116158,0.00496573,0.00485222,-0.0134947,-0.024612,-0.0249592,-0.0182805,-0.00676817,0.000719376,0.00124515,0.000105432,0.0,-3.3368e-05,-9.88934e-05,-0.00059208,-0.00317981,-0.0137689,-0.0295613,-0.043264,-0.0542181,-0.0582694,-0.050472,-0.0363474,-0.0263562,-0.0267855,-0.0339784,-0.0303154,-0.0157064,-0.00330876,-0.000589217,-0.00962373,-0.0284528,-0.0317391,-0.0268408,-0.0166041,-0.00518554,0.00192255,0.00173434,8.54895e-05,0.0,-5.15396e-05,-9.16857e-05,8.24803e-05,-0.000566903,-0.00651492,-0.0114287,-0.0142362,-0.0162429,-0.010779,0.000839909,0.0168822,0.0267716,0.0186856,0.00606569,7.88267e-05,0.01122,0.0102726,-0.000706392,-0.0182848,-0.0304441,-0.0306628,-0.0211883,-0.00841136,0.00118807,0.0049766,0.00186392,0.000648279,0.0,-2.81749e-05,3.67123e-07,0.00170995,0.00530027,0.00899095,0.015869,0.0217123,0.0219587,0.0285073,0.0381924,0.0537068,0.0613128,0.0534738,0.0385677,0.0356462,0.0365494,0.0229653,0.00460775,-0.0130391,-0.0155878,-0.0091107,-0.00191636,0.00854382,0.0130353,0.0120569,0.00386646,0.000824212,0.0,-2.03615e-05,0.000132901,0.00408492,0.0129584,0.0240221,0.0380617,0.0485508,0.0497542,0.0524354,0.0601421,0.0728796,0.0767349,0.0669426,0.0539985,0.0522963,0.0438828,0.0290177,0.0115885,0.00234434,0.0065028,0.0134998,0.0213805,0.0274929,0.028799,0.0182365,0.00313267,0.000227538,0.0,-7.34806e-06,-7.83964e-05,0.00535375,0.0178066,0.0362563,0.0591098,0.070386,0.0693907,0.0729254,0.079036,0.082856,0.0823653,0.0723334,0.0595225,0.0465993,0.0344854,0.0216885,0.0169219,0.0194186,0.0295243,0.041167,0.0479006,0.0498974,0.0376766,0.0157789,0.00214722,0.000215769,0.0,0.0,-8.63418e-05,0.00647038,0.0215981,0.0447959,0.0675099,0.0824132,0.0853255,0.090203,0.0869607,0.0846516,0.0739702,0.0586003,0.0416338,0.0269292,0.0171144,0.0174457,0.0284522,0.0433953,0.0595356,0.0676483,0.0662527,0.0562112,0.0357747,0.0136703,0.00277181,0.000195446,0.0,9.6334e-06,0.000317111,0.00631614,0.0217906,0.0433909,0.0630252,0.0812993,0.0893484,0.0909733,0.0813248,0.0688567,0.0429735,0.0208804,0.0031328,-0.00440393,0.00287231,0.0172369,0.0398468,0.0615572,0.0722797,0.07517,0.0684498,0.0526313,0.0330358,0.0107469,0.00162798,0.0,0.0,0.000137091,0.000672401,0.0053144,0.0152391,0.0308614,0.0461483,0.0634265,0.0715792,0.0663919,0.0509071,0.030522,0.00306203,-0.0233706,-0.0360476,-0.0344452,-0.0173234,0.00787899,0.0350491,0.0571184,0.0642997,0.0633371,0.0542795,0.0399583,0.0239232,0.00623731,0.000603717,0.0,0.0,0.0,0.000164433,0.00246881,0.00743853,0.0153499,0.0248536,0.0350846,0.03519,0.0221202,-0.00059195,-0.0219366,-0.0431842,-0.0594931,-0.0638552,-0.0544568,-0.0340265,-0.0104105,0.0149756,0.0341697,0.0390309,0.0345452,0.0281531,0.0185825,0.010027,0.00222559,-3.11105e-05,0.0,0.0,0.0,-2.86986e-05,0.000229008,0.000931842,0.00226787,0.00135625,-0.00147063,-0.011453,-0.0282375,-0.048222,-0.0644402,-0.0741165,-0.0762102,-0.071048,-0.0609513,-0.0416986,-0.0227972,-0.00610059,0.00381651,0.00838635,0.01041,0.00831697,0.00552622,0.00291937,0.000994285,-1.99002e-05,0.0,0.0,0.0,-9.34526e-06,-0.000105021,-0.000580767,-0.00200182,-0.00530871,-0.0105837,-0.0186651,-0.0299668,-0.0404563,-0.0476415,-0.0500194,-0.0478211,-0.0428815,-0.0355222,-0.0263821,-0.018006,-0.0115245,-0.00639435,-0.00203405,0.000936133,0.00125636,0.000765599,0.000602807,0.000529064,0.0,0.0,0.0,0.0,-4.89526e-06,-1.25036e-07,-0.000245848,-0.000809539,-0.0019597,-0.00405667,-0.00706357,-0.0108202,-0.0145511,-0.0166655,-0.0168673,-0.0158399,-0.0137439,-0.0125549,-0.011126,-0.0085898,-0.00632076,-0.00480848,-0.0025984,-0.00131327,-0.000358679,-0.000196826,-4.18395e-05,0.0,0.0,0.0,0.0,0.0,0.0,0.0,-7.74123e-05,-0.000271863,-0.000708583,-0.00129456,-0.00236156,-0.00322573,-0.0042981,-0.00479314,-0.00476518,-0.00477145,-0.00455595,-0.00411047,-0.00339429,-0.00272054,-0.00191983,-0.0012317,-0.000811033,-0.000419596,-8.34492e-05,-1.07681e-05,0.0,0.0,0.0,0.0,0.0,0.0,0.0,0.0,0.0,0.0,-2.90853e-05,-0.000118869,-0.000187028,-0.000174686,-0.000256636,-0.000347255,-0.000339647,-0.000371811,-0.00051439,-0.000531186,-0.000503123,-0.000314242,-0.000168189,