{"max":0.10239,"min":-0.114613,"acc":0.854,"arr":[0.0,0.0,0.0,0.0,0.0,0.0,0.0,0.0,0.0,0.0,0.0,0.0,0.0,0.0,0.0,0.0,0.0,0.0,0.0,0.0,0.0,0.0,0.0,0.0,0.0,0.0,0.0,0.0,0.0,0.0,0.0,0.0,0.0,0.0,-5.24137e-05,-0.000131199,-0.000230952,-0.000230334,-0.000566843,-0.000457947,-0.000354457,-0.000175052,0.000280114,2.76773e-05,-0.000245057,-5.38407e-05,-0.000132348,-0.000232594,-0.00014162,-9.67296e-07,0.0,0.0,0.0,0.0,0.0,0.0,0.0,0.0,0.0,-6.96944e-06,-1.04969e-05,-4.64818e-06,-8.92325e-05,-0.00036224,-0.000648777,-0.000180916,-0.000110732,8.65338e-05,0.000165903,-0.000814269,-0.000857411,-0.0012963,-0.0033287,-0.00314435,-0.00350985,-0.00389482,-0.00289709,-0.00190779,-0.000772231,-0.000108894,0.0,0.0,0.0,0.0,0.0,0.0,9.29631e-06,-9.44859e-06,-6.91273e-05,0.000488527,0.00132418,0.00386296,0.00772568,0.0141268,0.0189369,0.0252179,0.0311606,0.0357701,0.0347447,0.0317902,0.0242068,0.0157432,0.00448599,-0.00252157,-0.00294765,-0.00292674,-0.0018326,-0.000660276,-0.000317123,-7.68758e-05,-8.60058e-06,0.0,0.0,-6.54063e-06,2.03783e-05,0.000109281,0.000629488,0.00237801,0.00606478,0.0150695,0.0253833,0.0377704,0.0519578,0.0696024,0.0851428,0.0928931,0.0945256,0.0827098,0.0681885,0.044715,0.024247,0.0065491,-0.00344245,-0.00551321,-0.00438994,-0.00270471,-0.00174257,-0.000557971,-9.23892e-05,0.0,0.0,0.0,3.44053e-05,6.22231e-05,0.00137327,0.00399513,0.0130858,0.0267854,0.0424487,0.0573008,0.0749993,0.0927148,0.10239,0.100403,0.0953668,0.0887003,0.0715332,0.0522886,0.0301688,0.0104137,-0.00324424,-0.00890147,-0.00864872,-0.00903203,-0.00509571,-0.00168256,-0.000259239,0.0,0.0,0.0,-1.87441e-05,0.000155716,0.000982899,0.00430586,0.0159348,0.0335282,0.0457669,0.0609805,0.0716129,0.0723503,0.066133,0.0533885,0.0467015,0.0476433,0.0428632,0.0337057,0.018548,0.00328761,-0.00260399,-0.00972977,-0.0135174,-0.0144355,-0.00885812,-0.0034129,-0.00058756,-4.67997e-05,0.0,-1.66066e-05,-0.000199565,-0.000504268,-0.000323482,0.00392278,0.0176479,0.030717,0.0345963,0.0370654,0.032825,0.0252337,0.0124316,-0.000456123,-0.00116758,0.00623031,0.0153215,0.0160769,0.00825423,-0.000773977,-0.00151975,-0.00635973,-0.013257,-0.0173762,-0.0116861,-0.00442356,-0.000956296,-7.59818e-05,0.0,-5.20963e-05,-0.000450772,-0.00184555,-0.00192287,0.00342276,0.014488,0.0179191,0.00944592,0.00344155,-0.00592188,-0.019306,-0.0316547,-0.0370953,-0.0314227,-0.0128473,0.00405922,0.0161622,0.00668092,-0.00257184,-0.0037948,-0.00710663,-0.0119179,-0.0167877,-0.0122829,-0.00502935,-0.000976495,-2.63356e-05,-1.45004e-05,-0.000104671,-0.000556958,-0.00131154,-0.00197406,0.00210719,0.00596669,-0.00103572,-0.0153501,-0.0312933,-0.0453369,-0.0574824,-0.0607097,-0.0604805,-0.0487254,-0.0257376,-0.000907018,0.0166292,0.014797,0.00102797,-0.00776795,-0.00849404,-0.0113916,-0.0158101,-0.0103672,-0.00363511,-0.000790092,-1.93399e-05,-1.69246e-05,-0.000113627,-0.000432834,-0.000432481,-0.00279039,-0.00222446,-0.00503752,-0.0219907,-0.0406775,-0.0617287,-0.0754541,-0.081017,-0.0798893,-0.0731708,-0.0565653,-0.031834,0.000154675,0.013728,0.0181345,0.00889502,-0.00378014,-0.00785661,-0.0134576,-0.0131401,-0.00645659,-0.00217923,-0.000541153,-5.34582e-05,-9.49586e-06,-7.02533e-05,-0.000278298,-0.00012738,-0.00275021,-0.00722761,-0.0192194,-0.041559,-0.0649472,-0.0872123,-0.103499,-0.107196,-0.0963061,-0.0805736,-0.0629532,-0.0327329,-0.00456453,0.00675577,0.0153068,0.0145549,0.00229777,-0.00962956,-0.0154491,-0.0129353,-0.00569924,-0.000864184,-0.00019605,-4.28871e-05,0.0,-2.41579e-05,-0.000191261,-0.000920035,-0.00318287,-0.0115543,-0.0301991,-0.055431,-0.0801394,-0.101186,-0.114613,-0.113482,-0.0980766,-0.0800584,-0.0637139,-0.0374496,-0.0220115,-0.00842455,0.0116221,0.0144372,-0.00232734,-0.0163343,-0.0205404,-0.0161157,-0.00629716,-0.000127777,0.000635056,-3.57768e-05,-2.02105e-06,-1.52987e-05,-0.000129037,-0.00100059,-0.00456756,-0.0152936,-0.0359602,-0.0595321,-0.0813271,-0.0967297,-0.0992053,-0.0867286,-0.0682765,-0.061727,-0.0541109,-0.0441553,-0.0312127,-0.0121612,0.00572739,0.00491412,-0.0139918,-0.0261615,-0.0259314,-0.0192105,-0.00721982,0.000752422,0.00124515,0.000105432,0.0,-3.3368e-05,-0.000103396,-0.000618351,-0.00320209,-0.0149365,-0.0312381,-0.0460654,-0.0579178,-0.0617971,-0.0519372,-0.0355133,-0.0250254,-0.0268703,-0.0350945,-0.0318185,-0.0168803,-0.00329361,0.000152371,-0.0095993,-0.0295826,-0.0330383,-0.0279506,-0.0172699,-0.00523004,0.0020602,0.00173434,8.54895e-05,0.0,-5.15396e-05,-9.6151e-05,2.82041e-05,-0.000549014,-0.0069356,-0.0117348,-0.0157352,-0.0190296,-0.0125504,0.00130091,0.0181966,0.0287403,0.0198989,0.0067846,5.16503e-05,0.0101602,0.0101839,6.53381e-06,-0.0191492,-0.032738,-0.0321128,-0.0223412,-0.00859433,0.00177681,0.00590427,0.00209578,0.000648279,0.0,-2.81749e-05,3.67123e-07,0.00167763,0.00541085,0.00960135,0.0178128,0.0224154,0.0223783,0.0302656,0.0408515,0.0569575,0.0647551,0.0566104,0.0411894,0.0368761,0.0371261,0.0242733,0.00619836,-0.0127142,-0.0160438,-0.0092962,-0.00188389,0.00917859,0.0143597,0.0133774,0.00440085,0.000824212,0.0,-2.03615e-05,0.000130948,0.00406325,0.0132419,0.0260552,0.0422743,0.0528068,0.0543231,0.0557901,0.0633246,0.0766065,0.080035,0.0697897,0.0563115,0.0528565,0.0451052,0.030784,0.0136963,0.00418905,0.00825614,0.015734,0.0241959,0.0303791,0.0308557,0.0196546,0.00360034,0.000227538,0.0,-7.34806e-06,-8.12043e-05,0.00537741,0.0186765,0.0397902,0.0639362,0.0755753,0.0741309,0.075495,0.0821382,0.0856693,0.0851703,0.0755277,0.0619444,0.0483699,0.0367292,0.0235927,0.0191922,0.0225058,0.032724,0.045242,0.0523144,0.054448,0.0417766,0.0178412,0.002253,0.000215769,0.0,0.0,-8.63418e-05,0.00653294,0.0229844,0.0487233,0.072152,0.0881842,0.0896981,0.0937525,0.0900381,0.0884682,0.0783395,0.0627488,0.0451545,0.0298646,0.0190838,0.019466,0.0307306,0.0468555,0.0631628,0.0712867,0.070883,0.0601751,0.0387441,0.0143625,0.00282392,0.000195446,0.0,9.6334e-06,0.000317111,0.0064903,0.0231786,0.0465706,0.0664768,0.0853094,0.0925609,0.0944529,0.0847965,0.0736802,0.0467509,0.0227563,0.00506541,-0.00370991,0.0036464,0.0182271,0.0407374,0.0644188,0.0757041,0.0793753,0.0724904,0.0559065,0.0347986,0.0111081,0.00164419,0.0,0.0,0.000137091,0.000672401,0.00552838,0.0171014,0.033043,0.048267,0.0660746,0.0748638,0.0705176,0.0554699,0.0339563,0.00328033,-0.0247021,-0.0375888,-0.0357111,-0.0175512,0.00900665,0.0366545,0.0602515,0.0680124,0.0652823,0.0559064,0.0413133,0.0245254,0.00625258,0.000604037,0.0,0.0,0.0,0.000164433,0.0025601,0.00846111,0.0163668,0.0256348,0.0358378,0.0359049,0.0232693,0.00166971,-0.021302,-0.0446896,-0.0625505,-0.0672842,-0.056902,-0.0353628,-0.00993815,0.0170229,0.0366857,0.0418622,0.0359318,0.0288106,0.0193362,0.0104924,0.00222559,-3.11105e-05,0.0,0.0,0.0,-2.86986e-05,0.000109438,0.00110725,0.0021652,0.000515467,-0.00260279,-0.0128103,-0.0307461,-0.0518839,-0.0685158,-0.078135,-0.0801393,-0.07498,-0.0639489,-0.0442156,-0.0238065,-0.00587886,0.00391351,0.0084427,0.0112243,0.0090096,0.00609794,0.00324608,0.000994285,-2.18554e-05,0.0,0.0,0.0,-9.34526e-06,-0.000195749,-0.000624719,-0.00202716,-0.00588944,-0.0116482,-0.0201922,-0.03208,-0.043225,-0.0499056,-0.0517427,-0.0493232,-0.0444471,-0.0374249,-0.0277891,-0.0192057,-0.0125109,-0.00740773,-0.00282734,0.000636115,0.00130735,0.000953633,0.00079724,0.000529064,0.0,0.0,0.0,0.0,-4.89526e-06,-1.25036e-07,-0.000245929,-0.000894465,-0.00226522,-0.00447698,-0.00771667,-0.0115091,-0.0153776,-0.0173467,-0.0173843,-0.0163403,-0.0143324,-0.0131201,-0.0116483,-0.00903001,-0.00671312,-0.00518902,-0.00282612,-0.00136732,-0.000358679,-0.000196826,-4.18395e-05,0.0,0.0,0.0,0.0,0.0,0.0,0.0,-7.75202e-05,-0.000275344,-0.000713602,-0.00132494,-0.00244026,-0.00336137,-0.00449832,-0.00494862,-0.00489087,-0.00493022,-0.00470058,-0.00418645,-0.00345077,-0.00277703,-0.00196633,-0.00129245,-0.000836903,-0.000419596,-8.34492e-05,-1.07681e-05,0.0,0.0,0.0,0.0,0.0,0.0,0.0,0.0,0.0,0.0,-2.90853e-05,-0.00012056,-0.000190513,-0.000175235,-0.000259094,-0.000354975,-0.000358207,-0.000399152,-0.000522111,-0.000538152,-0.000514585,-0.000319112,-0.000172913,