{"max":0.137965,"min":-0.154764,"acc":0.8787,"arr":[0.0,0.0,0.0,0.0,0.0,0.0,0.0,0.0,0.0,0.0,0.0,0.0,-6.50864e-06,-1.59487e-05,-1.88852e-06,-7.86881e-08,0.0,0.0,0.0,0.0,0.0,0.0,0.0,0.0,0.0,0.0,0.0,0.0,0.0,0.0,0.0,0.0,0.0,-2.56804e-08,-2.55074e-05,-5.81783e-05,-9.05022e-05,-7.11065e-05,-0.000138929,-0.000138924,-0.000170478,-0.000168316,-0.000199912,-0.000144677,-0.000179046,-0.000121814,-5.44136e-05,-8.83823e-05,-7.44791e-05,-4.13813e-06,-5.04232e-07,-4.11059e-08,0.0,0.0,0.0,0.0,0.0,0.0,0.0,-2.79185e-06,-2.80071e-06,-2.17285e-06,-4.24205e-05,-0.000158899,-0.000407047,-0.000781519,-0.00101827,-0.00106217,-0.00156839,-0.00238279,-0.00302225,-0.0031248,-0.00270694,-0.00212067,-0.00214249,-0.00205191,-0.00147967,-0.000793648,-0.000323803,-7.6023e-05,-1.53636e-05,-2.18002e-06,0.0,0.0,0.0,0.0,-1.00593e-06,-2.02482e-05,-3.42408e-05,0.000447841,0.000448044,0.000259005,-2.4787e-05,0.000110865,0.00120439,0.00387993,0.00504026,0.00450142,0.00485074,0.00200536,-0.00109365,-0.00182047,-0.00349483,-0.00505606,-0.00348532,-0.00308352,-0.00189356,-0.000856748,-0.000414293,-9.62844e-05,-5.66345e-06,0.0,0.0,2.53153e-05,-1.1895e-05,0.000146657,0.00098355,0.00347368,0.0057708,0.00932921,0.0156325,0.0247246,0.034985,0.0425858,0.0404597,0.0323493,0.0209925,0.0120155,-0.00121394,-0.010937,-0.0131789,-0.0162799,-0.0160258,-0.0137682,-0.00914996,-0.00742972,-0.00311404,-0.000715363,-8.66962e-05,0.0,0.0,0.0,0.00011448,0.000965087,0.00477661,0.0137557,0.0253413,0.039826,0.0564656,0.0712715,0.0858557,0.0919686,0.0859137,0.078783,0.0630443,0.0488775,0.0297522,0.00648096,-0.00819789,-0.00956184,-0.0159107,-0.0217205,-0.0216181,-0.0177881,-0.00923697,-0.00258245,-0.000404791,-2.53936e-06,0.0,0.0,0.000270638,0.0034692,0.0133679,0.027101,0.047968,0.0661792,0.0874958,0.0997233,0.101265,0.098773,0.0927275,0.0893922,0.0819198,0.0738898,0.0595118,0.0344171,0.015123,0.007618,0.00205419,-0.0131387,-0.0251877,-0.0253465,-0.0150696,-0.00548336,-0.00102922,-8.47815e-05,0.0,-3.39838e-05,6.91623e-05,0.00562889,0.0210715,0.0362573,0.0552713,0.0688388,0.0737753,0.0629945,0.0535277,0.0434762,0.0315199,0.024891,0.0354516,0.0455335,0.0447385,0.0343072,0.0185201,0.0209338,0.014789,-0.00218791,-0.0217422,-0.026801,-0.0187113,-0.00638799,-0.00115919,-9.5721e-05,0.0,-9.14335e-05,-0.000424883,0.00524272,0.0220368,0.031172,0.037743,0.0333647,0.0130904,-0.00881248,-0.0249738,-0.0446314,-0.054487,-0.0483008,-0.0131394,0.0224114,0.0398364,0.0399192,0.0312349,0.0300818,0.0211716,0.00173452,-0.0180924,-0.025612,-0.0179134,-0.0060008,-0.00103662,-3.97916e-05,-2.48478e-05,-0.000214084,-0.00050834,0.00336928,0.0147521,0.0159009,0.00804294,-0.0152012,-0.0528281,-0.0867845,-0.111862,-0.121929,-0.106887,-0.0690545,-0.00827175,0.0441992,0.0640896,0.0581868,0.0424003,0.0290265,0.0164048,-0.0063176,-0.0215687,-0.0213791,-0.0129957,-0.00420788,-0.000656685,-1.43044e-05,-3.27539e-05,-0.00033291,-0.00102244,0.000801541,0.0030646,-0.00401904,-0.0240679,-0.0573706,-0.10126,-0.135502,-0.154764,-0.140919,-0.0915537,-0.0173875,0.0534555,0.0927014,0.0981821,0.074676,0.043734,0.0158771,-0.00216124,-0.0239826,-0.0266906,-0.0176535,-0.00838961,-0.00234099,-0.000440589,-2.12578e-05,-2.20644e-05,-0.000343506,-0.00115208,-0.000394537,-0.00355069,-0.0160885,-0.0405526,-0.0766131,-0.113585,-0.141275,-0.139331,-0.0960206,-0.017879,0.0621663,0.111934,0.130314,0.11049,0.0700794,0.0251148,-0.00946972,-0.0273079,-0.0374268,-0.0305466,-0.0170197,-0.00623302,-0.000981343,-0.000197088,-2.4562e-05,-1.90781e-06,-0.000146671,-0.000913779,-0.00188251,-0.00593828,-0.0190494,-0.0436771,-0.0742381,-0.103405,-0.113064,-0.0825913,-0.0189469,0.0652258,0.119215,0.137965,0.123439,0.0949502,0.0517529,0.00738874,-0.0235452,-0.0409598,-0.0422396,-0.0307674,-0.0170486,-0.00577505,-0.000400213,-0.000129411,-1.85478e-05,-2.63134e-06,-0.000110326,-0.00049693,-0.00174013,-0.00671152,-0.0206935,-0.0430311,-0.0691969,-0.0835394,-0.0749578,-0.0322979,0.03627,0.102141,0.116491,0.101849,0.0724896,0.0608093,0.0383895,0.0144104,-0.011488,-0.0303992,-0.0325722,-0.0273461,-0.0166014,-0.00686515,-0.000928734,-0.000129264,-4.04429e-05,0.0,0.000171253,-0.00013731,-0.00101914,-0.00507528,-0.0189216,-0.041502,-0.0620596,-0.0705858,-0.058344,-0.0194409,0.0340715,0.0691006,0.0502019,0.0289202,0.0112138,0.0239349,0.0324529,0.0337011,0.0188946,-0.0011214,-0.0127027,-0.019503,-0.0152296,-0.00742292,-0.00143176,-0.000256176,-2.63268e-05,0.0,0.000384984,0.000521127,0.000423393,-0.00120192,-0.0144361,-0.0349994,-0.0566488,-0.0729095,-0.0689992,-0.0449293,-0.0158655,-0.0102181,-0.0346024,-0.0517819,-0.0437496,-0.0056524,0.0343601,0.0560879,0.0488378,0.0293907,0.00608912,-0.0079913,-0.0131502,-0.00776074,-0.00192247,-0.0004251,-4.82574e-05,0.0,0.000176978,0.00141778,0.00334753,0.00404823,-0.00917439,-0.0301478,-0.051496,-0.0743051,-0.0879448,-0.0906527,-0.0858726,-0.0914187,-0.107817,-0.113841,-0.0881357,-0.0297348,0.0334339,0.0768099,0.0703875,0.049795,0.0220128,0.00214103,-0.00852486,-0.00887781,-0.0030462,-0.000829968,-7.06588e-05,0.0,0.000154695,0.00184424,0.00839129,0.0121018,-0.0011588,-0.0216477,-0.044841,-0.0738271,-0.102637,-0.119286,-0.126067,-0.127311,-0.13605,-0.136582,-0.0995472,-0.0298239,0.0401837,0.0769373,0.0762511,0.0546736,0.0305971,0.0120986,-0.00527938,-0.0116138,-0.00379964,-0.000716706,-2.91158e-05,-1.44072e-07,5.36153e-05,0.00349534,0.0171934,0.0271614,0.0189242,-0.00139904,-0.0320064,-0.065585,-0.098348,-0.118616,-0.124765,-0.126325,-0.130736,-0.121806,-0.0747006,-0.00226105,0.0544392,0.0757097,0.0731014,0.0510807,0.0346605,0.0146592,-0.00865372,-0.0130881,-0.00375139,-0.000650534,-3.12415e-05,-7.20361e-07,1.22093e-05,0.00535466,0.0262314,0.0412348,0.0423864,0.0249772,-0.00735973,-0.0451111,-0.074937,-0.0955237,-0.104145,-0.105236,-0.1014,-0.0821872,-0.0375258,0.0244118,0.067551,0.0763444,0.0672061,0.0434964,0.0262678,0.004627,-0.0133606,-0.0115785,-0.0036885,-0.000725051,-1.75306e-05,0.0,1.71603e-05,0.00508201,0.0301646,0.0510862,0.0625229,0.0545949,0.0265857,-0.0034581,-0.0312324,-0.0557425,-0.0667232,-0.0673282,-0.0537157,-0.0276512,0.0127948,0.0529741,0.0689647,0.066251,0.0498159,0.0323574,0.00786557,-0.00958042,-0.014372,-0.00950225,-0.00282903,-0.000426775,0.0,0.0,-6.06598e-07,0.00437988,0.0235848,0.0469645,0.0707367,0.0837997,0.0723442,0.0507904,0.0215792,0.00221538,-0.0117327,-0.0108893,0.000364296,0.0206264,0.0467728,0.0620499,0.054846,0.0463842,0.0288269,0.00962139,-0.00709762,-0.0144531,-0.0115361,-0.00640159,-0.00176729,-0.000199779,-1.15652e-06,0.0,0.0,0.00382898,0.0151906,0.0338485,0.0576342,0.0846615,0.0971302,0.0928984,0.0821956,0.0664738,0.0547866,0.0481312,0.0483658,0.0506469,0.0484356,0.0410642,0.0333863,0.0180343,0.00599922,-0.00566589,-0.0109713,-0.0095803,-0.00586421,-0.00317725,-0.00080706,-2.61214e-05,-2.13511e-06,0.0,0.0,0.00171154,0.00719045,0.0208612,0.037801,0.0622224,0.0824264,0.0937313,0.0970478,0.0950387,0.0839176,0.0719729,0.0559803,0.0335849,0.021582,0.010466,0.00405879,0.000263753,-0.00666913,-0.00792593,-0.00586796,-0.00414572,-0.00272492,-0.000993847,-0.000299477,0.000105769,0.0,0.0,0.0,0.000398866,0.0022785,0.00735266,0.0156158,0.0288555,0.0414435,0.052692,0.0611711,0.0636673,0.0584247,0.04803,0.0360132,0.0205845,0.00523702,-0.00206168,-0.00755612,-0.0113248,-0.00840207,-0.00511687,-0.00201071,-0.00149835,-0.00084088,-0.000464691,-7.13438e-05,0.0,0.0,0.0,0.0,1.97356e-05,0.000158224,0.000508594,0.00140694,0.00245426,0.0030423,0.00485558,0.004729,0.00337933,0.00459523,0.00727486,0.00462156,-0.000773271,-0.00482671,-0.00673305,-0.00894814,-0.00802964,-0.0045863,-0.00219318,-0.00125181,-0.000597086,-0.000296421,-4.22443e-05,0.0,0.0,0.0,0.0,0.0,0.0,0.0,-7.86098e-05,-0.00013772,-0.000366107,-0.000971457,-0.00214272,-0.0032904,-0.00540282,-0.00648185,-0.00669645,-0.00777929,-0.00877666,-0.00760169,-0.00595436,-0.00530943,-0.00390912,-0.00226277,-0.000871958,-0.000165991,-8.4775e-05,-2.16785e-05,-1.85547e-08,0.0,0.0,0.0,0.0,0.0,0.0,0.0,0.0,0.0,-2.69533e-05,-0.000116132,-0.000208843,-0.000256196,-0.00043062,-0.000529742,