{"max":0.0304423,"min":-0.0304103,"acc":0.7659,"arr":[0.0,0.0,0.0,0.0,0.0,0.0,0.0,0.0,0.0,0.0,0.0,0.0,0.0,0.0,0.0,0.0,0.0,0.0,0.0,0.0,0.0,0.0,0.0,0.0,0.0,0.0,0.0,0.0,0.0,0.0,0.0,0.0,0.0,0.0,0.0,0.0,0.0,-2.29415e-05,-5.80791e-05,-7.51974e-05,-0.00011128,-3.90698e-05,-2.28131e-05,-5.93536e-05,-6.03444e-05,0.0,0.0,0.0,0.0,0.0,0.0,0.0,0.0,0.0,0.0,0.0,0.0,0.0,0.0,0.0,0.0,0.0,0.0,-1.5444e-05,-0.000124031,-0.000270608,-0.000305214,-0.00044263,-0.000703546,-0.000708421,-0.00090921,-0.00113602,-0.00112732,-0.000773499,-0.000640856,-0.000505284,-0.000466539,-0.000280433,-0.000105133,-1.14471e-05,0.0,0.0,0.0,0.0,0.0,0.0,0.0,-1.35161e-06,0.0,-2.39731e-05,-8.41442e-05,-0.000160812,-0.000153926,-0.000354116,-0.00062167,-0.0010937,-0.00171007,-0.0019763,-0.00267466,-0.00360031,-0.00347083,-0.00289445,-0.00227833,-0.00193903,-0.00125834,-0.000676096,-0.000338457,-7.07373e-05,0.0,0.0,0.0,0.0,0.0,0.0,0.0,6.92717e-05,0.000290468,0.000320123,0.000528952,0.00160208,0.00306994,0.00450029,0.00709769,0.00733765,0.00789555,0.00808004,0.00551138,0.0027663,-0.00037777,-0.00235831,-0.00224991,-0.00293478,-0.00229396,-0.00155146,-0.000792074,-0.000591313,-0.000346825,-6.00813e-05,-2.59785e-05,0.0,0.0,0.0,0.000121657,0.000351638,0.000239835,0.00110845,0.00312579,0.00644849,0.0106385,0.0150363,0.0191147,0.0213791,0.0217896,0.0206787,0.0179082,0.0138785,0.00776642,0.00156541,-0.00229391,-0.00159162,-0.0020738,-0.00209139,-0.00190637,-0.0016881,-0.00114219,-0.000338022,-5.3596e-05,0.0,0.0,0.0,1.33323e-05,-1.82612e-05,0.000861463,0.0030812,0.00710407,0.0130424,0.0191218,0.023809,0.0253929,0.0236035,0.0214506,0.0202682,0.0200511,0.0186141,0.0130854,0.00769107,0.0012643,1.56813e-05,9.11183e-06,-0.000249203,-0.00293837,-0.00360478,-0.00262815,-0.00105126,-0.000193263,-7.03977e-06,0.0,0.0,-6.31331e-05,0.000113828,0.0018341,0.00494499,0.00917715,0.0140244,0.017929,0.018853,0.0181561,0.0129939,0.00872907,0.00568235,0.00612108,0.00838995,0.00737517,0.00506938,-9.08262e-05,-0.00231345,-0.00242088,-0.00198717,-0.00268853,-0.00349953,-0.00304828,-0.00126676,-0.00031881,-4.687e-05,0.0,-3.70297e-05,-0.000184079,6.91384e-05,0.00156572,0.00272101,0.00487142,0.00686825,0.00637662,0.0044462,-0.000682356,-0.00767015,-0.0126713,-0.0123733,-0.00680577,0.000922645,0.00378311,0.00370445,0.00134928,-0.00122757,-0.00355138,-0.0028829,-0.00346839,-0.00324178,-0.00269633,-0.00110008,-0.000333864,-2.57507e-05,0.0,-4.00649e-05,-0.000165959,-0.000460733,0.000632844,0.000203387,0.0007642,-0.000989539,-0.00670685,-0.0117368,-0.0196871,-0.0233338,-0.0232328,-0.0171961,-0.00557318,0.00335372,0.00618044,0.00577566,0.00232046,-0.00239718,-0.00454579,-0.0041171,-0.00530918,-0.00366905,-0.00205957,-0.000817942,-0.000142622,0.0,0.0,-2.02348e-06,-7.46427e-05,-0.000379234,-0.000734711,-0.00164353,-0.00347415,-0.00831194,-0.0159636,-0.0227976,-0.0266849,-0.0250734,-0.0163049,-0.00468362,0.0080193,0.0129875,0.0123152,0.00759549,0.000924193,-0.00390134,-0.00597715,-0.00801508,-0.00695801,-0.00436518,-0.00166268,-0.000375513,-6.99044e-05,0.0,0.0,0.0,-3.8883e-05,-0.000263865,-0.000847746,-0.00204926,-0.00600075,-0.0124238,-0.0193629,-0.024181,-0.0226538,-0.0139556,-0.000716044,0.0135602,0.0221966,0.0234802,0.0159548,0.00516686,-0.00280358,-0.00776823,-0.0109771,-0.0104671,-0.00747571,-0.00403019,-0.00149807,-0.000154945,-4.45105e-05,0.0,0.0,0.0,-4.27332e-05,-0.000240178,-0.000981178,-0.00291178,-0.00744475,-0.0135759,-0.0184279,-0.0190025,-0.0113965,0.00231528,0.0174017,0.0270859,0.0304423,0.0287474,0.0187635,0.00720763,-0.0026238,-0.0095762,-0.0128139,-0.0109837,-0.00699232,-0.00396678,-0.00154898,-7.84648e-05,-2.83727e-05,0.0,0.0,0.0,-4.27619e-05,-0.000219042,-0.000714484,-0.00316271,-0.00792187,-0.013319,-0.0160398,-0.0124436,-0.00142616,0.0127781,0.0250792,0.0269671,0.0251216,0.0203027,0.0150965,0.00967014,0.00347521,-0.00362056,-0.00911017,-0.00929941,-0.00692004,-0.00415633,-0.00163295,-0.000141432,-1.2579e-06,0.0,0.0,0.000168644,9.07921e-05,-0.000146813,-0.000706363,-0.00349448,-0.00859284,-0.0135592,-0.0141083,-0.0100461,-0.00033692,0.0105536,0.0136297,0.00856974,0.0044466,0.00215569,0.00500842,0.00878033,0.00917149,0.00608139,-0.00125567,-0.00663406,-0.00628229,-0.00430953,-0.00165957,-0.000145802,-1.17957e-05,0.0,0.0,0.000384984,0.000198642,-0.000122227,-0.000703582,-0.00368821,-0.0081018,-0.0128512,-0.0160408,-0.0140326,-0.00942762,-0.00581649,-0.00700662,-0.011394,-0.0142884,-0.011506,-0.00185444,0.00851008,0.0150453,0.013331,0.0057925,-0.00197318,-0.00367284,-0.00394785,-0.00173196,-0.000208858,-7.5352e-05,-1.69679e-05,0.0,0.000182271,0.000381577,6.70049e-07,-8.61615e-05,-0.00282179,-0.00823772,-0.0116496,-0.0155978,-0.0175378,-0.0171764,-0.0193449,-0.0215467,-0.0244822,-0.0268904,-0.0226757,-0.011071,0.00661626,0.0176437,0.0159798,0.00856879,0.00192557,-0.000526595,-0.00253921,-0.00191747,-0.000458627,-0.000134612,-3.49338e-05,0.0,5.22142e-05,0.000403722,0.000760678,0.000868345,-0.00175941,-0.00565103,-0.0107078,-0.014128,-0.0156711,-0.018481,-0.0212965,-0.023425,-0.0275866,-0.0304103,-0.0259479,-0.0142938,0.00390712,0.0142857,0.0149181,0.00724399,0.00325189,0.00199726,-0.00133682,-0.00179781,-0.000432079,-5.24368e-05,-1.7966e-06,0.0,-7.09679e-06,0.000434485,0.00239761,0.00358928,0.00109763,-0.00301987,-0.00808725,-0.0137123,-0.0172373,-0.0192925,-0.0208293,-0.023535,-0.0256384,-0.0256167,-0.0193188,-0.00952777,0.00452785,0.0113429,0.0122057,0.00675866,0.00407871,0.00223874,-0.000591855,-0.00158677,-0.000354994,-2.16303e-05,0.0,0.0,0.0,0.000633735,0.0028538,0.00553389,0.00516605,0.00233919,-0.0033282,-0.0103388,-0.0142505,-0.017017,-0.0204683,-0.0230318,-0.0226398,-0.018995,-0.014142,-0.00435218,0.00691995,0.0126377,0.0124179,0.00695545,0.00421659,0.00166172,-0.000727303,-0.00126672,-0.00030291,-8.11971e-05,0.0,0.0,0.0,0.000380794,0.00315261,0.00671014,0.00774632,0.00877106,0.0029962,-0.00245394,-0.00498777,-0.01091,-0.0158696,-0.0182617,-0.0164453,-0.012448,-0.00503146,0.004873,0.0110796,0.014651,0.0116335,0.00702961,0.00401593,0.000349157,-0.00077594,-0.00104049,-0.000227332,-3.00817e-05,0.0,0.0,0.0,6.70749e-05,0.00254913,0.00608973,0.00977106,0.0130547,0.0129772,0.0116923,0.00799098,0.00464106,-0.000698888,-0.0056392,-0.00567401,-0.000115794,0.00773867,0.0140319,0.0147625,0.013816,0.00996521,0.0052073,0.00168653,-0.00040283,-0.000714282,-0.000704488,-5.35187e-05,-2.089e-07,0.0,0.0,0.0,-1.38863e-05,0.00150367,0.00430833,0.00844681,0.0125704,0.0153976,0.0192038,0.0220404,0.0217939,0.0193275,0.0158999,0.0161886,0.016903,0.0167519,0.0154265,0.0139464,0.00996906,0.00575158,0.00162565,-0.000352306,-0.000760217,-0.000559125,-0.000288082,-3.12211e-05,0.0,0.0,0.0,0.0,0.0,0.000657972,0.00254812,0.00484317,0.00749445,0.0101242,0.0159952,0.0208902,0.0239701,0.0241416,0.0237946,0.0216475,0.0159803,0.0131662,0.00844407,0.00446938,0.00178408,-0.000237834,-0.000824386,-0.000715157,-0.000648902,-0.000378716,-0.000136734,-1.15106e-05,0.0,0.0,0.0,0.0,0.0,3.3934e-05,0.000911114,0.00192669,0.00250948,0.0026166,0.00473433,0.00726192,0.00939464,0.0091813,0.00822979,0.00657146,0.00434565,0.000316341,-0.00153297,-0.00266467,-0.00264413,-0.00174974,-0.00144927,-0.000833938,-0.00051034,-0.000230266,-7.64908e-05,-5.2321e-07,0.0,0.0,0.0,0.0,0.0,0.0,-7.36755e-06,0.000272409,0.000194238,-0.000180542,-7.54501e-05,-0.000356165,-0.00139698,-0.00124983,-0.000899575,-0.00114024,-0.0020414,-0.00302434,-0.003117,-0.00253716,-0.00172196,-0.000935992,-0.000569543,-0.000298306,-0.000150947,-8.20666e-05,0.0,0.0,0.0,0.0,0.0,0.0,0.0,0.0,-3.59941e-06,-4.57023e-05,-0.000186175,-0.000401405,-0.000913331,-0.00124865,-0.00187411,-0.0018986,-0.00172667,-0.00184662,-0.0019354,-0.00173633,-0.00152952,-0.00113548,-0.000541528,-0.000147539,-6.21637e-05,-1.81386e-05,0.0,0.0,0.0,0.0,0.0,0.0,0.0,0.0,0.0,0.0,0.0,0.0,-7.59929e-06,-7.35526e-05,-0.000151182,-0.000149555,-0.000154688,-0.000177658,-0.000143995,-0.000194925,-0.000266802,-0.000283181,-0.000294214,-0.00012422,0.0,-1.42063e-05,-4.49273e-05,-1.1365e-05,0.0,0.0,0.0,0.0,0.0,0.0]}