{"max":0.0923739,"min":-0.0926537,"acc":0.8426,"arr":[0.0,0.0,0.0,0.0,0.0,0.0,0.0,0.0,0.0,0.0,0.0,0.0,0.0,0.0,0.0,0.0,0.0,0.0,0.0,0.0,0.0,0.0,0.0,0.0,0.0,0.0,0.0,0.0,0.0,0.0,0.0,0.0,0.0,0.0,-2.50034e-05,-5.71533e-05,-8.50181e-05,-5.85877e-05,-0.000114314,-0.000103539,-0.000140489,-0.000146812,-0.000179763,-0.00012455,-0.000140658,-8.79181e-05,-4.34055e-05,-7.06262e-05,-5.37602e-05,-2.89848e-07,0.0,0.0,0.0,0.0,0.0,0.0,0.0,0.0,0.0,-2.79185e-06,-2.64833e-06,-8.21578e-07,-2.98797e-05,-0.000104463,-0.000314035,-0.000548887,-0.000810393,-0.00116424,-0.00163933,-0.00190863,-0.00225233,-0.002349,-0.00232762,-0.00167605,-0.00147435,-0.00140367,-0.00104488,-0.000597879,-0.000258112,-3.4624e-05,0.0,0.0,0.0,0.0,0.0,0.0,-1.00593e-06,-1.93371e-05,-1.95791e-05,0.000504687,0.00060878,0.000459831,2.50747e-05,-0.000324272,-0.000478,0.000140638,0.000939617,0.000594679,-0.00045326,-0.00363675,-0.00579619,-0.00555731,-0.00495452,-0.00418144,-0.00263697,-0.00194799,-0.00123635,-0.00038532,-0.000118462,-4.34637e-05,-5.66345e-06,0.0,0.0,2.53153e-05,-3.84082e-06,6.15956e-05,0.000658652,0.00201544,0.00369433,0.00558762,0.00838119,0.0149569,0.0225523,0.0272558,0.0286789,0.0250955,0.0190347,0.011579,0.00293387,-0.00294781,-0.00460192,-0.0058839,-0.00598023,-0.0062968,-0.0032946,-0.00258851,-0.00103818,-0.000324636,-6.16992e-05,0.0,0.0,0.0,0.000115012,0.000401512,0.00223667,0.00722777,0.013573,0.0229695,0.0345591,0.0475071,0.0589421,0.0662794,0.0634612,0.0626009,0.0537305,0.0417848,0.0259357,0.0101818,0.000827918,-0.00134053,-0.00574909,-0.0104563,-0.00991708,-0.00817503,-0.0044344,-0.00133699,-0.000286528,0.0,0.0,0.0,-6.89907e-06,0.00148039,0.00718722,0.0155167,0.0269618,0.0420366,0.06075,0.0701366,0.0723028,0.0670531,0.0610626,0.0586236,0.0552234,0.0489103,0.0397552,0.0258991,0.0111884,0.00342045,-0.00175371,-0.00894581,-0.0149695,-0.0125977,-0.00861773,-0.00329181,-0.00066248,-7.21669e-05,0.0,-3.17552e-05,-0.000220911,0.00211239,0.0107709,0.0192742,0.0305776,0.042468,0.0505605,0.0456579,0.0409367,0.0273727,0.0170688,0.00653056,0.0103961,0.0199134,0.0260249,0.023679,0.0114009,0.00541298,-0.00161172,-0.00813922,-0.0152035,-0.0140606,-0.00993002,-0.00378624,-0.000730855,-9.30044e-05,0.0,-7.19997e-05,-0.000258771,0.00221967,0.0111938,0.0153825,0.0200521,0.019215,0.013666,0.00191568,-0.0129666,-0.0308015,-0.0392346,-0.0399345,-0.0253997,-0.000784663,0.0171748,0.024415,0.0167572,0.00906543,-0.00317687,-0.0110733,-0.0157539,-0.0144153,-0.00936777,-0.00327857,-0.000701737,-3.39609e-05,-2.18462e-05,-0.000146472,-0.000383025,0.000882338,0.00639512,0.00567966,0.00266027,-0.00877803,-0.0259963,-0.0473401,-0.0675536,-0.075978,-0.0701088,-0.0514212,-0.0179808,0.0163478,0.0353197,0.0353656,0.021582,0.00591522,-0.00790616,-0.0162039,-0.0182057,-0.0130795,-0.00704912,-0.00229868,-0.000460054,-6.6886e-06,-2.54081e-05,-0.000177363,-0.000637301,-2.26526e-05,0.00150685,-0.00290105,-0.0135298,-0.0306268,-0.0547601,-0.0767332,-0.0891194,-0.0801179,-0.052254,-0.0140935,0.0252941,0.0518984,0.0600977,0.042801,0.0179862,-0.00356567,-0.0178877,-0.0249837,-0.0199293,-0.0116637,-0.00458313,-0.00120519,-0.000249706,-1.85747e-05,-2.73078e-06,-9.64173e-05,-0.00035073,-0.000131797,-0.00149266,-0.00811513,-0.0215591,-0.0411791,-0.0630177,-0.0806467,-0.0779961,-0.0506301,-0.00541077,0.0413473,0.0714676,0.084539,0.0700885,0.0356222,0.0047436,-0.020049,-0.0290514,-0.0275749,-0.0198373,-0.0110728,-0.00375972,-0.000499928,-0.000116624,-2.39081e-05,0.0,-1.36384e-05,-0.000228912,-0.000703393,-0.00288377,-0.00995007,-0.0234756,-0.0410551,-0.0576054,-0.063208,-0.0447842,-0.00395432,0.050449,0.0834435,0.0923739,0.0836465,0.0621785,0.0278891,-0.00256099,-0.0239804,-0.0318173,-0.0270355,-0.0197311,-0.0112238,-0.00363875,-0.000233346,-9.69814e-05,-1.85478e-05,0.0,-2.07295e-06,-0.000131889,-0.000684899,-0.00305818,-0.011155,-0.0234619,-0.0395058,-0.0476779,-0.0414551,-0.0131072,0.030726,0.0714433,0.0771644,0.0652928,0.0486835,0.0403733,0.0261133,0.0107752,-0.0057524,-0.0198744,-0.0214377,-0.0179764,-0.0115283,-0.00429738,-0.00041978,-6.32921e-05,-5.00303e-06,0.0,0.000165603,3.79807e-05,-0.00044288,-0.00302584,-0.011633,-0.0249749,-0.0390555,-0.042082,-0.0328279,-0.00693014,0.0256329,0.0407602,0.0233217,0.0111164,0.00206331,0.0145685,0.0230549,0.0310765,0.0234528,0.00263929,-0.0109543,-0.0131881,-0.0113954,-0.00488602,-0.000663113,-0.000110444,0.0,0.0,0.000384984,0.000212043,3.72274e-05,-0.00187913,-0.010485,-0.0238662,-0.0381723,-0.0471625,-0.0414388,-0.0284772,-0.0161752,-0.0194924,-0.0373522,-0.047084,-0.0403974,-0.0103784,0.0216169,0.0454783,0.0427353,0.0228369,0.00142835,-0.00640376,-0.00905107,-0.00500127,-0.000846119,-0.000179086,-3.35689e-05,0.0,0.000176978,0.000367461,0.00123919,0.00150385,-0.00739604,-0.0220869,-0.0334674,-0.0466041,-0.0517073,-0.0546022,-0.0592404,-0.0672926,-0.0794854,-0.0840916,-0.0676261,-0.0304784,0.0145636,0.0528475,0.0532469,0.0330001,0.0120086,-0.000179401,-0.00527254,-0.00507424,-0.00149393,-0.000434397,-5.76539e-05,0.0,4.87406e-05,0.000533592,0.00395692,0.00559226,-0.00289451,-0.0149908,-0.0274714,-0.0422988,-0.0551893,-0.0661546,-0.0739875,-0.0803052,-0.0898668,-0.0926537,-0.073516,-0.0323866,0.0163674,0.049014,0.053039,0.0326228,0.0154343,0.00658102,-0.00289175,-0.00532652,-0.00183425,-0.000269242,-2.12279e-05,0.0,9.63802e-07,0.00173613,0.0081087,0.0132748,0.0084606,-0.00307964,-0.019532,-0.0364163,-0.0532562,-0.0666881,-0.0712942,-0.0761546,-0.0821792,-0.0804618,-0.0573871,-0.0158619,0.0229491,0.0447065,0.0474081,0.0299981,0.0171477,0.00851383,-0.00292888,-0.00567687,-0.00167474,-0.000200572,-4.28782e-06,0.0,0.0,0.0028663,0.0119758,0.0204399,0.0228658,0.012527,-0.00550982,-0.0269085,-0.0436216,-0.0566482,-0.0637747,-0.065719,-0.0673073,-0.0584802,-0.034099,0.00612473,0.0346559,0.0439201,0.0405417,0.0240446,0.0152584,0.00470312,-0.00400323,-0.00538446,-0.0017764,-0.000383702,0.0,0.0,-1.39706e-06,0.00280847,0.0145358,0.0253523,0.0344851,0.0318213,0.0153155,-0.00101224,-0.0151449,-0.032498,-0.044087,-0.0476898,-0.0426487,-0.027557,0.00107721,0.0286471,0.0396188,0.0373045,0.0301452,0.0203074,0.00688642,-0.00169716,-0.00510279,-0.00492186,-0.00141812,-0.000292703,0.0,0.0,-1.98812e-05,0.00195498,0.0108705,0.0240133,0.0398043,0.0504553,0.0450149,0.0367547,0.025311,0.0113661,-0.00205325,-0.00833079,-0.0035422,0.0124315,0.0323122,0.042877,0.0356527,0.0302812,0.0216892,0.0107921,-0.00018043,-0.00484665,-0.00529057,-0.00377102,-0.000887869,-0.000116118,0.0,0.0,0.0,0.000874448,0.00632226,0.0166829,0.0314408,0.0492275,0.0604601,0.0636112,0.0622773,0.0563486,0.0482481,0.042365,0.0421966,0.0437271,0.0396997,0.0319366,0.0268469,0.0190348,0.00991123,0.00234202,-0.0025051,-0.00361421,-0.0028656,-0.0017932,-0.000430727,-4.36471e-06,0.0,0.0,0.0,0.000456652,0.00285026,0.0101017,0.0191949,0.0314178,0.0444644,0.0567055,0.0643108,0.0661686,0.0612625,0.0549541,0.0450615,0.0293102,0.0189936,0.010569,0.00585732,0.00346023,-0.000357802,-0.00104332,-0.00202311,-0.00197647,-0.00142779,-0.000645853,-0.00013848,0.000112923,0.0,0.0,0.0,7.18508e-05,0.000646522,0.00388223,0.00781728,0.0139009,0.0168448,0.0217552,0.02735,0.0283889,0.0276103,0.0213642,0.0142175,0.008137,-0.000635921,-0.00352691,-0.00615142,-0.00517823,-0.00309384,-0.00313598,-0.00201445,-0.00124902,-0.000513138,-0.000236592,-5.90286e-05,0.0,0.0,0.0,0.0,0.0,1.4614e-06,0.00020969,0.000608188,0.000865755,-8.00671e-05,-0.000131293,-0.0017007,-0.00459609,-0.00433417,-0.00299234,-0.00295431,-0.00354446,-0.00534454,-0.00617537,-0.0057027,-0.00452544,-0.00325785,-0.00208321,-0.00125139,-0.000518396,-0.000143583,-2.04393e-05,0.0,0.0,0.0,0.0,0.0,0.0,0.0,-1.64368e-05,-0.000144486,-0.000425748,-0.000855098,-0.00186598,-0.00288294,-0.00426788,-0.00503226,-0.00545692,-0.00582701,-0.00578462,-0.00487829,-0.0038668,-0.0033375,-0.00216988,-0.00110414,-0.000639737,-0.000308876,-6.05517e-05,-3.74583e-06,0.0,0.0,0.0,0.0,0.0,0.0,0.0,0.0,0.0,0.0,-2.43932e-05,-0.000104446,-0.000188091,-0.000212325,-0.000297574,-0.00042219,-0.000458005,-0.000534815,-0.000749046,-0.000770988,