{"max":0.0674527,"min":-0.072604,"acc":0.8291,"arr":[0.0,0.0,0.0,0.0,0.0,0.0,0.0,0.0,0.0,0.0,0.0,0.0,0.0,0.0,0.0,0.0,0.0,0.0,0.0,0.0,0.0,0.0,0.0,0.0,0.0,0.0,0.0,0.0,0.0,0.0,0.0,0.0,0.0,0.0,-2.50034e-05,-5.71533e-05,-8.28378e-05,-4.31395e-05,-5.80791e-05,-7.51974e-05,-0.000129753,-0.000142683,-0.000160163,-0.000112852,-0.000131463,-8.07222e-05,-4.31755e-05,-6.16788e-05,-4.36038e-05,-2.89848e-07,0.0,0.0,0.0,0.0,0.0,0.0,0.0,0.0,0.0,-2.79185e-06,-2.0862e-06,0.0,-2.98244e-05,-9.19696e-05,-0.000273797,-0.0004361,-0.000559017,-0.000864637,-0.00132765,-0.00154105,-0.00201293,-0.00226339,-0.00222119,-0.00169775,-0.00137835,-0.00114392,-0.000863298,-0.000419744,-0.000140374,-2.2871e-05,0.0,0.0,0.0,0.0,0.0,0.0,-1.00593e-06,-1.93371e-05,-1.92115e-05,-4.72747e-06,-2.34214e-05,-8.46565e-05,-3.09726e-05,0.00036437,0.000488998,0.000813977,0.00116885,0.000378324,-0.00104127,-0.00298432,-0.00426401,-0.00469798,-0.00443682,-0.00384097,-0.0022729,-0.00115132,-0.000649303,-0.00021761,-6.15809e-05,-4.34637e-05,-5.66345e-06,0.0,0.0,0.0,-3.84082e-06,6.92717e-05,0.000613318,0.00125642,0.00203477,0.00366153,0.00584429,0.0103226,0.0159103,0.0192644,0.0207337,0.0186247,0.0142501,0.0102889,0.00447003,0.000214234,-0.00206178,-0.00326282,-0.00373082,-0.00326948,-0.00113476,-0.00134638,-0.000659286,-0.000180417,-4.52276e-05,0.0,0.0,0.0,0.000115012,0.000317044,0.000884661,0.00375992,0.00828372,0.0152644,0.0249496,0.0356463,0.0436936,0.0495605,0.0498258,0.048382,0.0422028,0.0330581,0.0230343,0.0122276,0.00349069,0.000409624,-0.00377707,-0.00663332,-0.00501629,-0.00450469,-0.00285722,-0.000932217,-0.000181621,0.0,0.0,0.0,1.33323e-05,0.000905578,0.00384994,0.00936874,0.017887,0.0309163,0.0458713,0.054403,0.0571956,0.0546254,0.0503325,0.0463143,0.0411278,0.034749,0.0288777,0.0208208,0.00865586,0.00209949,-0.00158601,-0.00610644,-0.00997809,-0.00821293,-0.00558458,-0.00237596,-0.000394836,-7.05412e-05,0.0,-3.17552e-05,-0.000200817,0.00156665,0.00732315,0.0133916,0.0213497,0.0303394,0.038669,0.0374397,0.0346809,0.0246372,0.0157364,0.00731648,0.0076216,0.0121769,0.0155706,0.0161027,0.00632264,0.000257225,-0.00511621,-0.00834868,-0.0118293,-0.0100411,-0.0071937,-0.00301403,-0.00062676,-9.09508e-05,0.0,-7.19997e-05,-0.000402782,0.00172585,0.00761949,0.00979486,0.012215,0.0125402,0.011109,0.00471454,-0.00693449,-0.0219909,-0.0281555,-0.0287114,-0.0204292,-0.00433826,0.0089517,0.0172075,0.0102715,0.00235456,-0.006863,-0.0109316,-0.0133689,-0.0105184,-0.00693054,-0.00249178,-0.000559793,-2.57507e-05,0.0,-0.000104701,-0.00015939,0.000941332,0.00420527,0.00335591,0.000453955,-0.00578684,-0.017596,-0.0318213,-0.0480092,-0.0546391,-0.0508112,-0.0380342,-0.0140119,0.00864231,0.0237084,0.025658,0.013883,-0.000773002,-0.0103808,-0.0144117,-0.0147847,-0.0101654,-0.00542545,-0.0016854,-0.000340407,0.0,0.0,-9.49452e-05,-0.000356823,0.000449218,0.00181627,-0.00125894,-0.00835089,-0.0206234,-0.0382574,-0.053671,-0.0629479,-0.0577594,-0.036677,-0.00820292,0.0199714,0.0375609,0.0424772,0.0289747,0.00828202,-0.00844252,-0.0164753,-0.0205515,-0.0153606,-0.0094601,-0.00366247,-0.000837138,-0.000218871,-1.12633e-05,0.0,-3.28453e-05,-0.000214153,0.000321741,-0.000636098,-0.00460651,-0.0139598,-0.0288568,-0.0445307,-0.0568486,-0.0541521,-0.0340007,0.00102682,0.0350429,0.0549203,0.0615853,0.0494282,0.0241375,-0.00134191,-0.0186011,-0.0232048,-0.0211589,-0.0150009,-0.00852246,-0.00308942,-0.00035749,-0.000106901,-2.3692e-05,0.0,-1.36384e-05,-0.00014679,-0.000363589,-0.00192462,-0.0065251,-0.0164793,-0.0294636,-0.0415215,-0.046231,-0.0304784,0.00108833,0.040412,0.0618803,0.0674527,0.0618224,0.046928,0.0212803,-0.00159754,-0.0163697,-0.0223936,-0.0208613,-0.0147457,-0.00852206,-0.00296629,-0.000237311,-8.55098e-05,-1.85478e-05,0.0,-2.07295e-06,-0.000124167,-0.000486885,-0.00201857,-0.00778453,-0.0170906,-0.0293228,-0.0371521,-0.0324673,-0.00954705,0.0231846,0.0513485,0.0545256,0.0477248,0.0382112,0.0304958,0.0200872,0.0114506,7.98353e-05,-0.0123504,-0.0160899,-0.013637,-0.00895979,-0.00337846,-0.000331332,-5.93834e-05,-5.00303e-06,0.0,0.000165603,3.79807e-05,-0.000355148,-0.00213469,-0.00844035,-0.0185013,-0.0294387,-0.0323897,-0.0267297,-0.00728292,0.0157749,0.025846,0.0135258,0.0042525,-0.00117659,0.00831715,0.0163397,0.0249061,0.0225063,0.00575334,-0.00758471,-0.0105332,-0.0091757,-0.00378881,-0.000484445,-7.28332e-05,0.0,0.0,0.000384984,0.000215316,-0.000117475,-0.00165906,-0.00813192,-0.0182831,-0.0289689,-0.0353764,-0.0324556,-0.0233915,-0.015175,-0.0173953,-0.0313073,-0.0394946,-0.0338104,-0.0121973,0.0131668,0.0355223,0.0367551,0.0211833,0.00221001,-0.00508577,-0.0076588,-0.00396119,-0.000526654,-0.000116091,-1.69679e-05,0.0,0.000176978,0.000378545,0.000682517,0.000548719,-0.00605248,-0.0171475,-0.0253752,-0.034786,-0.0394532,-0.040321,-0.0443668,-0.0502516,-0.0598477,-0.065052,-0.0557423,-0.0298306,0.00615303,0.0414409,0.0440055,0.0283065,0.0104947,0.000555892,-0.00460242,-0.00386191,-0.00109521,-0.000298852,-3.49338e-05,0.0,4.87406e-05,0.000477894,0.00305938,0.00363985,-0.00344183,-0.0121789,-0.0209203,-0.030702,-0.0385346,-0.0464008,-0.0526992,-0.0595721,-0.0687348,-0.072604,-0.0595615,-0.0320115,0.00745483,0.0372653,0.0417963,0.0274605,0.0135812,0.00536815,-0.00319529,-0.00364552,-0.00113387,-0.000126629,-1.7966e-06,0.0,-7.09679e-06,0.00140053,0.00675749,0.00974902,0.00459427,-0.0030217,-0.0140371,-0.0258139,-0.0369408,-0.0460876,-0.0501641,-0.0565592,-0.0636579,-0.0628269,-0.0474239,-0.0201168,0.0133369,0.0331465,0.0374406,0.024991,0.0145701,0.00653986,-0.00253619,-0.0040771,-0.00111524,-7.03112e-05,0.0,0.0,0.0,0.0021955,0.00876148,0.014791,0.0165187,0.00986701,-0.00343151,-0.0181784,-0.029423,-0.0389932,-0.0457194,-0.0504223,-0.0534854,-0.0470799,-0.0315385,-0.00168774,0.0244172,0.0360146,0.0333471,0.0208338,0.012992,0.00409011,-0.00278532,-0.00376021,-0.00110623,-0.000198667,0.0,0.0,0.0,0.00179393,0.00992536,0.017995,0.0246131,0.0249138,0.0123464,5.99178e-05,-0.00930903,-0.0224214,-0.0321748,-0.0359588,-0.0343238,-0.0235785,-0.00199345,0.0210816,0.0331356,0.0342708,0.0253627,0.016699,0.00673398,-0.000497565,-0.00300674,-0.00309557,-0.000920751,-0.000151222,0.0,0.0,0.0,0.00099446,0.00660046,0.016242,0.0278134,0.037226,0.0349955,0.0279098,0.0176654,0.00756024,-0.00114626,-0.00529953,-0.00285292,0.00977705,0.0262485,0.0370014,0.0339008,0.0270566,0.0173744,0.00774523,0.00128873,-0.00198712,-0.0025811,-0.00239757,-0.000688364,-8.51679e-05,0.0,0.0,0.0,0.0005534,0.00389307,0.0113,0.0218876,0.0357309,0.0455787,0.0478251,0.0461319,0.0420149,0.0382301,0.0357758,0.0367422,0.0367537,0.0349101,0.0300621,0.0239774,0.0143875,0.00638797,0.00187661,0.000169071,-0.00138333,-0.00147463,-0.00118822,-0.000287217,-4.36471e-06,0.0,0.0,0.0,0.000174377,0.0015193,0.00619848,0.0118234,0.0215563,0.0332328,0.0429487,0.0503657,0.0523123,0.0487179,0.0442993,0.0375432,0.0258844,0.018513,0.0105745,0.00498553,0.00161884,-0.000674272,0.000142219,-0.000335986,-0.000862441,-0.000857153,-0.000446579,-7.33943e-05,0.000112923,0.0,0.0,0.0,0.0,7.38903e-05,0.00164359,0.00416879,0.00836017,0.0119143,0.0164784,0.0200287,0.0208362,0.019842,0.0147601,0.00988984,0.00567082,-0.00119051,-0.00436238,-0.00669708,-0.0055631,-0.00211034,-0.00189588,-0.001313,-0.000913697,-0.000416705,-0.000192697,-4.63606e-05,0.0,0.0,0.0,0.0,0.0,0.0,-1.02633e-05,0.000188458,0.000191913,-0.000640715,-0.000953239,-0.0024829,-0.00526407,-0.00459544,-0.00264737,-0.00193291,-0.00274929,-0.00498738,-0.0057793,-0.00499593,-0.00330757,-0.00192483,-0.00127643,-0.000790332,-0.000369619,-0.000132428,-2.04393e-05,0.0,0.0,0.0,0.0,0.0,0.0,0.0,-1.49546e-05,-0.000119512,-0.000339129,-0.000683549,-0.00155092,-0.00238332,-0.00340185,-0.0040254,-0.00439333,-0.0045405,-0.00436632,-0.0038181,-0.00298902,-0.0022663,-0.00156644,-0.000743792,-0.000370675,-0.000190971,-2.56428e-05,-3.74583e-06,0.0,0.0,0.0,0.0,0.0,0.0,0.0,0.0,0.0,0.0,-2.35658e-05,-9.96551e-05,-0.000174086,-0.0001661,-0.000242353,-0.000346354,-0.000357502,-0.000396518,-0.000557056,-0.000535115,-0.000536303,-0.00033828,