{"max":0.171836,"min":-0.225062,"acc":0.8973,"arr":[0.0,0.0,0.0,0.0,0.0,0.0,0.0,0.0,0.0,0.0,0.0,0.0,-6.53035e-06,-1.64176e-05,-2.35737e-06,-9.82239e-08,0.0,0.0,0.0,0.0,0.0,0.0,0.0,0.0,0.0,0.0,0.0,0.0,0.0,0.0,0.0,0.0,-1.74859e-08,-7.70451e-08,-2.63152e-05,-6.11232e-05,-0.000107839,-9.36269e-05,-0.00015437,-0.000157521,-0.000194137,-0.000193486,-0.00024005,-0.000191253,-0.000211888,-0.000138278,-6.30688e-05,-9.39924e-05,-7.98111e-05,-1.12946e-05,-1.1374e-06,-1.13657e-07,0.0,0.0,0.0,0.0,0.0,0.0,-2.96214e-08,-2.79185e-06,-3.76125e-06,-2.59004e-06,-5.43953e-05,-0.000209907,-0.000562514,-0.00111755,-0.00146628,-0.00157666,-0.00220671,-0.00283874,-0.00313513,-0.00349026,-0.00320422,-0.00247539,-0.00260393,-0.00257858,-0.00188131,-0.00125094,-0.000628675,-0.000172491,-4.18031e-05,-2.59693e-06,0.0,0.0,0.0,0.0,-1.48919e-06,-2.14931e-05,-5.64488e-05,0.000896151,0.000979136,0.00200956,0.00294027,0.00294154,0.00554047,0.01347,0.0205048,0.0216822,0.0237006,0.0196414,0.0119471,0.00683088,0.00245582,-0.00193155,-0.00285437,-0.00581035,-0.00454736,-0.0019483,-0.000794925,-0.000141885,-1.28785e-05,0.0,0.0,2.67243e-05,1.86461e-05,0.000254341,0.00240576,0.00793089,0.0144589,0.0246282,0.0386569,0.051275,0.0656767,0.0746251,0.0723088,0.0588877,0.0402024,0.0245772,0.00348168,-0.0145731,-0.0180437,-0.0250697,-0.0314418,-0.0316283,-0.0222585,-0.0157229,-0.00561716,-0.00105095,-0.000109009,-4.29311e-06,0.0,0.0,0.000189185,0.00237734,0.0103985,0.025889,0.0455828,0.0658622,0.0873886,0.107191,0.120183,0.121346,0.107837,0.0968714,0.0743682,0.0565336,0.0323352,-0.00184598,-0.0218693,-0.0255154,-0.0335183,-0.0444596,-0.0432034,-0.0334681,-0.0156351,-0.00408214,-0.00061306,-1.86983e-05,0.0,1.31378e-05,0.00028218,0.00690901,0.0232037,0.0464083,0.0738026,0.0945643,0.118864,0.131613,0.130576,0.120767,0.112669,0.113191,0.10779,0.0964671,0.076467,0.0440176,0.0223925,0.0047466,0.0028519,-0.0177497,-0.0433976,-0.0447911,-0.0244766,-0.00856403,-0.00144669,-0.00010787,0.0,0.00035873,0.000302172,0.00942473,0.0345259,0.0603087,0.0783217,0.0833005,0.0857336,0.0743191,0.0620177,0.0500092,0.0441794,0.0487806,0.0728696,0.0900146,0.0787378,0.0584955,0.0344521,0.0390144,0.0369854,0.00916304,-0.0323182,-0.0474063,-0.0306252,-0.0107405,-0.00167784,-0.000126345,-3.19444e-07,-0.000134694,-0.000366334,0.0101147,0.0379078,0.0539662,0.0562242,0.0355396,0.0107643,-0.0151613,-0.0349463,-0.0577108,-0.0577767,-0.0327046,0.0204777,0.0659422,0.0721311,0.0598782,0.0532328,0.05912,0.0568435,0.026451,-0.019024,-0.0474125,-0.0316023,-0.0113728,-0.00160359,-5.27529e-05,-2.48478e-05,-0.000281977,-0.000673291,0.00893082,0.0277163,0.0285721,0.0125242,-0.0287207,-0.0833374,-0.124482,-0.153974,-0.16943,-0.141635,-0.0768751,0.0165586,0.0874682,0.0971587,0.0778301,0.0639086,0.0630655,0.0544161,0.0157626,-0.0213354,-0.0368247,-0.0241237,-0.00767183,-0.00110243,-4.53149e-05,-3.27539e-05,-0.000435386,-0.000887254,0.0078512,0.0113992,-0.00150935,-0.0368923,-0.0931471,-0.15653,-0.200428,-0.225062,-0.212566,-0.140635,-0.018459,0.0848439,0.131395,0.131414,0.0985982,0.0698809,0.0538569,0.0302649,-0.0097441,-0.0312067,-0.0292165,-0.0149382,-0.0041365,-0.000700429,-3.09813e-05,-2.30303e-05,-0.000497606,-0.000805917,0.00398782,2.54437e-05,-0.0238751,-0.068247,-0.129138,-0.180144,-0.206429,-0.200419,-0.147543,-0.0442664,0.0709629,0.138403,0.16354,0.138735,0.10074,0.054624,0.0188759,-0.0136194,-0.0425368,-0.0419878,-0.0276568,-0.0109688,-0.00173681,-0.000328727,-2.90357e-05,-2.95748e-06,-0.000315435,-0.00147269,-0.00139815,-0.00705826,-0.0311907,-0.075713,-0.124182,-0.155273,-0.153967,-0.116665,-0.0457261,0.0619978,0.135908,0.171836,0.156173,0.123451,0.0748478,0.0240343,-0.0213426,-0.0508454,-0.0600446,-0.0463816,-0.0276229,-0.00962961,-0.00071093,-0.000188825,-2.67322e-05,-2.63134e-06,-0.00016058,-0.000821493,-0.00158374,-0.00796929,-0.0313109,-0.0687601,-0.105317,-0.118342,-0.107856,-0.0657,0.0218272,0.118288,0.148576,0.128412,0.0886064,0.0817471,0.0545178,0.0228602,-0.0170942,-0.0450137,-0.0475288,-0.0433887,-0.028115,-0.0113754,-0.00151525,-0.000216953,-8.84374e-05,-5.00463e-05,0.000170502,-0.000254302,-3.84547e-05,-0.00505597,-0.0274988,-0.0621683,-0.0876227,-0.0969359,-0.0867262,-0.0482785,0.0264537,0.0932895,0.0792431,0.0500188,0.0263616,0.0363458,0.0445337,0.0443553,0.0279616,0.00490074,-0.00989094,-0.0293743,-0.0257553,-0.0129072,-0.00271741,-0.000549728,-6.59604e-05,-1.67193e-05,0.000384984,0.0011769,0.00304246,0.00248455,-0.0169126,-0.0489012,-0.0797283,-0.100818,-0.100591,-0.071944,-0.0185612,0.00654382,-0.0131753,-0.033797,-0.0348796,-0.00741006,0.0347011,0.0647861,0.0733775,0.0627693,0.0303498,-0.00199002,-0.0162157,-0.012101,-0.00388535,-0.000887348,-9.84326e-05,-1.89984e-06,0.000312645,0.00369292,0.0113134,0.0152853,-0.00464164,-0.0400227,-0.0734203,-0.11077,-0.129676,-0.133757,-0.113197,-0.104773,-0.116553,-0.125332,-0.0994289,-0.0382959,0.0355917,0.0883873,0.0993843,0.0824852,0.0570669,0.0216759,-0.00536499,-0.0114549,-0.00520798,-0.00134012,-9.72607e-05,0.0,0.000155639,0.00481493,0.0223314,0.033071,0.0114526,-0.0255393,-0.0656006,-0.113242,-0.162418,-0.187268,-0.188949,-0.181237,-0.186985,-0.177456,-0.118404,-0.0231606,0.0625831,0.0919025,0.106615,0.0878198,0.0675033,0.0372356,-0.000715686,-0.0160706,-0.00639538,-0.00114643,-4.31122e-05,-2.8038e-05,6.01571e-05,0.00747667,0.0375013,0.0587837,0.0448137,0.00836756,-0.0407473,-0.0920531,-0.147661,-0.182718,-0.191799,-0.191985,-0.191837,-0.167988,-0.086233,0.0210559,0.0844929,0.103396,0.105539,0.090072,0.0733363,0.0368267,-0.00781262,-0.0204436,-0.00657649,-0.0010016,-4.57475e-05,-9.00828e-07,7.24432e-05,0.0102753,0.0523783,0.0796001,0.0809096,0.0491092,0.00333804,-0.0452305,-0.0940323,-0.130938,-0.149696,-0.149173,-0.134102,-0.101581,-0.0343116,0.0522583,0.101788,0.108463,0.103866,0.0837258,0.0626833,0.0155252,-0.0187018,-0.0201603,-0.00639926,-0.00113416,-3.02445e-05,0.0,0.000211011,0.00986669,0.0551239,0.0908512,0.106537,0.0909979,0.0534714,0.0140031,-0.0223657,-0.0628367,-0.0816836,-0.08469,-0.0637967,-0.0276952,0.0200862,0.0728442,0.0947119,0.0969245,0.0822567,0.0672159,0.0295866,-0.0123246,-0.0250181,-0.0171437,-0.00432768,-0.000604152,-2.81247e-06,-1.09221e-06,0.000169052,0.00824537,0.0405851,0.0800349,0.110695,0.120321,0.0973075,0.0705035,0.0325517,0.000824733,-0.022426,-0.0217131,-0.00491056,0.015488,0.0458162,0.070606,0.0716985,0.0697501,0.0544963,0.0270238,-0.00947124,-0.0270948,-0.0241411,-0.0116428,-0.00291754,-0.000363747,-1.15652e-06,-1.05808e-06,8.44144e-06,0.00637907,0.0254718,0.0586678,0.0890537,0.117156,0.11924,0.102719,0.0914836,0.072256,0.051458,0.0384529,0.038966,0.0409809,0.0425204,0.0431837,0.0397851,0.0293719,0.015776,-0.00750217,-0.0241754,-0.0211197,-0.0127514,-0.0053683,-0.00127923,-3.54494e-05,-2.13511e-06,0.0,0.0,0.00251503,0.0127447,0.0380437,0.064896,0.0941002,0.113148,0.11151,0.108186,0.0995076,0.0893229,0.0696347,0.0556677,0.0292505,0.016896,0.00216262,0.00538235,0.00449471,-0.00916925,-0.0182665,-0.0177575,-0.0120428,-0.00559004,-0.00126872,-0.000355971,9.93746e-05,0.0,0.0,0.0,0.000539148,0.00411047,0.0152758,0.0314427,0.0545543,0.0731748,0.0840122,0.0928629,0.0958921,0.0879256,0.0723038,0.0585295,0.0366555,0.0131717,0.00326006,-0.00662334,-0.019215,-0.017113,-0.0137317,-0.00808709,-0.00442811,-0.00198803,-0.000987721,-0.000261953,-1.82563e-06,0.0,0.0,0.0,5.059e-05,3.05219e-05,0.00113655,0.00429439,0.00874805,0.0124472,0.018884,0.022555,0.0252876,0.0272113,0.0264924,0.0192789,0.00845659,-0.00287888,-0.00797341,-0.0120442,-0.0109956,-0.0065434,-0.00502215,-0.00340556,-0.00157996,-0.000460079,-8.14221e-05,-7.14829e-06,-7.49679e-07,0.0,0.0,0.0,0.0,0.0,-6.96731e-05,-0.000103644,-0.000398046,-0.000687867,-0.00236898,-0.00419825,-0.00620403,-0.00763457,-0.00860859,-0.0107492,-0.0122169,-0.010697,-0.00796705,-0.00634477,-0.00452912,-0.00314671,-0.00174096,-0.000587732,-0.000145127,-2.78302e-05,-2.77152e-06,-3.10541e-07,0.0,0.0,0.0,0.0,0.0,0.0,-3.16916e-07,-1.40288e-06,-2.93834e-05,-0.000120804,-0.000216053,-0.000275349,-0.000495428,