{"max":0.0464392,"min":-0.051454,"acc":0.7964,"arr":[0.0,0.0,0.0,0.0,0.0,0.0,0.0,0.0,0.0,0.0,0.0,0.0,0.0,0.0,0.0,0.0,0.0,0.0,0.0,0.0,0.0,0.0,0.0,0.0,0.0,0.0,0.0,0.0,0.0,0.0,0.0,0.0,0.0,0.0,-2.48847e-05,-5.2079e-05,-2.6279e-05,-2.55411e-05,-5.80791e-05,-7.51974e-05,-0.000123675,-0.000100426,-8.0544e-05,-6.4607e-05,-9.62646e-05,-3.0044e-05,-3.05765e-05,-6.16788e-05,-4.36038e-05,-2.89848e-07,0.0,0.0,0.0,0.0,0.0,0.0,0.0,0.0,0.0,-2.03148e-06,-1.824e-06,0.0,-2.41861e-05,-6.73252e-05,-0.000183053,-0.000350091,-0.000473183,-0.000730921,-0.00109383,-0.00115222,-0.00140981,-0.0015781,-0.00161689,-0.00131912,-0.00109621,-0.000833476,-0.000619212,-0.00031358,-0.000107518,-1.14471e-05,0.0,0.0,0.0,0.0,0.0,0.0,0.0,-1.71346e-05,-1.84773e-05,-3.53105e-06,3.43605e-05,1.82975e-06,0.000139942,0.000394158,0.000144936,-0.000127299,-0.000850916,-0.00152385,-0.00253968,-0.00369787,-0.00434473,-0.0041663,-0.00371898,-0.00326153,-0.00204146,-0.000978824,-0.000445425,-0.000125007,-3.23832e-05,-2.04485e-05,0.0,0.0,0.0,0.0,0.0,6.92717e-05,0.000355921,0.000877082,0.00167732,0.00325003,0.00521643,0.00872503,0.0123036,0.0136231,0.0142805,0.0138572,0.0109988,0.00672756,0.00110416,-0.00214941,-0.00295591,-0.00346613,-0.00264142,-0.00203557,-0.000718925,-0.000918999,-0.00049291,-0.000122748,-2.59785e-05,0.0,0.0,0.0,0.000121657,0.000351638,0.000531446,0.00288531,0.00611454,0.0105222,0.017122,0.0248351,0.0307227,0.0350488,0.0341021,0.0332752,0.029681,0.0241704,0.0151145,0.00716918,0.00201707,0.000602802,-0.00219436,-0.00339465,-0.00319471,-0.00352764,-0.00188546,-0.000550896,-8.16777e-05,0.0,0.0,0.0,1.33323e-05,0.000240397,0.00170236,0.00568786,0.0110074,0.0193662,0.0308277,0.0385285,0.0393326,0.03725,0.0342944,0.0316585,0.0292668,0.0260921,0.0202769,0.0139606,0.00575235,0.001309,-0.0012179,-0.00256622,-0.00557327,-0.00594814,-0.0039018,-0.00161196,-0.000286718,-6.593e-05,0.0,-3.07875e-05,-0.00016908,-0.000107825,0.0027205,0.00699861,0.012741,0.0195755,0.0272321,0.0280204,0.0270625,0.0194611,0.0121949,0.00673364,0.00592117,0.00993778,0.0113607,0.0106952,0.00328929,-0.00103883,-0.00469176,-0.00514626,-0.00684676,-0.00633043,-0.00468392,-0.00189856,-0.000536703,-9.04542e-05,0.0,-5.51022e-05,-0.000340827,0.000321233,0.00272262,0.00399097,0.0068941,0.00742667,0.00838676,0.00573879,-0.00170927,-0.0125742,-0.019338,-0.0201636,-0.0135204,-0.000681258,0.00742184,0.0102424,0.0064248,0.0004829,-0.00610471,-0.00637135,-0.00815644,-0.00656296,-0.00458724,-0.00161432,-0.000463099,-2.57507e-05,0.0,-6.16662e-05,-0.000329587,0.000227613,0.00189228,0.000420606,-0.000922111,-0.00547557,-0.0131755,-0.0201003,-0.0311023,-0.0358547,-0.0355597,-0.0266891,-0.00892163,0.00680836,0.0147896,0.0146307,0.00719881,-0.00201004,-0.0074541,-0.00865605,-0.0102087,-0.00713193,-0.00379831,-0.00121133,-0.000243773,0.0,0.0,-3.25913e-05,-0.000200344,0.000476192,0.000617046,-0.00220525,-0.00711642,-0.015557,-0.0271611,-0.0356009,-0.0414446,-0.0383105,-0.0241104,-0.00471484,0.0153894,0.024412,0.0232712,0.0157627,0.00226627,-0.00592324,-0.0114856,-0.0139153,-0.0116665,-0.00724826,-0.0027893,-0.000596825,-0.000146714,-6.19339e-06,0.0,-3.94845e-06,-0.000126643,0.00033686,-0.000667517,-0.00414438,-0.0108109,-0.0208486,-0.0312054,-0.0379266,-0.0341684,-0.0197787,0.00315853,0.0254878,0.0372706,0.0392338,0.0288415,0.0117604,-0.00358534,-0.0131222,-0.0156786,-0.0153488,-0.0115948,-0.00641968,-0.00229607,-0.000256536,-9.26735e-05,-1.74521e-05,0.0,-1.23591e-05,-0.000138155,-0.000413341,-0.00165731,-0.00534701,-0.0119222,-0.0209421,-0.0287569,-0.0305483,-0.017465,0.00443886,0.0290646,0.0428034,0.0464392,0.042522,0.0297362,0.0127109,-0.00259251,-0.0120222,-0.0162838,-0.0155063,-0.0110057,-0.00646899,-0.00246291,-0.000207859,-7.0121e-05,-1.85478e-05,0.0,0.0,-0.000107445,-0.000379016,-0.00159136,-0.00580745,-0.0120621,-0.0204658,-0.025684,-0.0214274,-0.00426301,0.0168214,0.0353132,0.0376393,0.0331786,0.0267722,0.0219778,0.0148,0.00895268,-0.00106895,-0.0101716,-0.0121647,-0.010149,-0.00672796,-0.00274424,-0.000279134,-3.17383e-05,-5.00303e-06,0.0,0.000168644,6.28987e-05,-0.000237842,-0.0015243,-0.0062495,-0.0134924,-0.0211874,-0.022447,-0.0185145,-0.00442017,0.01206,0.0165898,0.0074729,0.00200418,0.000122737,0.00799659,0.0151742,0.0182652,0.0132614,0.00274224,-0.00610548,-0.0075035,-0.0065512,-0.00290585,-0.000308735,-4.09237e-05,0.0,0.0,0.000384984,0.000219504,-3.24342e-05,-0.00105081,-0.00582556,-0.0132046,-0.0205612,-0.0246511,-0.0228261,-0.0164816,-0.011631,-0.0151433,-0.0237972,-0.0283985,-0.0235833,-0.00586511,0.0133771,0.0256303,0.0237852,0.0129863,0.000616798,-0.00264683,-0.00505018,-0.00302206,-0.000370335,-0.000104735,-1.69679e-05,0.0,0.000182271,0.000378632,0.000403361,0.000397982,-0.00443246,-0.0125675,-0.0181608,-0.024155,-0.0267739,-0.0272953,-0.0309711,-0.0355749,-0.0424469,-0.0472185,-0.0401467,-0.0210407,0.00713753,0.0282091,0.0272715,0.0175825,0.00641762,0.00172152,-0.00245105,-0.00302369,-0.000817524,-0.000240343,-3.49338e-05,0.0,5.22142e-05,0.000478096,0.00224989,0.00309271,-0.00268205,-0.00908622,-0.0157745,-0.0208471,-0.0249697,-0.0308529,-0.0359593,-0.040898,-0.0477073,-0.051454,-0.0439532,-0.0242365,0.00475744,0.0243386,0.0258496,0.0157381,0.00872485,0.00516018,-0.00123734,-0.00272344,-0.000793758,-9.96647e-05,-1.7966e-06,0.0,-7.09679e-06,0.00115733,0.00480716,0.00707032,0.00341939,-0.00233381,-0.00999875,-0.0175503,-0.0246733,-0.0305706,-0.0337712,-0.0389898,-0.0439367,-0.0439167,-0.0340343,-0.0164724,0.00827719,0.020395,0.0237594,0.014937,0.00993865,0.0053633,-0.000502171,-0.0027905,-0.000682103,-5.77062e-05,0.0,0.0,0.0,0.00143572,0.0053438,0.00948572,0.0103148,0.00550958,-0.00304665,-0.0137855,-0.0206446,-0.0268751,-0.0320682,-0.0364554,-0.0383721,-0.0329855,-0.0226551,-0.00408953,0.0149943,0.0237178,0.0229515,0.0139803,0.0098194,0.00315518,-0.000871739,-0.00231947,-0.000654939,-0.000113978,0.0,0.0,0.0,0.00109213,0.00583881,0.0118094,0.0156722,0.0156923,0.00743963,-0.000670185,-0.0063177,-0.0160097,-0.0241505,-0.0281564,-0.025965,-0.0177805,-0.00285565,0.012205,0.0210425,0.025475,0.0191269,0.0126669,0.0064575,0.000395458,-0.00170247,-0.00203301,-0.000585878,-4.63399e-05,0.0,0.0,0.0,0.000521784,0.00437186,0.0110981,0.0187631,0.0232649,0.0223109,0.0193933,0.0139352,0.00756025,-0.000204049,-0.00397773,-0.00294981,0.00586023,0.0173787,0.024922,0.0247738,0.0215067,0.0148877,0.00795469,0.001852,-0.000934265,-0.00174258,-0.00150543,-0.000368405,-1.5997e-05,0.0,0.0,0.0,0.00011659,0.00281973,0.00793448,0.0154879,0.0241805,0.0291565,0.0316962,0.033999,0.033678,0.0302849,0.0272983,0.0271666,0.0272858,0.0258745,0.0224646,0.0190128,0.01275,0.0068859,0.00199871,-0.000387847,-0.00133642,-0.00108256,-0.000684025,-0.000148611,-6.76634e-06,0.0,0.0,0.0,0.0,0.0011157,0.00446207,0.00828849,0.0148827,0.0210787,0.0276955,0.0335714,0.0367489,0.0365512,0.0339154,0.0291439,0.0196476,0.0141528,0.0090232,0.00524647,0.00184641,-0.000507059,-0.000867387,-0.00108842,-0.00106005,-0.000593321,-0.000282859,-7.33141e-05,0.0,0.0,0.0,0.0,0.0,6.8883e-05,0.00137192,0.00307153,0.00556395,0.00718826,0.0105105,0.0127945,0.0133382,0.0128074,0.00980794,0.00634255,0.0026857,-0.00170714,-0.00325297,-0.00467315,-0.00410042,-0.00244295,-0.00204195,-0.0012905,-0.00079652,-0.000400456,-0.000185337,-4.63606e-05,0.0,0.0,0.0,0.0,0.0,0.0,-8.71224e-06,0.00020571,-6.20884e-05,-0.000604832,-0.00067301,-0.00139228,-0.00326738,-0.00327667,-0.00264812,-0.00296279,-0.00330929,-0.00436441,-0.00472029,-0.00385382,-0.00263862,-0.00156108,-0.000920506,-0.000659499,-0.000332838,-0.000132428,-2.04393e-05,0.0,0.0,0.0,0.0,0.0,0.0,0.0,-1.49546e-05,-0.000119061,-0.000292011,-0.000570678,-0.00122286,-0.00174381,-0.00258732,-0.00306598,-0.00315435,-0.00320008,-0.00310493,-0.00266096,-0.00219905,-0.00167678,-0.00101678,-0.000450522,-0.000164474,-0.000148924,-2.46295e-05,-3.74583e-06,0.0,0.0,0.0,0.0,0.0,0.0,0.0,0.0,0.0,0.0,-7.59929e-06,-7.35526e-05,-0.000151182,-0.000149555,-0.000230851,-0.000298855,-0.000292334,-0.000333489,-0.000427744,-0.000417907,-0.000387938,-0.000217071,