{"max":0.0845753,"min":-0.0839573,"acc":0.8312,"arr":[0.0,0.0,0.0,0.0,0.0,0.0,0.0,0.0,0.0,0.0,0.0,0.0,0.0,0.0,0.0,0.0,0.0,0.0,0.0,0.0,0.0,0.0,0.0,0.0,0.0,0.0,0.0,0.0,0.0,0.0,0.0,0.0,0.0,0.0,-2.50034e-05,-5.71533e-05,-8.50181e-05,-5.61666e-05,-9.62585e-05,-9.55732e-05,-0.000140489,-0.000144348,-0.000172858,-0.000122709,-0.000138765,-8.50635e-05,-4.34055e-05,-7.06262e-05,-5.37602e-05,-2.89848e-07,0.0,0.0,0.0,0.0,0.0,0.0,0.0,0.0,0.0,-2.79185e-06,-2.0862e-06,0.0,-2.98797e-05,-0.000104463,-0.000304612,-0.000499622,-0.000704576,-0.00102733,-0.00147982,-0.00169207,-0.00201766,-0.00209601,-0.00209146,-0.00151147,-0.00126755,-0.00122281,-0.000978777,-0.000547407,-0.000220702,-2.97075e-05,0.0,0.0,0.0,0.0,0.0,0.0,-1.00593e-06,-1.93371e-05,-1.92115e-05,0.000441237,0.000376982,0.000235846,-8.21345e-05,-5.65679e-05,-0.000277446,-4.95824e-05,0.000489973,0.000400079,-0.000692707,-0.0034348,-0.00522896,-0.00549402,-0.00455994,-0.00364344,-0.00208562,-0.00148808,-0.000922762,-0.000310341,-0.000105612,-4.34637e-05,-5.66345e-06,0.0,0.0,2.53153e-05,-3.84082e-06,6.15956e-05,0.00067521,0.00180073,0.00310016,0.00490488,0.00731597,0.0129891,0.019664,0.0234069,0.0241884,0.0211694,0.016613,0.00999345,0.00241259,-0.00223784,-0.00288071,-0.00369815,-0.00427277,-0.00430353,-0.00184393,-0.00197901,-0.000770309,-0.000194058,-5.40894e-05,0.0,0.0,0.0,0.000115012,0.000350761,0.00180178,0.00618985,0.0116225,0.0202082,0.0306369,0.0429694,0.0525981,0.0591809,0.0575538,0.0562021,0.048492,0.0370288,0.0237157,0.00986002,0.000917167,0.00056657,-0.00313363,-0.00762289,-0.00716892,-0.00618321,-0.00350327,-0.00109711,-0.00024738,0.0,0.0,0.0,1.33323e-05,0.0014549,0.00632099,0.0138661,0.0236529,0.0384017,0.0561876,0.0660094,0.0682003,0.0635328,0.0576123,0.0540551,0.0490887,0.0425363,0.0355462,0.0255347,0.0116267,0.00446964,0.000541516,-0.00653655,-0.0117902,-0.0101792,-0.00703504,-0.00281476,-0.000450414,-7.21669e-05,0.0,-3.17552e-05,-0.000202298,0.00209862,0.0098648,0.0175857,0.0268568,0.0384158,0.0489143,0.0456594,0.0408783,0.0270071,0.0164999,0.00790733,0.0106443,0.0179069,0.0230906,0.0225624,0.0116291,0.00615889,-0.000854424,-0.00643721,-0.0124234,-0.0119391,-0.00872231,-0.00350222,-0.000692314,-9.30044e-05,0.0,-7.19997e-05,-0.000457513,0.00195503,0.00951249,0.0129919,0.0167559,0.0177253,0.0147539,0.00488245,-0.00981989,-0.027385,-0.0333909,-0.0328297,-0.0199823,0.000415198,0.0153227,0.0228242,0.0155222,0.00853725,-0.00285756,-0.00893076,-0.0131443,-0.0125918,-0.00831681,-0.00301592,-0.000659457,-3.39609e-05,-2.18462e-05,-0.000123341,-0.00031349,0.000944839,0.0058275,0.00548931,0.00172837,-0.00692655,-0.0221815,-0.0408208,-0.0584509,-0.065683,-0.058481,-0.0431683,-0.0158148,0.0129659,0.0300879,0.0318772,0.0187097,0.00411542,-0.00735268,-0.013465,-0.015806,-0.0117231,-0.0063506,-0.00201554,-0.000393812,-6.6886e-06,-2.54081e-05,-0.000163148,-0.000567599,0.000144312,0.00237972,-0.00113425,-0.010992,-0.02632,-0.0479359,-0.0666275,-0.075669,-0.068403,-0.0430851,-0.00994643,0.0227884,0.0450647,0.0531343,0.0385395,0.0147929,-0.00507312,-0.0163862,-0.0216262,-0.0173289,-0.0105532,-0.00419907,-0.00102449,-0.000234268,-1.85747e-05,-2.73078e-06,-9.64173e-05,-0.000317816,0.000104515,-0.000705366,-0.00611997,-0.0181895,-0.0361621,-0.0550422,-0.0696137,-0.0650072,-0.041187,-0.000700519,0.0397332,0.0652509,0.0762891,0.0635345,0.0341211,0.00431436,-0.0189543,-0.0253266,-0.024183,-0.0174289,-0.0100367,-0.00348247,-0.000466995,-0.00011074,-2.39081e-05,0.0,-1.36384e-05,-0.000208302,-0.000552185,-0.00232414,-0.00815576,-0.0202755,-0.0354933,-0.0500078,-0.0546285,-0.0374743,0.000370978,0.0504499,0.0777439,0.0845753,0.0770473,0.0586208,0.0285799,0.000191006,-0.0192246,-0.0265701,-0.0239036,-0.0175487,-0.010087,-0.00340358,-0.000301228,-8.55098e-05,-1.85478e-05,0.0,-2.07295e-06,-0.000131889,-0.000598405,-0.00254382,-0.00951256,-0.0207094,-0.0347652,-0.0428093,-0.0367822,-0.0102255,0.0308352,0.0657648,0.069781,0.0601513,0.0453292,0.0384406,0.0260851,0.013359,-0.000950427,-0.0152882,-0.0183808,-0.0156675,-0.0103074,-0.00399057,-0.000394451,-6.03732e-05,-5.00303e-06,0.0,0.000165603,3.79807e-05,-0.000407153,-0.00267953,-0.0102286,-0.0222564,-0.0353399,-0.037803,-0.0287565,-0.00455362,0.0233963,0.035509,0.020603,0.00925568,0.00245651,0.0143624,0.024048,0.0310008,0.0247077,0.00500117,-0.00842294,-0.0109492,-0.010156,-0.00450111,-0.000636057,-0.000110231,0.0,0.0,0.000384984,0.000215316,7.59013e-05,-0.00155441,-0.00933509,-0.0217377,-0.0347549,-0.0423319,-0.0358624,-0.0234948,-0.0137615,-0.0172272,-0.034546,-0.0431636,-0.036381,-0.00837374,0.0217441,0.0445822,0.0420924,0.0226952,0.00249193,-0.00475292,-0.00810889,-0.00451894,-0.000789929,-0.000179059,-3.35689e-05,0.0,0.000176978,0.000378545,0.00121435,0.00172524,-0.0061477,-0.0199866,-0.0306432,-0.0419759,-0.0457353,-0.0466359,-0.0510281,-0.0591777,-0.071207,-0.0759158,-0.0616118,-0.0289662,0.0133023,0.0506652,0.0515736,0.032298,0.0126321,0.00127793,-0.00441016,-0.00445695,-0.00136916,-0.000417219,-5.31244e-05,0.0,4.87406e-05,0.000533592,0.00380038,0.00562467,-0.00206739,-0.0136599,-0.0249183,-0.0369768,-0.0475327,-0.0562667,-0.063065,-0.0707171,-0.0806434,-0.0839573,-0.0673266,-0.0318354,0.0138875,0.0468666,0.0500146,0.0315333,0.0160182,0.00723816,-0.00228139,-0.0043852,-0.00157277,-0.000208107,-1.7966e-06,0.0,-7.09679e-06,0.00165226,0.00769253,0.0125795,0.00804419,-0.0026958,-0.0173437,-0.0315681,-0.0454125,-0.0566861,-0.0607458,-0.0670628,-0.0736409,-0.072796,-0.0525468,-0.0171542,0.019986,0.0418671,0.0452414,0.0298262,0.017707,0.00876541,-0.0023215,-0.00482315,-0.00149678,-0.00013523,0.0,0.0,0.0,0.002843,0.011176,0.0186281,0.0210457,0.0120141,-0.00394992,-0.0231044,-0.0374385,-0.0483562,-0.0541532,-0.0576013,-0.0603155,-0.0522865,-0.0318428,0.00348397,0.0295518,0.0420361,0.0400377,0.0250431,0.0159205,0.00511668,-0.00318529,-0.00461472,-0.00155551,-0.000264001,0.0,0.0,0.0,0.00254303,0.0135599,0.0234129,0.0313594,0.030216,0.0154742,0.000510828,-0.0122948,-0.0271823,-0.0378143,-0.0414536,-0.0376911,-0.024259,9.49199e-05,0.0242482,0.035281,0.0375502,0.0305083,0.0203266,0.00754204,-0.000638932,-0.0040379,-0.00417153,-0.001211,-0.000208266,0.0,0.0,0.0,0.00161168,0.0100005,0.0225358,0.0363916,0.0459618,0.0424942,0.0345209,0.0245336,0.0119643,-0.000122001,-0.00531626,-0.00167963,0.0113842,0.0292778,0.0393687,0.0357446,0.0312123,0.0220341,0.0105167,0.00109096,-0.00346686,-0.00416597,-0.00335234,-0.0008473,-0.000116118,0.0,0.0,0.0,0.000766984,0.00578173,0.0152407,0.028496,0.0443289,0.054337,0.0572806,0.0561365,0.0522844,0.0450686,0.0404253,0.0402479,0.0411656,0.038125,0.0328252,0.0280961,0.0195812,0.00983815,0.00304523,-0.00097272,-0.00262472,-0.00229077,-0.00151642,-0.000383366,-4.36471e-06,0.0,0.0,0.0,0.000323788,0.0023856,0.00834272,0.016374,0.0274404,0.0392488,0.0502818,0.0580505,0.0601184,0.0563027,0.0515892,0.0424169,0.0289299,0.020811,0.0142003,0.00935428,0.00483158,0.000773757,0.000309796,-0.00110038,-0.00148475,-0.00111817,-0.000523308,-8.38071e-05,0.000112923,0.0,0.0,0.0,2.53192e-05,0.000231401,0.00229954,0.00568959,0.0111229,0.0138097,0.0181027,0.0231162,0.0243573,0.0235519,0.0188266,0.0138298,0.00924563,0.00181383,-0.00132337,-0.0051812,-0.00483443,-0.00238432,-0.00226899,-0.00174755,-0.00113485,-0.000478754,-0.000198015,-4.63606e-05,0.0,0.0,0.0,0.0,0.0,0.0,-5.46057e-05,0.000304002,0.000693379,-0.000318983,-0.000734541,-0.0025749,-0.00578113,-0.00561454,-0.00366106,-0.00220097,-0.00198545,-0.00405188,-0.00559128,-0.00562686,-0.00410254,-0.00255055,-0.00168513,-0.00113647,-0.000510039,-0.000143583,-2.04393e-05,0.0,0.0,0.0,0.0,0.0,0.0,0.0,-1.49546e-05,-0.000124109,-0.000373617,-0.000769738,-0.00169503,-0.00261031,-0.0038197,-0.00450153,-0.00493842,-0.00530819,-0.00524434,-0.00443483,-0.0037497,-0.00288726,-0.00180551,-0.00086873,-0.00047846,-0.00023351,-4.93163e-05,-3.74583e-06,0.0,0.0,0.0,0.0,0.0,0.0,0.0,0.0,0.0,0.0,-2.43932e-05,-0.000104446,-0.000180313,-0.000176323,-0.00026014,-0.000384736,-0.000417238,-0.000488686,-0.000663291,-0.000626367,-0.000617583,