{"max":0.128675,"min":-0.131199,"acc":0.8668,"arr":[0.0,0.0,0.0,0.0,0.0,0.0,0.0,0.0,0.0,0.0,0.0,0.0,-6.42121e-06,-1.40602e-05,0.0,0.0,0.0,0.0,0.0,0.0,0.0,0.0,0.0,0.0,0.0,0.0,0.0,0.0,0.0,0.0,0.0,0.0,0.0,0.0,-2.50034e-05,-5.71533e-05,-8.50181e-05,-6.46175e-05,-0.000129913,-0.000116862,-0.000155554,-0.000163954,-0.000191136,-0.000133748,-0.000152628,-0.000109349,-5.31662e-05,-7.43987e-05,-5.69902e-05,-1.78864e-06,-5.04232e-07,-4.11059e-08,0.0,0.0,0.0,0.0,0.0,0.0,0.0,-2.79185e-06,-2.80071e-06,-9.68706e-07,-3.46434e-05,-0.000141186,-0.000373818,-0.000704618,-0.000847639,-0.00088045,-0.00137437,-0.00217513,-0.00273799,-0.0029302,-0.0028112,-0.00213459,-0.00187097,-0.00178379,-0.00130334,-0.000715917,-0.000277146,-3.54496e-05,0.0,0.0,0.0,0.0,0.0,0.0,-1.00593e-06,-2.02482e-05,-3.29373e-05,0.000463608,0.000519949,0.000530166,-8.75725e-05,-0.0008216,-0.0004986,0.00175459,0.00360114,0.00318661,0.00298963,-0.000146163,-0.0030465,-0.00370085,-0.00426306,-0.00494905,-0.00319514,-0.00243649,-0.00158267,-0.000671373,-0.000266487,-8.69108e-05,-5.66345e-06,0.0,0.0,2.53153e-05,-1.1895e-05,6.00011e-05,0.000719426,0.00229843,0.00455834,0.00725661,0.0116386,0.0197228,0.0300272,0.0374903,0.0377816,0.0317334,0.022401,0.0138219,0.00221154,-0.00783157,-0.0108063,-0.0122632,-0.0108432,-0.0101334,-0.00623897,-0.00485421,-0.00204731,-0.000545505,-8.66962e-05,0.0,0.0,0.0,0.00011448,0.000403203,0.00336719,0.0106003,0.0196385,0.0318607,0.0456691,0.0602837,0.0749317,0.0829422,0.0812092,0.078386,0.0660491,0.050564,0.0307584,0.00980963,-0.00566724,-0.0103187,-0.0130783,-0.0170851,-0.0174889,-0.0141013,-0.00735369,-0.00211869,-0.000363239,0.0,0.0,0.0,1.60695e-05,0.00237471,0.0108312,0.0224592,0.0393917,0.0562228,0.0762219,0.0873408,0.0898302,0.0879014,0.0832963,0.07942,0.0725031,0.0625501,0.0495926,0.0326243,0.0136552,0.00218576,-0.0017166,-0.0117075,-0.0220698,-0.0209612,-0.0128002,-0.00463355,-0.000884826,-7.21669e-05,0.0,-3.21891e-05,-0.000147489,0.00398646,0.0166773,0.0288569,0.0449012,0.0582641,0.065224,0.0559711,0.0481225,0.0349858,0.0239121,0.0152013,0.0219152,0.0314057,0.0355139,0.0325426,0.0161115,0.0116082,0.00544651,-0.004588,-0.0204272,-0.0218973,-0.015304,-0.00527598,-0.00102987,-9.30044e-05,0.0,-7.50392e-05,-0.000381311,0.00392584,0.0165454,0.0246625,0.0314782,0.0295324,0.0145983,-0.00583504,-0.0244877,-0.0440004,-0.0516771,-0.0487999,-0.02167,0.0112583,0.0299698,0.0318164,0.0228186,0.0179149,0.0081471,-0.0045606,-0.0190269,-0.0210817,-0.0143036,-0.00488872,-0.000925991,-3.39609e-05,-2.18462e-05,-0.000191102,-0.000488752,0.00230575,0.0107768,0.0122423,0.00754277,-0.0116129,-0.0410979,-0.074342,-0.0986672,-0.108298,-0.0965255,-0.0668999,-0.0159243,0.0328163,0.0521334,0.0458487,0.0301951,0.0145385,0.00257882,-0.0115026,-0.0208378,-0.0178389,-0.0102357,-0.00335291,-0.000585393,-6.6886e-06,-2.55424e-05,-0.000297471,-0.000930598,0.000158313,0.00248526,-0.00304999,-0.0177488,-0.0445713,-0.0815277,-0.113917,-0.131199,-0.11937,-0.0785358,-0.0207381,0.0413985,0.0794924,0.0869871,0.0609368,0.0274863,0.00140224,-0.0135111,-0.0264014,-0.0245511,-0.0152753,-0.00673387,-0.00188419,-0.000364421,-1.85747e-05,-1.99204e-05,-0.00021418,-0.000871017,-0.000233997,-0.00209706,-0.0114131,-0.0314051,-0.0612513,-0.0921443,-0.117844,-0.116425,-0.0803483,-0.0155106,0.05181,0.0994988,0.118861,0.0994167,0.05343,0.0111453,-0.0190962,-0.0320431,-0.0346685,-0.0264272,-0.0145829,-0.00516082,-0.000844406,-0.000170566,-2.39081e-05,-1.90781e-06,-0.000116516,-0.000703449,-0.00137559,-0.0040576,-0.0136097,-0.034078,-0.0599026,-0.084109,-0.0928157,-0.0686451,-0.013342,0.0619689,0.110957,0.128675,0.115591,0.0849349,0.0386046,-0.00284514,-0.027202,-0.0386326,-0.035152,-0.0254446,-0.0144098,-0.00490917,-0.000382712,-0.000107659,-1.85478e-05,-2.63134e-06,-0.000110326,-0.000446308,-0.00139067,-0.0049232,-0.016,-0.0345193,-0.0576245,-0.0693731,-0.0617395,-0.02339,0.0383084,0.0966755,0.10768,0.0921375,0.0641809,0.0510246,0.0295401,0.00803984,-0.00973312,-0.0250247,-0.0268534,-0.0221689,-0.0138016,-0.0057985,-0.000873842,-0.00010313,-4.04429e-05,0.0,0.000171253,-0.000148115,-0.000930573,-0.00426757,-0.0161134,-0.0351828,-0.0534921,-0.0583718,-0.0481928,-0.013408,0.034646,0.0636559,0.0423864,0.0225629,0.00491925,0.0173786,0.0262523,0.0321189,0.0224841,0.00138597,-0.0111856,-0.0157375,-0.0128706,-0.00624394,-0.00122966,-0.000222305,-2.63268e-05,0.0,0.000384984,0.000329163,-3.73139e-05,-0.00239723,-0.0135352,-0.0308288,-0.0494411,-0.0622786,-0.0571306,-0.0368489,-0.0147692,-0.0148866,-0.0374762,-0.0525759,-0.0462299,-0.00924045,0.0284534,0.0531056,0.0491302,0.0282392,0.0040432,-0.00701546,-0.0100825,-0.00636345,-0.00157221,-0.000220526,-4.82574e-05,0.0,0.000176978,0.00109662,0.00205678,0.0020527,-0.00953333,-0.0272161,-0.0450402,-0.0635273,-0.0731879,-0.0757949,-0.0766533,-0.0861119,-0.102858,-0.106161,-0.0811146,-0.0311935,0.0234601,0.0660016,0.0662408,0.044115,0.0162417,0.0010842,-0.00613342,-0.00671772,-0.00233024,-0.00047555,-7.06588e-05,0.0,4.87406e-05,0.00132136,0.00665423,0.00918706,-0.00306715,-0.0191244,-0.0382253,-0.0606297,-0.0841913,-0.0992758,-0.108365,-0.113819,-0.124421,-0.123648,-0.0901802,-0.0322373,0.0271683,0.0628845,0.0677025,0.0468237,0.0242198,0.0101707,-0.00374112,-0.0085468,-0.00304131,-0.000478261,-2.91158e-05,-1.44072e-07,3.87514e-07,0.00239168,0.013375,0.0211056,0.0141915,-0.00135026,-0.027326,-0.0549948,-0.081319,-0.0979905,-0.106571,-0.111686,-0.117062,-0.111294,-0.0690215,-0.00896351,0.0375767,0.0589957,0.0619386,0.0431917,0.0277289,0.0130001,-0.00620506,-0.00947051,-0.00288847,-0.000412211,-3.12415e-05,-7.20361e-07,-5.8303e-06,0.00393792,0.019164,0.0327544,0.0349249,0.0209761,-0.00770461,-0.0418949,-0.0646379,-0.0820113,-0.0918809,-0.0944649,-0.0932157,-0.0782537,-0.0385143,0.016403,0.0494361,0.0584135,0.0555699,0.0358467,0.0225888,0.00630621,-0.00899293,-0.0084896,-0.00293212,-0.000493398,-1.75306e-05,0.0,3.4075e-05,0.00404985,0.0227792,0.0397767,0.0505986,0.0460278,0.0211924,-0.00412451,-0.0257652,-0.0477953,-0.0605533,-0.0631103,-0.0523675,-0.0292102,0.00919326,0.045205,0.0536728,0.0501807,0.0423864,0.0290766,0.00968884,-0.00491438,-0.00987263,-0.00737833,-0.00243365,-0.000379931,0.0,0.0,-6.06598e-07,0.0032674,0.0176234,0.0376879,0.0583078,0.0702435,0.0606449,0.0451996,0.0251625,0.00677358,-0.00867459,-0.0098086,0.00187742,0.0230737,0.0454012,0.0555307,0.0446443,0.0371287,0.0259447,0.0115811,-0.000863414,-0.00949429,-0.00874976,-0.0053411,-0.00151769,-0.000178269,-1.15652e-06,0.0,0.0,0.00258949,0.0112024,0.0268617,0.0480003,0.0708301,0.0841638,0.0831963,0.077664,0.0667313,0.0562025,0.0502879,0.0517129,0.0529163,0.0468038,0.0371817,0.0288545,0.0169492,0.00720473,-0.000725138,-0.005579,-0.00696419,-0.00480318,-0.00248542,-0.000581802,-2.4551e-05,-2.13511e-06,0.0,0.0,0.00131298,0.00527102,0.0160886,0.0296586,0.0493029,0.067768,0.080874,0.0866053,0.0860322,0.0774831,0.06673,0.0524374,0.0308744,0.0184608,0.00836049,0.00248813,0.001593,-0.0038452,-0.00435552,-0.00427563,-0.00363628,-0.00243608,-0.000959279,-0.000152976,0.000106227,0.0,0.0,0.0,0.000349193,0.00142995,0.00558342,0.0117868,0.0212933,0.0294694,0.0387576,0.0464665,0.0489914,0.043561,0.0323174,0.0219843,0.00979788,-0.00177544,-0.00568444,-0.0088328,-0.00953928,-0.00645121,-0.00431482,-0.00197503,-0.00153212,-0.000902018,-0.000366762,-6.56427e-05,0.0,0.0,0.0,0.0,1.97356e-05,0.000165055,0.000555201,0.00131472,0.00189262,0.0015208,0.00144836,-2.85106e-05,-0.00235546,-0.00172889,-0.000384763,-0.000586557,-0.00294847,-0.00533441,-0.00659109,-0.00793918,-0.00706306,-0.0043531,-0.00194842,-0.000938849,-0.000496635,-0.00026445,-3.62444e-05,0.0,0.0,0.0,0.0,0.0,0.0,0.0,-4.48754e-05,-7.5377e-05,-0.000279624,-0.000807809,-0.00199868,-0.00334662,-0.00518365,-0.00593849,-0.00612389,-0.00707902,-0.00749881,-0.00626252,-0.00502706,-0.00458146,-0.00340901,-0.00184085,-0.000619245,-5.56519e-05,-7.31499e-05,-2.16785e-05,-1.85547e-08,0.0,0.0,0.0,0.0,0.0,0.0,0.0,0.0,0.0,-2.65868e-05,-0.000115179,-0.000204517,-0.000231812,-0.000386365,-0.000493619,