{"max":0.0114257,"min":-0.0110456,"acc":0.6812,"arr":[0.0,0.0,0.0,0.0,0.0,0.0,0.0,0.0,0.0,0.0,0.0,0.0,0.0,0.0,0.0,0.0,0.0,0.0,0.0,0.0,0.0,0.0,0.0,0.0,0.0,0.0,0.0,0.0,0.0,0.0,0.0,0.0,0.0,0.0,0.0,0.0,0.0,0.0,0.0,0.0,0.0,0.0,-2.28131e-05,-4.47391e-05,-3.97275e-05,0.0,0.0,0.0,0.0,0.0,0.0,0.0,0.0,0.0,0.0,0.0,0.0,0.0,0.0,0.0,0.0,0.0,0.0,0.0,0.0,-2.78937e-05,-8.89552e-05,-0.000147017,-0.000265416,-0.000200668,-0.000324666,-0.000537092,-0.000504004,-0.000182425,-0.000182947,-9.17719e-05,-0.00013509,-7.46316e-05,-4.46704e-05,-6.48741e-06,0.0,0.0,0.0,0.0,0.0,0.0,0.0,0.0,0.0,-2.39731e-05,-3.15744e-05,-7.99104e-06,-4.77653e-05,6.11364e-05,2.18225e-05,-0.000273677,-0.000376072,-0.000640453,-0.00105609,-0.00147825,-0.00139473,-0.00121453,-0.00107584,-0.000767977,-0.000624338,-0.000297547,-0.000161592,-4.24382e-05,0.0,0.0,0.0,0.0,0.0,0.0,0.0,0.0,0.0,3.68917e-05,0.000397525,0.00144446,0.00225368,0.00277623,0.00399488,0.00411623,0.00424147,0.00445874,0.00368118,0.00268891,0.0013414,0.000369654,0.000274886,-0.000689364,-0.000714212,-0.000450353,-0.000159613,-9.22731e-05,-1.29794e-05,-2.96897e-05,-2.59785e-05,0.0,0.0,0.0,0.0,0.0,0.0,0.000368347,0.0017117,0.00320987,0.00503795,0.00671992,0.00883246,0.0104342,0.0108883,0.0103616,0.00858796,0.00672381,0.00328505,0.00127737,0.000580033,0.000729769,-0.000172651,-0.000742363,-0.000702245,-0.000487015,-0.000290339,-0.000145723,-5.3596e-05,0.0,0.0,0.0,0.0,0.0,0.0,0.000401149,0.002265,0.00487031,0.00719935,0.00984278,0.0114257,0.0106711,0.00920097,0.00847958,0.0076703,0.00679569,0.00394919,0.0026247,0.00103296,0.000474006,0.000134536,-0.000445583,-0.00127834,-0.00120202,-0.000916061,-0.000541676,-0.00011012,-7.03977e-06,0.0,0.0,-1.55633e-05,-4.47354e-05,-0.00012994,0.000482958,0.00234095,0.00420844,0.00677246,0.0080606,0.00831407,0.00560304,0.0025664,0.000889818,0.00180948,0.0030925,0.000850879,-3.78746e-05,-0.000514144,-0.000394474,0.000335005,-0.00058535,-0.00127771,-0.00161381,-0.00109229,-0.000649983,-0.000176694,-4.687e-05,0.0,0.0,-9.16388e-05,-0.000163369,-0.000243433,0.000400865,0.000950103,0.00206713,0.00275726,0.00197556,-7.90778e-05,-0.0035764,-0.00587754,-0.00450021,-0.00140123,0.000766906,-0.0009341,-0.00208063,-0.00118423,0.000296519,-0.000133818,-0.000452045,-0.00173083,-0.00135321,-0.000870814,-0.00046851,-0.000186334,-2.57507e-05,0.0,0.0,-6.7418e-05,-0.000207057,-0.000132046,-0.000118622,5.90405e-05,-0.000489113,-0.00257441,-0.00473517,-0.00816991,-0.00909597,-0.00762504,-0.0039496,-0.000248263,7.20037e-05,-0.0024349,-0.00181652,0.000192074,0.000739098,-0.000385232,-0.00101937,-0.00245807,-0.00155745,-0.000618286,-0.000300273,-0.000116223,0.0,0.0,0.0,-1.891e-05,3.71323e-05,-0.000161265,-0.000394055,-0.00137144,-0.0032232,-0.00604101,-0.00906699,-0.0103053,-0.0088104,-0.00405326,-9.73872e-06,0.00313835,0.00175402,1.53779e-05,0.00110364,0.00116711,0.00151263,-0.000962185,-0.00264427,-0.00266612,-0.00156627,-0.000459438,-0.000124824,-4.49392e-05,0.0,0.0,0.0,0.0,-3.57888e-05,-5.38573e-05,-0.000315949,-0.00197708,-0.00481142,-0.00749095,-0.00864252,-0.00763305,-0.00378827,0.000579849,0.00441296,0.00639978,0.0050012,0.00359761,0.00210309,0.00137697,-3.64174e-05,-0.0027304,-0.00373842,-0.00282956,-0.00141978,-0.000433905,-3.41282e-05,-8.04223e-06,0.0,0.0,0.0,-3.97031e-06,-0.000101631,-0.000294927,-0.000822053,-0.00243362,-0.00507577,-0.00674112,-0.00640396,-0.00325722,0.000733913,0.00470709,0.00819571,0.00962069,0.00860741,0.0066487,0.00373569,0.00212895,-0.000524218,-0.00273248,-0.00389297,-0.00266384,-0.00145013,-0.000586284,-7.15163e-06,0.0,0.0,0.0,0.0,-2.44488e-05,-8.41456e-05,-0.000205691,-0.000924427,-0.00251499,-0.00463838,-0.00613793,-0.00401435,-4.44623e-05,0.00458018,0.00845776,0.00916124,0.00835927,0.00694311,0.00570159,0.00404409,0.00261501,0.00113642,-0.00091439,-0.00279506,-0.00273156,-0.00164543,-0.000708503,-7.72114e-05,0.0,0.0,0.0,0.0,-2.67474e-05,-2.39927e-05,-0.000187342,-0.00108907,-0.00282619,-0.00481441,-0.00555962,-0.00365103,-0.000423351,0.00383058,0.00483743,0.00293182,0.001406,0.000899676,0.00195259,0.00239231,0.00360583,0.00404031,0.00153042,-0.00149173,-0.00244578,-0.00174115,-0.000782571,-0.000113648,0.0,0.0,0.0,0.0,-2.11054e-05,0.0,-0.000205466,-0.00110861,-0.00322182,-0.00492387,-0.006102,-0.00498702,-0.00267772,-0.000968317,-0.00122845,-0.00370146,-0.00518892,-0.00414532,-0.00120597,0.00194385,0.00443923,0.00665649,0.00476093,0.000243883,-0.00150387,-0.00149006,-0.00082635,-0.000128749,0.0,0.0,0.0,0.0,0.0,3.50888e-05,0.000214703,-0.000412279,-0.0030866,-0.00458911,-0.00585747,-0.00577212,-0.0048124,-0.00537132,-0.00676731,-0.00907747,-0.0103261,-0.00848625,-0.0047263,-1.62106e-05,0.00530906,0.00750601,0.00638226,0.00226574,-2.73012e-05,-0.000913941,-0.00081339,-0.000234017,0.0,0.0,0.0,0.0,0.0,0.000373437,0.00073335,-3.8915e-05,-0.00163961,-0.00423969,-0.00572702,-0.00583354,-0.00669621,-0.00743922,-0.00849207,-0.010506,-0.0110456,-0.00947094,-0.00581083,0.000144364,0.00402943,0.00708891,0.00563867,0.00266807,0.000881409,-0.00054505,-0.000731781,-0.000232614,0.0,0.0,0.0,0.0,0.000169412,0.00107992,0.00188755,0.000829058,-0.000379933,-0.00204083,-0.00446905,-0.00600291,-0.0070259,-0.00797334,-0.00929093,-0.010092,-0.00981089,-0.00722609,-0.00343034,0.00159468,0.00359844,0.00570244,0.00506665,0.00284801,0.00128464,-0.000401175,-0.000747376,-0.00019536,0.0,0.0,0.0,0.0,0.000213529,0.00163417,0.00227786,0.00198191,0.0015745,-0.000341801,-0.00299882,-0.00513252,-0.00631515,-0.00770692,-0.0089318,-0.00847623,-0.00716369,-0.00495826,-0.00143287,0.00235429,0.0041182,0.00614867,0.00486231,0.00279812,0.000888681,-0.000779405,-0.000591726,-0.000121859,0.0,0.0,0.0,0.0,6.70588e-05,0.00141849,0.00238367,0.00326754,0.00341343,0.00114464,-0.000712717,-0.00266379,-0.0047769,-0.0062492,-0.00669606,-0.00545979,-0.00307992,-0.000818985,0.00181516,0.00368622,0.00659149,0.00597444,0.00429477,0.00232975,0.000232358,-0.000770222,-0.00045824,-0.000111714,0.0,0.0,0.0,0.0,0.0,0.000433337,0.00175513,0.0038015,0.00505777,0.00406446,0.00375946,0.00257475,0.00154543,0.000303705,-0.0010714,-0.000284111,0.00168048,0.00362402,0.00508228,0.0059052,0.00688948,0.0049597,0.00278147,0.000123308,-0.000780756,-0.000597647,-0.000180973,-2.06479e-05,0.0,0.0,0.0,0.0,0.0,3.42747e-06,0.000704326,0.00337702,0.00560633,0.00661044,0.00702615,0.00760888,0.00776561,0.00765176,0.00742161,0.00725771,0.00714238,0.00646534,0.00505664,0.00569092,0.00434028,0.00187814,-7.79001e-05,-0.00113377,-0.000483983,-0.000188056,-5.04667e-05,-9.37705e-06,0.0,0.0,0.0,0.0,0.0,0.0,0.000452307,0.00154089,0.00336994,0.00502741,0.00754979,0.00835034,0.0087267,0.00925079,0.00891104,0.00745704,0.00466124,0.00333699,0.00211162,0.00156812,-7.69777e-05,-0.000778461,-0.000911001,-0.000495603,-0.000240591,-8.94057e-05,0.0,0.0,0.0,0.0,0.0,0.0,0.0,0.0,0.000286798,0.000518449,0.000881614,0.000441561,0.00083971,0.0015152,0.00202916,0.00242412,0.00230143,0.000796538,6.13685e-05,-0.000720141,-0.00120061,-0.00133791,-0.00125674,-0.000990581,-0.000435533,-0.000303078,-0.000171921,-7.38499e-05,0.0,0.0,0.0,0.0,0.0,0.0,0.0,0.0,0.0,0.000313357,0.000309957,-0.000120006,-0.000535315,-0.000835902,-0.00091536,-0.000325011,-0.000202729,-9.35653e-05,-0.000516078,-0.00117204,-0.00115407,-0.000926094,-0.000614062,-0.000333503,-0.000187071,-0.000149054,-9.8646e-05,-3.62377e-05,0.0,0.0,0.0,0.0,0.0,0.0,0.0,0.0,0.0,0.0,-2.00462e-07,-6.66552e-05,-0.000229022,-0.000196243,-0.000330023,-0.000423952,-0.000584397,-0.000753912,-0.00070312,-0.000677437,-0.000650882,-0.000548635,-0.000199231,-6.77013e-05,-1.70588e-05,0.0,0.0,0.0,0.0,0.0,0.0,0.0,0.0,0.0,0.0,0.0,0.0,0.0,-7.59929e-06,-5.3782e-05,-8.81976e-05,-4.51106e-05,-4.07531e-06,0.0,-4.68251e-05,-5.73501e-05,-8.02985e-05,-0.000113918,-0.000166453,-0.000121078,0.0,0.0,0.0,0.0,0.0,0.0,0.0,0.0,0.0,0.0]}