{"max":0.119479,"min":-0.118773,"acc":0.8564,"arr":[0.0,0.0,0.0,0.0,0.0,0.0,0.0,0.0,0.0,0.0,0.0,0.0,0.0,0.0,0.0,0.0,0.0,0.0,0.0,0.0,0.0,0.0,0.0,0.0,0.0,0.0,0.0,0.0,0.0,0.0,0.0,0.0,0.0,0.0,-2.50034e-05,-5.71533e-05,-8.50181e-05,-6.46175e-05,-0.000128769,-0.000115303,-0.000145084,-0.000149464,-0.000187282,-0.000130389,-0.000151099,-9.48754e-05,-4.78407e-05,-7.30734e-05,-5.37602e-05,-2.89848e-07,0.0,0.0,0.0,0.0,0.0,0.0,0.0,0.0,0.0,-2.79185e-06,-2.64833e-06,-8.21578e-07,-3.34816e-05,-0.000133883,-0.00035848,-0.000678381,-0.00101536,-0.0012648,-0.0014876,-0.00201865,-0.00260896,-0.00284013,-0.00272975,-0.00202479,-0.00180123,-0.00171781,-0.00126259,-0.000690167,-0.00027179,-3.52112e-05,0.0,0.0,0.0,0.0,0.0,0.0,-1.00593e-06,-2.02482e-05,-3.27902e-05,0.000466087,0.000534865,0.000275813,-0.00028372,-0.000850831,-0.000674138,0.000656411,0.00228399,0.00241955,0.00185001,-0.001606,-0.00361316,-0.00375422,-0.00401098,-0.00410391,-0.00266119,-0.00231015,-0.00151881,-0.000550017,-0.000183262,-6.53629e-05,-5.66345e-06,0.0,0.0,2.53153e-05,-1.1895e-05,6.00011e-05,0.000696665,0.00206693,0.00397348,0.00626297,0.0097834,0.0170596,0.0271998,0.034768,0.0353436,0.0309659,0.022833,0.0155578,0.00546887,-0.00448181,-0.00767421,-0.00854976,-0.00806546,-0.00829476,-0.00490195,-0.0039314,-0.0016173,-0.000510113,-7.6608e-05,0.0,0.0,0.0,0.00011448,0.000388226,0.00255388,0.00833639,0.0168717,0.0281075,0.0411174,0.0551878,0.0701078,0.0785823,0.0768745,0.0749623,0.0644646,0.0515029,0.0334382,0.0139637,-0.000538627,-0.00558555,-0.00965583,-0.0150403,-0.0152972,-0.0121277,-0.00622689,-0.00187535,-0.000333109,0.0,0.0,0.0,4.5836e-05,0.00199537,0.00833857,0.0185423,0.0340306,0.0506177,0.0703538,0.0810061,0.0846682,0.0832786,0.0786755,0.0743866,0.0683779,0.0609737,0.0496192,0.0330393,0.0143782,0.00471905,-0.000184489,-0.010932,-0.0208731,-0.0181402,-0.01123,-0.0041771,-0.000797747,-7.21669e-05,0.0,-3.18748e-05,-9.8944e-05,0.00352318,0.0140216,0.0245174,0.0396514,0.0525787,0.0600136,0.0522996,0.0479331,0.0350801,0.0247553,0.015172,0.0188612,0.0270587,0.0327302,0.0315484,0.0159917,0.0111131,0.00475331,-0.00558837,-0.0187911,-0.0192398,-0.0134162,-0.00478944,-0.000939954,-9.30044e-05,0.0,-7.50048e-05,-0.000320502,0.00356495,0.0143756,0.0215673,0.0272083,0.0257403,0.0138676,-0.00263848,-0.0197738,-0.0375612,-0.0450396,-0.0437177,-0.0239336,0.00519262,0.0254339,0.0303166,0.0233546,0.0172116,0.00587061,-0.00763362,-0.0175546,-0.0188427,-0.0127151,-0.00443757,-0.000851856,-3.39609e-05,-2.18462e-05,-0.00018627,-0.0004244,0.00180392,0.00893114,0.0097752,0.00662495,-0.0106412,-0.0378735,-0.0668629,-0.0872179,-0.0960247,-0.0876362,-0.0626041,-0.017124,0.026476,0.0481563,0.0448404,0.0309462,0.0145767,-0.000822936,-0.0142176,-0.0201856,-0.0163786,-0.0090905,-0.00298071,-0.000566451,-6.6886e-06,-2.55424e-05,-0.000285108,-0.000839689,0.000234708,0.00240754,-0.00252394,-0.015598,-0.0401825,-0.0741687,-0.104739,-0.118773,-0.106183,-0.0707265,-0.0195217,0.0349887,0.0705514,0.0801689,0.0586537,0.0277139,0.000944583,-0.0158984,-0.0269478,-0.0236147,-0.0144073,-0.00598614,-0.00165369,-0.000358473,-1.85747e-05,-1.99204e-05,-0.000192059,-0.000633269,1.93916e-05,-0.00156764,-0.00989248,-0.028019,-0.054562,-0.0842272,-0.109009,-0.106429,-0.0717199,-0.0116069,0.0494689,0.0912193,0.109596,0.0925265,0.050016,0.00962002,-0.020607,-0.03314,-0.0335822,-0.0246468,-0.0137477,-0.0046878,-0.000728376,-0.000158775,-2.39081e-05,0.0,-8.72882e-05,-0.000494785,-0.00116727,-0.00357849,-0.0122875,-0.03011,-0.0537657,-0.0762555,-0.0847085,-0.0616693,-0.00921561,0.0602111,0.103203,0.119479,0.109043,0.079542,0.0351043,-0.00635655,-0.0306747,-0.038728,-0.0329704,-0.0236656,-0.0134226,-0.00447819,-0.000341321,-9.96082e-05,-1.85478e-05,-2.63134e-06,-0.000106683,-0.000369182,-0.00133214,-0.00460361,-0.0143396,-0.0303038,-0.0506394,-0.0613143,-0.0540754,-0.0196572,0.0370576,0.0906534,0.100087,0.0851952,0.061227,0.0494923,0.0269461,0.00466447,-0.012209,-0.0258998,-0.025754,-0.0209461,-0.0129554,-0.00547501,-0.000792428,-9.98277e-05,-4.04429e-05,0.0,9.45024e-05,-0.000109893,-0.000784849,-0.00369098,-0.0144938,-0.0314314,-0.0484502,-0.0527164,-0.0412549,-0.0109306,0.0327078,0.0578297,0.03815,0.0202305,0.00507096,0.0174628,0.0261125,0.0307863,0.0201514,-0.000371907,-0.0126051,-0.0154361,-0.0124193,-0.00617562,-0.00113322,-0.000219081,-2.63268e-05,0.0,0.000384984,0.000172235,-0.000151926,-0.00209308,-0.0121709,-0.0279464,-0.0451864,-0.0573926,-0.0523182,-0.0362505,-0.0167331,-0.017758,-0.0381991,-0.0509266,-0.0429361,-0.00719254,0.0289347,0.0524116,0.046019,0.0245133,0.00186494,-0.00749234,-0.0104232,-0.00653636,-0.00145051,-0.000268334,-4.82574e-05,0.0,0.000176978,0.000669716,0.00150659,0.00185183,-0.008678,-0.0248911,-0.0412552,-0.0584565,-0.0673556,-0.0696044,-0.0719277,-0.0815512,-0.0966949,-0.0996042,-0.0747482,-0.0283416,0.0227155,0.0630194,0.0624763,0.0392576,0.0139441,0.000598468,-0.00657543,-0.00695028,-0.0020692,-0.000477535,-7.06588e-05,0.0,4.87406e-05,0.00103251,0.00563057,0.00824536,-0.00244238,-0.0177172,-0.0353008,-0.0557692,-0.0764777,-0.0891908,-0.0971275,-0.102918,-0.112911,-0.112426,-0.0818129,-0.0283076,0.0264169,0.0598945,0.0632563,0.0413064,0.0201046,0.00805702,-0.00405591,-0.00768897,-0.00243279,-0.000343982,-2.48723e-05,-1.44072e-07,3.87514e-07,0.00197377,0.0115294,0.0189291,0.013183,-0.00193064,-0.0264897,-0.0509672,-0.0745761,-0.0894494,-0.0950719,-0.0997547,-0.105465,-0.100686,-0.0633531,-0.00744156,0.0368468,0.0552743,0.0582785,0.0388612,0.0223905,0.00972049,-0.00583201,-0.00792376,-0.0023653,-0.000284518,-2.18184e-05,-7.20361e-07,-3.93797e-06,0.00316866,0.0160578,0.0284752,0.0310128,0.0176851,-0.00863771,-0.0394641,-0.0608404,-0.0770056,-0.0852628,-0.0869088,-0.0860048,-0.0720334,-0.0352385,0.0153506,0.04665,0.0555184,0.0514398,0.0309215,0.0177975,0.00385364,-0.00759092,-0.00702079,-0.00250947,-0.000478677,-1.75306e-05,0.0,-1.39706e-06,0.00324288,0.0190139,0.0346924,0.0458324,0.0416316,0.0185294,-0.00511038,-0.0250051,-0.0469082,-0.0599948,-0.0619378,-0.0513217,-0.0288774,0.00816096,0.0420643,0.0507982,0.0466263,0.0379327,0.0245691,0.00735373,-0.00447604,-0.00825317,-0.00645217,-0.00212235,-0.000419034,0.0,0.0,-1.98812e-05,0.00299491,0.015537,0.0330336,0.0535381,0.0662495,0.0575011,0.0432173,0.0260499,0.00710054,-0.0102005,-0.0124456,-0.000960386,0.0209723,0.0443495,0.0545568,0.0428041,0.0348139,0.0238585,0.0103272,-0.000559373,-0.00755839,-0.00786983,-0.00492164,-0.00129929,-0.000160086,0.0,0.0,0.0,0.00224282,0.0103604,0.0245005,0.0442546,0.0672859,0.0813104,0.0822164,0.0776669,0.0674865,0.0557153,0.0484855,0.0505154,0.0527806,0.0465758,0.0371186,0.0277279,0.0162351,0.00722243,0.000243573,-0.00427302,-0.00591648,-0.00450456,-0.00242486,-0.000535849,-1.50555e-05,0.0,0.0,0.0,0.000813567,0.00451625,0.0146987,0.0273824,0.0459519,0.063884,0.0785745,0.0856005,0.0854725,0.0768808,0.066221,0.0527913,0.0321051,0.0198173,0.00951811,0.00252443,0.00128021,-0.00251811,-0.00237226,-0.00344383,-0.00315441,-0.00222615,-0.000942933,-0.000152014,0.000106447,0.0,0.0,0.0,7.18508e-05,0.00110659,0.00499539,0.0103943,0.0192864,0.0262874,0.0339923,0.0413876,0.044808,0.0406244,0.0313585,0.0209655,0.00920092,-0.00190624,-0.0056543,-0.0082834,-0.00787852,-0.00499135,-0.00374317,-0.00184036,-0.00137171,-0.000831799,-0.000359801,-6.56427e-05,0.0,0.0,0.0,0.0,-7.13584e-07,1.4614e-06,0.000247157,0.000789951,0.00144213,0.000774535,0.000262971,-0.00130627,-0.00327838,-0.00278978,-0.0010831,-0.00108799,-0.00272146,-0.00509621,-0.00550524,-0.00638693,-0.00618058,-0.00425132,-0.00191902,-0.000828205,-0.000391125,-0.000239018,-3.30561e-05,0.0,0.0,0.0,0.0,0.0,0.0,0.0,-3.29459e-05,-0.000170472,-0.000473637,-0.000990826,-0.00212233,-0.00336502,-0.00511482,-0.00578701,-0.0058546,-0.00641202,-0.00691697,-0.00571286,-0.00443598,-0.00408297,-0.00296039,-0.0014974,-0.000482251,1.87547e-05,-2.95763e-05,-1.63217e-05,-1.85547e-08,0.0,0.0,0.0,0.0,0.0,0.0,0.0,0.0,0.0,-2.43932e-05,-0.000105996,-0.000191639,-0.000216891,-0.00034307,-0.000466354,-0.000581259,