{"max":0.166543,"min":-0.214481,"acc":0.8932,"arr":[0.0,0.0,0.0,0.0,0.0,0.0,0.0,0.0,0.0,0.0,0.0,0.0,-6.50864e-06,-1.59487e-05,-1.88852e-06,-7.86881e-08,0.0,0.0,0.0,0.0,0.0,0.0,0.0,0.0,0.0,0.0,0.0,0.0,0.0,0.0,0.0,0.0,-1.74859e-08,-7.70451e-08,-2.62777e-05,-6.09435e-05,-0.000107048,-8.80758e-05,-0.000150782,-0.000152674,-0.00018553,-0.00018975,-0.000234687,-0.000186358,-0.000208387,-0.000135571,-6.12801e-05,-9.23779e-05,-7.87976e-05,-1.10169e-05,-1.1374e-06,-1.13657e-07,0.0,0.0,0.0,0.0,0.0,0.0,-2.96214e-08,-2.79185e-06,-3.47041e-06,-2.53386e-06,-5.30297e-05,-0.000202646,-0.000517948,-0.00101558,-0.00135262,-0.00145249,-0.00208631,-0.00270927,-0.00326295,-0.00378158,-0.00349625,-0.00278952,-0.00285835,-0.00257332,-0.00180683,-0.00114784,-0.000568295,-0.00015585,-3.95299e-05,-2.31104e-06,0.0,0.0,0.0,0.0,-1.31181e-06,-2.05194e-05,-4.33857e-05,0.000896887,0.000785844,0.00104037,0.00125407,0.00149856,0.00374006,0.0103266,0.0157121,0.0161262,0.0169673,0.0130421,0.0073468,0.00372742,0.000309533,-0.00283937,-0.00245971,-0.00429557,-0.00358287,-0.00169025,-0.000762482,-0.000139477,-1.28785e-05,0.0,0.0,2.53153e-05,1.92543e-05,0.000220208,0.00205797,0.0065136,0.0114951,0.0194672,0.0304668,0.0422659,0.0558957,0.0631458,0.0602669,0.0495515,0.0327733,0.019647,0.00212076,-0.0113099,-0.0149305,-0.0212825,-0.0267114,-0.0266034,-0.0184224,-0.0135003,-0.0050875,-0.000997922,-0.000107595,-4.29311e-06,0.0,0.0,0.000116405,0.00169054,0.00896119,0.0227896,0.0403777,0.0591002,0.0794401,0.0988246,0.111989,0.113217,0.100391,0.0899695,0.0690805,0.0522419,0.0307666,-0.00017143,-0.0176232,-0.0213446,-0.0285897,-0.0390732,-0.0384327,-0.0299193,-0.014385,-0.0037343,-0.000561707,-1.59082e-05,0.0,6.90001e-06,0.000347933,0.00617914,0.0206059,0.0412251,0.0683977,0.0902241,0.11364,0.127034,0.127549,0.118159,0.108882,0.107011,0.101309,0.0904842,0.0733038,0.042331,0.0208334,0.00510904,0.00175476,-0.0172572,-0.0407646,-0.0408721,-0.0224966,-0.0078941,-0.00136415,-0.000104358,0.0,0.000232457,0.000403921,0.00869256,0.0312175,0.0549794,0.0737618,0.0809617,0.0828263,0.0725017,0.0612651,0.0492793,0.0437283,0.0477319,0.0654173,0.078364,0.070754,0.0544266,0.03207,0.0368862,0.0335985,0.00640656,-0.0312657,-0.0433887,-0.0279418,-0.00975391,-0.00156563,-0.000121911,-3.19444e-07,-0.000107177,-0.000275423,0.00867592,0.0328492,0.0473942,0.0513623,0.0346914,0.00933074,-0.0163533,-0.0361285,-0.0579701,-0.0579721,-0.0373341,0.00801253,0.0520908,0.0633205,0.0556876,0.0497691,0.055643,0.0511701,0.0205668,-0.0196697,-0.0428376,-0.0286577,-0.0101553,-0.00145844,-5.13906e-05,-2.48478e-05,-0.000242467,-0.000523425,0.0068235,0.0229872,0.0237131,0.01115,-0.0249862,-0.0754751,-0.116648,-0.148472,-0.164301,-0.139217,-0.0780895,0.00750111,0.0743738,0.089037,0.0748332,0.0609553,0.0596083,0.0474139,0.0108372,-0.0214621,-0.0338546,-0.0218963,-0.00687492,-0.00103456,-4.37717e-05,-3.27539e-05,-0.000398839,-0.000698279,0.00538221,0.00797729,-0.00290482,-0.0327688,-0.0835824,-0.142929,-0.190718,-0.214481,-0.200953,-0.131785,-0.0201575,0.0766818,0.124325,0.12642,0.0947394,0.0670639,0.0475564,0.0216112,-0.0141511,-0.0307472,-0.0268512,-0.0136408,-0.00375004,-0.000678841,-2.97237e-05,-2.30303e-05,-0.00046618,-0.000786099,0.00246482,-0.00130003,-0.0217607,-0.0608492,-0.116803,-0.167394,-0.197156,-0.191949,-0.137608,-0.0372036,0.0705375,0.135318,0.159433,0.134739,0.0927694,0.0485445,0.0110371,-0.0184003,-0.0419702,-0.0393977,-0.0249828,-0.00998532,-0.0015675,-0.000316826,-2.72297e-05,-2.95748e-06,-0.000311602,-0.00133621,-0.00160065,-0.00703084,-0.0280256,-0.0675501,-0.113231,-0.14503,-0.146962,-0.112001,-0.0383796,0.0649927,0.135502,0.166543,0.149531,0.114933,0.066061,0.0149186,-0.0259727,-0.0502392,-0.0553763,-0.0421624,-0.024769,-0.00896615,-0.000660376,-0.000178616,-2.45699e-05,-2.63134e-06,-0.000160076,-0.000735926,-0.00171375,-0.00798407,-0.0290382,-0.0621041,-0.0975392,-0.110796,-0.100967,-0.058073,0.0266304,0.117129,0.142311,0.120327,0.0835479,0.0752329,0.045607,0.0140218,-0.0216609,-0.0440693,-0.0437862,-0.0389481,-0.0253385,-0.0103715,-0.00143496,-0.00020243,-8.84122e-05,-5.00463e-05,0.000171242,-0.000232153,-0.000372628,-0.00524782,-0.0251204,-0.0562844,-0.0821578,-0.0920149,-0.0819009,-0.0420143,0.0286596,0.0865732,0.068705,0.0405421,0.0197389,0.0293962,0.036853,0.0361678,0.0225539,0.000859032,-0.0121846,-0.0273188,-0.0234409,-0.0116254,-0.00248485,-0.000512756,-6.14104e-05,-1.67193e-05,0.000384984,0.000931296,0.00242996,0.00145549,-0.0160644,-0.0444615,-0.0737428,-0.0955221,-0.0950463,-0.0667189,-0.0197141,0.000699785,-0.0210105,-0.0409369,-0.0381387,-0.00926583,0.0307026,0.0585306,0.0642233,0.0545524,0.0241253,-0.00370801,-0.0155376,-0.0110698,-0.00341945,-0.000717807,-8.14819e-05,-1.89984e-06,0.000312775,0.00286805,0.00926203,0.012058,-0.00523445,-0.0370002,-0.0671441,-0.102638,-0.120461,-0.123784,-0.106824,-0.103195,-0.115871,-0.122812,-0.0940893,-0.0340992,0.0316528,0.080825,0.0895838,0.0755804,0.04993,0.0170267,-0.00657493,-0.0108573,-0.00458491,-0.00108109,-9.58898e-05,0.0,0.000157606,0.00389149,0.0194523,0.0276868,0.00907999,-0.0226717,-0.0568069,-0.102592,-0.149635,-0.172674,-0.175418,-0.170062,-0.174602,-0.16789,-0.110694,-0.0209074,0.0555515,0.0851783,0.096386,0.0788916,0.0584359,0.030989,-0.00161387,-0.0151108,-0.00570847,-0.000950973,-3.97367e-05,-2.80019e-05,6.05241e-05,0.00635499,0.0331623,0.0499097,0.0404883,0.00929074,-0.0359402,-0.0853809,-0.137923,-0.169462,-0.176279,-0.176153,-0.175419,-0.15664,-0.0827651,0.0144464,0.0736242,0.0939872,0.096281,0.0801624,0.0625909,0.0303721,-0.00788073,-0.0183329,-0.00580878,-0.000854021,-4.1426e-05,-7.20361e-07,6.92751e-05,0.00919211,0.0457749,0.0706609,0.0747121,0.0469508,0.00412457,-0.0458784,-0.0918979,-0.124283,-0.138991,-0.138187,-0.12599,-0.0985884,-0.0378565,0.0404915,0.0884405,0.0984875,0.0930205,0.0743038,0.052982,0.0118343,-0.0172892,-0.0174325,-0.00553713,-0.000936699,-2.5923e-05,0.0,0.000192968,0.00912743,0.0483114,0.082047,0.0982206,0.085845,0.0517059,0.0111256,-0.0266195,-0.0643123,-0.0800432,-0.081856,-0.0619471,-0.0295629,0.0145104,0.0637612,0.0854441,0.0866829,0.0735128,0.0582455,0.0236528,-0.0116397,-0.0226859,-0.0146574,-0.00379011,-0.000517536,-2.21363e-06,-6.07083e-07,0.000139384,0.00767949,0.0363942,0.0724164,0.102472,0.1134,0.093384,0.0664643,0.0287032,-7.45703e-06,-0.0212085,-0.0181798,-0.0037883,0.016092,0.0438234,0.0652203,0.0669042,0.0628505,0.0475283,0.0218928,-0.0091689,-0.0243638,-0.0205263,-0.0101898,-0.00252049,-0.000298943,-1.15652e-06,-5.88112e-07,6.73564e-06,0.00566471,0.0231296,0.0537867,0.0830084,0.111918,0.116459,0.101325,0.0884267,0.0692711,0.0512399,0.0396937,0.0404584,0.0410498,0.0407523,0.0400228,0.0382986,0.0274325,0.0120614,-0.0075033,-0.0210449,-0.0178487,-0.0106344,-0.00482419,-0.00118591,-3.26185e-05,-2.13511e-06,0.0,0.0,0.00210404,0.0114378,0.0335692,0.0580856,0.0870667,0.109721,0.10967,0.106024,0.0959929,0.083751,0.0673192,0.0535121,0.0283183,0.0160433,0.00483662,0.00667005,0.00463544,-0.00928722,-0.0161345,-0.0144864,-0.00973283,-0.00480341,-0.00115389,-0.000348669,0.000101569,0.0,0.0,0.0,0.000563884,0.00395151,0.0132012,0.0272769,0.0474304,0.0637847,0.0748648,0.0838391,0.0868234,0.0788099,0.0628526,0.0510925,0.032148,0.0133153,0.00550775,-0.00404058,-0.0166469,-0.0158406,-0.0120368,-0.00657703,-0.00365311,-0.00159687,-0.00069972,-0.000183315,-1.82563e-06,0.0,0.0,0.0,5.059e-05,8.73834e-05,0.00120029,0.00373071,0.00716294,0.0100537,0.0158337,0.0181563,0.0202737,0.0214747,0.0215069,0.0155789,0.00772826,-0.00106635,-0.00623465,-0.0108025,-0.0112668,-0.00751404,-0.00510286,-0.00316787,-0.00144759,-0.000450493,-8.10722e-05,-7.14829e-06,-7.49679e-07,0.0,0.0,0.0,0.0,0.0,-5.73367e-05,-8.28933e-05,-0.000355177,-0.000568569,-0.00211657,-0.00379558,-0.00577809,-0.00722076,-0.00853365,-0.0101663,-0.0114023,-0.0102114,-0.00763004,-0.00583147,-0.0042555,-0.00269173,-0.00145638,-0.00055349,-0.000129509,-2.74739e-05,-2.77152e-06,-3.10541e-07,0.0,0.0,0.0,0.0,0.0,0.0,-3.16916e-07,-1.36547e-06,-2.90288e-05,-0.00011947,-0.0002145,