{"max":0.07202,"min":-0.0669978,"acc":0.8279,"arr":[0.0,0.0,0.0,0.0,0.0,0.0,0.0,0.0,0.0,0.0,0.0,0.0,0.0,0.0,0.0,0.0,0.0,0.0,0.0,0.0,0.0,0.0,0.0,0.0,0.0,0.0,0.0,0.0,0.0,0.0,0.0,0.0,0.0,0.0,-7.5012e-05,-0.000189792,-0.000315505,-0.000110706,-8.35944e-05,-0.000129425,-0.000213168,-0.000295738,3.52346e-05,-0.000145063,-0.000329144,-0.000277914,-0.000132248,-0.00014585,-7.99557e-05,-7.85256e-07,0.0,0.0,0.0,0.0,0.0,0.0,0.0,0.0,0.0,-8.98915e-06,-5.54924e-06,0.0,-9.73298e-05,-0.00028042,-0.000613086,-0.000626697,-0.000835257,-0.00146041,-0.00224024,-0.00230193,-0.00256816,-0.00325119,-0.00328448,-0.00254126,-0.00190089,-0.00138543,-0.000972252,-0.000530047,-0.000164157,-1.80247e-05,0.0,0.0,0.0,0.0,0.0,0.0,-1.46528e-06,-3.77129e-05,-2.76434e-05,-2.64173e-05,-0.00024958,-0.000547307,-0.00120328,-0.00207547,-0.00275506,-0.00417235,-0.00574883,-0.0077119,-0.00884383,-0.0100438,-0.00897464,-0.00739209,-0.00588358,-0.00476994,-0.0023646,-0.00054552,-0.000413357,0.000161885,3.75308e-06,-2.69707e-05,-3.58341e-06,0.0,0.0,0.0,-5.59469e-06,-2.1589e-05,-9.67213e-05,-0.000296737,-0.000642915,-0.00119532,-0.00262281,-0.00348397,-0.0066986,-0.00918082,-0.0131167,-0.0194678,-0.0234282,-0.024552,-0.0196291,-0.0159522,-0.0128783,-0.00596262,0.000984206,0.0030457,0.00260128,0.00164888,0.000102169,-0.000130847,-2.7778e-05,0.0,0.0,0.0,-1.73341e-05,-5.42569e-05,0.000132267,0.000155868,-0.00061375,-0.00101817,-0.00219197,-0.00359331,-0.0088857,-0.0149383,-0.0221934,-0.0318699,-0.0399339,-0.039986,-0.0344578,-0.0227698,-0.0100497,0.00102141,0.0075691,0.00960386,0.0105688,0.00885163,0.00357609,0.000531691,-0.000153018,0.0,0.0,0.0,-1.38258e-06,0.000243228,0.000710821,0.000963965,0.000311558,-0.00101349,-0.00255469,-0.00293167,-0.00514089,-0.0135221,-0.0271851,-0.043659,-0.056563,-0.0588978,-0.0483922,-0.0314157,-0.0108854,0.00503028,0.0119907,0.0134543,0.0155033,0.0115006,0.00460468,0.000437058,-0.000195092,-7.57439e-05,0.0,-2.09974e-05,-0.000182345,-0.000180564,2.39831e-05,0.000515593,-0.000681854,-0.002328,-0.00311596,-0.00373405,-0.00629645,-0.0158001,-0.0332514,-0.0535574,-0.0666567,-0.0669978,-0.0542574,-0.0343166,-0.00974101,0.00500754,0.011562,0.0133832,0.0127651,0.00802842,0.00198873,-0.00038696,-0.000399763,-0.000106885,0.0,-7.18691e-05,-0.000440806,-0.00105339,-0.00144969,-0.00105876,-0.00181963,-0.00280547,-0.00343645,-0.00420928,-0.00558396,-0.0142936,-0.0331958,-0.0501633,-0.0602231,-0.0608496,-0.0466734,-0.0225765,-0.0030888,0.0058025,0.0127276,0.0120458,0.00563153,0.00313658,-0.000733213,-0.00103365,-0.00063259,-2.5018e-05,0.0,-0.000116513,-0.000487826,-0.00147881,-0.00198111,-0.00180522,-0.00127903,-4.3692e-05,-1.29293e-05,0.00194051,0.00269977,-0.00448861,-0.0193239,-0.0322465,-0.0437869,-0.0454383,-0.0271679,-0.00294441,0.0142767,0.0164546,0.0139796,0.00680682,-0.000577636,-0.00259256,-0.00306285,-0.00134362,-0.000426431,0.0,0.0,-8.35701e-05,-0.000342675,-0.000858729,-0.000662885,-0.000322092,0.00224021,0.00587373,0.00985194,0.0160365,0.0148557,0.0101812,-0.000977578,-0.0208382,-0.0353797,-0.0329661,-0.00833567,0.0181005,0.0278256,0.0212613,0.00798638,-0.000933377,-0.00555718,-0.00532686,-0.00285549,-0.000932454,-0.000343582,-1.86434e-05,0.0,-2.52407e-05,-0.000222716,8.19424e-05,0.00109635,0.00182867,0.00745682,0.0157996,0.0269882,0.0292119,0.0308457,0.0200474,-0.00124221,-0.0258805,-0.0348873,-0.0258429,0.00537814,0.0312666,0.0350262,0.0191732,0.00424868,-0.00378938,-0.00786234,-0.00578895,-0.00249367,-0.000448364,-0.00018392,-4.893e-05,0.0,-1.70613e-05,-0.000154715,0.000314884,0.0014306,0.00463289,0.0140871,0.0281332,0.0410278,0.0454825,0.0412205,0.0207446,-0.0119533,-0.0311302,-0.0354505,-0.0199086,0.0150849,0.0416231,0.0353966,0.0152327,0.00237777,-0.00485987,-0.00670705,-0.00477745,-0.00220071,-0.000325259,-0.000175254,-3.30351e-05,0.0,0.0,-0.000105407,0.000465482,0.00122939,0.00788473,0.0224652,0.0414803,0.0572109,0.0593566,0.0462347,0.018415,-0.0115316,-0.025057,-0.0248206,-0.00297371,0.0252642,0.0456948,0.033833,0.0158337,0.00467139,-0.00129797,-0.00406517,-0.0031998,-0.000889011,-3.68347e-05,-0.00012843,-8.91079e-06,0.0,-1.66159e-05,-2.82573e-05,0.000780897,0.00361562,0.011839,0.030686,0.0558661,0.0709798,0.0703612,0.0557621,0.0345517,0.0173959,0.00391858,0.00339336,0.0174481,0.0397625,0.0541558,0.041732,0.0246286,0.014148,0.00453688,-0.000120212,-0.000876485,-0.00100578,-0.00045226,-3.82282e-05,0.0,0.0,-3.79313e-05,-3.18303e-05,0.000782739,0.00446351,0.0110916,0.0325519,0.0554752,0.07202,0.0705974,0.0625037,0.0536658,0.0414939,0.029795,0.0305796,0.0408115,0.0522254,0.0596678,0.0456295,0.0256593,0.00986893,0.000561493,-0.00029548,-3.25328e-06,-0.00163489,-0.000486013,0.000330269,-1.43263e-05,0.0,-2.03951e-05,-9.00849e-05,0.000275729,0.00155762,0.00612792,0.0233364,0.0388838,0.049472,0.0477724,0.044119,0.0421841,0.0371636,0.0314726,0.0397283,0.0513757,0.05638,0.0534158,0.0341218,0.0116709,-0.00363104,-0.00706358,-0.003735,-0.00243083,-0.00201377,-0.00020255,0.000443307,-2.94953e-05,0.0,-2.12885e-05,-9.15995e-05,-0.000225004,0.000371964,0.00120582,0.00851203,0.0135551,0.0161107,0.0128654,0.0089625,0.00642626,0.00796153,0.016411,0.031456,0.0409392,0.0402508,0.0327492,0.0122593,-0.00709065,-0.0140811,-0.0125698,-0.0077591,-0.00428082,-0.00243504,-0.000560959,-1.93213e-05,-1.5169e-06,0.0,-8.84597e-06,-8.45568e-05,-0.000787358,-0.00214394,-0.00384437,-0.00522652,-0.00631528,-0.0117038,-0.0196994,-0.0236992,-0.0228275,-0.0130911,0.00088779,0.0130451,0.017149,0.0172149,0.00852609,-0.00545101,-0.0158678,-0.0177154,-0.015406,-0.00968126,-0.00530482,-0.00276755,-0.000728176,-4.48056e-05,0.0,0.0,0.0,-0.000263555,-0.00133626,-0.00427538,-0.00951456,-0.0146253,-0.0213517,-0.0304024,-0.0384514,-0.0423546,-0.0362651,-0.0208679,-0.00842691,-0.0029304,-0.00135748,-0.00253708,-0.00745544,-0.0128576,-0.0179318,-0.0188859,-0.0147227,-0.00948265,-0.00514999,-0.00234591,-0.000615,-0.000132464,0.0,0.0,0.0,-0.000221375,-0.001367,-0.00482692,-0.0110593,-0.0191194,-0.0283897,-0.038933,-0.0458565,-0.0481075,-0.0384557,-0.0257218,-0.0191443,-0.0167596,-0.0137003,-0.010944,-0.0111835,-0.0105903,-0.0133454,-0.0140499,-0.0102875,-0.0065583,-0.00365477,-0.00184383,-0.000515417,-9.3025e-05,0.0,0.0,0.0,-0.000131575,-0.00101453,-0.00367713,-0.00910916,-0.0184363,-0.0290658,-0.0385915,-0.0443585,-0.0455044,-0.037195,-0.0326196,-0.0279727,-0.0249583,-0.0189217,-0.013632,-0.00712786,-0.0015499,-0.00444908,-0.00606669,-0.00458851,-0.0033798,-0.00215472,-0.00112052,-0.000268427,-6.37255e-05,0.0,0.0,0.0,-4.22711e-05,-0.000580952,-0.00213315,-0.00608112,-0.0133854,-0.0226988,-0.0313142,-0.0370491,-0.0365295,-0.0333162,-0.0318228,-0.0261018,-0.0226306,-0.0124455,-0.00517062,0.00291634,0.00881999,0.0046282,0.00210534,0.00057003,-0.000644387,-0.000532325,-0.000549037,-0.000130837,-2.73902e-05,0.0,0.0,0.0,-3.67407e-06,-0.000179451,-0.00111779,-0.00316242,-0.00689028,-0.012407,-0.017635,-0.0224269,-0.0241724,-0.0227045,-0.0229401,-0.0169446,-0.0124576,-0.00272861,0.00428543,0.0115128,0.0138016,0.0100274,0.00583773,0.00252032,0.000694133,-0.00029949,-0.000413627,-6.71003e-05,-1.37848e-05,0.0,0.0,0.0,0.0,-5.78672e-06,-0.000246996,-0.000834589,-0.0020826,-0.00369156,-0.00575786,-0.00870639,-0.010155,-0.0119019,-0.0118287,-0.00856492,-0.00216896,0.00391267,0.00636728,0.00878578,0.00798086,0.00581595,0.00308405,0.000690353,0.000342312,0.000207773,-0.00023856,-3.25233e-05,0.0,0.0,0.0,0.0,0.0,0.0,-2.87199e-05,-0.000337552,-0.00116086,-0.00208814,-0.00378479,-0.00583576,-0.00761893,-0.0108795,-0.0101776,-0.00936999,-0.00533478,-0.00233179,-0.000983371,-0.0024142,-0.00267129,-0.00185821,-0.00155497,-0.000817629,-0.000295697,0.000103527,-3.87607e-05,0.0,0.0,0.0,0.0,0.0,0.0,0.0,-1.84607e-05,-0.000160257,-0.00051032,-0.00104627,-0.00236233,-0.00333233,-0.00425055,-0.00562378,-0.00555071,-0.00540639,-0.00494249,-0.00492381,-0.00396489,-0.00296166,-0.0022709,-0.00132787,-0.0008476,-0.000395495,-0.000116137,-2.16094e-05,0.0,0.0,0.0,0.0,0.0,0.0,0.0,0.0,0.0,0.0,-9.63224e-06,-0.000128656,-0.000216569,-0.000222776,