{"max":0.194165,"min":-0.239523,"acc":0.8867,"arr":[0.0,0.0,0.0,0.0,0.0,0.0,0.0,0.0,0.0,0.0,0.0,0.0,-5.98846e-05,-0.000175079,-4.89106e-05,-2.03794e-06,0.0,0.0,0.0,0.0,0.0,0.0,0.0,0.0,0.0,0.0,0.0,0.0,0.0,0.0,0.0,0.0,-1.92963e-06,-9.54902e-06,-0.000289166,-0.000653077,-0.000592821,-0.000602395,-0.00130944,-0.00177251,-0.00203984,-0.00155048,-0.00123603,-0.00115569,-0.00109589,-0.000725341,-0.000382853,-0.000436581,-0.000347513,-0.000185535,-0.000161806,-1.26199e-05,0.0,0.0,0.0,0.0,0.0,0.0,-5.98059e-07,-8.98915e-06,-1.00384e-05,-2.25228e-05,-0.000482208,-0.00189928,-0.00280726,-0.00398779,-0.00689458,-0.0103338,-0.0127291,-0.0127211,-0.0128045,-0.0120268,-0.0102122,-0.00788294,-0.00645013,-0.00431156,-0.0028152,-0.00201477,-0.00107934,-0.000414634,-0.000138415,-4.18759e-05,0.0,0.0,0.0,0.0,-2.78287e-06,-3.86286e-05,-4.31329e-05,-0.000156752,-0.0010363,-0.00314437,-0.00573552,-0.0103328,-0.0161036,-0.0220478,-0.0284901,-0.0314545,-0.0323405,-0.0313899,-0.0270464,-0.0237088,-0.0199869,-0.0138158,-0.0078072,-0.00367356,-0.00111848,0.000322833,-0.000383222,-7.95316e-05,-2.21631e-05,0.0,0.0,-2.41308e-06,-1.11475e-05,-4.23364e-05,6.98158e-05,6.08137e-05,-0.000918131,-0.00404263,-0.00879884,-0.0162066,-0.0280977,-0.0382129,-0.0478304,-0.0587629,-0.0648044,-0.0623328,-0.0503179,-0.0379344,-0.0296057,-0.0145574,0.00186785,0.00754137,0.00934187,0.00783176,0.00336579,0.000588657,6.27556e-06,-3.46207e-06,0.0,0.0,-2.43486e-05,-2.91178e-05,0.000544788,0.0018852,0.00207408,-0.00119233,-0.00457959,-0.00741423,-0.0226657,-0.040272,-0.0556297,-0.0736417,-0.0848455,-0.0831481,-0.0582351,-0.0283268,-0.00161581,0.0147445,0.0293443,0.037493,0.0407088,0.0350925,0.0158995,0.00237763,-0.000262218,-2.25024e-05,0.0,0.0,-5.58353e-05,1.6004e-06,0.00173516,0.00366865,0.00359243,0.00366006,-0.002096,-0.00614051,-0.0203028,-0.0439952,-0.0728229,-0.114799,-0.155355,-0.164032,-0.128212,-0.0693945,-0.020868,0.0159776,0.0321597,0.0458662,0.057035,0.0468488,0.0188267,0.0016131,-0.000567097,-0.000144129,0.0,-2.92128e-05,-0.00031893,-0.000493039,0.000195951,0.00209243,0.000157525,0.00023314,-0.0065397,-0.014539,-0.0326088,-0.0632318,-0.112024,-0.166416,-0.222056,-0.239523,-0.189788,-0.106414,-0.0411572,-0.00423006,0.01442,0.036256,0.0454588,0.0319103,0.00618938,-0.00306426,-0.00116987,-0.000135185,-1.25049e-05,-0.000171519,-0.00106709,-0.0025558,-0.00277045,-0.00250022,-0.00585914,-0.00795136,-0.0168202,-0.0206378,-0.0383889,-0.0629699,-0.106904,-0.158981,-0.21328,-0.225404,-0.165099,-0.0750253,-0.0194503,-0.00312668,0.00728547,0.0174586,0.0169874,0.00472797,-0.00742737,-0.00814142,-0.00253942,-7.10578e-05,-4.37569e-05,-0.000329654,-0.00164411,-0.0043124,-0.0060556,-0.00714554,-0.0117293,-0.0130131,-0.0152298,-0.0110982,-0.0154938,-0.0246521,-0.051563,-0.105152,-0.160608,-0.158702,-0.0832103,-0.00321663,0.02493,0.0134721,0.00295818,-0.00188665,-0.00525489,-0.0147435,-0.0171586,-0.0105837,-0.00253158,-9.34413e-05,-5.55164e-05,-0.000427877,-0.00178229,-0.00403643,-0.00572094,-0.00916376,-0.0114504,-0.00803403,0.00124874,0.0242145,0.0350121,0.0364378,0.00786746,-0.0679311,-0.123044,-0.096532,-0.00872052,0.0618744,0.057366,0.0215805,-0.00744428,-0.0173686,-0.0209222,-0.0213128,-0.0144158,-0.00707034,-0.0019232,-9.91023e-05,-3.23611e-05,-0.000554085,-0.00223572,-0.00316745,-0.00460402,-0.00702466,-0.0033757,0.0089106,0.0395305,0.072107,0.101617,0.0886689,0.0263042,-0.0686227,-0.107333,-0.0569189,0.0498966,0.103385,0.0705338,0.0155888,-0.0182628,-0.0270629,-0.0287471,-0.0215084,-0.0107623,-0.0036365,-0.000831211,-9.0893e-05,-4.67473e-06,-0.000393534,-0.00164056,-0.00197111,-0.00255615,0.000238881,0.0173369,0.0471985,0.0913151,0.129088,0.150051,0.10891,0.0169707,-0.0672104,-0.0949028,-0.0318695,0.0790264,0.116715,0.0701484,0.0111599,-0.0168201,-0.0240762,-0.0210504,-0.0139663,-0.00490133,-0.00104538,-0.000272498,-0.000108662,-8.5566e-07,-0.000187536,-0.000967962,-0.000489081,0.00276543,0.0168682,0.0506992,0.0969652,0.144453,0.172851,0.174063,0.112224,0.0180052,-0.0474949,-0.0668793,-0.000916699,0.099243,0.130392,0.0779965,0.0315922,0.0101282,-0.00565531,-0.00733984,-0.00788084,-0.00476486,-0.00113231,-0.000229073,-0.00019335,0.0,-0.000114685,-0.000493203,0.00174366,0.0107249,0.0373824,0.0865379,0.143042,0.183309,0.194165,0.175285,0.121113,0.0574394,0.00346978,-0.0101553,0.0532481,0.140692,0.156534,0.111246,0.0771291,0.0471545,0.0165421,0.00476891,0.000504711,-0.00402455,-0.00249158,-0.00036986,-2.13421e-05,-9.39895e-07,-3.79313e-05,-0.000200982,0.0026719,0.0123588,0.0465564,0.101618,0.153228,0.188065,0.183652,0.160419,0.134199,0.0990675,0.0670571,0.0776351,0.135693,0.187181,0.17577,0.131141,0.0903694,0.046247,0.0157627,0.0053244,0.000157173,-0.00481062,-0.00271505,0.000228289,-6.59033e-05,-5.37083e-06,-2.14951e-05,-0.000423303,-0.000218749,0.00576402,0.0350936,0.0822539,0.118642,0.137665,0.127558,0.112389,0.104073,0.0948816,0.0912251,0.128954,0.18495,0.189062,0.148946,0.0985336,0.0494563,0.0143663,-0.00403289,-0.00973971,-0.0108877,-0.00713902,-0.00359988,-0.000327725,-0.000103708,0.0,-2.45417e-05,-0.000524082,-0.00368336,-0.00233132,0.00870934,0.0337906,0.054826,0.0599167,0.0474243,0.031859,0.028477,0.0391577,0.0728833,0.124707,0.154186,0.130333,0.0740266,0.0264928,-0.015739,-0.0324463,-0.0338224,-0.0312097,-0.0207116,-0.0109171,-0.00405843,-0.000520094,-0.000106584,-2.8636e-05,-1.08051e-05,-0.000231653,-0.00464831,-0.0116778,-0.016545,-0.0199091,-0.0158852,-0.0255623,-0.0490433,-0.0692172,-0.063062,-0.0241207,0.02563,0.0638771,0.0738871,0.0464188,-0.00115421,-0.0397539,-0.0610306,-0.0609511,-0.0526087,-0.0408232,-0.023811,-0.0103249,-0.00347265,-0.000245853,-1.39517e-05,-1.44998e-07,-5.06078e-05,-0.000370481,-0.00445737,-0.0166568,-0.0327172,-0.0541833,-0.0736889,-0.0956835,-0.117716,-0.130007,-0.11376,-0.0712159,-0.0215546,0.00308379,0.00563508,-0.0092099,-0.0318647,-0.0540565,-0.0635865,-0.0635927,-0.0489272,-0.0357727,-0.0191491,-0.00848079,-0.00242246,-0.00032892,-1.82316e-06,0.0,-2.48468e-05,-0.000410676,-0.00511842,-0.0174437,-0.0373803,-0.0644576,-0.0946691,-0.122393,-0.14051,-0.144463,-0.121627,-0.0850303,-0.057132,-0.0431776,-0.0306717,-0.0234478,-0.0329204,-0.0424902,-0.0457356,-0.0464957,-0.0348169,-0.0228652,-0.0123066,-0.00549891,-0.00148451,-0.000235216,0.0,0.0,-7.89438e-06,-0.000451708,-0.00419732,-0.0125769,-0.0288416,-0.0568069,-0.0868394,-0.111431,-0.125522,-0.124649,-0.104431,-0.0831741,-0.0717717,-0.0583485,-0.0347016,-0.0220751,-0.0181177,-0.0159315,-0.0152856,-0.0208315,-0.0155904,-0.0107642,-0.00620071,-0.00310728,-0.000897361,-0.000179748,-1.4198e-07,0.0,-7.97701e-08,-0.000283638,-0.00248435,-0.00733901,-0.0190397,-0.0397915,-0.0641754,-0.0829682,-0.0945844,-0.0920157,-0.0803619,-0.07079,-0.0614689,-0.0449343,-0.0142136,-0.000295807,0.00989338,0.0157411,0.0158898,0.00496507,0.00188529,-0.00202789,-0.00292393,-0.00119281,-0.000304524,-1.04338e-05,-2.62117e-07,0.0,0.0,-8.8969e-05,-0.000780985,-0.0034962,-0.0102714,-0.0224856,-0.0368128,-0.0480261,-0.0569164,-0.0581958,-0.05282,-0.0544404,-0.0468902,-0.0250257,0.00393319,0.0188,0.0299084,0.0360021,0.0305993,0.0184828,0.00775725,0.000329006,-0.00125678,-0.000627707,4.74619e-05,1.93513e-05,0.0,0.0,0.0,-1.63537e-05,-0.000138136,-0.00117563,-0.00371861,-0.00885013,-0.0152108,-0.0211832,-0.0298089,-0.0337153,-0.0362949,-0.0414354,-0.0375889,-0.0167037,0.00216178,0.00699288,0.00853265,0.0131967,0.0125284,0.0073385,0.00165358,-0.000550404,-0.00103106,-0.000543206,3.41625e-05,0.0,0.0,0.0,0.0,-1.05051e-05,-2.73149e-05,-0.000322547,-0.00155852,-0.00479438,-0.010712,-0.0190128,-0.0265634,-0.0356785,-0.0477811,-0.0536819,-0.0510055,-0.0393668,-0.0354012,-0.0353435,-0.0356019,-0.0290396,-0.0197321,-0.0122066,-0.00651781,-0.00260281,-0.00113765,-0.000429181,0.0,0.0,0.0,0.0,0.0,0.0,0.0,-0.00011798,-0.000216635,-0.00170483,-0.00414836,-0.00923815,-0.0135088,-0.0181205,-0.0233209,-0.0265331,-0.0284954,-0.0280857,-0.0261823,-0.0249482,-0.0201726,-0.0150718,-0.0103821,-0.00609402,-0.002729,-0.000876124,-4.46102e-05,3.20597e-06,-1.02096e-06,