{"max":0.257188,"min":-0.30978,"acc":0.8983,"arr":[0.0,0.0,0.0,0.0,0.0,0.0,0.0,0.0,0.0,0.0,0.0,0.0,-6.13741e-05,-0.000207251,-8.10828e-05,-3.37845e-06,0.0,0.0,0.0,0.0,0.0,0.0,0.0,0.0,0.0,0.0,0.0,0.0,0.0,0.0,0.0,0.0,-1.92963e-06,-9.54902e-06,-0.000373749,-0.000931339,-0.00105991,-0.00122896,-0.00237884,-0.00304921,-0.00400546,-0.0027737,-0.00192152,-0.00227218,-0.00221804,-0.00131671,-0.000835807,-0.000675937,-0.000518929,-0.00041189,-0.000222195,-6.80069e-05,0.0,0.0,0.0,0.0,0.0,0.0,-5.98059e-07,-1.81064e-05,-8.23473e-05,-3.76647e-05,-0.000735346,-0.00270528,-0.00449626,-0.00716255,-0.0123928,-0.0164409,-0.0211001,-0.020856,-0.0197931,-0.0189541,-0.0159253,-0.0115218,-0.00917897,-0.00569825,-0.00381582,-0.0031662,-0.00186728,-0.000835645,-0.000342399,-8.011e-05,0.0,0.0,0.0,0.0,-2.80798e-06,-9.00864e-05,-0.000111918,-0.000268789,-0.00184514,-0.0046682,-0.00963291,-0.0172211,-0.025497,-0.0346144,-0.0445544,-0.0492868,-0.0496624,-0.0463848,-0.0391861,-0.0319184,-0.0252746,-0.0169057,-0.00988502,-0.00525018,-0.00201892,-4.04324e-06,-0.000812185,-0.000160824,-3.36318e-05,0.0,0.0,-2.49952e-06,-1.15115e-05,-7.73073e-05,0.000242025,0.000146883,-0.00160737,-0.00519955,-0.0136506,-0.0254608,-0.0418822,-0.0553517,-0.0671834,-0.0758823,-0.0816042,-0.0776489,-0.0614516,-0.0464104,-0.0342269,-0.0177849,0.00191309,0.0102046,0.0148512,0.0136385,0.00640059,0.000889996,-6.88764e-05,-2.90557e-05,0.0,0.0,-3.13749e-05,2.11594e-06,0.00099994,0.00360424,0.00513007,0.00298642,-0.00341298,-0.00835198,-0.0304102,-0.0537422,-0.0699214,-0.0859777,-0.0879917,-0.0790511,-0.0497307,-0.0174053,0.0121168,0.0268504,0.0391601,0.0494811,0.057883,0.0528336,0.022912,0.00310231,-0.000665083,-2.38866e-05,0.0,-1.92335e-07,-0.000179754,-0.000155918,0.002483,0.00721875,0.00993217,0.0100012,0.00152784,-0.0036851,-0.0293211,-0.0688119,-0.0977401,-0.141534,-0.186941,-0.194199,-0.152698,-0.0830965,-0.0301027,0.0131084,0.0366619,0.0642689,0.0860486,0.074459,0.0318537,0.0038488,0.000129266,-0.000176693,0.0,-5.37277e-05,-0.000514583,-0.000503091,0.00193586,0.00661793,0.00322605,0.000538576,-0.00921508,-0.0214537,-0.0534587,-0.0982299,-0.148674,-0.208146,-0.283833,-0.30978,-0.249976,-0.145919,-0.0731922,-0.0287258,0.00229676,0.0471218,0.0710047,0.0552962,0.0143278,-0.00331214,-0.00128263,-0.000209587,-1.25049e-05,-0.000402043,-0.00150396,-0.00305006,-0.00177221,3.66819e-05,-0.00864207,-0.0126364,-0.0270789,-0.0305372,-0.0623027,-0.089029,-0.135133,-0.194785,-0.280301,-0.303781,-0.225875,-0.109863,-0.0483645,-0.0290059,-0.00530382,0.0212124,0.0282753,0.0121878,-0.0103024,-0.0135259,-0.00480687,-0.000163327,-4.46012e-05,-0.00059929,-0.00241323,-0.00650525,-0.00929541,-0.0102142,-0.0196672,-0.0212286,-0.0254903,-0.0196339,-0.0300176,-0.0372777,-0.0602075,-0.131063,-0.230052,-0.224328,-0.113434,-0.0129093,0.00918711,-0.00581399,-0.0081929,-0.00551821,-0.0114212,-0.0264222,-0.0332864,-0.0200336,-0.00516635,-0.000528075,-5.75713e-05,-0.000686412,-0.00308096,-0.00715311,-0.0105312,-0.0153018,-0.0224153,-0.0160494,-0.00313999,0.0289367,0.040256,0.0496331,0.0232684,-0.0894889,-0.186674,-0.137569,-0.0118751,0.0739591,0.048479,0.00675843,-0.0224453,-0.0302024,-0.036474,-0.0397983,-0.0281203,-0.0148823,-0.00358052,-0.000241049,-3.63392e-05,-0.000875266,-0.00419747,-0.00671133,-0.0103555,-0.0137832,-0.0102631,0.00556597,0.0439932,0.0912824,0.134726,0.131412,0.0527436,-0.097039,-0.158071,-0.0714481,0.0810566,0.130013,0.0673304,0.00102928,-0.0345625,-0.0413389,-0.0448395,-0.0378511,-0.0206253,-0.00766231,-0.00164844,-0.000114607,-4.67473e-06,-0.000881304,-0.00320415,-0.00640623,-0.00879518,-0.0049266,0.0222858,0.0598995,0.11238,0.165217,0.213968,0.177365,0.0522873,-0.0807732,-0.124705,-0.0226923,0.128299,0.153607,0.0694235,0.00212275,-0.0271842,-0.0297471,-0.0302478,-0.0246699,-0.00999838,-0.00153382,-0.000403135,-0.000116434,-9.12201e-07,-0.000358574,-0.00189038,-0.00419027,0.000240087,0.020422,0.0729716,0.127444,0.176812,0.220213,0.250951,0.193218,0.0625454,-0.0440411,-0.0734341,0.0212253,0.151062,0.172562,0.0901741,0.03286,0.0127072,-0.00255764,-0.0104134,-0.0120037,-0.00725019,0.000204468,0.000265596,-0.000238402,-2.35889e-06,-0.0001173,-0.000814863,0.000836189,0.0155964,0.051596,0.121214,0.18542,0.221166,0.235234,0.236455,0.181547,0.0940341,0.00960261,-0.00865337,0.0764822,0.196033,0.211052,0.14002,0.0988959,0.0618282,0.0249297,0.00812516,0.00136594,-0.0045839,-0.00161855,-0.000629251,-2.38589e-05,-1.71228e-06,-4.339e-05,-5.62741e-05,0.00385889,0.0182429,0.063605,0.132296,0.193324,0.223658,0.209111,0.182118,0.155352,0.107014,0.0590842,0.0818814,0.172626,0.251387,0.233762,0.164979,0.11508,0.0620116,0.0236479,0.00759969,-0.000576509,-0.0078396,-0.00472846,8.81157e-05,-7.68814e-05,-5.37083e-06,-2.42693e-05,-0.000621785,-0.000541452,0.00598641,0.0429277,0.101262,0.149354,0.17077,0.14339,0.107933,0.0975497,0.0952541,0.100176,0.16461,0.250091,0.257188,0.196595,0.127477,0.0675341,0.0244488,-0.00112765,-0.0161594,-0.0181154,-0.0138126,-0.00762961,-0.00155024,-0.000141912,0.0,-2.57845e-05,-0.000447989,-0.00642591,-0.00660458,0.00535813,0.0385298,0.0704337,0.0790749,0.055649,0.0285008,0.0259008,0.0503902,0.105718,0.17977,0.215858,0.178752,0.0940561,0.0370412,-0.0166829,-0.0367295,-0.0407642,-0.0437764,-0.0314494,-0.0185429,-0.00787247,-0.00135289,-0.000262051,-6.11688e-05,-1.0997e-05,-0.000229842,-0.00820782,-0.020277,-0.0264013,-0.030512,-0.0218625,-0.0317124,-0.0581889,-0.0878373,-0.0791096,-0.0220757,0.047572,0.0971124,0.104421,0.0642565,-0.00735556,-0.0488324,-0.0738635,-0.0754659,-0.0690264,-0.058771,-0.035691,-0.0166149,-0.00615782,-0.000377708,-1.80903e-05,-1.55261e-07,-9.46189e-05,-0.000442029,-0.00687057,-0.024876,-0.0464574,-0.0779901,-0.103558,-0.131338,-0.15809,-0.173301,-0.151419,-0.0970037,-0.0282016,0.00967026,0.00889413,-0.0164476,-0.0456443,-0.0699752,-0.0835124,-0.0821322,-0.0673106,-0.0544206,-0.0299645,-0.0137797,-0.00448524,-0.000493702,-2.00718e-06,0.0,-2.6044e-05,-0.000536782,-0.00727268,-0.0238297,-0.0501302,-0.0888338,-0.130778,-0.167875,-0.188692,-0.188957,-0.155743,-0.110154,-0.0761209,-0.0526733,-0.0412037,-0.0358517,-0.0428424,-0.0554926,-0.063422,-0.0600571,-0.047409,-0.0356596,-0.0191203,-0.00861062,-0.00282245,-0.000309749,-1.46414e-06,-1.0128e-07,-8.92063e-06,-0.000526835,-0.00595049,-0.0171746,-0.0385097,-0.0771672,-0.116435,-0.144872,-0.160196,-0.155852,-0.1255,-0.0976094,-0.0857849,-0.0690455,-0.0451883,-0.0322012,-0.0218864,-0.0209852,-0.0207567,-0.0237824,-0.020646,-0.017349,-0.00956858,-0.00503253,-0.00208889,-0.000231254,-1.4198e-07,-9.81153e-08,-1.82647e-07,-0.000333625,-0.00360951,-0.0101163,-0.0256651,-0.0522935,-0.0821006,-0.103217,-0.113604,-0.105079,-0.0888961,-0.0745107,-0.0660843,-0.0531148,-0.0220692,-0.00387396,0.0133829,0.0223185,0.0259589,0.0120953,0.00545884,-0.00375261,-0.00454297,-0.00251028,-0.00105788,-2.19417e-05,-2.62117e-07,0.0,0.0,-0.000110241,-0.00104796,-0.00480573,-0.0135084,-0.0288088,-0.0451682,-0.0580628,-0.0639746,-0.0627326,-0.0535922,-0.0552477,-0.0545983,-0.0354396,-0.00376449,0.0175411,0.0371478,0.0508341,0.0440396,0.0297931,0.0137168,0.000866783,-0.00232262,-0.0015608,-6.58858e-05,1.34977e-05,0.0,0.0,0.0,-2.28039e-05,-0.000178559,-0.00184687,-0.00526167,-0.0131894,-0.0213896,-0.0269515,-0.0353008,-0.0379823,-0.0368303,-0.0484101,-0.0532884,-0.0351996,-0.015071,-0.00629156,0.00307026,0.0146661,0.0159712,0.00895674,0.00261824,-0.000675945,-0.00202094,-0.0015079,4.06162e-05,-1.42899e-05,0.0,0.0,0.0,-1.46468e-05,-4.06719e-05,-0.000709622,-0.00330589,-0.00778403,-0.0169445,-0.0301162,-0.0404359,-0.0506627,-0.0669572,-0.0792192,-0.079963,-0.0711972,-0.0667111,-0.0673876,-0.0636474,-0.0481018,-0.0352738,-0.0216687,-0.0117081,-0.00457194,-0.00211866,-0.00111881,-4.83035e-05,-1.5059e-05,0.0,0.0,0.0,0.0,0.0,-0.000320221,-0.00103142,-0.00360397,-0.00716166,-0.0142629,-0.0220423,-0.0283365,-0.0366754,-0.0417692,-0.0450363,-0.046825,-0.0421541,-0.0402835,-0.0330427,-0.0249494,-0.0178005,-0.00986423,-0.00411339,-0.00144246,-0.000175361,-5.07338e-05,