{"max":0.00895713,"min":-0.00930128,"acc":0.5694,"arr":[0.0,0.0,0.0,0.0,0.0,0.0,0.0,0.0,0.0,0.0,0.0,0.0,0.0,0.0,0.0,0.0,0.0,0.0,0.0,0.0,0.0,0.0,0.0,0.0,0.0,0.0,0.0,0.0,0.0,0.0,0.0,0.0,0.0,0.0,0.0,0.0,0.0,0.0,0.0,0.0,0.0,0.0,0.0,-1.62213e-05,-3.11223e-05,0.0,0.0,0.0,0.0,0.0,0.0,0.0,0.0,0.0,0.0,0.0,0.0,0.0,0.0,0.0,0.0,0.0,0.0,0.0,0.0,-3.18434e-05,-9.751e-05,-0.000143427,-0.000207819,-0.000134779,-0.000215347,-0.000347932,-0.000351547,-0.000166626,-0.00017979,-8.53011e-05,-9.30173e-05,-2.33213e-05,0.0,0.0,0.0,0.0,0.0,0.0,0.0,0.0,0.0,0.0,0.0,0.0,0.0,0.0,-4.42428e-05,-0.000228401,-0.000366351,-0.000482837,-0.000623133,-0.000810213,-0.00101805,-0.00118564,-0.00108855,-0.000903801,-0.000743078,-0.000477581,-0.000422484,-0.000203377,-0.000109608,-3.33217e-05,0.0,0.0,0.0,0.0,0.0,0.0,0.0,0.0,0.0,-2.96301e-05,-6.93569e-05,-0.000228223,-0.000443515,-0.000797307,-0.0012786,-0.00116893,-0.0013554,-0.00235157,-0.00323725,-0.00313176,-0.002099,-0.0009595,-0.000573789,-0.000735401,0.000306687,0.00106228,5.40411e-05,-8.55053e-05,-1.31311e-05,-3.04393e-05,-2.66344e-05,0.0,0.0,0.0,0.0,0.0,0.0,-0.000106552,-0.000269767,9.93966e-05,-0.000400376,-0.00132674,-0.00159778,-0.0019965,-0.00250597,-0.00436831,-0.00570011,-0.00531952,-0.00524912,-0.00267444,-0.00132748,-0.000724206,0.00103666,0.000676561,-0.000575355,-0.000385788,-0.000226957,-0.000119017,-5.28957e-05,0.0,0.0,0.0,0.0,0.0,0.0,-0.000174284,-0.000229511,6.55869e-05,-0.0009794,-0.00170243,-0.00135654,-0.00180657,-0.00380558,-0.00637292,-0.00808516,-0.0088936,-0.00667003,-0.00323181,-0.00215209,-0.00125839,0.00038797,0.000153981,-0.000303287,0.000490057,-0.000108161,-0.000419216,-8.63912e-05,-6.83947e-06,0.0,0.0,-1.52812e-05,-4.1641e-05,-0.000123946,-0.00012415,-3.34062e-05,-0.000364702,-0.00121262,-0.000903924,-0.00108689,-0.00173169,-0.00497795,-0.00721134,-0.00891228,-0.00930128,-0.00678442,-0.00435397,-0.00313038,-0.00121965,-0.0001977,-0.000570155,-0.000227557,0.00017044,-0.00025059,-0.000316032,-0.000122307,-4.55364e-05,0.0,0.0,-9.06298e-05,-0.000155547,-0.00035896,-0.000577908,-0.000500268,-0.00124748,-0.00153188,3.29323e-06,0.000266841,-0.0020156,-0.00472437,-0.0066985,-0.00765074,-0.00785204,-0.00530735,-0.00296043,-0.00218753,-0.000580284,-0.000206547,-0.00110314,-0.000858052,-0.000121865,-8.05873e-06,3.81717e-05,-0.000149369,-2.5018e-05,0.0,0.0,-6.65109e-05,-0.00023048,-0.000550142,-0.000744621,-0.000881451,-0.00103547,-8.73091e-05,0.001761,0.000960618,-0.0014076,-0.00339274,-0.00430734,-0.00544725,-0.00570995,-0.00283799,-0.000452667,0.000264726,0.00131561,-0.000100666,-0.000997219,-0.00104624,-0.00042309,0.00016757,0.00013184,-0.000114174,0.0,0.0,0.0,-1.84482e-05,-0.000228162,-0.000680666,-0.000693506,-0.000683669,-0.000282637,0.00175454,0.0028735,0.00130571,-0.000646784,-0.00136991,-0.00306476,-0.00473135,-0.00430313,-0.000225572,0.00190582,0.0024856,0.00169987,-0.000583081,-0.000951485,-0.00132005,-0.000459053,0.000129353,-3.52762e-05,-6.58978e-06,0.0,0.0,0.0,0.0,-0.000154271,-0.000523839,-0.000497812,0.000502562,0.00185957,0.0045577,0.00404656,0.00262589,0.000253244,-0.0011321,-0.00401252,-0.00467479,-0.00355121,0.00108665,0.0035726,0.00227992,0.00168035,-4.77384e-05,-0.00063411,-0.00139613,-0.000569874,-0.00023553,1.08669e-06,0.0,0.0,0.0,0.0,-3.59882e-06,-0.000100243,-0.000337132,-0.000116733,0.0014589,0.00341935,0.00623703,0.00509974,0.00330152,0.00190694,-0.00166063,-0.00399085,-0.00462549,-0.00232295,0.00169111,0.00446669,0.00303912,0.00208018,0.000539618,-0.00120189,-0.00116473,-0.000834216,-0.000340623,-2.61198e-06,0.0,0.0,0.0,0.0,-2.21612e-05,-8.14713e-05,-0.000207919,0.000591931,0.00173723,0.0049565,0.00723632,0.0060514,0.00437362,0.00272885,-0.00138407,-0.0040438,-0.00379043,0.000137928,0.00325632,0.00453613,0.00315138,0.00303591,0.00012443,-0.00070614,-0.000994122,-0.00103423,-0.000401744,-4.68041e-05,0.0,0.0,0.0,0.0,-2.42447e-05,-2.19261e-05,0.000305336,0.0010801,0.00293783,0.00587798,0.00895713,0.00710939,0.0063174,0.00389063,-0.000176447,-0.00251191,-0.000934729,0.00220016,0.00530962,0.00533982,0.00539024,0.00372458,0.00219764,0.00110171,-0.000132152,-0.000163552,-0.000474037,-4.70875e-05,0.0,0.0,0.0,0.0,-1.91306e-05,0.0,0.000375712,0.000304864,0.00306337,0.00632018,0.0087364,0.00850191,0.00743676,0.00617803,0.00250743,0.000672421,0.00261644,0.00490431,0.006385,0.00585137,0.00519219,0.00413484,0.00348343,0.00163109,0.000562589,0.000629375,-0.000345256,-5.55055e-05,0.0,0.0,0.0,0.0,0.0,-7.65864e-06,0.000230911,4.34696e-06,0.00248677,0.00407546,0.00617361,0.00710229,0.00622661,0.00478086,0.0040458,0.00388444,0.00433296,0.00519113,0.00582162,0.00517071,0.00407505,0.00238657,0.000967094,-0.000521977,-0.000426741,-0.000562883,-0.000287876,1.09196e-06,0.0,0.0,0.0,0.0,0.0,-5.35352e-05,0.000322162,4.24178e-05,0.00117662,0.0020824,0.00272503,0.00270945,0.00185524,0.00105072,0.00102441,0.00102775,0.00284072,0.00469084,0.00485884,0.00296236,0.00139528,-0.00117662,-0.0015415,-0.00169488,-0.00148105,-0.000673714,-0.00054033,-0.000184543,0.0,0.0,0.0,0.0,-1.88235e-05,-0.000151716,-0.000120237,-0.000690142,-0.000737251,-0.000974574,-0.00155476,-0.00265063,-0.00315945,-0.00339891,-0.00260448,-0.0012036,0.000503775,0.00187245,0.00229351,0.000552479,-0.000428092,-0.00244419,-0.00272947,-0.00192459,-0.0013937,-0.000604593,-0.000565513,-0.000166102,0.0,0.0,0.0,0.0,-2.37255e-05,-0.00019512,-0.000372679,-0.000823897,-0.00204475,-0.00327943,-0.00464961,-0.00535572,-0.0056649,-0.0046805,-0.00341595,-0.00172781,-0.000991388,-0.000496601,-0.000481945,-0.0022993,-0.00226788,-0.00343677,-0.00321698,-0.00175067,-0.000933985,-0.000410513,-0.000423756,-8.64359e-05,0.0,0.0,0.0,0.0,-7.45098e-06,-0.000150041,-0.000507936,-0.00115762,-0.00254638,-0.00394616,-0.00573716,-0.0061359,-0.00618769,-0.00538697,-0.00390461,-0.00332291,-0.002748,-0.00168536,-0.00241936,-0.00309607,-0.00281533,-0.00306266,-0.00245015,-0.00118753,-0.000547577,-0.000200393,-0.000316593,-3.08494e-05,0.0,0.0,0.0,0.0,0.0,-4.46728e-05,-0.000353725,-0.00101576,-0.00232174,-0.00397929,-0.00535052,-0.0064535,-0.00704314,-0.00702768,-0.00621099,-0.00486609,-0.00386142,-0.00271821,-0.00334318,-0.00252015,-0.00162546,-0.00134086,-0.00162984,-0.000621005,-0.000262267,-0.000220042,-0.000130031,-5.61704e-06,0.0,0.0,0.0,0.0,0.0,-3.42692e-07,-0.000221705,-0.000759141,-0.00170207,-0.00301496,-0.00441084,-0.0058221,-0.00649935,-0.00662061,-0.00715171,-0.00553309,-0.00375865,-0.00139626,-0.00171315,-0.00105261,9.6124e-05,-1.51156e-05,-0.000626233,-0.000178135,-0.000175937,-0.000161732,-4.29228e-05,-7.92551e-06,0.0,0.0,0.0,0.0,0.0,0.0,-0.000119192,-0.000435629,-0.000980358,-0.00138731,-0.00220278,-0.00377721,-0.00471225,-0.00478791,-0.00617282,-0.00473731,-0.00170841,0.00111681,-0.00015471,0.000221184,0.00125541,0.000714566,5.39068e-05,0.000498692,0.000293962,-8.69144e-05,0.0,0.0,0.0,0.0,0.0,0.0,0.0,0.0,-4.26238e-05,-0.00010688,-0.000303861,-0.000265268,-9.39064e-05,-0.00101192,-0.00172237,-0.00257603,-0.00355294,-0.0038298,-0.000560935,0.00223883,0.000710681,0.000738055,0.00121585,0.000955677,0.000290987,0.000538225,4.77849e-05,-7.53202e-05,0.0,0.0,0.0,0.0,0.0,0.0,0.0,0.0,0.0,-3.16419e-05,-6.29581e-05,-3.82039e-05,5.14835e-05,-3.97974e-05,-0.000264963,-0.000867259,-0.000796715,-0.00161634,-0.000646304,0.000610235,5.37444e-05,-0.000378476,0.000259553,3.63081e-05,-0.000191649,-0.000157672,-0.000106703,-3.83014e-05,0.0,0.0,0.0,0.0,0.0,0.0,0.0,0.0,0.0,0.0,-1.84605e-07,-6.55433e-05,-0.000190305,-5.32903e-05,0.000178263,-0.000202021,-0.000451703,-0.000591086,-0.000488824,-0.000458536,-0.000563528,-0.000509546,-0.000153666,-5.54902e-05,-1.70588e-05,0.0,0.0,0.0,0.0,0.0,0.0,0.0,0.0,0.0,0.0,0.0,0.0,0.0,-9.02768e-06,-6.12714e-05,-9.26847e-05,-4.42697e-05,-3.83375e-06,0.0,-4.48803e-05,-2.71379e-05,-3.00274e-05,-6.92295e-05,-0.000140422,-0.000121495,0.0,0.0,0.0,0.0,0.0,0.0,0.0,0.0,0.0,0.0]}