{"max":0.143414,"min":-0.150782,"acc":0.8665,"arr":[0.0,0.0,0.0,0.0,0.0,0.0,0.0,0.0,0.0,0.0,0.0,0.0,0.0,0.0,0.0,0.0,0.0,0.0,0.0,0.0,0.0,0.0,0.0,0.0,0.0,0.0,0.0,0.0,0.0,0.0,0.0,0.0,0.0,0.0,-7.5012e-05,-0.000189792,-0.000333893,-0.000328791,-0.000724328,-0.00064114,-0.00057232,-0.000481566,-0.000271158,-0.000292599,-0.000508929,-0.000484129,-0.000246656,-0.000207913,-0.00018718,-0.000157675,-0.000154805,-1.26199e-05,0.0,0.0,0.0,0.0,0.0,0.0,0.0,-8.98915e-06,-8.83237e-06,-4.67964e-06,-0.000116219,-0.000597453,-0.00124385,-0.00209339,-0.00375946,-0.00517116,-0.00612347,-0.00632014,-0.00697489,-0.00706609,-0.00622715,-0.00475281,-0.00427562,-0.00271899,-0.00165404,-0.00126513,-0.000661376,-0.000124519,0.0,0.0,0.0,0.0,0.0,0.0,-1.46528e-06,-3.85632e-05,-4.2194e-05,-5.85168e-05,-0.00038998,-0.00133114,-0.00289626,-0.00613577,-0.00891986,-0.012296,-0.0161022,-0.0181853,-0.0204865,-0.0211466,-0.0181589,-0.0157567,-0.0132744,-0.00871435,-0.00441854,-0.00216396,-0.000888677,0.000226592,-2.26841e-05,-7.97728e-05,-3.58341e-06,0.0,0.0,-2.41308e-06,-9.97296e-06,-2.99486e-05,-0.000122791,2.88449e-06,-0.00034184,-0.00198621,-0.00503261,-0.00992552,-0.0163279,-0.0226756,-0.0303698,-0.0387035,-0.0455474,-0.0462905,-0.0379877,-0.0288473,-0.0214884,-0.00877576,0.00348837,0.00693284,0.00665729,0.00428533,0.00210441,6.47384e-05,-0.000127447,0.0,0.0,0.0,-2.15166e-05,-6.61808e-05,5.10905e-05,0.000794196,0.0005559,-0.000804327,-0.0032593,-0.0059088,-0.0156631,-0.0273385,-0.04265,-0.059799,-0.0692358,-0.0665546,-0.0543785,-0.032941,-0.00761065,0.00906371,0.0196585,0.0239559,0.0252427,0.0218858,0.0100346,0.00132824,-0.00013606,0.0,0.0,0.0,-1.42456e-05,0.000139562,0.000812024,0.00289389,0.00164919,6.75034e-05,-0.00202854,-0.00283606,-0.0113829,-0.0303533,-0.0561238,-0.0880788,-0.113673,-0.115464,-0.0944973,-0.0547111,-0.0145935,0.0159928,0.027561,0.0310223,0.0350595,0.0286187,0.0127485,0.00244333,1.12167e-05,-8.54284e-05,0.0,-2.11855e-05,-0.000236741,-0.000299703,-5.61222e-05,0.00179472,-0.00102665,-0.00329349,-0.00467894,-0.00633718,-0.0151822,-0.0377778,-0.0740677,-0.114175,-0.146046,-0.150782,-0.120684,-0.0696624,-0.021358,0.0088231,0.0200373,0.0276332,0.0299722,0.0204668,0.00541797,-0.000466889,-0.000709625,-0.000110679,0.0,-7.65965e-05,-0.000784371,-0.00184491,-0.00229045,-0.001406,-0.00312016,-0.00418077,-0.00765634,-0.0095968,-0.016805,-0.0377234,-0.0712439,-0.106418,-0.134525,-0.138385,-0.104443,-0.0475132,-0.00369523,0.0118772,0.0192453,0.0194213,0.0145153,0.00643677,-0.00183066,-0.00294559,-0.00113807,-5.04154e-05,-4.01708e-05,-0.000235438,-0.00120191,-0.00315784,-0.00407165,-0.00379133,-0.00359611,-0.00428392,-0.00584132,-0.00231821,-0.00510302,-0.0132438,-0.0375429,-0.0699489,-0.0979087,-0.0970484,-0.0539535,0.000375452,0.0296832,0.0253133,0.0181907,0.00895439,0.000591047,-0.00583575,-0.0071969,-0.00400223,-0.00114964,-2.31033e-05,-4.69005e-05,-0.000339691,-0.00136432,-0.0027689,-0.00316888,-0.0035641,-0.00139962,0.00215171,0.00803578,0.0209518,0.0250348,0.023402,0.000916747,-0.0417546,-0.0733005,-0.0615658,-0.00956296,0.0431769,0.052291,0.0301081,0.00811717,-0.00457587,-0.0117439,-0.0119451,-0.00676785,-0.00331116,-0.000897077,-4.67637e-05,-2.80787e-05,-0.000253589,-0.00107237,-0.00145087,-0.0014186,-0.000105385,0.00739024,0.019173,0.0372503,0.0522502,0.0654393,0.0515386,0.0110434,-0.0405398,-0.066127,-0.041895,0.0241072,0.0718922,0.0635004,0.0253697,0.00102234,-0.011233,-0.0168541,-0.0120754,-0.00534294,-0.00152569,-0.000186683,-4.97611e-05,0.0,-0.000131006,-0.000797527,-0.000566335,-0.000269796,0.00450402,0.0222453,0.0443447,0.0705544,0.0893522,0.0930407,0.0593738,-0.00149313,-0.0485654,-0.0669567,-0.031971,0.0425315,0.0848436,0.060875,0.0194812,-0.00234214,-0.013464,-0.0133899,-0.00927028,-0.00365813,-0.000841163,-0.000443146,-3.30351e-05,-8.5566e-07,-0.000144162,-0.00057845,-0.000317814,0.00203783,0.0136777,0.0403788,0.074129,0.107886,0.120785,0.109263,0.0557874,-0.0061826,-0.0417413,-0.0513455,-0.00946993,0.0603854,0.0922021,0.0634689,0.0278855,0.00650056,-0.00527285,-0.00720497,-0.00583974,-0.00240923,-0.000835536,-0.000376832,-1.02544e-05,0.0,-0.000114685,-0.000332591,0.00118932,0.00670457,0.0238697,0.0615774,0.105514,0.136445,0.140582,0.120285,0.0747553,0.0337057,0.00338021,-0.00188066,0.0378085,0.0946854,0.111111,0.0848197,0.05566,0.0297203,0.00881603,0.00158631,0.000369823,-0.000729375,-0.000621787,-0.000155029,-9.98141e-07,0.0,-3.79313e-05,-0.000105285,0.00171913,0.00789635,0.0291449,0.0709906,0.112355,0.143414,0.142355,0.123004,0.102237,0.0749692,0.0543316,0.0601059,0.0928416,0.120843,0.124949,0.0955017,0.0609471,0.0313174,0.0118837,0.00523811,0.00348693,-0.000635714,-0.000550141,0.000206847,-6.59033e-05,0.0,-2.03951e-05,-0.000125395,1.33293e-05,0.00267017,0.0210138,0.0555815,0.0864796,0.106196,0.102708,0.0947693,0.0870202,0.0762573,0.0683096,0.0889259,0.117747,0.124125,0.109694,0.0717212,0.0333558,0.00887703,-0.00229986,-0.00394437,-0.00359662,-0.00267748,-0.00124987,0.000215333,-9.44175e-05,0.0,-2.12885e-05,-0.000129465,-0.00160309,-0.00160986,0.00631652,0.0252636,0.0388048,0.0425601,0.0337349,0.0262554,0.0240578,0.0292925,0.0483803,0.0813978,0.0975438,0.0867932,0.0589628,0.021604,-0.0129462,-0.0233459,-0.0231427,-0.0197051,-0.0118073,-0.00636405,-0.00194899,-0.000148461,-2.60624e-05,-2.89996e-08,-9.47497e-06,-5.09989e-06,-0.00226987,-0.00623395,-0.00738133,-0.00936633,-0.0092839,-0.0177056,-0.0341008,-0.0463374,-0.0422262,-0.0185095,0.0139958,0.0417285,0.0478583,0.0338543,0.00672766,-0.0247687,-0.0418684,-0.04071,-0.0325837,-0.0243579,-0.0136848,-0.00603981,-0.00209399,-0.00010408,-1.39517e-05,-1.44998e-07,-7.92655e-07,-4.45363e-05,-0.00240825,-0.00924929,-0.0188897,-0.0320465,-0.0465266,-0.0624869,-0.0785667,-0.0849272,-0.0718304,-0.0406979,-0.00876616,0.00713258,0.00606018,-0.00433611,-0.0197535,-0.0372573,-0.0430833,-0.0409943,-0.0293621,-0.0211944,-0.0116312,-0.00562089,-0.00141932,-0.000209957,-1.82316e-06,0.0,-3.97208e-07,-0.000180591,-0.00261001,-0.010087,-0.0225737,-0.0391771,-0.0597124,-0.0798416,-0.0920645,-0.0944397,-0.077695,-0.0507966,-0.0307129,-0.0256696,-0.0202508,-0.0165609,-0.0231807,-0.0299829,-0.0314521,-0.0301574,-0.0202166,-0.0137673,-0.00855441,-0.00434291,-0.00104912,-0.000147961,0.0,0.0,-5.65258e-06,-0.000327959,-0.00223338,-0.00747627,-0.0175161,-0.0358506,-0.056589,-0.0752318,-0.0857138,-0.0862749,-0.0713913,-0.0567956,-0.0475558,-0.0409477,-0.0277028,-0.0150705,-0.0144732,-0.0114467,-0.0121669,-0.0131474,-0.00885839,-0.00604374,-0.00478483,-0.00237837,-0.000653942,-0.000118954,0.0,0.0,0.0,-0.000195829,-0.00133432,-0.0045598,-0.0123452,-0.026207,-0.043582,-0.0577097,-0.0676012,-0.0662087,-0.0566561,-0.0521638,-0.0438388,-0.0355198,-0.0147258,0.00123731,0.00375463,0.00837445,0.00735404,0.0030591,0.00142126,0.000314595,-0.000954618,-0.00054732,-0.000341012,-3.00296e-05,0.0,0.0,0.0,-6.60643e-05,-0.000407207,-0.00219131,-0.00655113,-0.0150605,-0.0247932,-0.0328397,-0.0398358,-0.0415878,-0.038286,-0.0408264,-0.0333145,-0.0206443,0.00119121,0.0145683,0.020204,0.0218788,0.0190698,0.0129912,0.00599255,0.0024096,0.000459745,-8.22608e-05,1.22216e-05,-1.55465e-05,0.0,0.0,0.0,-1.07669e-05,-6.61541e-05,-0.00060874,-0.00229283,-0.00600944,-0.00953799,-0.01352,-0.0187523,-0.0219999,-0.0251791,-0.0278672,-0.0232962,-0.010882,0.00384246,0.0105356,0.00951011,0.00916487,0.00983891,0.00597102,0.00200851,0.000586446,0.00037844,-0.000168078,3.5647e-05,0.0,0.0,0.0,0.0,-1.05051e-05,-2.6638e-06,-0.000177059,-0.000963564,-0.00224087,-0.0051824,-0.00991875,-0.0144386,-0.019278,-0.0261998,-0.0289999,-0.0286479,-0.0223033,-0.0159622,-0.013288,-0.015348,-0.0127838,-0.00769076,-0.00448201,-0.00255527,-0.000720099,0.000131,-7.37239e-05,0.0,0.0,0.0,0.0,0.0,0.0,0.0,-0.000190127,-0.00040306,-0.00104463,-0.00228213,-0.00498545,-0.00778788,-0.010696,-0.013052,-0.0137731,-0.0151341,-0.0153942,-0.0138169,-0.0114286,-0.00938317,-0.00709591,-0.00454909,-0.00259298,-0.00145159,-0.00050562,5.60817e-05,3.20597e-06,0.0,0.0,0.0,0.0,0.0,0.0,0.0,0.0,0.0,-3.58829e-05,