{"max":0.0305526,"min":-0.0252501,"acc":0.7512,"arr":[0.0,0.0,0.0,0.0,0.0,0.0,0.0,0.0,0.0,0.0,0.0,0.0,0.0,0.0,0.0,0.0,0.0,0.0,0.0,0.0,0.0,0.0,0.0,0.0,0.0,0.0,0.0,0.0,0.0,0.0,0.0,0.0,0.0,0.0,0.0,0.0,0.0,-2.64376e-05,-8.35944e-05,-0.0001104,-0.000116001,-3.9885e-05,-2.4496e-05,-4.5119e-05,-3.70549e-05,0.0,0.0,0.0,0.0,0.0,0.0,0.0,0.0,0.0,0.0,0.0,0.0,0.0,0.0,0.0,0.0,0.0,0.0,-1.443e-05,-0.000145455,-0.000303695,-0.00032091,-0.000506701,-0.000792352,-0.000768741,-0.000996281,-0.00122191,-0.00124396,-0.000854396,-0.00066649,-0.000445708,-0.000430349,-0.000280565,-0.000119515,-1.41743e-05,0.0,0.0,0.0,0.0,0.0,0.0,0.0,0.0,0.0,-2.24307e-05,-7.35214e-05,-0.000190163,-0.000397747,-0.000794063,-0.00102633,-0.00141184,-0.00219068,-0.00316394,-0.00354267,-0.00377695,-0.0033734,-0.00254874,-0.00228893,-0.00181847,-0.000878458,4.09902e-05,-0.000280688,-6.54041e-05,0.0,0.0,0.0,0.0,0.0,0.0,0.0,-7.94984e-06,-6.37702e-05,-0.000145453,-0.000226078,-0.000363344,-0.000869076,-0.00102424,-0.00304092,-0.00394352,-0.00572933,-0.00922605,-0.0109669,-0.0105954,-0.00765667,-0.00522215,-0.0044399,-0.00227834,0.000992096,0.00145762,0.00100101,0.000710675,0.000123382,-4.74283e-05,-2.66344e-05,0.0,0.0,0.0,-1.26161e-05,-3.64656e-05,-2.23544e-05,6.27696e-05,-0.000144855,9.94667e-05,-0.000481081,-0.00151275,-0.0034653,-0.00642514,-0.0112605,-0.015257,-0.017291,-0.0167552,-0.0139819,-0.00803181,-0.0025144,-0.000640823,0.00195338,0.00250161,0.00253684,0.00228619,0.00183852,0.000704163,-5.28957e-05,0.0,0.0,0.0,-1.38258e-06,0.000337676,0.000529395,0.000438932,0.000447297,0.000343993,-0.000924561,-0.0021114,-0.00119632,-0.00591954,-0.013416,-0.0192559,-0.0224474,-0.0231195,-0.0187929,-0.00991222,-0.00319934,-0.000760982,0.00155079,0.00296963,0.00381906,0.00467804,0.00269739,0.00082198,3.4427e-05,-6.83947e-06,0.0,0.0,-4.29769e-05,0.000281676,0.000414452,7.21863e-05,9.69271e-06,0.000106122,-0.000553431,-0.000270698,-0.00137915,-0.00618836,-0.0152282,-0.0220529,-0.0252501,-0.0246436,-0.0189265,-0.0124682,-0.0045524,-0.000860758,0.00127635,0.00185881,0.00340855,0.00397163,0.00166241,0.000130823,0.000122584,-4.55364e-05,0.0,-4.12057e-05,-0.00015123,-0.000135926,-0.000362494,-0.000356109,0.00010462,-0.000521181,-0.000638707,0.000367861,5.80063e-06,-0.00618689,-0.0142442,-0.0184991,-0.0214745,-0.0210421,-0.015396,-0.00827985,-0.00325038,0.000852228,0.00207257,0.00087047,0.000647179,0.00164794,0.000523279,-0.000246628,-0.000234783,-2.5018e-05,0.0,-4.45832e-05,-0.00015784,-0.000403264,-0.00100068,-0.000455479,0.000536445,4.00801e-05,0.000209546,0.00196827,0.00188461,-0.0033435,-0.00906111,-0.0107528,-0.016039,-0.0166494,-0.00874735,-0.000337793,0.00400677,0.00523059,0.00244953,0.000283577,-0.000694267,-0.000517649,-0.000696083,-0.000315705,-0.000139063,0.0,0.0,-2.25168e-06,-8.26004e-05,-0.000236236,-0.00030867,0.00035885,0.00146268,0.00152761,0.00406053,0.0077978,0.00443242,0.00060854,-0.00115769,-0.00657441,-0.0134276,-0.0131626,-0.00201158,0.00899739,0.0112087,0.00700565,0.000223418,-0.000760273,-0.00200929,-0.00184857,-0.000940624,-0.000328107,-8.13853e-05,0.0,0.0,0.0,-5.47608e-06,0.000104892,0.000866554,0.000891235,0.00317874,0.00562756,0.0111346,0.0135278,0.00934005,0.00499435,-9.02858e-05,-0.0104285,-0.0151645,-0.0112259,0.00386582,0.015696,0.0142272,0.00561148,4.43567e-05,-0.00134075,-0.00288366,-0.00244598,-0.00119134,-0.000169031,-6.71558e-05,0.0,0.0,0.0,-3.59882e-06,0.000253931,0.000758721,0.00175206,0.00499586,0.0100179,0.0179709,0.0187202,0.0143673,0.00726081,-0.00489401,-0.013729,-0.0165426,-0.00782062,0.00816369,0.018922,0.0148137,0.00430052,0.000410346,-0.00236166,-0.00273161,-0.00232082,-0.000919918,-9.37222e-05,-4.59767e-05,0.0,0.0,0.0,-2.21612e-05,0.000471318,0.000458467,0.00275404,0.00694914,0.0161058,0.0233069,0.0239799,0.0193682,0.00847546,-0.00484319,-0.0116531,-0.0102458,0.00224988,0.0136067,0.0206152,0.0137633,0.00644385,0.00122352,-0.000782672,-0.0016353,-0.00187128,-0.000559864,0.000245195,-2.03837e-06,0.0,0.0,0.0,-2.42447e-05,0.000602834,0.00130392,0.00351951,0.0102936,0.020679,0.0284876,0.0295489,0.0252939,0.0167253,0.00864876,0.00262361,0.00438679,0.010712,0.0185956,0.0225831,0.0172118,0.0093362,0.00443586,0.00133276,-0.000536721,-0.00175081,-0.00117499,-4.55057e-05,8.98339e-05,0.0,0.0,0.0,-1.91306e-05,0.000639646,0.00130752,0.00251262,0.0103917,0.0206323,0.0287484,0.0305526,0.0279038,0.023959,0.0176952,0.0127881,0.014043,0.0189701,0.0229132,0.0248541,0.0181563,0.0107672,0.00412885,0.000182824,-0.000271037,-0.000494607,-0.0010918,3.70323e-05,0.000398212,-1.43263e-05,0.0,0.0,0.0,0.000293929,0.000389022,-0.000480019,0.00617487,0.0136069,0.018967,0.0207159,0.0206758,0.018363,0.0157472,0.0136513,0.0169593,0.0219375,0.0241409,0.0220938,0.0137995,0.00527422,-0.00119764,-0.00279634,-0.00176656,-0.00136621,-0.000827057,0.000215077,0.000331006,-2.94953e-05,0.0,-1.34796e-05,0.0,1.50754e-05,0.000201964,-0.000818938,0.00190483,0.00433518,0.00619753,0.0057618,0.0046663,0.00253621,0.00227319,0.00537735,0.0107913,0.0151372,0.0167292,0.0138539,0.00550181,-0.00231075,-0.00542311,-0.00533317,-0.0034031,-0.00173824,-0.00101505,-0.000138454,0.000108646,-1.5169e-06,0.0,-8.84597e-06,3.96823e-05,-0.000345802,-0.000596332,-0.00152703,-0.00168855,-0.00306033,-0.0050471,-0.00735532,-0.00902895,-0.00866857,-0.0056512,-0.000130754,0.00214475,0.00416472,0.0071613,0.00397196,-0.00139937,-0.00567488,-0.00734955,-0.00650511,-0.00418593,-0.00190077,-0.00114976,-0.000295221,-8.31146e-06,0.0,0.0,0.0,-6.63516e-05,-0.000532725,-0.00148604,-0.00385017,-0.00633067,-0.00874735,-0.0123714,-0.015117,-0.0162679,-0.0130839,-0.00747941,-0.00385372,-0.0041386,-0.00177221,-0.000798823,-0.00206673,-0.00444138,-0.00618811,-0.00839275,-0.00683479,-0.0040382,-0.00201611,-0.000937062,-0.000233551,-2.46085e-05,0.0,0.0,0.0,-7.39524e-05,-0.000542001,-0.00186539,-0.00443606,-0.00786215,-0.0113237,-0.0159866,-0.0181821,-0.01822,-0.0147811,-0.00985849,-0.0102027,-0.00991786,-0.0057378,-0.00346361,-0.00379351,-0.00357665,-0.00482472,-0.00617063,-0.00457984,-0.00229847,-0.00141465,-0.000746909,-0.000154254,0.0,0.0,0.0,0.0,-5.02275e-05,-0.000435322,-0.00148267,-0.00377449,-0.00761705,-0.0121568,-0.0160414,-0.0180232,-0.0183762,-0.0160866,-0.0159848,-0.0155277,-0.0133669,-0.00825439,-0.00611962,-0.00295036,-0.000103896,-0.00110953,-0.00228887,-0.00149978,-0.000651333,-0.000793084,-0.000571511,-4.61337e-05,0.0,0.0,0.0,0.0,-1.29099e-05,-0.000273797,-0.000873024,-0.00254543,-0.00558758,-0.00965383,-0.0131616,-0.0151613,-0.0150249,-0.0150477,-0.0172797,-0.0150188,-0.0124636,-0.00592241,-0.00277163,0.000708229,0.00419335,0.00211173,0.00114474,0.0011583,0.000453968,-0.000108237,-0.000294178,-4.44182e-05,0.0,0.0,0.0,0.0,0.0,-0.000119336,-0.000465691,-0.00139742,-0.00319951,-0.00495878,-0.00655565,-0.00846433,-0.00951331,-0.0110964,-0.0133444,-0.0111573,-0.00676494,-0.000692407,0.00226074,0.0044749,0.00600955,0.00397457,0.00263111,0.00226639,0.00138345,9.84011e-05,-0.00015799,-1.92297e-05,0.0,0.0,0.0,0.0,0.0,-3.28966e-06,-0.000138348,-0.000356057,-0.000909415,-0.00109632,-0.00104168,-0.00195072,-0.00243455,-0.00443416,-0.00572482,-0.00510122,-0.00107337,0.00220878,0.00148628,0.00304339,0.00336433,0.00249756,0.0015415,0.000899251,0.000820708,0.000556935,-4.23196e-05,-8.74076e-07,0.0,0.0,0.0,0.0,0.0,0.0,-8.33648e-06,-8.18822e-05,-0.000279202,-0.000243721,-0.000646219,-0.0012445,-0.00176461,-0.00341511,-0.00258178,-0.00256133,-0.0020377,-0.000489314,-0.000872886,-0.00119561,7.52659e-06,0.000234909,-0.000233265,-0.000227791,9.56999e-05,0.000238617,0.0,0.0,0.0,0.0,0.0,0.0,0.0,0.0,-5.8146e-06,-6.61801e-05,-0.000215822,-0.000434241,-0.000953812,-0.00109666,-0.00135654,-0.00176409,-0.00131189,-0.00177566,-0.00196736,-0.00167553,-0.00146446,-0.00117261,-0.000648905,-0.000168828,-7.03957e-05,-2.10645e-05,0.0,0.0,0.0,0.0,0.0,0.0,0.0,0.0,0.0,0.0,0.0,0.0,-9.02768e-06,-8.75462e-05,-0.000147881,-0.000140123,-0.000178598,-0.000224071,-0.000168494,-0.000214129,-0.000291401,-0.000304621,-0.000311965,-0.000125397,0.0,-1.6799e-05,-5.31269e-05,-1.34392e-05,