{"max":0.230867,"min":-0.281478,"acc":0.8935,"arr":[0.0,0.0,0.0,0.0,0.0,0.0,0.0,0.0,0.0,0.0,0.0,0.0,-5.98846e-05,-0.000175079,-4.89106e-05,-2.03794e-06,0.0,0.0,0.0,0.0,0.0,0.0,0.0,0.0,0.0,0.0,0.0,0.0,0.0,0.0,0.0,0.0,-1.92963e-06,-9.54902e-06,-0.000289166,-0.000665142,-0.000713009,-0.000908045,-0.00191656,-0.00250943,-0.00283982,-0.0020716,-0.00127997,-0.00148135,-0.00166767,-0.00109323,-0.00061672,-0.00052781,-0.000421623,-0.000301806,-0.00021014,-6.80069e-05,0.0,0.0,0.0,0.0,0.0,0.0,-5.98059e-07,-8.98915e-06,-4.97709e-05,-3.08683e-05,-0.000533956,-0.00207232,-0.00333953,-0.00564292,-0.0100939,-0.0135854,-0.0169896,-0.0170629,-0.0161511,-0.0151679,-0.0131588,-0.00985444,-0.00806274,-0.00504209,-0.00345326,-0.00267203,-0.00158179,-0.00072988,-0.000324121,-7.98845e-05,0.0,0.0,0.0,0.0,-2.79874e-06,-6.17249e-05,-7.92637e-05,-0.000229628,-0.00138706,-0.00398239,-0.00792392,-0.0138278,-0.0209022,-0.0289481,-0.0378255,-0.0419378,-0.0425321,-0.0404532,-0.0336713,-0.027004,-0.022026,-0.0154121,-0.00926755,-0.00490866,-0.00216878,-0.000254447,-0.000678079,-0.000145481,-2.21631e-05,0.0,0.0,-2.41308e-06,-1.12019e-05,-7.31486e-05,0.000284699,0.000198543,-0.0013691,-0.00453992,-0.0112995,-0.0212675,-0.035283,-0.0479306,-0.0606241,-0.0704634,-0.0759584,-0.0733018,-0.05867,-0.0429246,-0.0311314,-0.0161118,0.00137048,0.00876346,0.0117815,0.0108365,0.00495592,0.000771973,-1.46472e-05,-2.90557e-05,0.0,0.0,-2.68622e-05,-1.2981e-05,0.00103062,0.00295284,0.00406309,0.00192268,-0.00341414,-0.00759362,-0.0262443,-0.0483498,-0.0675954,-0.0842903,-0.0893936,-0.0820157,-0.0553956,-0.0221224,0.00864067,0.0226554,0.0349453,0.0431762,0.0503267,0.0454247,0.0199069,0.00309315,-0.000569625,-2.38866e-05,0.0,-1.92335e-07,-0.000122066,-0.000100089,0.00255557,0.00591867,0.00748878,0.00767198,0.000646594,-0.00155014,-0.022254,-0.0584502,-0.0911777,-0.134486,-0.176273,-0.181263,-0.143284,-0.0772703,-0.0221108,0.0185252,0.0387339,0.0573457,0.0734861,0.06215,0.0255041,0.00327267,-0.000145522,-0.000169751,0.0,-5.18841e-05,-0.000443121,-0.000541198,0.00119727,0.00482753,0.00166747,0.000624449,-0.00713343,-0.0151431,-0.0430747,-0.0857397,-0.135797,-0.194762,-0.261192,-0.281478,-0.224917,-0.127628,-0.0564387,-0.0118786,0.0130986,0.0448407,0.0601464,0.0434221,0.00984567,-0.00276999,-0.00129903,-0.000181417,-1.25049e-05,-0.000368872,-0.00136571,-0.00296442,-0.0026271,-0.0015527,-0.00767678,-0.00889809,-0.0185708,-0.0222613,-0.0494552,-0.0786605,-0.125454,-0.183366,-0.256649,-0.270814,-0.199056,-0.0937282,-0.031633,-0.0102889,0.00580629,0.0220224,0.0234175,0.00738343,-0.00954387,-0.01136,-0.00426812,-0.000149781,-4.37569e-05,-0.000566202,-0.0021545,-0.0059116,-0.00845651,-0.00892898,-0.0147283,-0.0150626,-0.0170863,-0.0141628,-0.0226482,-0.0326278,-0.0601415,-0.125863,-0.204117,-0.196206,-0.10013,-0.00742238,0.0190627,0.00682883,0.000228162,-0.0035544,-0.0109981,-0.0232301,-0.0279609,-0.0170846,-0.0043112,-0.000443022,-5.55164e-05,-0.00065669,-0.00251003,-0.00595475,-0.00902729,-0.0118593,-0.0160722,-0.0103188,0.000977593,0.0293755,0.0410393,0.0421482,0.0108384,-0.0847973,-0.161073,-0.119517,-0.00983059,0.0707548,0.0556207,0.0160647,-0.0136991,-0.0248469,-0.0304664,-0.03276,-0.022737,-0.0113833,-0.002706,-0.000202471,-3.23611e-05,-0.000790106,-0.00308895,-0.00488987,-0.00854895,-0.009284,-0.00493387,0.0100446,0.0438744,0.0885258,0.12334,0.110896,0.0365625,-0.0858558,-0.136215,-0.0641571,0.0696911,0.120363,0.0722545,0.00926045,-0.0286998,-0.0360717,-0.0380328,-0.0306099,-0.0159763,-0.00520855,-0.00101616,-9.6168e-05,-4.67473e-06,-0.000585375,-0.0022605,-0.0041822,-0.00682342,-0.00134314,0.0209516,0.056508,0.105646,0.158344,0.191944,0.145424,0.0326914,-0.0773799,-0.111927,-0.0251843,0.108217,0.140823,0.0734365,0.00583828,-0.0244293,-0.0294253,-0.0267819,-0.020455,-0.00859282,-0.00163956,-0.000699101,-0.000114362,-8.5566e-07,-0.000268171,-0.00120362,-0.00219107,0.00120702,0.01869,0.0625664,0.11589,0.168596,0.209969,0.225886,0.158075,0.0406351,-0.0488497,-0.0717164,0.013339,0.132935,0.159616,0.0907164,0.0339355,0.0104478,-0.00509924,-0.0102594,-0.011161,-0.00670823,-0.000751858,-0.00021404,-0.000219454,-2.35889e-06,-0.000114909,-0.000562586,0.00112178,0.012662,0.0450573,0.106534,0.169904,0.211228,0.227048,0.217264,0.156934,0.0799768,0.00727475,-0.00655191,0.0718703,0.177438,0.192794,0.133267,0.0903099,0.0555011,0.022257,0.00663631,0.000339884,-0.00427847,-0.00193925,-0.000495395,-2.36287e-05,-1.71228e-06,-3.79313e-05,-0.000100729,0.00316542,0.0151225,0.0561549,0.121727,0.181899,0.214298,0.204087,0.175004,0.146497,0.103309,0.0646007,0.0846257,0.158386,0.224896,0.211874,0.155535,0.106877,0.0588678,0.0227505,0.0082005,0.00179657,-0.0059735,-0.00365344,-7.76684e-05,-7.53596e-05,-5.37083e-06,-2.14985e-05,-0.000405258,-0.000250949,0.00561309,0.0404572,0.0966726,0.141534,0.162628,0.139258,0.112592,0.10423,0.0990747,0.100555,0.152819,0.224039,0.230867,0.181985,0.118838,0.0631758,0.0234411,-3.58361e-05,-0.012764,-0.0133025,-0.0111285,-0.00595228,-0.00130394,-0.000136985,0.0,-2.45938e-05,-0.000372235,-0.0050393,-0.00412282,0.0073846,0.0396844,0.0666679,0.0731466,0.0530574,0.0337474,0.0338036,0.0526444,0.0958046,0.160666,0.195085,0.163447,0.090891,0.0340376,-0.0151036,-0.0334502,-0.0371867,-0.0384418,-0.026884,-0.0161591,-0.00647028,-0.00103277,-0.000259002,-6.11668e-05,-1.08769e-05,-0.000212714,-0.00687793,-0.0161887,-0.0227035,-0.0251176,-0.0188618,-0.0275527,-0.0514927,-0.0750461,-0.0668006,-0.021371,0.0368973,0.0848636,0.0969857,0.0643065,-0.000214947,-0.047532,-0.0709841,-0.0710537,-0.0622416,-0.0509255,-0.0309371,-0.0141545,-0.00478379,-0.000300079,-1.40194e-05,-1.44998e-07,-5.09598e-05,-0.000394245,-0.00647493,-0.0217123,-0.0408973,-0.0667903,-0.0903761,-0.116373,-0.140836,-0.154337,-0.137675,-0.0911015,-0.0289141,0.0101435,0.0158942,-0.00682903,-0.0384761,-0.0699925,-0.0799912,-0.0758052,-0.0608761,-0.0470111,-0.0253251,-0.0110791,-0.00343485,-0.000425427,-1.94038e-06,0.0,-2.53705e-05,-0.000478164,-0.00663979,-0.0216022,-0.0455428,-0.0791996,-0.115951,-0.149656,-0.169612,-0.171704,-0.146082,-0.105263,-0.069332,-0.0451117,-0.0274437,-0.0254383,-0.0389333,-0.0563813,-0.0606098,-0.0551544,-0.0425238,-0.0305279,-0.0162377,-0.0071235,-0.00216743,-0.000298708,-1.36049e-06,-1.0128e-07,-8.44949e-06,-0.000485881,-0.00545383,-0.0156985,-0.0355991,-0.0700981,-0.104683,-0.131523,-0.146449,-0.145929,-0.12195,-0.0948024,-0.0802191,-0.0610292,-0.0340476,-0.0225762,-0.0214042,-0.0240695,-0.0220582,-0.0222918,-0.018777,-0.0143812,-0.0077861,-0.00382365,-0.00134928,-0.000224127,-1.4198e-07,-9.81153e-08,-1.51615e-07,-0.000309568,-0.00341963,-0.00920255,-0.023434,-0.0475967,-0.0747547,-0.0945685,-0.107321,-0.104495,-0.0905854,-0.0759235,-0.0640141,-0.0453355,-0.0124756,0.00392721,0.0117933,0.0157673,0.0189476,0.0092483,0.00342227,-0.00328412,-0.00346277,-0.00144421,-0.000602697,-2.12861e-05,-2.62117e-07,0.0,0.0,-0.00010006,-0.00101099,-0.00430005,-0.0123294,-0.0260243,-0.0420361,-0.0546783,-0.0644411,-0.0659387,-0.0570612,-0.0549115,-0.0492149,-0.0254967,0.00579119,0.0224592,0.0351909,0.0419237,0.0356541,0.0235968,0.0100812,0.00026988,-0.00182283,-0.000871133,-2.79535e-05,1.575e-05,0.0,0.0,0.0,-2.09577e-05,-0.000165365,-0.00157686,-0.00460309,-0.0113852,-0.0188764,-0.0259311,-0.0359525,-0.0407066,-0.0391391,-0.0442434,-0.0439913,-0.0226872,-0.00245607,0.00221683,0.00693511,0.0123351,0.0126067,0.00716172,0.00140856,-0.00101856,-0.00219391,-0.00125523,3.60452e-05,-8.57018e-06,0.0,0.0,0.0,-1.46379e-05,-3.60589e-05,-0.000494402,-0.00251853,-0.00677982,-0.0140571,-0.026017,-0.0368522,-0.0464146,-0.0587997,-0.0655302,-0.0646884,-0.056957,-0.051076,-0.0531171,-0.0502666,-0.0403803,-0.0292527,-0.0176625,-0.00972208,-0.00401447,-0.00209523,-0.00100627,-4.32258e-05,-8.98909e-06,0.0,0.0,0.0,0.0,0.0,-0.000206928,-0.000875873,-0.0029454,-0.00599317,-0.0121539,-0.0183897,-0.0234247,-0.0304506,-0.0343415,-0.0373085,-0.0386491,-0.0354897,-0.0345678,-0.0277743,-0.0205007,-0.0141639,-0.00780588,-0.00338564,-0.00122127,-0.000152097,