{"max":0.0315351,"min":-0.0276494,"acc":0.7992,"arr":[0.0,0.0,0.0,0.0,0.0,0.0,0.0,0.0,0.0,0.0,0.0,0.0,0.0,0.0,0.0,0.0,0.0,0.0,0.0,0.0,0.0,0.0,0.0,0.0,0.0,0.0,0.0,0.0,0.0,0.0,0.0,0.0,0.0,0.0,0.0,0.0,0.0,-2.21591e-05,-5.72338e-05,-7.10987e-05,-0.000103418,-5.24137e-05,-4.91192e-05,-6.37676e-05,-8.35854e-05,-1.3429e-05,-2.09758e-06,-2.92163e-05,-3.43104e-05,0.0,0.0,0.0,0.0,0.0,0.0,0.0,0.0,0.0,0.0,0.0,0.0,0.0,0.0,-1.34616e-05,-0.000100238,-0.000244022,-0.000344517,-0.000514926,-0.000823882,-0.00086001,-0.00106072,-0.00130148,-0.00128452,-0.000906574,-0.000773189,-0.000686975,-0.000580954,-0.000325336,-0.000117421,-1.3086e-05,0.0,0.0,0.0,0.0,0.0,0.0,0.0,-1.52601e-06,0.0,-2.30008e-05,-7.27787e-05,-0.000168045,-0.00036548,-0.00088211,-0.00141143,-0.00210078,-0.00274929,-0.00345222,-0.00343235,-0.00321702,-0.00331534,-0.00307835,-0.00238218,-0.00163423,-0.00129758,-0.000764443,-0.000370498,-6.56848e-05,0.0,0.0,0.0,0.0,0.0,0.0,0.0,-1.93622e-05,-8.36017e-05,-0.000168763,3.08622e-05,-0.000247488,-0.00126305,-0.00229969,-0.0018651,-0.00249938,-0.00313134,-0.00485822,-0.00512448,-0.00552462,-0.00457342,-0.00494472,-0.00399802,-0.00199501,0.000994588,0.00233184,0.00179243,0.0022002,0.00188977,0.000452376,0.00023151,0.0,0.0,0.0,-1.74884e-05,-5.05486e-05,-9.22575e-05,-0.000390928,-1.85473e-05,5.2548e-06,-0.00125862,-0.00155651,-0.000951188,-0.00151703,-0.000497031,-0.00247147,-0.00297227,-0.00443035,-0.00243896,0.00158999,0.00523665,0.00892901,0.0121322,0.013442,0.0124664,0.0106429,0.00666467,0.00193311,0.000412428,0.0,0.0,0.0,-1.91653e-06,-4.83755e-05,-0.000269122,-0.00058662,-0.000733099,-0.000914421,-0.00263796,-0.00198754,0.00100494,0.00319706,0.00329871,0.00117454,9.43764e-05,-0.000797531,0.00188713,0.00764353,0.0127594,0.0188999,0.0235065,0.0217675,0.022514,0.0205543,0.0155794,0.00719846,0.00145614,0.000152827,0.0,0.0,-8.03554e-05,-0.000269002,-0.000951108,-0.00165491,-0.00158236,-0.00137203,-0.00263759,-0.00156588,0.00353021,0.00440753,0.00274858,0.00268377,0.00193591,0.000235182,0.00211137,0.00485218,0.0096119,0.0142284,0.0181748,0.0197132,0.0207961,0.0221514,0.0183341,0.00892382,0.00258599,0.000727784,0.0,-2.69196e-05,-0.000222017,-0.000722933,-0.00180301,-0.0021984,-0.0031159,-0.00282181,-0.00384297,-0.000488799,0.00355219,0.00551827,0.00659894,0.00580551,0.00287623,-0.000160933,-0.00137228,-0.00264442,-0.00381444,-0.00183923,0.00261677,0.00888944,0.0127555,0.0154259,0.0140427,0.00696173,0.00202086,0.000238363,0.0,-2.91262e-05,-0.000166583,-0.00090897,-0.00198049,-0.00224028,-0.00352858,-0.00242968,-0.0016109,0.00283486,0.00707426,0.00827031,0.0102093,0.00794141,0.00223069,-0.00283987,-0.00796278,-0.0131246,-0.0160028,-0.0138218,-0.00868662,-0.00208111,0.00331365,0.00608374,0.00830779,0.00521706,0.00114439,0.0,0.0,-1.47102e-06,-8.16789e-05,-0.000682353,-0.001698,-0.00213696,-0.00339539,-0.00232821,0.00200414,0.00756324,0.0122942,0.0168637,0.0157399,0.00913897,0.00287738,-0.00525162,-0.0141587,-0.0208329,-0.0241276,-0.0215074,-0.0159829,-0.00910183,-0.00460275,-0.000245894,0.00335972,0.00266369,0.000742109,0.0,0.0,0.0,-8.10124e-05,-0.000410589,-0.00126668,-0.00141613,-0.0027708,-0.00169194,0.0048156,0.0114085,0.0208333,0.0272107,0.0243306,0.0131835,0.0023123,-0.00703552,-0.0163132,-0.0245199,-0.0276494,-0.0243158,-0.0192064,-0.0125845,-0.00776923,-0.00358486,-0.000166869,0.000701192,0.000438046,-2.17926e-05,0.0,0.0,-5.41803e-05,-0.000255928,-0.000921494,-0.00107336,-0.00281773,-0.00129469,0.00562036,0.0173672,0.0273083,0.0315351,0.0278898,0.0166669,0.0043581,-0.00471783,-0.0148282,-0.0231384,-0.0233062,-0.0202667,-0.0147056,-0.010014,-0.0065301,-0.00361281,-0.000661212,0.000725148,0.000318385,-2.52861e-05,0.0,0.0,-4.27213e-05,-0.00021308,-0.000652411,-0.00161191,-0.00230236,-0.00282737,0.00413796,0.0181146,0.0268561,0.0300783,0.0266851,0.0156656,0.00573529,-0.00455201,-0.010534,-0.013948,-0.014618,-0.0130712,-0.00950915,-0.00823444,-0.00628709,-0.00392041,-0.00147546,0.000244344,-2.22029e-05,-6.82059e-06,0.0,-1.92857e-05,-3.9482e-05,-0.000120563,-0.000766854,-0.00297812,-0.00442416,-0.00480568,-0.00230674,0.00923185,0.0169859,0.0202656,0.0180782,0.00842627,-5.47718e-05,-0.00753497,-0.00965514,-0.00947681,-0.00576286,-0.00454328,-0.00579577,-0.00709955,-0.00580092,-0.00389129,-0.00175385,-0.00020268,-3.44491e-05,0.0,0.0,-4.40259e-05,-4.56774e-05,-9.98664e-05,-0.00102631,-0.0038507,-0.00708682,-0.00902519,-0.0091081,-0.00264538,0.00177531,0.0027042,-0.00316241,-0.0100381,-0.0120735,-0.0131319,-0.0122425,-0.00851537,-0.00120562,0.000976965,-0.00229368,-0.00388855,-0.00387151,-0.00334662,-0.00127233,-0.000259984,-8.18971e-05,-1.80924e-05,0.0,-2.08441e-05,-4.36363e-05,-9.41832e-05,-0.00134132,-0.00335731,-0.00590544,-0.00973178,-0.0123124,-0.010557,-0.0090357,-0.0122851,-0.0154368,-0.0180003,-0.0178546,-0.0153221,-0.0110885,-0.00570763,0.00124999,0.00404019,-0.000596583,-0.00209988,-0.00266526,-0.00206692,-0.00116109,-0.000526638,-0.000179501,-3.72491e-05,0.0,-1.65547e-05,-4.61688e-05,-0.000285001,-0.00165678,-0.0027553,-0.0036245,-0.00713592,-0.0097129,-0.0123522,-0.0156537,-0.0177394,-0.0200141,-0.019657,-0.0175939,-0.0121586,-0.00806916,-0.00157422,0.00237581,0.00560595,0.00313352,-0.00115767,-0.00152105,-0.00132869,-0.000379094,-0.000465669,-7.04012e-05,-1.91567e-06,0.0,-6.13388e-06,-6.14752e-05,-0.000166576,-0.00128404,-0.000997328,0.00106241,-0.00121577,-0.00656684,-0.0126532,-0.0191953,-0.0204446,-0.0218805,-0.0214778,-0.0155725,-0.0104504,-0.00410732,0.00188641,0.00367545,0.00554661,0.00304207,0.000362433,-0.000520669,-0.00113075,-0.000241146,-0.000341352,-1.44783e-05,0.0,0.0,0.0,-8.76289e-05,-0.000168296,8.4292e-05,0.00327488,0.00738365,0.00659209,-0.000586926,-0.00693667,-0.0132951,-0.0161154,-0.0183535,-0.0193467,-0.0134921,-0.0067538,0.00238277,0.00436121,0.00464687,0.00461468,0.00301512,0.00118274,0.00020717,-0.000604514,-0.000323402,-0.000265022,-5.23217e-05,0.0,0.0,0.0,-8.75078e-05,-0.000181486,0.000424925,0.00518727,0.0105273,0.0139897,0.00942359,0.00557626,-0.00255824,-0.0063662,-0.00937474,-0.00991721,-0.00382421,0.00298484,0.00482406,0.00635302,0.00620865,0.00440874,0.00363979,0.00134372,0.000837205,-0.000385371,-0.000454983,-0.000203319,-1.65796e-05,0.0,0.0,0.0,-5.04571e-05,-5.23017e-05,0.000653867,0.00280968,0.00913373,0.0160135,0.0179451,0.019391,0.0149132,0.0083297,0.00410978,0.00268778,0.00435518,0.00704184,0.00872504,0.0107946,0.00695345,0.00569745,0.00453644,0.00256939,0.00042197,-0.000738025,-0.000581787,-5.0452e-05,-1.15136e-07,0.0,0.0,0.0,-1.11626e-05,0.000365032,0.000872299,0.00178929,0.00537001,0.0117739,0.0175053,0.0196994,0.0182624,0.0169406,0.0152007,0.0128059,0.0115632,0.01311,0.0123417,0.00908539,0.00675113,0.00481646,0.00305921,0.00103599,-0.000558514,-0.000501075,-0.000268848,-3.10578e-05,0.0,0.0,0.0,0.0,0.0,0.000318171,0.000511382,0.00163207,0.00329849,0.00535865,0.00902976,0.0129096,0.0153915,0.0161962,0.0158302,0.0143076,0.0112543,0.00772136,0.00550224,0.00389882,0.00161496,0.000907666,0.000740781,-0.000474556,-0.00045063,-0.000246194,-0.000105568,-1.19672e-05,0.0,0.0,0.0,0.0,0.0,-4.31517e-06,-0.000177465,0.000239436,0.000764545,0.000769687,0.00125598,0.00306648,0.00508861,0.00716966,0.00808131,0.00808755,0.00449631,0.00173337,0.000845024,-0.000571054,-0.000582964,-0.000672615,-0.000662199,-0.000167305,-5.43788e-05,-0.000240146,-7.6811e-05,-5.43963e-07,0.0,0.0,0.0,0.0,0.0,0.0,-9.16905e-06,-0.000114854,-1.70391e-06,-0.000459451,-0.000732345,-0.000548066,-0.00172942,-0.00320358,-0.00410972,-0.00347059,-0.0026872,-0.00274946,-0.00285244,-0.00238813,-0.00158477,-0.000988918,-0.000158949,0.000175616,0.000271089,-9.54704e-05,-1.77093e-05,0.0,0.0,0.0,0.0,0.0,0.0,0.0,-1.73665e-05,-9.71487e-05,-0.000254452,-0.000345045,-0.000624436,-0.00109422,-0.00199219,-0.00227175,-0.00227406,-0.00221813,-0.00211526,-0.0018829,-0.00171667,-0.00135637,-0.000740492,-0.00029415,-7.58376e-05,-3.87757e-05,-2.04149e-05,-4.06531e-06,0.0,0.0,0.0,0.0,0.0,0.0,0.0,0.0,0.0,0.0,-7.871e-06,-7.39364e-05,-0.000145628,-0.000144603,-0.000164112,-0.00020865,