{"max":0.170853,"min":-0.138324,"acc":0.8761,"arr":[0.0,0.0,0.0,0.0,0.0,0.0,0.0,0.0,0.0,0.0,0.0,0.0,-5.78328e-06,-1.32234e-05,-6.23146e-07,-2.59644e-08,0.0,0.0,0.0,0.0,0.0,0.0,0.0,0.0,0.0,0.0,0.0,0.0,0.0,0.0,0.0,0.0,0.0,-3.11573e-08,-2.50445e-05,-5.8389e-05,-8.98823e-05,-6.96646e-05,-0.000153573,-0.000143899,-0.000174814,-0.000204932,-0.000235308,-0.000171583,-0.000233659,-0.000180222,-9.92417e-05,-0.000134235,-0.000107026,-7.63092e-06,-1.17123e-06,-9.54804e-08,0.0,0.0,0.0,0.0,0.0,0.0,0.0,-5.78849e-06,-5.96802e-06,-2.61272e-06,-3.10692e-05,-0.000158456,-0.000354998,-0.000656044,-0.00111147,-0.00172697,-0.00243389,-0.00310759,-0.00420984,-0.00446208,-0.0038627,-0.00350944,-0.00349454,-0.00302981,-0.00239869,-0.00148609,-0.000588141,-0.000107011,-2.69617e-05,-1.17239e-05,0.0,0.0,0.0,0.0,-6.28922e-07,-2.2064e-05,8.04561e-05,-0.000117782,-0.000342262,-0.000913542,-0.00177901,-0.0031208,-0.00402842,-0.00677431,-0.00935296,-0.0124153,-0.0143141,-0.0137163,-0.0121322,-0.011617,-0.00883972,-0.00679548,-0.00432217,-0.00311795,-0.00106317,0.000519531,0.000466876,0.000388499,7.681e-05,0.0,0.0,-5.18711e-06,-9.91127e-06,-2.2896e-05,-0.000256444,-0.00115579,-0.00154818,-0.00374801,-0.00734384,-0.00956082,-0.0103757,-0.0158925,-0.0227419,-0.0332092,-0.035463,-0.0294339,-0.0166194,-0.00832932,-0.00427072,0.000691869,0.00945341,0.0184413,0.0176729,0.016769,0.0102977,0.0041056,0.000835494,0.0,0.0,0.0,-2.57042e-05,-2.80037e-05,-0.00128275,-0.00406426,-0.00544122,-0.00701101,-0.0106661,-0.00996856,-0.00413951,-0.00325188,-0.00760149,-0.0162747,-0.0224432,-0.0230988,-0.0135783,0.00181563,0.0158908,0.0318877,0.0541959,0.0685032,0.0704872,0.0605463,0.0373114,0.0140532,0.00305997,5.4327e-05,0.0,0.0,3.59112e-05,-0.000803678,-0.00395692,-0.00667736,-0.00856244,-0.0111108,-0.0107833,-0.0014298,0.0148084,0.0227536,0.0213112,0.0117618,0.00234858,-0.0042656,0.00156577,0.0218072,0.0445665,0.0704588,0.0920307,0.107106,0.114301,0.105561,0.0733489,0.0323423,0.00734227,0.000872265,0.0,-1.63171e-05,-0.000190923,-0.00210926,-0.00767697,-0.0114399,-0.0138391,-0.0134471,-0.00412585,0.0161253,0.0349547,0.0382441,0.0294839,0.0180964,0.00389462,-0.00799363,-0.000202447,0.013968,0.0364139,0.055726,0.0777523,0.101118,0.115506,0.123362,0.102682,0.0509596,0.0109621,0.000934173,0.0,-5.76341e-05,-0.000640461,-0.00364564,-0.0109223,-0.0139058,-0.0157445,-0.00994885,0.00675669,0.0256133,0.0351971,0.0434428,0.0347329,0.01815,9.42613e-05,-0.00863528,-0.00832311,-0.00948371,-0.0090417,0.00218372,0.0276357,0.060749,0.0870573,0.105382,0.0972909,0.05239,0.0107885,0.000406946,-2.04945e-05,-0.00015332,-0.000883904,-0.00415215,-0.0108685,-0.0140635,-0.0120916,-0.000975385,0.0238865,0.041771,0.0522802,0.0616624,0.0510374,0.0331109,0.00691556,-0.0149758,-0.0325425,-0.0534687,-0.0632885,-0.0509867,-0.0249673,0.013083,0.0472855,0.0690415,0.070155,0.0395689,0.00781028,4.22581e-05,-2.39822e-05,-0.000251199,-0.000990756,-0.00336373,-0.00692956,-0.00897707,-0.00444146,0.0121909,0.0421096,0.0623533,0.0808264,0.100766,0.0901691,0.0563338,0.0161987,-0.0185908,-0.057647,-0.0963929,-0.111479,-0.104963,-0.0790459,-0.0453602,-0.0117137,0.0148101,0.0297709,0.0221279,0.00567724,0.000120622,-2.12711e-05,-0.000296689,-0.000985668,-0.0025634,-0.00358002,-0.00280812,0.00494613,0.0226579,0.0513479,0.0853505,0.119459,0.142151,0.128418,0.0848399,0.0251055,-0.0270979,-0.0772151,-0.118187,-0.138324,-0.135477,-0.114565,-0.0820783,-0.0503994,-0.0210861,0.000553788,0.00716145,0.00205782,0.000171009,-3.09878e-06,-0.000135699,-0.000745017,-0.0013704,-0.00158659,0.000669055,0.0101539,0.0254547,0.0574361,0.103227,0.147666,0.170853,0.149533,0.0888198,0.0256847,-0.0276562,-0.0772967,-0.109375,-0.116301,-0.113621,-0.0977111,-0.0770389,-0.0540757,-0.0313777,-0.0114983,-8.30645e-05,0.000163439,-2.52861e-05,-1.5104e-06,-6.96954e-05,-0.000354931,-0.000635463,-0.000886002,-0.000120574,0.00685826,0.0200799,0.049172,0.10358,0.148408,0.162653,0.13426,0.0731404,0.0141171,-0.0366124,-0.0659441,-0.0726947,-0.0659839,-0.062778,-0.0612701,-0.0564025,-0.0422402,-0.0279857,-0.0112029,-0.00136132,-0.000229693,-2.15427e-05,0.0,-6.72469e-05,-0.000208571,-0.00052593,-0.00229315,-0.0080923,-0.00972931,-0.00176126,0.0202942,0.0678248,0.101702,0.106156,0.0821014,0.0356617,-0.0104771,-0.0463387,-0.0588343,-0.052009,-0.0284494,-0.024028,-0.0311231,-0.0357671,-0.0307725,-0.0223611,-0.00898877,-0.00152053,-0.000228746,-1.09364e-05,0.0,-4.40259e-05,-0.000159505,-0.000725318,-0.00524173,-0.0178022,-0.0309571,-0.0357146,-0.027464,-0.00380331,0.0160527,0.0205138,0.0013178,-0.0305366,-0.0503052,-0.0563799,-0.0515468,-0.0412956,-0.00708524,0.00127795,-0.0104945,-0.0182146,-0.015861,-0.0138001,-0.00632719,-0.00149594,-0.000363444,-5.52184e-05,0.0,-2.59876e-05,-0.00016638,-0.000820083,-0.00537645,-0.0191367,-0.0352933,-0.0524478,-0.0651064,-0.0652483,-0.0608191,-0.064212,-0.0653283,-0.0714988,-0.0689165,-0.0531186,-0.0349171,-0.0135044,0.00458409,0.0131158,0.00204489,-0.00396664,-0.00403454,-0.00465982,-0.00328287,-0.00212655,-0.000650582,-6.569e-05,0.0,-3.28234e-05,-0.000227775,-0.00147055,-0.00458634,-0.00870901,-0.0091656,-0.035782,-0.0658907,-0.0868004,-0.100426,-0.0989896,-0.0942928,-0.0879841,-0.07159,-0.0446143,-0.0136304,0.00779453,0.0167395,0.0218395,0.0160474,0.00916388,0.00239621,0.00139243,0.00122616,-0.00229677,-0.000483708,-3.13477e-05,-4.08299e-08,-1.73106e-05,-0.000447844,-0.00167968,-0.00172934,0.00679729,0.0227075,-0.000139153,-0.0371841,-0.072604,-0.0924155,-0.0934045,-0.0852781,-0.0744658,-0.0535263,-0.0298697,-0.00381289,0.0154418,0.0219163,0.0258131,0.0273168,0.0164035,0.00867735,0.00560056,0.00368869,-0.00193294,-0.000323793,-5.65e-05,-2.0415e-07,-1.12842e-05,-0.00066503,-0.00291063,-0.000112243,0.0200041,0.0494269,0.0464532,0.0183167,-0.0235142,-0.0484098,-0.0547801,-0.0509878,-0.0481247,-0.0322608,-0.0155662,0.00733644,0.0161868,0.0265676,0.0295895,0.0332128,0.0218058,0.0113524,0.00794383,0.00319086,-0.00146223,-0.000338563,-2.48117e-05,0.0,-3.08195e-05,-0.000825704,-0.00362253,-0.00268147,0.0173598,0.0557769,0.080132,0.0761019,0.0519977,0.02189,0.00433946,-0.00801503,-0.0136359,-0.0144046,-0.0039661,0.00932978,0.029569,0.0434229,0.0409884,0.0363769,0.0254491,0.015773,0.0077109,0.000729724,-0.000911696,-0.000222042,0.0,0.0,-1.70177e-05,-0.000888535,-0.00310171,-0.00388269,0.00292421,0.0373902,0.075146,0.0915464,0.0927862,0.0745369,0.0512103,0.0292129,0.0178178,0.0094974,0.0193579,0.0407896,0.0592654,0.0538028,0.0451069,0.038367,0.0258575,0.0136098,0.00323873,-0.000897002,-0.00024662,-8.04438e-05,-3.49038e-06,0.0,0.0,-0.000656201,-0.00249972,-0.0029719,-0.00278282,0.0127261,0.0355229,0.0645324,0.0870027,0.0885122,0.0745196,0.0609189,0.0518472,0.0485747,0.0563142,0.0668174,0.0634222,0.0523059,0.0389059,0.0245286,0.0130876,0.00412449,0.000257233,-0.000302641,0.00018799,0.000157771,-6.44378e-06,0.0,0.0,-0.000242899,-0.000896732,-0.00294694,-0.00224138,0.00263405,0.00881328,0.0241401,0.0454134,0.0607359,0.0648248,0.0633549,0.0646895,0.0634634,0.0558065,0.0493242,0.0356831,0.0236417,0.0136426,0.00599067,-0.000325604,-3.69723e-05,0.000541825,1.58385e-05,0.000310897,8.83163e-05,0.0,0.0,0.0,-4.91257e-05,-0.000281221,-0.00136929,-0.00216031,-0.00214356,0.00147554,0.0048981,0.0144964,0.0204679,0.0296935,0.0376455,0.0374346,0.029385,0.0173962,0.00856849,0.0026061,-0.00110011,-0.00473506,-0.00434341,-0.0016792,0.000304134,0.000141508,-5.34737e-05,-6.37475e-05,0.0,0.0,0.0,0.0,-2.99715e-06,-1.37114e-05,-0.000292188,-0.00111517,-0.00188215,-0.000927885,-0.00118139,-0.00191491,-0.00328073,-0.00122419,-0.000822716,-0.00362392,-0.00756784,-0.0101493,-0.0114028,-0.00942592,-0.00614843,-0.0038573,-0.00194065,0.00088754,0.00153378,0.000668205,0.000180111,0.0,0.0,0.0,0.0,0.0,0.0,0.0,-0.000151412,-0.000415583,-0.00105899,-0.00186701,-0.00317436,-0.00480756,-0.00619625,-0.00712968,-0.00770325,-0.00834327,-0.00915694,-0.00710515,-0.00606891,-0.00469725,-0.00341387,-0.00204355,-0.000482532,0.000234958,0.000102959,-3.11553e-05,-1.03652e-07,0.0,0.0,0.0,0.0,0.0,0.0,0.0,0.0,0.0,