{"max":0.00901776,"min":-0.00692175,"acc":0.5694,"arr":[0.0,0.0,0.0,0.0,0.0,0.0,0.0,0.0,0.0,0.0,0.0,0.0,0.0,0.0,0.0,0.0,0.0,0.0,0.0,0.0,0.0,0.0,0.0,0.0,0.0,0.0,0.0,0.0,0.0,0.0,0.0,0.0,0.0,0.0,0.0,0.0,0.0,0.0,0.0,0.0,0.0,0.0,0.0,-1.62062e-05,-3.10934e-05,0.0,0.0,0.0,0.0,0.0,0.0,0.0,0.0,0.0,0.0,0.0,0.0,0.0,0.0,0.0,0.0,0.0,0.0,0.0,0.0,-2.62654e-05,-8.4549e-05,-0.000135562,-0.000195349,-0.000122487,-0.000210641,-0.000340863,-0.000346027,-0.000165457,-0.000182004,-9.25837e-05,-0.000100551,-2.35971e-05,0.0,0.0,0.0,0.0,0.0,0.0,0.0,0.0,0.0,0.0,0.0,0.0,0.0,0.0,-4.28395e-05,-0.000209358,-0.000344199,-0.00047011,-0.000613032,-0.000795834,-0.00100283,-0.00116014,-0.00108298,-0.000925296,-0.000765484,-0.000487994,-0.000431203,-0.000205014,-0.00010913,-3.2866e-05,0.0,0.0,0.0,0.0,0.0,0.0,0.0,0.0,0.0,-3.2285e-05,-7.26792e-05,-0.000234743,-0.000442778,-0.000759197,-0.000807582,-0.00102529,-0.00141841,-0.00172355,-0.00194816,-0.00212084,-0.00215273,-0.00253125,-0.00223727,-0.000567223,0.000451402,0.00054093,0.000419449,2.99844e-05,0.000114892,0.000264583,0.00023151,0.0,0.0,0.0,0.0,0.0,0.0,-0.000113645,4.19993e-05,-4.25183e-05,-0.000425489,-0.000543339,-0.000521392,-0.000275518,-0.000200871,-0.000482378,-0.000806326,-0.00134397,-0.000948146,-2.58785e-05,0.000782542,0.00171346,0.00289112,0.00320717,0.00252888,0.00189314,0.00148373,0.000815538,0.000440797,0.0,0.0,0.0,0.0,0.0,0.0,7.15554e-05,0.000161959,0.000218573,-0.000169754,-0.000119162,0.000592621,0.000917863,0.00207759,0.000698212,0.000206731,0.000749682,0.00146959,0.0025817,0.00469353,0.00675325,0.00760852,0.00529336,0.00547478,0.00534893,0.00456741,0.00285479,0.000675211,6.5164e-05,0.0,0.0,-1.46972e-05,-4.02118e-05,-0.000123467,-0.000338519,-1.38907e-05,0.0008259,0.000732853,0.000536872,0.00187864,0.00235851,0.00271165,0.00337974,0.00343915,0.00287864,0.00336344,0.00388093,0.00552138,0.00640019,0.00692291,0.005923,0.00583042,0.00616079,0.00553379,0.00319166,0.000698062,0.000433855,0.0,0.0,-8.77987e-05,-0.000151073,-0.000353275,-0.000642197,-0.000641647,0.000686816,0.000206184,-0.000143881,0.00123311,0.00317439,0.00399037,0.00433479,0.00266624,0.00172121,0.00142911,0.000744781,-0.000534035,-0.000448911,0.00144898,0.00270537,0.0034627,0.00408193,0.00404934,0.00222812,0.000854892,0.000238363,0.0,0.0,-6.49913e-05,-0.000224746,-0.00054302,-0.000519476,-0.000451458,0.000527594,-0.000108447,0.000253592,0.001632,0.00398081,0.00445583,0.0038928,0.00100402,-0.000313979,-0.00273408,-0.00427671,-0.00459839,-0.00343769,-0.00189816,-0.000836804,0.000631292,0.00119985,0.00193267,0.00125473,0.000759967,0.0,0.0,0.0,-1.83833e-05,-0.000227449,-0.000628891,-0.00025103,-0.000235341,0.000447419,0.00045292,0.000572704,0.00301671,0.00590625,0.00542676,0.0025358,-0.000510698,-0.00161273,-0.00425315,-0.00572175,-0.00634837,-0.00579424,-0.00448676,-0.00288609,-0.00172114,-0.000207466,0.000615997,0.000497874,5.96438e-05,0.0,0.0,0.0,0.0,-0.000153076,-0.000421877,0.000187641,0.000162998,0.000100279,0.000736735,0.00240104,0.00513603,0.00840832,0.00614405,0.00229733,0.000392301,-0.00240019,-0.00544444,-0.00692175,-0.00678883,-0.0058919,-0.00509608,-0.0038593,-0.00237776,-0.000921807,-0.000320858,-1.05442e-06,0.0,0.0,0.0,0.0,-3.86539e-06,-9.86784e-05,-0.000214594,0.000355563,-3.21081e-05,-0.000613733,0.000476164,0.00433019,0.00842471,0.00901776,0.00696782,0.00359334,0.00057652,-0.00168131,-0.00475002,-0.00690973,-0.00689791,-0.00525216,-0.0037801,-0.00274708,-0.00195252,-0.00108206,-0.000380554,-3.13332e-06,0.0,0.0,0.0,0.0,-2.38026e-05,-8.12663e-05,-8.39937e-05,-0.000105244,-0.000312511,-0.000942424,0.00101062,0.00455021,0.0077404,0.00886641,0.00702966,0.00366662,0.00101361,-0.00193524,-0.00324206,-0.00381643,-0.00401956,-0.00363745,-0.00233711,-0.00199098,-0.00146771,-0.000997625,-0.00043979,-5.25074e-05,0.0,0.0,0.0,0.0,-2.60405e-05,-2.33362e-05,-0.000158652,-0.000841556,-0.00099774,-0.000485107,-0.000253951,0.00358892,0.00585937,0.00726762,0.0069892,0.00416418,0.00118474,-0.00181784,-0.00285071,-0.00236439,-0.00154593,-0.00198574,-0.00178305,-0.001814,-0.00126075,-0.00086936,-0.000507037,-5.95137e-05,0.0,0.0,0.0,0.0,-2.05476e-05,0.0,-0.000200779,-0.000643874,-0.00135371,-0.00144566,-0.0016523,0.000958035,0.00201877,0.00291497,0.00231322,-9.58021e-06,-0.00112865,-0.00189339,-0.00228744,-0.00105795,-0.000505864,-0.000302147,-0.0017283,-0.000795055,-0.000759892,-0.000683447,-0.000410505,-9.36002e-05,0.0,0.0,0.0,0.0,0.0,-7.60325e-06,-0.000218901,-0.000403366,-0.000982324,-0.00202074,-0.0028119,-0.00148837,-0.000989438,-0.0023897,-0.00311854,-0.00408239,-0.00298855,-0.00120291,-0.000549356,0.000425408,0.00111805,0.000858586,-0.000922059,-0.000429102,-0.000237139,-0.000102867,-0.000321676,-0.000218513,0.0,0.0,0.0,0.0,0.0,-5.35236e-05,-0.00031723,-0.000411936,-0.000285962,-0.00110598,-0.00123031,-0.0020509,-0.00326072,-0.00452201,-0.00505455,-0.00448392,-0.00387217,-0.0014305,-0.000465708,0.000700228,0.00156602,0.00250828,0.00117994,-0.000443024,0.000118986,2.33319e-05,-0.000181171,-0.000188137,0.0,0.0,0.0,0.0,-1.88235e-05,-0.000109553,-0.000361171,-3.89624e-05,-2.28996e-05,-0.000914186,-0.000692022,-0.00187649,-0.00480615,-0.00537505,-0.00527273,-0.0050301,-0.00361814,-0.00205003,-0.000728633,0.000593769,0.00210251,0.00309864,0.00170185,0.000414923,7.77108e-05,-3.57405e-05,-0.000103693,-0.000173812,0.0,0.0,0.0,0.0,-2.37255e-05,-0.000133709,2.87774e-05,0.000524588,0.00110297,-0.000405635,7.45177e-05,-0.000415878,-0.00301072,-0.00442798,-0.00494205,-0.00517611,-0.00358607,-0.000869525,0.00171233,0.00183123,0.000868354,0.00204523,0.00166731,0.00103023,0.000353214,2.4595e-05,-6.94511e-05,-9.29542e-05,0.0,0.0,0.0,0.0,-7.45098e-06,-0.000151008,-0.000127221,0.00063832,0.00187924,0.00241871,0.00220197,0.00234442,-0.000991961,-0.00295455,-0.00477624,-0.00480442,-0.00119346,0.00145345,0.00277449,0.00249799,0.00195826,0.00113815,0.00130665,0.00119587,0.000396491,-3.48377e-05,7.16222e-05,-3.1436e-05,0.0,0.0,0.0,0.0,0.0,-4.76423e-05,-0.000330892,-0.000312992,0.00160492,0.00370413,0.00532592,0.00577145,0.00404587,0.00176276,0.000149732,0.000625337,0.0019035,0.00313148,0.00318725,0.00369435,0.00224685,0.00157658,0.00227617,0.00143995,0.000542421,6.82091e-05,-0.000103919,-5.97126e-06,0.0,0.0,0.0,0.0,0.0,-3.53678e-07,-0.000233091,-0.000801346,0.000423325,0.00238869,0.00529596,0.00526313,0.00497851,0.00488101,0.00445662,0.00483952,0.00494446,0.00466708,0.00428271,0.00350711,0.00227353,0.00189936,0.00167078,0.00138738,0.000373386,1.11037e-05,-4.52485e-05,-8.34739e-06,0.0,0.0,0.0,0.0,0.0,0.0,-0.000116542,-0.000451782,-8.38271e-05,0.000364283,0.00129417,0.00283795,0.00313581,0.00392976,0.00490773,0.00508741,0.00410782,0.00290502,0.00271971,0.00217632,0.00128257,0.00100401,0.00124228,0.000290425,0.000254321,4.3462e-05,0.0,0.0,0.0,0.0,0.0,0.0,0.0,0.0,-4.18259e-05,-0.000108345,-0.000121563,0.000399395,0.000621406,0.00110286,0.00197505,0.00271827,0.00284056,0.00281065,0.0016863,0.00108905,0.000777364,4.32901e-05,0.000184055,5.05747e-05,3.87459e-05,0.000200255,0.000265127,-6.91777e-05,0.0,0.0,0.0,0.0,0.0,0.0,0.0,0.0,0.0,-3.8121e-05,-7.08974e-05,7.96662e-05,0.000528031,0.000850906,0.000672953,-0.000203722,-0.000782641,-0.00070068,-0.000265588,-0.000732077,-0.000833522,-0.000492005,-0.000310653,-0.000221305,0.000222247,0.000348319,0.00033594,-3.33852e-05,0.0,0.0,0.0,0.0,0.0,0.0,0.0,0.0,0.0,0.0,-1.89238e-07,-6.46786e-05,-0.000183703,-0.000145254,-0.000301214,-0.00031691,-0.000436329,-0.000588054,-0.000485948,-0.000452361,-0.000554478,-0.000502041,-0.000151999,-5.54902e-05,-1.70588e-05,0.0,0.0,0.0,0.0,0.0,0.0,0.0,0.0,0.0,0.0,0.0,0.0,0.0,-7.871e-06,-5.44566e-05,-8.55894e-05,-4.22822e-05,-3.74088e-06,0.0,-4.39712e-05,-2.66309e-05,-2.99218e-05,-6.83715e-05,-0.000137849,-0.000119332,0.0,0.0,0.0,0.0,0.0,0.0,0.0,0.0,0.0,0.0]}