{"max":0.26181,"min":-0.223415,"acc":0.8983,"arr":[0.0,0.0,0.0,0.0,0.0,0.0,0.0,0.0,0.0,0.0,0.0,0.0,-5.7865e-06,-1.32929e-05,-6.92695e-07,-2.88623e-08,0.0,0.0,0.0,0.0,0.0,0.0,0.0,0.0,0.0,0.0,0.0,0.0,0.0,0.0,0.0,0.0,-1.11807e-07,-3.59592e-07,-2.62112e-05,-6.18652e-05,-0.000100443,-8.02971e-05,-0.000175653,-0.000175077,-0.000256183,-0.000315152,-0.000363457,-0.000290673,-0.000325731,-0.000238487,-0.000162288,-0.000200305,-0.000146558,-2.91404e-05,-3.39424e-06,-8.61233e-07,0.0,0.0,0.0,0.0,0.0,0.0,-2.80379e-07,-6.36145e-06,-9.00915e-06,-3.40548e-06,-5.08834e-05,-0.000232327,-0.000458132,-0.000938593,-0.00153115,-0.00244558,-0.00421766,-0.00573298,-0.00707931,-0.00685638,-0.00521231,-0.00382341,-0.00346998,-0.0030962,-0.00355689,-0.00285936,-0.00147094,-0.000601405,-0.000308709,-4.26393e-05,0.0,0.0,0.0,0.0,-1.46858e-06,-2.65286e-05,0.000163139,-0.000536783,-0.000852855,-0.00223637,-0.00337331,-0.00630289,-0.00783563,-0.0123072,-0.0148857,-0.0195353,-0.0208524,-0.0187192,-0.0169776,-0.0113909,-0.00686396,-0.00668066,-0.0055467,-0.00394508,-0.00311846,-0.00400085,-0.00239114,0.00026591,7.16865e-05,0.0,0.0,-5.54888e-06,-2.31835e-05,-0.000128878,-0.00112934,-0.00430332,-0.00796487,-0.013357,-0.0244936,-0.0313056,-0.0326154,-0.0377274,-0.0525895,-0.0648466,-0.0537656,-0.0320598,-0.0112915,0.00123809,0.00637997,0.00512529,0.00825423,0.0268225,0.0306418,0.0298129,0.0175726,0.00554513,0.00093062,-2.4608e-05,0.0,0.0,-9.77677e-05,-0.000845843,-0.00531992,-0.013215,-0.021532,-0.0270575,-0.0334316,-0.0286922,-0.0175381,-0.0137972,-0.0280257,-0.0409201,-0.0423124,-0.0341882,-0.0112886,0.0176545,0.03781,0.0514862,0.0793168,0.09924,0.108993,0.100814,0.064808,0.0244404,0.00594261,0.000115237,0.0,-2.62685e-06,-0.000244888,-0.00304333,-0.0118666,-0.0216217,-0.0290306,-0.0299082,-0.0232195,-0.00271312,0.0238229,0.0353456,0.0243217,0.00811287,-0.00192893,-0.0204585,-0.0164443,0.0178824,0.0563632,0.0888822,0.114412,0.137026,0.164084,0.174001,0.136887,0.0629291,0.0158219,0.00190317,0.0,-0.000107524,-0.00115612,-0.00604375,-0.0216324,-0.0315169,-0.0338556,-0.0214846,0.00105513,0.0298686,0.0631143,0.0734865,0.0443984,0.00676261,-0.0136302,-0.0456687,-0.0372471,-0.00822314,0.0256837,0.0591162,0.0907066,0.128954,0.171541,0.213615,0.195667,0.105754,0.0231949,0.00208179,-9.75465e-07,-0.000175167,-0.00184905,-0.00990248,-0.0299335,-0.0362273,-0.0321903,-0.011478,0.0254613,0.0515188,0.0708382,0.0771725,0.0431556,-0.00328322,-0.0330778,-0.0564256,-0.0553676,-0.0396936,-0.0195008,0.0139551,0.0605689,0.111762,0.163553,0.223836,0.224251,0.129032,0.027445,0.00119739,-2.36172e-05,-0.000291182,-0.00177521,-0.0108515,-0.0263437,-0.0302052,-0.0175787,0.0145575,0.0588224,0.0801763,0.095695,0.113256,0.0774441,0.0313821,-0.0153236,-0.0502176,-0.074643,-0.0766042,-0.0653639,-0.0372403,0.00615974,0.0636942,0.115718,0.169792,0.190821,0.114707,0.0225179,0.00157613,-3.15205e-05,-0.000369093,-0.00174069,-0.00860823,-0.0155154,-0.0132741,0.00370647,0.0409767,0.0863515,0.116961,0.134472,0.159861,0.142124,0.0894947,0.0287649,-0.0275412,-0.0853834,-0.136,-0.151827,-0.137751,-0.101865,-0.0593875,-0.0147747,0.0462124,0.0923066,0.0711017,0.016367,0.000672838,-2.89886e-05,-0.000572778,-0.00190285,-0.0060265,-0.00714143,-0.000203553,0.0237184,0.0571817,0.0943859,0.128731,0.168091,0.212707,0.208957,0.15456,0.057222,-0.034543,-0.114841,-0.181083,-0.214661,-0.223415,-0.203967,-0.160934,-0.117642,-0.0533464,0.00478101,0.0262109,0.00721347,0.000362975,-4.09738e-06,-0.000458738,-0.00152286,-0.00288881,-0.00125943,0.0076585,0.0297232,0.0603893,0.100296,0.134964,0.208993,0.26181,0.244614,0.16276,0.0474806,-0.051623,-0.131525,-0.172065,-0.185666,-0.195052,-0.185705,-0.167256,-0.140786,-0.0937458,-0.0399617,0.000246237,0.00197976,-6.21388e-05,-1.68801e-06,-0.000133437,-0.000750029,-0.00125386,0.000380162,0.00672821,0.0174371,0.0474248,0.0857846,0.149597,0.227239,0.248244,0.215332,0.121453,0.0152156,-0.0781716,-0.123589,-0.122023,-0.102997,-0.100837,-0.106807,-0.113565,-0.105852,-0.0821394,-0.0378993,-0.0041182,-0.000279402,-0.000209728,0.000112279,-8.06994e-05,-0.000393739,-0.00095399,-0.00339067,-0.0118177,-0.0158203,-0.0018308,0.0421958,0.120026,0.172765,0.17282,0.138983,0.0521975,-0.0334936,-0.0955777,-0.116323,-0.100129,-0.0559854,-0.0436796,-0.0499105,-0.0643556,-0.0674593,-0.0581956,-0.0279752,-0.00442453,-0.000606993,-2.58357e-05,3.52696e-05,-7.38484e-05,-0.000354724,-0.00117606,-0.00887096,-0.0333145,-0.0525002,-0.0610902,-0.0363557,0.0114891,0.042838,0.0493883,0.0196738,-0.0457344,-0.101167,-0.124117,-0.111413,-0.0830438,-0.0240618,-0.010408,-0.0221349,-0.0354024,-0.0369795,-0.0331137,-0.016565,-0.0037334,-0.000833863,-0.000141356,-8.53967e-06,-4.60965e-05,-0.0004539,-0.000982472,-0.0103347,-0.0379026,-0.057968,-0.0953671,-0.117924,-0.11153,-0.0982066,-0.0903222,-0.0880859,-0.103985,-0.114295,-0.107076,-0.0807241,-0.0432984,-0.00618961,0.00913811,0.00513549,-0.0129368,-0.0142699,-0.00927576,-0.00536169,-0.00431176,-0.00136171,-0.000239738,0.0,-4.69316e-05,-0.000721123,-0.00222746,-0.00816831,-0.0100051,-0.000330384,-0.0594031,-0.120157,-0.153039,-0.17432,-0.163811,-0.151718,-0.130352,-0.103462,-0.0774984,-0.0353296,-0.00586583,0.0184201,0.026097,0.0239659,0.0101586,-0.00256784,0.00716971,0.00537115,-0.0041716,-0.000876202,-6.38344e-05,-1.75328e-05,-2.89568e-05,-0.00115924,-0.00418674,-0.00354637,0.015199,0.0684178,0.0254438,-0.0486883,-0.110965,-0.14565,-0.142561,-0.115464,-0.0835896,-0.0488381,-0.0331275,-0.00845155,0.0188104,0.0225569,0.0307466,0.0325154,0.0186315,0.0144143,0.0168263,0.0123728,-0.00279242,-0.000520125,-0.000125373,-2.2888e-07,-5.68161e-05,-0.00181705,-0.00766132,-0.00521831,0.0328621,0.106494,0.102995,0.0640598,-0.0021255,-0.0401961,-0.0386787,-0.0282673,-0.0205718,-0.0156512,-0.0125697,-0.00308879,0.0144088,0.0309297,0.0340154,0.0357284,0.0256299,0.0247438,0.0239225,0.0110308,-0.00122206,-0.000643251,-5.56762e-05,0.0,-8.32653e-05,-0.001759,-0.00876682,-0.0134223,0.0190701,0.0922501,0.12858,0.145041,0.119267,0.0785445,0.0536398,0.02317,0.000749428,-0.021373,-0.0202116,-0.000896893,0.0340454,0.0523422,0.0505245,0.0405502,0.0350745,0.0389007,0.0239466,0.00541729,0.000353365,-0.000190495,1.78597e-05,-1.92215e-07,-6.00428e-05,-0.00170627,-0.00686418,-0.0123699,-0.0101366,0.0382199,0.0990572,0.136112,0.142744,0.116497,0.0812087,0.0396474,0.00937931,-0.00417242,0.0118142,0.0432966,0.0692528,0.0619047,0.0527638,0.0524506,0.048169,0.0338107,0.0156791,0.00194995,0.00143876,4.33257e-05,-3.49038e-06,-1.86208e-07,-2.68333e-06,-0.00125187,-0.00492934,-0.0082317,-0.017917,-0.00897648,0.0282072,0.0729433,0.105186,0.105141,0.0909059,0.0759544,0.0692376,0.0609726,0.0705793,0.0876854,0.0773679,0.0655434,0.0540874,0.0425458,0.0280168,0.0143755,0.00772909,0.00240746,0.00177148,0.000349006,-6.44378e-06,0.0,0.0,-0.000450988,-0.00174013,-0.00370209,-0.00846916,-0.0111155,-0.000687976,0.0263841,0.0574772,0.0862316,0.0963078,0.100235,0.0971103,0.0925786,0.0782761,0.0637462,0.0371501,0.0222048,0.0206678,0.0153296,0.00393322,0.00134183,0.00359692,0.00195732,0.00120729,0.000192775,0.0,0.0,0.0,-0.000126055,-0.000162629,-0.00263644,-0.00619478,-0.00768689,0.0013826,0.00895294,0.0300581,0.041888,0.0606127,0.0756285,0.0781835,0.0573745,0.0276275,0.0057991,-0.00180797,-0.00152194,-0.0036953,-0.00412382,-0.0024583,0.000920747,0.00210274,0.00128866,-0.000177234,-5.49571e-06,0.0,0.0,0.0,-5.33991e-06,0.000393535,-7.57284e-05,-0.00259617,-0.00485852,-0.00390765,-0.0034832,0.00169149,0.00624024,0.0150871,0.015536,0.0102663,-0.00267448,-0.00990978,-0.0119702,-0.0116863,-0.010842,-0.00801121,-0.00471873,8.25689e-05,0.00189206,0.00221073,0.00129977,-2.91137e-06,-1.83222e-06,0.0,0.0,0.0,0.0,0.0,-0.000262766,-0.000817072,-0.00206837,-0.00403837,-0.0061276,-0.00702995,-0.00681671,-0.00593935,-0.00646197,-0.00989851,-0.0120287,-0.00930992,-0.00905268,-0.00817017,-0.00648069,-0.00352809,-0.00121396,-0.000252387,-2.61001e-05,-4.33912e-05,-2.10055e-06,-7.7297e-07,0.0,0.0,0.0,0.0,0.0,0.0,-7.74701e-07,-8.79571e-06,-5.51648e-05,-0.000186045,