{"max":0.119867,"min":-0.106221,"acc":0.854,"arr":[0.0,0.0,0.0,0.0,0.0,0.0,0.0,0.0,0.0,0.0,0.0,0.0,0.0,0.0,0.0,0.0,0.0,0.0,0.0,0.0,0.0,0.0,0.0,0.0,0.0,0.0,0.0,0.0,0.0,0.0,0.0,0.0,0.0,0.0,-2.4433e-05,-5.75765e-05,-8.88691e-05,-6.80214e-05,-0.000148767,-0.000131204,-0.000149062,-0.000164815,-0.000196593,-0.000131429,-0.000189091,-0.000150205,-8.8037e-05,-0.000111872,-6.91223e-05,-4.52799e-07,0.0,0.0,0.0,0.0,0.0,0.0,0.0,0.0,0.0,-5.78849e-06,-5.20173e-06,-1.62287e-06,-2.90425e-05,-0.000150232,-0.000331861,-0.00058891,-0.000877893,-0.00123661,-0.00185392,-0.00239508,-0.00324941,-0.00342808,-0.00310283,-0.00279729,-0.00318755,-0.00277722,-0.00186621,-0.00106594,-0.000415958,-5.35605e-05,0.0,0.0,0.0,0.0,0.0,0.0,-6.28922e-07,-2.2064e-05,8.13944e-05,-0.000105333,-0.000311402,-0.000673558,-0.00132518,-0.00231395,-0.00317883,-0.00563248,-0.00812233,-0.0103168,-0.0115711,-0.011944,-0.0121074,-0.011001,-0.00878653,-0.00574359,-0.00241811,-0.0008925,0.000346053,0.00123721,0.000944729,0.000571818,7.681e-05,0.0,0.0,-5.18711e-06,-9.91127e-06,-2.28004e-05,-0.000202411,-0.000594585,-0.000750328,-0.00238835,-0.00502453,-0.00674416,-0.00670977,-0.01059,-0.0154196,-0.0236009,-0.0269008,-0.0256385,-0.0177463,-0.0130564,-0.0091043,-0.00303615,0.00603415,0.0132712,0.0123169,0.0110217,0.00746389,0.00307845,0.000685564,0.0,0.0,0.0,-2.57042e-05,-1.92957e-06,-0.00082606,-0.00219512,-0.00291342,-0.00454288,-0.00751019,-0.00733623,-0.00587058,-0.00694998,-0.0104025,-0.0169741,-0.0194681,-0.0198143,-0.0113506,0.000881097,0.0108373,0.0248556,0.0412391,0.0532112,0.053585,0.0434377,0.0260339,0.008485,0.00205306,0.0,0.0,0.0,-2.3657e-05,-0.000599342,-0.00246549,-0.00398191,-0.00540709,-0.00868873,-0.00942889,-0.0038593,0.00525598,0.0114994,0.0151036,0.00808539,0.00167895,-0.00161525,0.00441195,0.0225349,0.0384342,0.055967,0.0726849,0.0820414,0.0845399,0.0723841,0.0493122,0.020281,0.00470907,0.000672914,0.0,-1.54936e-05,-0.000178698,-0.0013542,-0.00441965,-0.00698028,-0.00896989,-0.0107588,-0.00666786,0.00519818,0.0163314,0.0242213,0.0212031,0.0165619,0.00935246,0.000897687,0.00535201,0.0138476,0.0296536,0.0443622,0.0594579,0.0743848,0.0824459,0.084139,0.0678898,0.0343601,0.00769192,0.000898815,0.0,-4.89919e-05,-0.000467465,-0.00239393,-0.00676718,-0.00886862,-0.0109481,-0.0102923,-0.00552259,0.0103612,0.0228043,0.0302804,0.0252953,0.0190664,0.00801149,-0.000450234,-0.00414598,-0.00580772,-0.0050966,-0.000977943,0.017207,0.0421061,0.0615975,0.0732571,0.0662582,0.0352552,0.0075465,0.000420486,-2.04945e-05,-0.000139216,-0.000692808,-0.00288473,-0.00721169,-0.00985759,-0.0106199,-0.00534013,0.00534951,0.0250472,0.0377666,0.042161,0.0396872,0.0287484,0.00933582,-0.00963859,-0.0245532,-0.0417451,-0.0516546,-0.0423734,-0.0221866,0.00565551,0.0309264,0.043513,0.0440737,0.0241119,0.00522323,6.68539e-05,-2.39822e-05,-0.000216701,-0.000797182,-0.00253296,-0.00599399,-0.00884894,-0.0077944,0.00235792,0.0213033,0.0446001,0.0599429,0.0727167,0.0632946,0.0397779,0.0123817,-0.0136948,-0.0442543,-0.0740001,-0.0861043,-0.0800005,-0.0588412,-0.0320072,-0.0100343,0.00775745,0.01729,0.0126498,0.00268995,0.000134576,-2.12711e-05,-0.000166968,-0.000602022,-0.00184989,-0.00444041,-0.00526808,-0.00172572,0.00987048,0.0324651,0.0613093,0.0874076,0.100486,0.0888486,0.0570959,0.0125055,-0.0251837,-0.0618123,-0.0927841,-0.106221,-0.100698,-0.080125,-0.0547223,-0.033849,-0.0148642,-0.000972097,0.00273508,0.000985005,0.000175932,0.0,-7.22128e-05,-0.000436628,-0.00110801,-0.00292548,-0.0031853,-0.0001374,0.0135423,0.0382376,0.0728529,0.106619,0.119867,0.103724,0.0598573,0.0113581,-0.0274654,-0.0628828,-0.0863785,-0.0897797,-0.0817429,-0.0659533,-0.049321,-0.0337804,-0.0188903,-0.00647558,0.000140188,0.000224843,-2.52861e-05,-1.5104e-06,-6.48649e-05,-0.000289366,-0.000617028,-0.00264147,-0.0037317,-0.00115935,0.0100676,0.0311826,0.0706387,0.105666,0.118131,0.101388,0.0569859,0.0105747,-0.0282073,-0.0527135,-0.0606934,-0.0566156,-0.0484609,-0.0413376,-0.0370177,-0.0278629,-0.0166748,-0.00627762,-0.000430437,-0.000123735,-2.15427e-05,0.0,-6.12851e-05,-0.000194812,-0.000505286,-0.00304019,-0.00837664,-0.0107989,-0.00441922,0.00780666,0.0401904,0.0666228,0.0762936,0.0596041,0.0251173,-0.00753652,-0.0329174,-0.0430356,-0.0422119,-0.0277398,-0.0226556,-0.0263568,-0.0262428,-0.0224472,-0.0149251,-0.00547743,-0.000850848,-0.000166841,-1.09364e-05,0.0,-4.40259e-05,-0.000144411,-0.000517379,-0.00380709,-0.0128995,-0.02261,-0.0267478,-0.0237009,-0.00751421,0.00641023,0.0111545,-0.00386409,-0.0274515,-0.0400674,-0.0405198,-0.0337518,-0.0283268,-0.00899321,-0.00373228,-0.0117376,-0.0166557,-0.0139458,-0.0112424,-0.0040674,-0.00103408,-0.000206725,-5.52184e-05,0.0,-2.59876e-05,-0.000120161,-0.000398116,-0.00378264,-0.0133961,-0.0253053,-0.0369221,-0.0459649,-0.0466856,-0.0442522,-0.0457522,-0.0480769,-0.0544196,-0.055779,-0.0446091,-0.023344,-0.00522537,0.00318237,0.00567397,-0.00317991,-0.00867696,-0.00628487,-0.00587065,-0.00254935,-0.00159687,-0.000398002,-6.569e-05,0.0,-1.99301e-05,-0.000134551,-0.000926343,-0.00238381,-0.00675084,-0.0100184,-0.0260779,-0.0418614,-0.0569421,-0.0701519,-0.0701895,-0.0693162,-0.0676894,-0.0600793,-0.0391496,-0.0100094,0.0106872,0.0131245,0.0102406,0.00682271,-0.000117398,-0.00253456,-0.00236836,0.000735697,-0.00167131,-0.000298127,-1.78666e-05,0.0,-7.91528e-06,-0.000306866,-0.00100797,-0.00107735,0.00402537,0.00990607,-0.00108815,-0.0250844,-0.0482348,-0.0663559,-0.0689349,-0.0662198,-0.0624368,-0.0484507,-0.0277502,-0.00348463,0.0145344,0.0163546,0.0141212,0.0128926,0.00583918,0.00135562,0.000155883,0.00168951,-0.00133086,-0.000173249,-2.65639e-05,0.0,0.0,-0.00053469,-0.00150162,-0.000310003,0.0136737,0.0324671,0.0314294,0.0106591,-0.0193384,-0.0380359,-0.0454121,-0.0476243,-0.0471758,-0.0313995,-0.0134139,0.00621188,0.0138558,0.0178849,0.0173246,0.018854,0.0100603,0.0037871,0.00161102,0.000820936,-0.00115281,-0.000265251,-2.48117e-05,0.0,-3.57526e-07,-0.000629829,-0.00252065,-0.00209784,0.0104975,0.0383208,0.056874,0.0515469,0.0315061,0.0109119,-0.0027093,-0.0155941,-0.0202432,-0.015237,-0.00172091,0.00723567,0.020074,0.0296265,0.0258136,0.022703,0.0128631,0.00686063,0.00158739,-0.000760216,-0.000993713,-0.000178069,0.0,0.0,-5.08787e-06,-0.000631469,-0.00241662,-0.00320231,-0.000197966,0.0256736,0.055461,0.066533,0.0660222,0.0532167,0.0337873,0.0185623,0.0116234,0.0089959,0.0149667,0.0284305,0.0423818,0.0385437,0.0298976,0.0248073,0.0136288,0.00538627,-0.000977938,-0.00184508,-0.000523282,-8.56719e-05,0.0,0.0,0.0,-0.000435361,-0.0015041,-0.00219487,-0.00212243,0.00973817,0.0276523,0.048921,0.0645955,0.0659162,0.0559061,0.0453843,0.0379216,0.0362457,0.0400581,0.0472333,0.0456355,0.0376166,0.0276369,0.0153881,0.00626329,-0.000582806,-0.00222192,-0.0011768,-0.000233314,-2.02297e-05,0.0,0.0,0.0,-0.000152418,-0.000345436,-0.00125635,-0.000345048,0.00484759,0.0107347,0.019922,0.0344892,0.0447794,0.0448502,0.0436335,0.0466164,0.0458404,0.0401244,0.0359567,0.0282423,0.0191098,0.0092163,0.00247543,-0.00180528,-0.00219979,-0.00115255,-0.000585142,-0.000154511,-2.24911e-05,0.0,0.0,0.0,-1.20929e-05,-0.000157632,-0.000844891,-0.00100158,-0.000308162,0.00357991,0.00588124,0.0111737,0.0146131,0.0194032,0.0228201,0.0224062,0.0178399,0.0111636,0.00619268,0.00147464,-0.00101351,-0.00360459,-0.00340723,-0.00199175,-0.000932473,-0.000848765,-0.000258599,-5.94733e-05,0.0,0.0,0.0,0.0,-1.4118e-06,-2.92862e-07,-0.00015107,-0.00058697,-0.000887583,0.000214061,-9.18812e-05,-0.00164344,-0.00352059,-0.00232628,-0.00340879,-0.00494396,-0.00710304,-0.0090455,-0.00978155,-0.00689143,-0.00365433,-0.00251119,-0.00123092,-0.000250828,0.000240976,-0.000129763,-2.24079e-05,0.0,0.0,0.0,0.0,0.0,0.0,0.0,-2.36477e-05,-0.000192044,-0.000675263,-0.00130338,-0.00251486,-0.0039523,-0.00506377,-0.00588105,-0.00618946,-0.00662483,-0.00710192,-0.00610119,-0.00447069,-0.00339374,-0.00213381,-0.00132846,-0.000741183,-0.00032848,-0.000110063,-2.18526e-05,0.0,0.0,0.0,0.0,0.0,0.0,0.0,0.0,0.0,0.0,-3.53005e-05,-0.000132358,-0.000221603,