{"max":0.0818759,"min":-0.0669652,"acc":0.8341,"arr":[0.0,0.0,0.0,0.0,0.0,0.0,0.0,0.0,0.0,0.0,0.0,0.0,0.0,0.0,0.0,0.0,0.0,0.0,0.0,0.0,0.0,0.0,0.0,0.0,0.0,0.0,0.0,0.0,0.0,0.0,0.0,0.0,0.0,0.0,-2.4433e-05,-5.75765e-05,-8.88691e-05,-5.33672e-05,-8.35584e-05,-8.53947e-05,-0.000139938,-0.000156947,-0.000174056,-0.000117335,-0.000160516,-0.000121423,-6.89639e-05,-8.77806e-05,-5.50259e-05,-4.52799e-07,0.0,0.0,0.0,0.0,0.0,0.0,0.0,0.0,0.0,-5.78849e-06,-4.09134e-06,0.0,-2.65078e-05,-9.0446e-05,-0.000284,-0.000434094,-0.000594581,-0.000875851,-0.00133622,-0.0017056,-0.00233005,-0.00225622,-0.00194606,-0.00185273,-0.00205873,-0.00171381,-0.00130293,-0.000714699,-0.000240183,-3.36583e-05,0.0,0.0,0.0,0.0,0.0,0.0,-6.28922e-07,-2.95548e-05,-2.64966e-05,-3.27295e-05,-0.000170566,-0.000429357,-0.000977024,-0.0018012,-0.00260112,-0.00405137,-0.00539971,-0.00684289,-0.00760706,-0.00743329,-0.00726356,-0.00706323,-0.00686933,-0.00496578,-0.00262733,-0.00127835,-0.000338243,0.000485518,0.000627818,0.000571818,7.681e-05,0.0,0.0,-5.18711e-06,-2.40134e-06,-3.59094e-05,-0.000156097,-0.00034819,-0.00029671,-0.00127806,-0.00278189,-0.00463933,-0.00443123,-0.00612962,-0.00959735,-0.0150161,-0.0167035,-0.0166545,-0.0126695,-0.0110308,-0.00849661,-0.00357622,0.00276587,0.00636883,0.00490907,0.00500955,0.00402972,0.00129139,0.00022518,0.0,0.0,0.0,-2.2429e-05,-8.58354e-05,-0.000486495,-0.00130811,-0.0016402,-0.00291322,-0.00550902,-0.00641244,-0.00317482,-0.00453831,-0.00689835,-0.0124918,-0.013476,-0.0130824,-0.0104612,-0.00254141,0.00598864,0.0159114,0.0268293,0.0335028,0.0299149,0.0252283,0.0159311,0.00479677,0.00111067,0.0,0.0,0.0,-1.91653e-06,-0.000416896,-0.00150271,-0.00256916,-0.00329984,-0.00558024,-0.00910087,-0.00651993,0.000940346,0.00600005,0.00838756,0.00215925,-0.000744951,-0.00268117,0.00207515,0.0153906,0.0266733,0.0401702,0.0505079,0.0539613,0.053453,0.0462271,0.0327875,0.0132695,0.00282145,0.000672914,0.0,-1.54208e-05,-0.000131095,-0.000964475,-0.00286518,-0.00467793,-0.00517072,-0.00687391,-0.0073354,0.00137144,0.00961326,0.0147336,0.0104935,0.00802169,0.00652359,0.00309158,0.00857897,0.0155431,0.0251238,0.0341305,0.0448908,0.0533406,0.0562129,0.0558271,0.0441791,0.0222778,0.00509393,0.000898815,0.0,-4.71626e-05,-0.000351102,-0.00171785,-0.00437444,-0.00526366,-0.00638852,-0.00448286,-0.00233656,0.00862073,0.0160655,0.0191445,0.016727,0.0160916,0.0120992,0.00846783,0.00699221,0.00410102,0.00145297,0.00382882,0.0149554,0.0315479,0.0421677,0.0464514,0.0397862,0.0195557,0.00424137,0.000238363,-2.04945e-05,-9.03726e-05,-0.000440342,-0.00195209,-0.00449329,-0.0053413,-0.00537171,-0.000742452,0.00612315,0.0179205,0.02313,0.0269428,0.0270149,0.0247601,0.0146082,0.000476582,-0.00955854,-0.0227325,-0.0314058,-0.0247834,-0.0103989,0.0067756,0.0198426,0.0258943,0.0254485,0.0126879,0.00199783,0.0,-2.3836e-05,-0.000111091,-0.000383295,-0.00147246,-0.00372633,-0.00508945,-0.00441565,0.00290665,0.0166956,0.0280693,0.0350506,0.0434018,0.0397037,0.0274445,0.0108881,-0.00827244,-0.0272809,-0.0451241,-0.0532892,-0.0471091,-0.0334992,-0.0179557,-0.00540087,0.00504065,0.0106671,0.00670425,0.00163575,0.000158321,-2.56181e-06,-6.54077e-05,-0.000237453,-0.000873329,-0.0026025,-0.00309287,-0.00104646,0.00704495,0.0230596,0.0387553,0.0533755,0.0647723,0.055776,0.0348486,0.00694487,-0.0170565,-0.0401024,-0.0592955,-0.0669652,-0.0603313,-0.0453547,-0.0306688,-0.0187536,-0.00771333,-0.000109823,0.00204206,0.000798468,0.000176634,0.0,-1.19756e-05,-0.000171286,-0.00054411,-0.00169535,-0.00172398,0.000186976,0.00918158,0.0248321,0.0484256,0.0717807,0.0806746,0.0692575,0.0414323,0.0107833,-0.0160682,-0.0416363,-0.0591708,-0.059407,-0.0511789,-0.038242,-0.0273855,-0.0185293,-0.0104875,-0.00357831,0.000488109,0.000278074,-2.52861e-05,0.0,-1.99642e-06,-0.000117169,-0.000456296,-0.00174131,-0.00192696,-0.000253554,0.00546307,0.0198555,0.0495887,0.073776,0.0818759,0.0710247,0.0437476,0.0142527,-0.0119415,-0.0308314,-0.0397443,-0.038512,-0.0305364,-0.0243652,-0.0224094,-0.0161021,-0.00999474,-0.00431744,-5.35868e-05,-7.56717e-05,-6.82059e-06,0.0,-2.22138e-05,-8.70999e-05,-0.000320842,-0.00204738,-0.0052176,-0.00664349,-0.0036172,0.00474975,0.0319849,0.0509445,0.0564468,0.0474328,0.0232376,0.00254493,-0.0133261,-0.0206458,-0.0241913,-0.0170911,-0.0134971,-0.0168172,-0.0182648,-0.0147549,-0.00941757,-0.0037996,-0.000715006,-0.000116184,0.0,0.0,-4.40259e-05,-9.49091e-05,-0.000289116,-0.00281737,-0.00800511,-0.0138711,-0.0168241,-0.0133176,-0.00071304,0.010193,0.0127499,0.00254108,-0.0145657,-0.0242931,-0.0247295,-0.0162613,-0.014801,-0.00371505,-0.000604775,-0.00810667,-0.0127767,-0.0114104,-0.00768326,-0.00260289,-0.000667077,-0.000129753,-2.32149e-05,0.0,-2.59876e-05,-8.83013e-05,-0.000421196,-0.00301726,-0.00817261,-0.015051,-0.0242061,-0.0282908,-0.0260982,-0.0252232,-0.028634,-0.0319458,-0.0353229,-0.0361004,-0.0283614,-0.0122661,0.0021499,0.0074441,0.00773741,-0.00259388,-0.00848858,-0.00743261,-0.00521871,-0.00171524,-0.00103344,-0.00033267,-4.28621e-05,0.0,-1.99301e-05,-9.76692e-05,-0.000685781,-0.00213538,-0.00525982,-0.0079249,-0.0189177,-0.0278204,-0.0362258,-0.0445364,-0.0472835,-0.0462592,-0.0435908,-0.0390229,-0.0246759,-0.00579171,0.0121188,0.0146867,0.0111186,0.00452116,-0.00293589,-0.00437108,-0.00282324,-8.15796e-05,-0.000990752,-0.000154222,-1.91567e-06,0.0,-6.13388e-06,-0.000259995,-0.000719428,-0.00146986,0.000469318,0.00472594,-0.00279766,-0.0189067,-0.0335098,-0.0450958,-0.046055,-0.0445131,-0.0434213,-0.0351123,-0.0202605,-0.00259565,0.012731,0.0162332,0.0125898,0.00819752,0.00210128,-0.000987475,-0.00152187,0.000320879,-0.000884198,-7.29042e-05,0.0,0.0,0.0,-0.000458757,-0.000897754,-0.000332838,0.00931751,0.0205697,0.0208072,0.00473811,-0.0157969,-0.0274971,-0.030989,-0.0355888,-0.0367205,-0.0261281,-0.0120793,0.00494242,0.0148579,0.0162402,0.0120578,0.010023,0.00469456,0.0013777,-0.000741819,-8.24393e-05,-0.000780691,-0.0001675,0.0,0.0,0.0,-0.000462394,-0.0014749,-0.00118627,0.00891167,0.0271886,0.0402335,0.0323812,0.0159017,0.00115332,-0.00548398,-0.0129306,-0.0142918,-0.00740639,0.00473465,0.0122496,0.0202983,0.0189091,0.0134781,0.0110802,0.00687097,0.00280049,-0.000305015,-0.00050311,-0.000611923,-0.000129044,0.0,0.0,0.0,-0.000301956,-0.0011246,-0.00161722,0.00246139,0.0218644,0.0413385,0.0473881,0.0435682,0.0335867,0.0237965,0.0160603,0.0115101,0.0111542,0.0163075,0.0242539,0.0275683,0.0220137,0.015428,0.0134663,0.00752152,0.00184878,-0.000773494,-0.00121096,-0.000398124,-7.38023e-05,0.0,0.0,0.0,-0.000136617,-0.000228595,-1.9494e-05,0.000318677,0.00878833,0.0230004,0.0382688,0.0456176,0.0457854,0.0402904,0.0341179,0.0285528,0.0266641,0.0288183,0.0320667,0.0284829,0.0217332,0.0154854,0.00934949,0.00327041,-0.000451529,-0.00100422,-0.000768552,-0.000208619,-1.41386e-05,0.0,0.0,0.0,-4.52034e-05,0.000145083,0.000121264,0.000930852,0.00507475,0.0106239,0.0195965,0.0270215,0.0329083,0.0343579,0.03208,0.0334153,0.031365,0.026436,0.0231304,0.0161695,0.0107647,0.0052134,0.00150343,-0.000997786,-0.00109718,-0.000618527,-0.00034037,-6.98131e-05,-1.43492e-05,0.0,0.0,0.0,-2.49165e-06,-2.81833e-05,-0.000361802,8.57476e-05,0.00101016,0.00313571,0.00647907,0.0106797,0.0133991,0.0161569,0.0169522,0.0164371,0.012934,0.00866336,0.00498769,0.00168474,0.000121924,-0.00175835,-0.00205853,-0.00100505,-0.000400689,-0.000375151,-0.000173147,-3.78498e-05,0.0,0.0,0.0,0.0,0.0,0.0,-6.51865e-05,-0.000125045,0.00016452,0.00113201,0.000731074,0.000130578,-0.000604746,-0.00117418,-0.00315736,-0.00432023,-0.00517305,-0.00623177,-0.00653582,-0.00451852,-0.00238007,-0.00126664,-0.000416599,8.80883e-05,0.000426342,-8.35678e-05,-2.24079e-05,0.0,0.0,0.0,0.0,0.0,0.0,0.0,-1.73665e-05,-0.000138683,-0.000468311,-0.000869505,-0.00171361,-0.00266349,-0.00369332,-0.00419345,-0.00428364,-0.00490439,-0.0047562,-0.00400364,-0.00331136,-0.00232458,-0.00132622,-0.000442238,-0.000315887,-0.000186042,-4.44633e-05,-4.06531e-06,0.0,0.0,0.0,0.0,0.0,0.0,0.0,0.0,0.0,0.0,-3.53005e-05,-0.00013133,-0.00021189,-0.000206276,