{"max":0.00129039,"min":-0.00194137,"acc":0.1251,"arr":[0.0,0.0,0.0,0.0,0.0,0.0,0.0,0.0,0.0,0.0,0.0,0.0,0.0,0.0,0.0,0.0,0.0,0.0,0.0,0.0,0.0,0.0,0.0,0.0,0.0,0.0,0.0,0.0,0.0,0.0,0.0,0.0,0.0,0.0,0.0,0.0,0.0,0.0,0.0,0.0,0.0,0.0,0.0,0.0,0.0,0.0,0.0,0.0,0.0,0.0,0.0,0.0,0.0,0.0,0.0,0.0,0.0,0.0,0.0,0.0,0.0,0.0,0.0,0.0,0.0,0.0,0.0,-1.2549e-05,-4.13726e-05,0.0,0.0,-1.76471e-05,-9.11765e-05,-0.000115686,-0.000115294,-2.43137e-05,0.0,0.0,0.0,0.0,0.0,0.0,0.0,0.0,0.0,0.0,0.0,0.0,0.0,0.0,0.0,0.0,0.0,0.0,-2.2549e-05,-6.76471e-05,-0.000102353,-8.92157e-05,-0.000163333,-0.000211176,-0.000180392,-0.000202549,-0.00012549,-6.72549e-05,-9.96079e-05,-5.45098e-05,-2.19608e-05,0.0,0.0,0.0,0.0,0.0,0.0,0.0,0.0,0.0,0.0,0.0,-2.70588e-05,-9.68628e-05,-0.000141569,-0.000241961,-0.000313333,-0.000421765,-0.000480196,-0.000540392,-0.000678824,-0.00080902,-0.000941765,-0.000912941,-0.000567059,-0.000195686,8.62745e-05,0.000383137,0.000349608,-3.33333e-06,0.0,0.0,0.0,0.0,0.0,0.0,0.0,0.0,0.0,-1.82353e-05,-0.000117647,-0.000266275,-0.000452549,-0.000509412,-0.000654902,-0.000822941,-0.00105706,-0.00112471,-0.00122745,-0.00107039,-0.00074,-0.000528824,-0.000174706,1.88235e-05,0.000543922,0.000913529,0.000488627,8.23528e-06,-4.27451e-05,3.72549e-06,0.0,0.0,0.0,0.0,0.0,0.0,0.0,-6.66667e-05,-0.00021451,-0.000475098,-0.000612549,-0.000742745,-0.000495686,-0.000668628,-0.000944902,-0.00139647,-0.00134294,-0.000923333,-0.000714314,-0.000537647,0.000113725,0.000639216,0.00109471,0.000286667,0.000146078,0.000213137,0.00025,0.000362549,-1.56863e-06,0.0,0.0,0.0,0.0,0.0,-4.2549e-05,-0.000153922,-0.000299608,-0.000182549,-0.000444118,-0.000792353,-0.000475686,-0.000459608,-0.000125882,-0.000325882,-0.000166079,-0.000168235,-0.000296471,-0.000107059,0.000494706,0.000593137,0.000285686,-0.00026902,7.07843e-05,0.000287059,0.000341176,0.000198627,-4.27451e-05,0.0,0.0,0.0,0.0,0.0,-6.88235e-05,-0.00021098,-0.000282745,-9.47059e-05,-0.000429608,-0.000748431,-0.000340392,0.000712353,0.00108471,0.0010151,0.00102784,0.000833921,4.29411e-05,-0.000587059,-0.00104941,-0.0010549,-0.000843137,-0.000496667,-4.82353e-05,0.000189412,0.000268235,1.43137e-05,-2.41177e-05,0.0,0.0,0.0,0.0,-2.23529e-05,-8.27451e-05,3.07843e-05,0.000221569,-4.66667e-05,-0.000580392,-0.000438432,0.000451961,0.00129039,0.000881961,0.000683725,0.000661765,-0.000387059,-0.0009,-0.0012051,-0.00112412,-0.00107902,-0.000928235,-0.00057451,-1.82353e-05,0.000169804,0.000262353,0.000316078,0.000328235,0.0,0.0,0.0,0.0,-4.66667e-05,-6.45098e-05,0.000203333,0.000148235,-0.000182157,-0.000434118,-0.000371765,-0.000133922,0.00101961,0.000563921,4.86273e-05,-0.000802157,-0.00121824,-0.00168255,-0.0015802,-0.00146549,-0.00130431,-0.00107078,-0.000636079,-0.0002,0.000185686,0.000261176,0.000127059,3.70588e-05,0.0,0.0,0.0,0.0,-4.35294e-05,-2.62745e-05,0.000239216,6.98039e-05,-0.000155294,-0.000365294,-0.000544314,-0.000204118,0.00119059,0.000313137,-0.000232157,-0.000455882,-0.00126216,-0.00134176,-0.00137451,-0.00157118,-0.00137647,-0.00127235,-0.000912353,-0.000442941,-0.000151765,-3.58824e-05,0.0,0.0,0.0,0.0,0.0,0.0,-1.98039e-05,1.96072e-07,0.000248431,-7.05888e-06,-0.000207255,-0.00031549,-4.3139e-06,0.000999215,0.00128784,0.00071,0.000162157,-0.000254902,-0.000988236,-0.00161157,-0.00194137,-0.00153725,-0.00119961,-0.000825882,-0.000692745,-0.000437451,-0.000203922,-5.86275e-05,0.0,0.0,0.0,0.0,0.0,0.0,0.0,6.92157e-05,0.000302941,5.68627e-05,-0.00031451,-0.000344706,0.000388431,0.000953529,0.000881372,-6.62746e-05,-0.000195098,-0.000480588,-0.00123294,-0.00179196,-0.00153961,-0.00128216,-0.000882941,-0.000488824,-0.000631373,-0.000464118,-0.000267451,-4.98039e-05,0.0,0.0,0.0,0.0,0.0,0.0,0.0,-9.01961e-06,-8e-05,-0.000144118,-5.31373e-05,-0.00020902,0.00043549,0.000546667,0.000177647,0.000240196,-5.68629e-05,-0.000579216,-0.000836667,-0.00144216,-0.00121608,-0.000726667,-0.000832157,-0.000553333,-0.000582157,-0.000450784,-0.000280588,-9.66667e-05,0.0,0.0,0.0,0.0,0.0,0.0,0.0,-1.66667e-05,-0.000209412,-0.000475098,-0.000321569,-0.000129804,-8.43138e-05,1.74509e-05,-0.000159608,-0.00020902,-0.00081451,-0.000912157,-0.000755883,-0.000999412,-0.00140686,-0.00087353,-0.000449804,-0.000481177,-7.35294e-05,-0.000243333,-0.000260196,-0.000117255,0.0,0.0,0.0,0.0,0.0,0.0,-3.52941e-06,-1.68627e-05,-0.000196863,-0.000449216,-0.000637647,-0.000556863,-0.000413333,-0.00055451,-0.000814314,-0.00128745,-0.00140412,-0.000872745,-0.000257255,-8.03921e-05,-0.000947451,-0.00119667,-0.000561961,-0.000375882,-0.000144706,-0.000198431,-0.000170784,-5.37255e-05,0.0,0.0,0.0,0.0,0.0,0.0,-3.23529e-05,-7.64706e-05,-0.000197647,-0.000459216,-0.000698235,-0.000892353,-0.000912745,-0.000674118,-0.00109196,-0.00180196,-0.00171882,-0.00126529,-0.000290981,-0.000105883,-0.000451373,-0.00125471,-0.000581765,-0.00024902,-0.000277843,-1.52941e-05,-4.64706e-05,-6.41177e-05,-2.66667e-05,0.0,0.0,0.0,0.0,-1.88235e-05,-8.92157e-05,-0.000143333,-0.000206275,-0.00020549,-0.000659608,-0.00106588,-0.00108569,-0.00131275,-0.00116882,-0.00143235,-0.00130902,-0.00110627,-0.000598824,-0.000622941,-0.000218824,-0.000732745,-0.000549804,-0.00018451,-0.000277843,4.09804e-05,-0.000111765,-0.000122353,-4.13726e-05,0.0,0.0,0.0,0.0,-2.37255e-05,-0.000107843,-0.000169804,-0.000253333,-2.35292e-06,-0.000530784,-0.0010198,-0.00071353,-0.00100706,-0.00111922,-0.00127647,-0.00121392,-0.00104549,-0.00120608,-0.000878824,-0.000182549,-0.000420784,-0.000476667,-5.2353e-05,-8.92157e-05,0.000130392,-7.60785e-05,-8.98039e-05,-2.54902e-06,0.0,0.0,0.0,0.0,-7.45098e-06,-6.33333e-05,-0.000178039,-0.000293922,-0.000123529,-0.000253333,-0.00108471,-0.000656863,-0.000675883,-0.000848039,-0.0010551,-0.00116784,-0.00102922,-0.00168471,-0.000600392,-7.13727e-05,-4.84314e-05,-0.000263333,-0.000161765,0.000116078,2.23529e-05,-0.000150784,-4.68628e-05,0.0,0.0,0.0,0.0,0.0,0.0,-7.84314e-06,-0.000117255,-0.000344314,-0.000120196,0.00013098,-0.000293137,-3.13727e-05,-0.000284706,-0.000700981,-0.000592745,-0.000368235,-0.000686471,-0.000655294,-0.000165686,0.000229804,0.000352549,-6.88236e-05,6.41176e-05,0.000272157,1.94117e-05,-0.000137059,-5.66667e-05,0.0,0.0,0.0,0.0,0.0,0.0,0.0,-6.7451e-05,-0.000280588,-0.000155686,0.000279216,0.000292941,-0.00025,-0.000840589,-0.000387647,9.50979e-05,0.000413137,0.000342745,2.82352e-05,-6.11764e-05,0.00058902,0.000315882,5.90196e-05,0.000197843,6.58824e-05,-5.29412e-05,-3.5098e-05,0.0,0.0,0.0,0.0,0.0,0.0,0.0,0.0,-2.43137e-05,-0.000136275,-0.000150392,0.000138627,-0.000169608,-0.000147255,-8.05884e-05,5.84313e-05,0.00016098,0.000300784,-1.2549e-05,0.000122745,0.000284118,0.000408431,-7.13726e-05,-1.72549e-05,7.84319e-07,-0.000141961,-5.11765e-05,-1.11765e-05,0.0,0.0,0.0,0.0,0.0,0.0,0.0,0.0,0.0,-2.82353e-05,1.37254e-06,0.000273922,0.00025451,0.000363137,0.000187647,0.00012902,-8.86275e-05,0.000353922,0.000522353,0.000357255,8.98039e-05,-0.000307059,-0.000247647,-0.00016,-0.000132941,-0.000100196,-2.33333e-05,0.0,0.0,0.0,0.0,0.0,0.0,0.0,0.0,0.0,0.0,0.0,0.0,0.0,5.29412e-06,0.000222549,0.00026,-5.15686e-05,-7.4902e-05,-0.000128039,-0.000113726,-0.000211961,-0.000338824,-0.000340588,-0.000240196,-8.01961e-05,-5.5098e-05,-4.68628e-05,-6.27451e-06,0.0,0.0,0.0,0.0,0.0,0.0,0.0,0.0,0.0,0.0,0.0,0.0,0.0,0.0,0.0,0.0,0.0,0.0,-5.15686e-05,-6.01961e-05,-8.90196e-05,-0.000189412,-0.000231176,-0.00011098,-5.54902e-05,-1.70588e-05,0.0,0.0,0.0,0.0,0.0,0.0,0.0,0.0,0.0,0.0,0.0,0.0,0.0,0.0,0.0,0.0,0.0,0.0,0.0,0.0,0.0,0.0,-1.11765e-05,-4.94118e-05,-4.62745e-05,0.0,0.0,0.0,0.0,0.0,0.0,0.0,0.0,0.0,0.0]}