{"max":0.054716,"min":-0.0437892,"acc":0.8238,"arr":[0.0,0.0,0.0,0.0,0.0,0.0,0.0,0.0,0.0,0.0,0.0,0.0,0.0,0.0,0.0,0.0,0.0,0.0,0.0,0.0,0.0,0.0,0.0,0.0,0.0,0.0,0.0,0.0,0.0,0.0,0.0,0.0,0.0,0.0,-2.43488e-05,-5.63128e-05,-8.28222e-05,-4.45543e-05,-5.72338e-05,-7.10987e-05,-0.000119806,-0.000107649,-0.000108132,-7.25929e-05,-0.000107039,-6.43486e-05,-5.40975e-05,-8.77806e-05,-5.50259e-05,-4.52799e-07,0.0,0.0,0.0,0.0,0.0,0.0,0.0,0.0,0.0,-2.31129e-06,-2.89231e-06,0.0,-2.24862e-05,-7.06188e-05,-0.000213196,-0.000336599,-0.00046542,-0.000703976,-0.00109861,-0.00127601,-0.00156302,-0.00153933,-0.00162565,-0.00132517,-0.00141978,-0.00117048,-0.000909054,-0.00042464,-0.000130257,-1.3086e-05,0.0,0.0,0.0,0.0,0.0,0.0,0.0,-1.94829e-05,-2.31393e-05,-2.50665e-05,-0.000119734,-0.000274182,-0.000639723,-0.0013399,-0.00196876,-0.00301497,-0.00396531,-0.00513295,-0.00558386,-0.00567744,-0.00590487,-0.00542171,-0.00428468,-0.00269575,-0.00130038,-0.000286269,0.000281767,0.000681817,0.000696325,0.000571818,7.681e-05,0.0,0.0,0.0,0.0,-1.93622e-05,-0.000133848,-0.000246586,6.00201e-05,-0.000575361,-0.00179973,-0.00303238,-0.00275524,-0.00478638,-0.00712154,-0.010477,-0.0112696,-0.0113529,-0.00876713,-0.00781109,-0.0060559,-0.00235438,0.00228491,0.00481722,0.00405663,0.00407812,0.00375345,0.00134157,0.000256024,0.0,0.0,0.0,-1.74884e-05,-5.05486e-05,-0.000209066,-0.000604643,-0.000506772,-0.00052135,-0.00223344,-0.00312213,-0.00268003,-0.00452084,-0.00559693,-0.00902468,-0.0101259,-0.00980308,-0.00586228,0.000293181,0.00739713,0.0139694,0.0208421,0.0240977,0.0216962,0.0178531,0.0111194,0.00317466,0.000418534,0.0,0.0,0.0,-1.91653e-06,-0.000145153,-0.000587617,-0.00116205,-0.00155795,-0.00197086,-0.00431159,-0.00349172,0.000596732,0.00310214,0.00282232,-0.000761215,-0.00156918,-0.000101445,0.00539678,0.0141224,0.0216911,0.0309195,0.0374234,0.0378307,0.0354349,0.0300156,0.0219086,0.00937288,0.00182539,0.00058641,0.0,-1.47697e-05,-0.000112249,-0.000415443,-0.0014721,-0.00284741,-0.00298815,-0.00313639,-0.00351487,0.000100244,0.00526276,0.00756953,0.00573802,0.00669954,0.00709679,0.00417306,0.00696314,0.00998568,0.016362,0.0228417,0.0289689,0.0340298,0.0348266,0.0342631,0.0279414,0.0136522,0.00384946,0.000892305,0.0,-3.56475e-05,-0.000261674,-0.00105011,-0.00265865,-0.00319279,-0.00442926,-0.0037354,-0.00258635,0.0033018,0.00795925,0.0115248,0.0122502,0.0126555,0.00860189,0.00419823,0.00118069,0.000138205,-0.00161384,-0.000465414,0.0056358,0.0163503,0.0230253,0.0270774,0.0238165,0.011476,0.00289463,0.000238363,0.0,-4.25608e-05,-0.000290656,-0.00134848,-0.00300565,-0.00332107,-0.00435883,-0.00207618,0.00175093,0.00900375,0.0141096,0.0164724,0.0184115,0.0169745,0.00903645,-0.00125271,-0.010101,-0.0182746,-0.0227413,-0.018957,-0.00993192,0.00193117,0.0108731,0.0158088,0.0160465,0.00765393,0.00151796,0.0,0.0,-2.04823e-05,-0.000189267,-0.00106476,-0.0026134,-0.00355182,-0.0038416,-0.000452184,0.00893315,0.0175992,0.0230748,0.0288645,0.0268418,0.0170438,0.00537661,-0.00682952,-0.0200985,-0.0299514,-0.0354712,-0.0321651,-0.0234619,-0.0126559,-0.00441281,0.00331226,0.00730967,0.00340461,0.000999883,0.000158321,0.0,-3.31388e-06,-0.000122317,-0.000613488,-0.00181742,-0.00194791,-0.00215229,0.000887606,0.0131369,0.0256965,0.0386295,0.0449473,0.0384525,0.0217415,0.00457279,-0.0104838,-0.0265893,-0.038779,-0.0437892,-0.0396363,-0.0305951,-0.0207333,-0.0127205,-0.00534204,-0.000258769,0.000948169,0.000604234,0.000176634,0.0,-1.10717e-05,-0.000122095,-0.000358315,-0.0011027,-0.000905909,-0.00225246,0.000952812,0.0150772,0.035419,0.0501795,0.0539797,0.0469688,0.0287574,0.00958401,-0.0078407,-0.0268808,-0.0397014,-0.0398174,-0.0341157,-0.0252213,-0.0176408,-0.0116958,-0.00658923,-0.00191322,0.000653759,0.000306943,-2.52861e-05,0.0,0.0,-9.5206e-05,-0.000316773,-0.00117928,-0.00161116,-0.00264384,-0.00140559,0.0121146,0.0361325,0.0501142,0.054716,0.0476459,0.0293871,0.0107848,-0.00752056,-0.0206628,-0.0276611,-0.0269954,-0.0217743,-0.0162272,-0.0146852,-0.010356,-0.00625371,-0.00266521,0.000136883,-2.54874e-05,-6.82059e-06,0.0,-1.92857e-05,-6.32515e-05,-0.000229443,-0.00137411,-0.00454913,-0.00742381,-0.00694866,-0.000411823,0.0203082,0.0327537,0.0359742,0.0304878,0.0157567,0.00253313,-0.00768555,-0.0138839,-0.0164796,-0.0116204,-0.00819891,-0.0111852,-0.0122848,-0.00990066,-0.00591842,-0.00227899,-0.000346347,-3.44491e-05,0.0,0.0,-4.40259e-05,-9.11237e-05,-0.00022173,-0.00192627,-0.00642902,-0.0117715,-0.0149759,-0.013804,-0.00343516,0.003594,0.00548263,-0.00226307,-0.0124713,-0.0160254,-0.0156281,-0.0120554,-0.0104427,-0.00245228,0.0010498,-0.00419175,-0.00722651,-0.00747885,-0.00514832,-0.00132701,-0.000316969,-8.3799e-05,-1.80924e-05,0.0,-2.08441e-05,-8.82225e-05,-0.000257923,-0.0020644,-0.00526834,-0.0094529,-0.0157772,-0.0200403,-0.0171697,-0.0169881,-0.0217579,-0.025635,-0.0277516,-0.026119,-0.0193607,-0.00945096,-0.00139278,0.00340426,0.00540924,-0.000530744,-0.00386614,-0.00494071,-0.00337353,-0.000889902,-0.000714435,-0.000274998,-3.72491e-05,0.0,-1.65547e-05,-8.94306e-05,-0.000546783,-0.00162497,-0.00245765,-0.00364863,-0.0111421,-0.0167098,-0.0217362,-0.027769,-0.0304051,-0.0327623,-0.033726,-0.0301807,-0.017697,-0.0052998,0.00612492,0.00728361,0.00747646,0.00445806,-0.00128751,-0.00311134,-0.00172863,0.000278871,-0.00071294,-0.000130246,-1.91567e-06,0.0,-6.13388e-06,-0.000178274,-0.00051435,-0.00131852,0.00151944,0.00522519,-0.000229501,-0.0112362,-0.0216791,-0.0305126,-0.0311548,-0.0325947,-0.0336755,-0.0268804,-0.0151782,-0.00197766,0.00797905,0.00912766,0.00827933,0.00500885,0.000958922,-0.00120915,-0.000906304,0.000556277,-0.000599494,-5.1278e-05,0.0,0.0,0.0,-0.00025855,-0.000302777,2.25966e-05,0.00803222,0.01685,0.0161116,0.00462469,-0.00943537,-0.0183867,-0.0213194,-0.0260406,-0.0282913,-0.019923,-0.00823802,0.00572938,0.0102096,0.00971836,0.0080401,0.00542764,0.00226912,0.000509274,-9.94035e-05,0.000374859,-0.000495325,-0.000102653,0.0,0.0,0.0,-0.000234829,-0.000537239,-0.00021737,0.00822618,0.0212789,0.0285917,0.0221375,0.0122645,0.00125905,-0.0036262,-0.00950215,-0.0112208,-0.00411494,0.00663709,0.0109007,0.0141666,0.0115162,0.00766228,0.00563659,0.00338425,0.001731,9.5728e-05,-7.19799e-06,-0.000422624,-5.6234e-05,0.0,0.0,0.0,-0.000168803,-0.000510538,-0.000225087,0.00305739,0.0164695,0.0282043,0.031677,0.0305414,0.0242648,0.0175564,0.0121651,0.0102004,0.0122937,0.0158571,0.019391,0.0193243,0.0129741,0.00913703,0.00790233,0.00471936,0.00117628,-0.000590525,-0.000937436,-0.00024018,-3.2415e-05,0.0,0.0,0.0,-9.35146e-05,2.62811e-05,0.000275715,0.00069676,0.00667839,0.0159965,0.0262659,0.0296359,0.0275433,0.0256801,0.0234142,0.0212091,0.0205111,0.0224448,0.0226012,0.0173382,0.0123699,0.0090213,0.00569951,0.0025023,-0.000210331,-0.000701899,-0.000571686,-0.000110215,-1.41386e-05,0.0,0.0,0.0,-1.06381e-05,0.000225139,0.000229164,0.000878223,0.00258476,0.00592894,0.0121723,0.0175386,0.0203351,0.0206704,0.0193361,0.0212645,0.0203795,0.016022,0.0122263,0.0078385,0.00419154,0.00258463,0.00117136,-0.000474487,-0.000671009,-0.00049118,-0.000282313,-5.91553e-05,-1.43492e-05,0.0,0.0,0.0,0.0,-1.17757e-05,-0.00026169,-8.63365e-05,0.000117165,0.000691156,0.00252181,0.00562116,0.00834271,0.0097943,0.0103679,0.00996676,0.00697051,0.00344051,0.00135113,-0.000579603,-0.000664378,-0.00103886,-0.00115934,-0.000586489,-0.000249065,-0.000349614,-0.000171521,-3.78498e-05,0.0,0.0,0.0,0.0,0.0,0.0,-2.08476e-05,-0.000255339,-0.000141459,0.00026117,-9.26789e-05,-0.00043606,-0.00111086,-0.00188402,-0.00355862,-0.00376588,-0.00371443,-0.0044022,-0.00464194,-0.00322513,-0.00168459,-0.00101589,-6.21041e-05,0.000286002,0.000475518,-8.35678e-05,-2.24079e-05,0.0,0.0,0.0,0.0,0.0,0.0,0.0,-1.73665e-05,-0.000133994,-0.000354863,-0.000535226,-0.00104066,-0.00176287,-0.00257419,-0.00285995,-0.00273724,-0.00320146,-0.00326207,-0.00278573,-0.00228227,-0.00163087,-0.00102201,-0.000460896,-0.000170532,-0.000116562,-2.2986e-05,-4.06531e-06,0.0,0.0,0.0,0.0,0.0,0.0,0.0,0.0,0.0,0.0,-7.871e-06,-7.39364e-05,-0.000145628,-0.000144603,