{"max":0.201903,"min":-0.173895,"acc":0.8867,"arr":[0.0,0.0,0.0,0.0,0.0,0.0,0.0,0.0,0.0,0.0,0.0,0.0,-5.78328e-06,-1.32234e-05,-6.23146e-07,-2.59644e-08,0.0,0.0,0.0,0.0,0.0,0.0,0.0,0.0,0.0,0.0,0.0,0.0,0.0,0.0,0.0,0.0,-1.11807e-07,-3.59592e-07,-2.5613e-05,-6.05451e-05,-9.22047e-05,-7.17934e-05,-0.000160346,-0.000159288,-0.000204209,-0.0002467,-0.000274017,-0.000193575,-0.00025295,-0.00020061,-0.000122203,-0.000174656,-0.000131888,-1.274e-05,-1.60543e-06,-9.54804e-08,0.0,0.0,0.0,0.0,0.0,0.0,-2.80379e-07,-5.78849e-06,-6.03789e-06,-2.80838e-06,-4.06848e-05,-0.000184035,-0.000394283,-0.000736711,-0.00125002,-0.00199583,-0.0031573,-0.00408752,-0.00518323,-0.00548587,-0.00482909,-0.00435004,-0.00433646,-0.0037072,-0.00311552,-0.00217844,-0.00103266,-0.000320642,-0.000109333,-2.47616e-05,0.0,0.0,0.0,0.0,-1.24663e-06,-2.20947e-05,7.75293e-05,-0.000449859,-0.000552637,-0.00108458,-0.00217353,-0.00418433,-0.00546551,-0.00891336,-0.0115279,-0.0148321,-0.0160079,-0.0151794,-0.0151153,-0.0140209,-0.00988751,-0.00832334,-0.00639718,-0.00340185,-0.000603811,-7.50541e-05,-0.000254508,0.00029418,4.76201e-05,0.0,0.0,-5.18711e-06,-2.20899e-05,-6.72942e-05,-0.000516935,-0.00234271,-0.00369503,-0.00705761,-0.0129197,-0.0162892,-0.0182614,-0.0231335,-0.0317882,-0.0418301,-0.0400928,-0.0321579,-0.0188012,-0.0111563,-0.00362355,0.00115431,0.00891824,0.0223714,0.0243376,0.0221029,0.013206,0.00417599,0.000812439,-1.01546e-05,0.0,0.0,-3.50062e-05,-0.000447362,-0.00284987,-0.00702348,-0.0107091,-0.0134075,-0.018789,-0.0177397,-0.00952971,-0.00753212,-0.0178188,-0.0294668,-0.0303921,-0.0290565,-0.0166511,0.0017032,0.0200697,0.0402476,0.0640201,0.0817968,0.087627,0.0755441,0.0473307,0.0174369,0.00354314,0.00012595,0.0,0.0,1.93819e-05,-0.00158791,-0.00597411,-0.0108481,-0.0145288,-0.0164167,-0.016868,-0.00482053,0.0153947,0.0208614,0.0129256,0.00462274,-0.000886431,-0.0119326,-0.00857173,0.0174649,0.0462153,0.0777661,0.104089,0.123951,0.136553,0.132166,0.0974163,0.0443166,0.0106284,0.00129838,0.0,-3.13062e-05,-0.000234895,-0.00317839,-0.010891,-0.0174481,-0.019987,-0.0168895,-0.00472681,0.017169,0.0403342,0.0426664,0.0284863,0.0119694,-0.0030309,-0.0221908,-0.0156895,0.00257076,0.0308743,0.0589868,0.0859174,0.118885,0.140409,0.158363,0.134566,0.0692136,0.0141012,0.00107813,-9.75465e-07,-9.95836e-05,-0.000875494,-0.0052906,-0.0154631,-0.0198338,-0.0217099,-0.0125671,0.00914004,0.0296977,0.0450469,0.0515765,0.0361203,0.0135408,-0.00485943,-0.020405,-0.0230516,-0.0187842,-0.00855409,0.0117513,0.0449225,0.084792,0.118984,0.150757,0.141426,0.0784209,0.0151407,0.000529804,-2.28026e-05,-0.000205074,-0.00115004,-0.0059224,-0.0140244,-0.0173545,-0.014412,0.00173308,0.0310957,0.0518225,0.0643322,0.0744293,0.060668,0.0383588,0.00808787,-0.0199565,-0.0410849,-0.0553424,-0.0591408,-0.0440709,-0.0127765,0.0307198,0.0695998,0.100601,0.104843,0.0610905,0.0117783,0.000223787,-2.95276e-05,-0.000286822,-0.00121081,-0.00502694,-0.00859902,-0.0100738,-0.00246166,0.0179708,0.0527726,0.0787692,0.0954515,0.116575,0.107951,0.0730566,0.0246581,-0.0217027,-0.0683217,-0.112916,-0.130862,-0.123376,-0.0921649,-0.0540537,-0.0176508,0.0200856,0.0436534,0.0322765,0.00793246,0.000118589,-2.38387e-05,-0.000378442,-0.00125948,-0.00372017,-0.00525561,-0.00239979,0.0102298,0.0315108,0.0642711,0.103691,0.13493,0.159908,0.155013,0.110057,0.0347239,-0.0310191,-0.0936834,-0.149156,-0.173895,-0.17385,-0.148503,-0.109008,-0.0720384,-0.0308606,0.000613051,0.0114826,0.00327201,0.000169819,-4.09738e-06,-0.000249582,-0.000984826,-0.00184486,-0.002892,0.00143907,0.0154333,0.0381308,0.0765568,0.120592,0.17185,0.201903,0.182515,0.111841,0.028827,-0.0371516,-0.0974198,-0.135331,-0.149089,-0.148426,-0.129829,-0.10597,-0.0798231,-0.0490526,-0.0195308,-0.00044603,0.000453873,-3.3532e-05,-1.5104e-06,-8.47787e-05,-0.000493888,-0.000862297,-0.00190527,0.000502473,0.0108736,0.0309116,0.0679218,0.12843,0.182097,0.199756,0.169535,0.0889621,0.0116865,-0.0509274,-0.083425,-0.0881718,-0.0808375,-0.0808756,-0.0786493,-0.0759929,-0.0632734,-0.0440314,-0.0186931,-0.00215292,-0.000294873,-3.75305e-05,0.0,-6.72469e-05,-0.000299848,-0.000631348,-0.00318282,-0.0101617,-0.0115035,-0.000660806,0.0321366,0.0910414,0.130697,0.133373,0.101645,0.0377466,-0.0208234,-0.0642658,-0.0761448,-0.0638919,-0.0363223,-0.0314867,-0.0395649,-0.047304,-0.0423967,-0.0336878,-0.0146444,-0.00243783,-0.000378994,-1.27128e-05,-1.49444e-06,-4.40259e-05,-0.000247286,-0.000811056,-0.00654291,-0.0228456,-0.0365838,-0.0419644,-0.0299213,0.00154042,0.0256502,0.0277753,0.00577915,-0.0369219,-0.0698073,-0.0818589,-0.0699855,-0.0517024,-0.00963827,-0.00193373,-0.0161011,-0.0251578,-0.0226219,-0.0202317,-0.0100891,-0.00256469,-0.00054728,-5.52184e-05,-8.53967e-06,-2.96448e-05,-0.000317756,-0.00104942,-0.00702861,-0.0246083,-0.0402572,-0.0661687,-0.0857925,-0.0862674,-0.078492,-0.0752835,-0.0756121,-0.0833838,-0.0852937,-0.0745077,-0.0497073,-0.019957,0.00160997,0.0102144,0.000846977,-0.00963227,-0.00903244,-0.00689704,-0.00422858,-0.00305477,-0.000779842,-6.61374e-05,0.0,-3.41461e-05,-0.000444602,-0.00226105,-0.00466638,-0.00708537,-0.00475079,-0.0437766,-0.0871711,-0.115133,-0.128519,-0.120459,-0.11389,-0.10303,-0.0837621,-0.0567541,-0.0185422,0.00682459,0.0154336,0.0203147,0.0163682,0.00712613,0.000264228,0.00171348,0.00180401,-0.0031469,-0.000607412,-3.52257e-05,-6.53685e-06,-2.21481e-05,-0.00073397,-0.00296007,-0.00169375,0.0114654,0.037535,0.00500285,-0.0445404,-0.0885441,-0.113852,-0.111368,-0.096069,-0.0773759,-0.0519558,-0.0288767,-0.00204091,0.0181312,0.0180792,0.0250719,0.0267415,0.0163417,0.0102706,0.00818296,0.00513813,-0.00239534,-0.000321424,-5.65e-05,-2.0415e-07,-3.5504e-05,-0.00111138,-0.00479093,-0.00198153,0.0253803,0.0702529,0.0664348,0.0299517,-0.0181463,-0.0471935,-0.0527443,-0.0453174,-0.0385212,-0.0258651,-0.0132796,0.00236573,0.0107145,0.0216869,0.0264423,0.0327818,0.0226522,0.0156755,0.0120913,0.00472811,-0.00179739,-0.000377952,-2.48117e-05,0.0,-5.42726e-05,-0.00122995,-0.00581629,-0.00790662,0.0173167,0.0718325,0.103008,0.102854,0.0757328,0.0438503,0.0210814,0.00232087,-0.00978766,-0.0179551,-0.0107752,0.00271271,0.0258539,0.0399283,0.0405171,0.037652,0.0279876,0.0229644,0.0124858,0.00137597,-0.000953522,-0.000139322,0.0,0.0,-3.3912e-05,-0.00127394,-0.00481172,-0.00850443,-0.00173975,0.0391571,0.0861562,0.111222,0.116245,0.0959326,0.0663795,0.0342316,0.0129529,0.00334301,0.014732,0.035979,0.0545502,0.052596,0.046273,0.0406729,0.0325916,0.0201451,0.0064588,-0.000625788,-1.936e-05,-7.4433e-08,-3.49038e-06,0.0,-8.47637e-07,-0.000878969,-0.00338631,-0.00545252,-0.00786782,0.00530932,0.0325144,0.0687222,0.0961811,0.0963899,0.0823585,0.0675437,0.0590017,0.0532975,0.0581118,0.0673334,0.0641394,0.0568914,0.0428852,0.0316857,0.0199804,0.00756533,0.00219781,0.000343396,0.000589512,0.000163194,-6.44378e-06,0.0,0.0,-0.00022669,-0.000800518,-0.00259305,-0.00387721,-0.00317854,0.00324415,0.0222003,0.0485798,0.0649924,0.0744604,0.0748802,0.0748372,0.0712128,0.0612831,0.0538384,0.0373229,0.0263474,0.0187946,0.0115418,0.00280231,0.000897729,0.00173114,0.000949461,0.000581451,8.83163e-05,0.0,0.0,0.0,-5.55887e-05,-2.91058e-05,-0.00131263,-0.0028402,-0.00429887,-0.000452365,0.00288739,0.0164065,0.0242977,0.0360311,0.0471261,0.0472586,0.0363574,0.0204616,0.00925405,0.00379666,0.000466639,-0.0022899,-0.00265862,-0.00148732,0.000722372,0.00112869,0.000777043,-6.37475e-05,0.0,0.0,0.0,0.0,-2.99715e-06,0.000193234,-0.000152949,-0.00175428,-0.00311594,-0.00244671,-0.00303891,-0.00111905,-0.000177935,0.00249576,0.000892761,-0.00248405,-0.00821277,-0.00966435,-0.0111822,-0.00922365,-0.00652218,-0.00470254,-0.00276275,0.000541204,0.00173976,0.00139324,0.000839323,0.0,0.0,0.0,0.0,0.0,0.0,0.0,-0.000156679,-0.000471191,-0.00133507,-0.00246249,-0.00408711,-0.00563173,-0.00654321,-0.00740143,-0.00775528,-0.00848088,-0.00944455,-0.00808271,-0.00785065,-0.00638843,-0.00450611,-0.00242165,-0.00063606,2.75166e-05,5.41135e-05,-3.59557e-05,-1.03652e-07,-7.7297e-07,0.0,0.0,0.0,0.0,0.0,0.0,0.0,0.0,