{"max":0.189097,"min":-0.168559,"acc":0.8787,"arr":[0.0,0.0,0.0,0.0,0.0,0.0,0.0,0.0,0.0,0.0,0.0,0.0,0.000132728,0.000267803,-2.54009e-05,-1.05837e-06,0.0,0.0,0.0,0.0,0.0,0.0,0.0,0.0,0.0,0.0,0.0,0.0,0.0,0.0,0.0,0.0,0.0,5.4968e-06,0.000423268,0.000941477,0.00161322,0.00167179,0.00335625,0.00362363,0.00362963,0.00282603,0.00243615,0.0017875,0.00243603,0.00197636,0.00134548,0.00176335,0.00133554,0.000302697,0.000219671,1.79079e-05,0.0,0.0,0.0,0.0,0.0,0.0,0.0,8.00757e-06,4.31294e-05,3.8348e-05,0.000705009,0.00288674,0.00657121,0.0108697,0.0171587,0.0233446,0.0303609,0.034332,0.0412171,0.0445827,0.0443417,0.0388393,0.0348119,0.0298056,0.0206073,0.0122214,0.00520906,0.00128917,0.000100962,-4.98607e-05,0.0,0.0,0.0,0.0,-1.76515e-06,0.00010297,0.000187392,-2.97389e-05,0.000943895,0.00355809,0.00798964,0.0162938,0.025863,0.0351389,0.0445277,0.056786,0.0754383,0.0878036,0.0942023,0.0996847,0.100981,0.0894959,0.0610842,0.0379119,0.0188303,0.00620834,0.00266711,0.000240031,-1.91928e-05,0.0,0.0,-2.23037e-06,-1.08111e-05,-1.62199e-05,-0.000191186,-0.000601831,-0.000891248,-4.89518e-05,0.00414092,0.0108377,0.0154413,0.0166796,0.0195053,0.0325943,0.0459588,0.0600775,0.0815343,0.0956239,0.0952768,0.0807795,0.054258,0.0333078,0.0180221,0.00624094,0.00234794,-2.95939e-05,-0.000165558,0.0,0.0,0.0,-1.71676e-08,-0.000215943,-0.00100644,-0.00224602,-0.00578848,-0.00801257,-0.00603937,-0.0038066,-0.0051788,-0.0140392,-0.0125172,-0.0129494,-0.00556358,0.00912419,0.0289326,0.0325615,0.0268287,0.0133368,0.00196899,-0.00316812,-0.00631841,-0.00527839,-0.00265823,-0.00125607,-0.000490699,-3.98133e-06,0.0,0.0,-7.56498e-06,-0.000773235,-0.00213605,-0.00568852,-0.0121151,-0.0152562,-0.0168274,-0.0189004,-0.0251754,-0.0314472,-0.0360156,-0.0407316,-0.0382873,-0.0310167,-0.0324188,-0.051909,-0.0654507,-0.0679933,-0.0619203,-0.0461843,-0.0321185,-0.0219142,-0.0119416,-0.00446066,-0.000940034,-7.02443e-05,0.0,-1.56415e-05,-0.000161956,-0.00144382,-0.00450833,-0.0109287,-0.0184496,-0.0217231,-0.0233009,-0.02835,-0.0354021,-0.0419503,-0.0476138,-0.0487658,-0.0430162,-0.052125,-0.0836144,-0.118677,-0.133993,-0.126196,-0.103164,-0.0760065,-0.0504761,-0.031557,-0.0166659,-0.00703497,-0.00115242,-8.12572e-05,0.0,-4.30139e-05,-0.000479106,-0.00248016,-0.00734299,-0.0150028,-0.0225075,-0.0231519,-0.022986,-0.0281717,-0.0341182,-0.0351423,-0.0344855,-0.0272471,-0.0246005,-0.06499,-0.118163,-0.15678,-0.168559,-0.150681,-0.11958,-0.0876986,-0.057922,-0.0350078,-0.0190664,-0.00799412,-0.001473,-4.15899e-05,-2.11438e-05,-0.000107527,-0.000664905,-0.00327611,-0.00806965,-0.0157013,-0.0218729,-0.0188847,-0.0157082,-0.0224765,-0.020762,-0.018058,-0.00448204,0.00976392,-0.00930512,-0.0735454,-0.132535,-0.165713,-0.167904,-0.146637,-0.115321,-0.0818416,-0.0542692,-0.0307084,-0.0158181,-0.00657841,-0.00129562,-4.48046e-05,-2.54208e-05,-0.000162878,-0.000642233,-0.00269578,-0.00724761,-0.0129956,-0.0175443,-0.0094134,-0.0064214,-0.00947383,-0.00275614,0.00909609,0.0361275,0.0355951,-0.0203892,-0.0895389,-0.130192,-0.143031,-0.136794,-0.117576,-0.0844429,-0.053886,-0.0299879,-0.016053,-0.00838193,-0.00402376,-0.00106372,-0.00019954,-1.19699e-05,-0.000179636,-0.000561291,-0.00190493,-0.00590371,-0.00901316,-0.0112356,-0.00107436,0.00241737,0.0066098,0.0131182,0.0381042,0.0618254,0.0299412,-0.0435686,-0.0937148,-0.0996177,-0.096239,-0.085371,-0.0655466,-0.0366466,-0.00866344,0.00568008,0.00735166,0.00127839,-0.000596255,-0.000408303,9.58711e-05,-5.25193e-07,-5.96087e-05,-0.0004432,-0.00154229,-0.00587712,-0.00789238,-0.00524792,0.00475035,0.0136641,0.0198502,0.0345775,0.067661,0.0651115,0.00525231,-0.056236,-0.0670205,-0.0514175,-0.0438749,-0.0334039,-0.0129207,0.0148972,0.037745,0.0373166,0.0285904,0.0133199,0.00208777,-0.000306648,0.000234971,-1.64407e-06,-4.47179e-05,-0.000230431,-0.00119325,-0.00621329,-0.00686639,-0.00120967,0.0111018,0.0251902,0.0382079,0.0623776,0.0779004,0.0418557,-0.0186598,-0.0398551,-0.015052,0.00586608,0.00500233,0.00710297,0.0249742,0.0508209,0.0663245,0.0612861,0.044775,0.0229348,0.00258926,-0.00023699,3.82905e-05,0.0,-5.24111e-05,-0.00013366,-0.00104462,-0.00674878,-0.00766228,0.00115731,0.0164752,0.0342282,0.0610004,0.0792821,0.0717158,0.0206635,-0.0237434,-0.00641081,0.024832,0.0339548,0.012619,0.0149275,0.0406088,0.074679,0.0836898,0.0737347,0.0506476,0.0236298,0.00290101,-0.00090301,-1.86381e-05,0.0,-3.58878e-05,-0.000135488,-0.00129455,-0.00794445,-0.0109468,-0.000627072,0.0202277,0.044498,0.0797358,0.0967962,0.0672086,0.0119816,-0.00973457,0.0117545,0.0256159,0.0108952,-0.00665974,0.005934,0.0458466,0.0816254,0.0917362,0.0732187,0.0458734,0.0192283,0.00211278,-0.00154939,-0.0001739,0.0,-2.20425e-05,-0.000172677,-0.00188366,-0.00941882,-0.0152206,-0.00584279,0.0214115,0.056612,0.101431,0.117779,0.0793017,0.0209837,0.00554527,0.00922425,-0.0089749,-0.0371147,-0.0296598,0.0118735,0.0586221,0.0826239,0.0801278,0.0597671,0.0308658,0.010694,-0.00177984,-0.00212337,-0.000291774,0.0,-2.50677e-05,-0.000219403,-0.00299589,-0.0131671,-0.0213572,-0.0161448,0.0176691,0.0669107,0.120201,0.14889,0.115339,0.0560324,0.0249018,0.00287111,-0.0348475,-0.0455162,-0.0068782,0.0534125,0.0881556,0.0822502,0.0661202,0.0418653,0.0133923,-0.00264821,-0.00561475,-0.00209007,-0.000154159,-6.07305e-08,-8.84956e-06,-0.000355674,-0.00441412,-0.0164577,-0.0308448,-0.0285164,0.00691005,0.0626168,0.127965,0.177311,0.159108,0.104447,0.047958,0.00693098,-0.00908202,0.0126989,0.0640031,0.100619,0.0941275,0.0717001,0.0459814,0.0141794,-0.00533015,-0.0120529,-0.00659156,-0.00143907,-0.000231688,-3.03652e-07,-2.63668e-05,-0.000631492,-0.00578238,-0.0184081,-0.0377212,-0.0440319,-0.018361,0.0349728,0.105597,0.178366,0.189097,0.146135,0.0922176,0.0590095,0.0656205,0.0922523,0.112064,0.102861,0.0754352,0.0431666,0.0126248,-0.00994897,-0.0174761,-0.0127236,-0.00566709,-0.000998089,-0.000111047,0.0,-6.13763e-05,-0.00072666,-0.00563006,-0.0180272,-0.0377454,-0.0537808,-0.0497791,-0.0194148,0.0376087,0.115105,0.165313,0.168138,0.147967,0.133553,0.127499,0.118254,0.0938154,0.0602085,0.0264932,-0.00129279,-0.0186979,-0.0230315,-0.0174618,-0.00938097,-0.00321349,-0.000230424,0.0,0.0,-4.66169e-05,-0.000544338,-0.00373192,-0.0135088,-0.0312887,-0.0527975,-0.0639592,-0.0661986,-0.0409997,0.00895755,0.0681962,0.106847,0.120993,0.11234,0.0859844,0.0498275,0.0131144,-0.0132035,-0.0252195,-0.0307966,-0.0275534,-0.0187617,-0.0105031,-0.00524648,-0.00145675,7.79655e-05,-1.45629e-06,0.0,0.0,-0.000263343,-0.00193642,-0.00677801,-0.018919,-0.0383889,-0.0591337,-0.0822492,-0.0972158,-0.0931043,-0.0825856,-0.0635291,-0.0544438,-0.0561373,-0.06263,-0.0686539,-0.064229,-0.0560524,-0.0440088,-0.0301552,-0.0187521,-0.0110259,-0.00581612,-0.00261196,-0.000649255,4.99082e-05,-2.68853e-06,0.0,0.0,-6.39149e-05,-0.000622971,-0.00261671,-0.00715951,-0.0171706,-0.0336465,-0.0553595,-0.0800666,-0.104465,-0.125328,-0.135094,-0.132613,-0.123864,-0.109285,-0.0897595,-0.06715,-0.0453494,-0.0296679,-0.0180125,-0.0100362,-0.00534261,-0.0029156,-0.00131942,-0.000305272,-3.87335e-05,0.0,0.0,0.0,-6.35295e-06,-4.96713e-05,-0.000512792,-0.00185123,-0.00542281,-0.0121486,-0.0217691,-0.0343162,-0.0481738,-0.0592329,-0.0650031,-0.0662823,-0.0625474,-0.0550319,-0.0437577,-0.0332738,-0.0233766,-0.0156296,-0.00917425,-0.0050017,-0.00257226,-0.00123571,-0.000457477,-8.82195e-05,0.0,0.0,0.0,0.0,-2.03219e-06,-6.00793e-06,-0.000137157,-0.000606074,-0.00196097,-0.00418638,-0.00777975,-0.0122293,-0.0169223,-0.019739,-0.0209476,-0.02153,-0.0204357,-0.0187484,-0.016786,-0.013862,-0.0102404,-0.00679336,-0.00396238,-0.00215373,-0.000980194,-0.000400265,-7.70445e-05,0.0,0.0,0.0,0.0,0.0,0.0,0.0,-5.81795e-05,-0.000211994,-0.000597242,-0.0011238,-0.00234385,-0.00339064,-0.00469838,-0.00554127,-0.00577595,-0.00610138,-0.00618453,-0.00550526,-0.0046977,-0.0040017,-0.00298522,-0.0018725,-0.00117891,-0.000630289,-0.000203999,-4.46698e-05,-3.36207e-07,0.0,0.0,0.0,0.0,0.0,0.0,0.0,0.0,0.0,-2.72722e-05,-0.000126765,-0.000220257,-0.000228387,-0.00033338,-0.000408357,-0.000474851,