{"max":0.0696249,"min":-0.0653207,"acc":0.8238,"arr":[0.0,0.0,0.0,0.0,0.0,0.0,0.0,0.0,0.0,0.0,0.0,0.0,0.0,0.0,0.0,0.0,0.0,0.0,0.0,0.0,0.0,0.0,0.0,0.0,0.0,0.0,0.0,0.0,0.0,0.0,0.0,0.0,0.0,0.0,0.000312951,0.000738047,0.00109152,0.000544769,0.000583339,0.000807771,0.00126851,0.00122553,0.000749996,0.000436931,0.000894264,0.000424958,0.000545526,0.000944264,0.0005753,4.90967e-06,0.0,0.0,0.0,0.0,0.0,0.0,0.0,0.0,0.0,1.76501e-05,3.03286e-05,0.0,0.000291332,0.000892968,0.00261698,0.00324382,0.00426686,0.00654218,0.0100982,0.0116079,0.0143372,0.0167015,0.0180344,0.0155624,0.0126863,0.0102864,0.00795502,0.00386815,0.00123926,0.000126278,0.0,0.0,0.0,0.0,0.0,0.0,0.0,0.00013161,0.000198056,-2.60975e-05,0.000288248,0.000925235,0.00260993,0.00523285,0.00737332,0.00940499,0.0143561,0.0210496,0.0273472,0.0330039,0.0374218,0.0355293,0.0365106,0.0311,0.0181857,0.00762689,0.00312668,0.00013987,-0.000146717,-0.000122716,-1.91928e-05,0.0,0.0,0.0,0.0,-3.76938e-05,-0.000101947,-0.000348594,-0.000362839,8.4224e-05,0.0022816,0.00399564,0.00370871,0.00450155,0.0090797,0.0158611,0.0212932,0.0280189,0.0327512,0.0342946,0.0331739,0.0243108,0.0127356,0.00543436,0.0027395,0.000349896,-0.000100557,-9.20505e-05,-3.05854e-05,0.0,0.0,0.0,-1.19553e-05,-3.45557e-05,-0.000133228,-0.000845046,-0.00175578,-0.00250186,-0.000865227,-0.00093564,-0.00215368,-0.00313382,0.000742412,0.00383504,0.00652774,0.0095279,0.0129928,0.00917186,0.00315287,-0.0039611,-0.00639244,-0.00601672,-0.00415385,-0.00242375,-0.00121096,2.89016e-05,-7.02927e-05,0.0,0.0,0.0,-1.31017e-06,-0.000126131,-0.000273602,-0.00174328,-0.00379575,-0.00554539,-0.00494484,-0.00633803,-0.00975019,-0.00922224,-0.00610404,-0.0032094,-0.00589369,-0.00770732,-0.0144533,-0.0274683,-0.0339747,-0.0333785,-0.0272728,-0.0179997,-0.0106557,-0.00611531,-0.00336556,-0.000856122,-0.000152574,-4.49775e-05,0.0,-1.51268e-05,-0.000110295,-0.00037452,-0.00139595,-0.003854,-0.00636079,-0.00829524,-0.0087941,-0.0113204,-0.0159712,-0.0119837,-0.00893048,-0.00746378,-0.00951472,-0.0181595,-0.0373964,-0.0520713,-0.0568822,-0.0507245,-0.0385118,-0.0267686,-0.0167003,-0.00872677,-0.0045594,-0.00170573,-0.000253112,-7.54274e-05,0.0,-3.42887e-05,-0.000251172,-0.00103571,-0.0026092,-0.00520972,-0.00816098,-0.00900786,-0.00929346,-0.0151095,-0.0179795,-0.00925598,-0.00551861,-0.00290579,-0.00463892,-0.0240185,-0.0465707,-0.0615494,-0.0653207,-0.0561596,-0.0427264,-0.0296508,-0.0183284,-0.0100929,-0.00510675,-0.00173896,-0.000201789,-2.27544e-05,0.0,-4.13171e-05,-0.000286726,-0.00137051,-0.00280077,-0.00534143,-0.0083458,-0.00853782,-0.00958043,-0.0162237,-0.0118382,-0.00306803,0.00511017,0.00845594,-0.00111734,-0.0253512,-0.0481032,-0.0603128,-0.0623219,-0.0534336,-0.0418121,-0.0285397,-0.0177927,-0.00909731,-0.00449292,-0.00115841,1.97928e-05,0.0,0.0,-2.10438e-05,-0.000171164,-0.00100581,-0.00256782,-0.00476248,-0.00760455,-0.00777133,-0.00988188,-0.00993497,-0.00208222,0.0101278,0.0190482,0.0152052,-0.00563651,-0.0306476,-0.0471057,-0.0533829,-0.0519933,-0.0435925,-0.0310719,-0.0217959,-0.0133983,-0.00652283,-0.00287199,-0.000753321,0.000131979,-1.30425e-05,0.0,-2.47678e-06,-0.000109186,-0.000546454,-0.00202917,-0.00380607,-0.00659172,-0.00685251,-0.00804279,-0.00111965,0.00939104,0.0209026,0.0262972,0.012191,-0.0135285,-0.0324918,-0.0378489,-0.0384687,-0.0364314,-0.0268362,-0.015441,-0.00756629,-0.00399462,-0.00149872,-0.000854438,-0.000341211,0.000217349,0.000190525,0.0,-7.70172e-06,-0.000110757,-0.000360978,-0.00174821,-0.00313757,-0.00544671,-0.00648182,-0.00287399,0.00798682,0.0204288,0.0300788,0.023172,0.00162321,-0.0206697,-0.0265067,-0.0222222,-0.020404,-0.0149722,-0.00596883,0.00452093,0.00869814,0.00560434,0.00376834,0.0016847,-0.000116054,0.000431211,0.000234971,0.0,0.0,-8.69825e-05,-0.000317012,-0.00172706,-0.00289353,-0.00591005,-0.00519622,0.00315257,0.016227,0.0299166,0.0302274,0.0130793,-0.00938246,-0.0175821,-0.00927921,0.000171319,0.00349561,0.0082815,0.0145231,0.0200977,0.0189628,0.0134275,0.0088751,0.00367166,0.000359788,0.000380331,6.33802e-05,0.0,-1.57208e-05,-5.33923e-05,-0.000261723,-0.00182609,-0.00362913,-0.00645959,-0.00212934,0.00923498,0.0259823,0.0348206,0.0238746,0.00372751,-0.0110576,-0.00667169,0.00473808,0.00986747,0.00672236,0.0130704,0.026522,0.0342794,0.0281898,0.0182333,0.0115446,0.00433563,0.000600899,-4.98515e-06,0.0,0.0,-3.58878e-05,-7.10464e-05,-0.000284626,-0.00202554,-0.00446286,-0.00586485,0.00109077,0.0151564,0.0350852,0.0392206,0.020548,0.00258944,-0.00309196,0.00350362,0.00914662,0.0038327,0.000747059,0.0102929,0.0309847,0.0411334,0.0345649,0.0211154,0.0111557,0.00396183,0.000793543,-0.000158292,-1.88241e-05,0.0,-1.69911e-05,-7.86479e-05,-0.000310081,-0.00205872,-0.00522613,-0.00643469,0.00298377,0.0220656,0.0444313,0.0476876,0.0252048,0.00999329,0.00481983,0.00609341,-0.00318846,-0.0132703,-0.00869373,0.0111041,0.0346663,0.0411596,0.0313558,0.0176793,0.0073426,0.00252281,3.893e-05,-0.000562224,-3.87555e-05,0.0,-1.31067e-05,-9.01122e-05,-0.000493308,-0.0031057,-0.00664873,-0.00859078,0.00330741,0.0267123,0.0490212,0.058434,0.0411761,0.0227501,0.0124046,0.00166827,-0.013333,-0.014412,-0.000771584,0.025072,0.042698,0.0357179,0.0244107,0.0116002,0.00335033,-0.000348818,-0.000489367,-0.000313971,-1.99314e-06,0.0,-4.74551e-06,-0.000163996,-0.000814388,-0.0040962,-0.00919142,-0.011066,-0.00128281,0.0240448,0.0498795,0.0679405,0.0576604,0.0391645,0.0199353,0.00397175,-0.00174074,0.00683331,0.0275605,0.0439673,0.0403762,0.027754,0.0162627,0.00399815,-0.000730486,-0.00234193,-0.000764706,-9.93064e-05,0.0,0.0,0.0,-0.0002654,-0.00128809,-0.00521797,-0.0121265,-0.015332,-0.0100614,0.012484,0.0385146,0.0669198,0.0696249,0.0559541,0.0385043,0.0274808,0.0288104,0.0366782,0.0448017,0.0410517,0.0288535,0.016499,0.00446089,-0.00300979,-0.00449267,-0.00257324,-0.00082659,1.04417e-06,0.0,0.0,0.0,-0.000239973,-0.00147351,-0.00530536,-0.0124766,-0.0186788,-0.0201743,-0.00820427,0.0105594,0.0405445,0.0594245,0.060604,0.0540982,0.0502185,0.0474611,0.0427578,0.0353687,0.0223894,0.00938067,0.000443407,-0.00581179,-0.00748945,-0.00476284,-0.00226623,-0.000666903,0.000182865,0.0,0.0,0.0,-0.000141752,-0.00109608,-0.00411553,-0.0105017,-0.0184732,-0.0249231,-0.0278791,-0.0199338,-0.0023745,0.0180188,0.0310377,0.0365639,0.0325741,0.0231946,0.0115328,-2.24632e-05,-0.00741915,-0.00904292,-0.009824,-0.00893779,-0.00586716,-0.00342187,-0.00184763,-0.000343378,0.000266187,0.0,0.0,0.0,-5.31021e-05,-0.000674786,-0.00225645,-0.0063439,-0.0133677,-0.0223099,-0.0326981,-0.0395951,-0.0392312,-0.0364511,-0.0321095,-0.0304715,-0.0302937,-0.0319577,-0.0317638,-0.0264462,-0.020146,-0.0140728,-0.00891626,-0.00485132,-0.00298556,-0.00170107,-0.000978581,-0.00020142,0.000116986,0.0,0.0,0.0,-5.00171e-06,-0.000189527,-0.00104393,-0.00288515,-0.00674086,-0.0134731,-0.0220616,-0.0317928,-0.0418468,-0.0501639,-0.0538253,-0.0525069,-0.0483776,-0.0413275,-0.0319472,-0.0223293,-0.0141674,-0.00820994,-0.00458668,-0.00235828,-0.00123657,-0.0008991,-0.00050075,-0.000107966,-6.76407e-06,0.0,0.0,0.0,0.0,-6.64825e-06,-0.000189316,-0.00063218,-0.00193589,-0.00497897,-0.00905754,-0.0143057,-0.0212436,-0.0265917,-0.0282548,-0.0273006,-0.0247434,-0.0211386,-0.0165101,-0.0116002,-0.00761013,-0.00452456,-0.00256031,-0.00144752,-0.000831016,-0.000459514,-0.000257688,-6.50296e-05,0.0,0.0,0.0,0.0,0.0,0.0,-1.51549e-05,-0.000220364,-0.000708627,-0.00169597,-0.00328228,-0.00530243,-0.00798553,-0.00946193,-0.00953186,-0.00879354,-0.00756571,-0.00728714,-0.00684967,-0.00502276,-0.00339765,-0.00211924,-0.00113555,-0.000700577,-0.00032402,-0.000146508,-4.18232e-05,0.0,0.0,0.0,0.0,0.0,0.0,0.0,-1.43957e-05,-0.000112093,-0.000305361,-0.000581956,-0.00132248,-0.00190078,-0.002672,-0.00310343,-0.00306357,-0.00299152,-0.00281797,-0.0025206,-0.0021523,-0.00163688,-0.00108027,-0.000503274,-0.000208561,-0.000145468,-4.25979e-05,-8.07449e-06,0.0,0.0,0.0,0.0,0.0,0.0,0.0,0.0,0.0,0.0,-8.05812e-06,-7.39831e-05,-0.000146188,-0.00014234,-0.000204755,-0.000275025,-0.000268992,-0.000314851,-0.000416915,