{"max":0.0085913,"min":-0.00755093,"acc":0.5575,"arr":[0.0,0.0,0.0,0.0,0.0,0.0,0.0,0.0,0.0,0.0,0.0,0.0,0.0,0.0,0.0,0.0,0.0,0.0,0.0,0.0,0.0,0.0,0.0,0.0,0.0,0.0,0.0,0.0,0.0,0.0,0.0,0.0,0.0,0.0,0.0,0.0,0.0,0.0,0.0,0.0,0.0,0.0,0.0,0.000151082,0.000289866,0.0,0.0,0.0,0.0,0.0,0.0,0.0,0.0,0.0,0.0,0.0,0.0,0.0,0.0,0.0,0.0,0.0,0.0,0.0,0.0,0.000261502,0.000822588,0.000923639,0.00094963,0.000666051,0.00114042,0.00169846,0.0019035,0.00131908,0.00145302,0.000357649,0.000448482,0.000214568,0.0,0.0,0.0,0.0,0.0,0.0,0.0,0.0,0.0,0.0,0.0,0.0,0.0,0.0,-7.85141e-07,0.000719072,0.0011242,0.00109258,0.000999284,0.00102058,0.00248601,0.00450313,0.00521106,0.00410328,0.00460956,0.00347637,0.00303316,0.0015269,0.000967399,0.000313733,0.0,0.0,0.0,0.0,0.0,0.0,0.0,0.0,0.0,-6.64438e-06,-5.27951e-05,-0.000205057,0.000116795,0.000613146,0.00048668,0.000500625,-0.000162243,0.00060427,0.00269963,0.00399649,0.00461286,0.00358076,0.00338565,0.00305698,0.00296968,0.0014205,0.00119899,0.000672267,-1.21735e-05,-2.79544e-05,-2.44601e-05,0.0,0.0,0.0,0.0,0.0,0.0,8.73223e-05,-0.000240448,-0.000339158,-0.000159682,0.000237163,0.000136975,-0.000451235,-0.000853262,0.000426156,0.000627171,0.000723494,0.000699472,-0.000737314,-0.00085433,0.000144297,0.000539286,0.000157671,0.000156367,4.42227e-05,-0.000222695,-0.000114456,-4.94278e-05,0.0,0.0,0.0,0.0,0.0,0.0,-5.25733e-05,-0.000482865,-0.000607641,5.86811e-05,-0.000244479,-0.00118937,-0.00216545,-0.0018644,-0.00126431,-0.00191047,-0.00140072,-0.00303058,-0.00486172,-0.00472966,-0.00419906,-0.00296101,-0.00131032,-0.000805834,-0.000785621,-0.000661502,-0.000410408,-7.61705e-05,0.0,0.0,0.0,-1.44906e-05,-4.1065e-05,-7.82578e-05,-0.000290761,-0.000677446,-0.000878886,-0.000501118,-0.00127828,-0.00310657,-0.00284836,-0.00266282,-0.0025126,-0.00254048,-0.00277242,-0.00538188,-0.00677221,-0.00681174,-0.0061356,-0.00431742,-0.00285036,-0.00178816,-0.000991342,-0.000677887,-0.000354439,-6.52295e-05,0.0,0.0,0.0,-7.12244e-05,-0.000125104,-0.00028846,-0.00070204,-0.00102701,-0.000822272,-0.000971479,-0.00273481,-0.0038795,-0.00249798,-0.00208567,-0.00194247,-0.00142743,-0.0036314,-0.00512698,-0.00652417,-0.00702277,-0.00604292,-0.00487362,-0.00352678,-0.00206254,-0.000992496,-0.000501333,-0.000252996,-6.91769e-05,0.0,0.0,0.0,-3.68199e-05,-0.000175006,-0.00046191,-0.000898671,-0.00114382,-0.000973922,-0.00176662,-0.00370437,-0.00337012,-0.00228082,-0.00103445,0.000117205,-0.000362801,-0.00248905,-0.00436044,-0.00638359,-0.00645391,-0.00581309,-0.00498857,-0.00344522,-0.00208012,-0.0010674,-0.000384659,-0.000214652,-7.24407e-05,0.0,0.0,0.0,0.0,-0.000176162,-0.00053764,-0.000777065,-0.0011717,-0.00127345,-0.0023201,-0.00247952,-0.00167486,-0.000972933,0.000430865,0.00165548,0.0004523,-0.0017047,-0.00423582,-0.00525205,-0.00523758,-0.004198,-0.00322346,-0.00246916,-0.00180659,-0.000929547,-0.000318498,-8.3712e-05,-4.11765e-06,0.0,0.0,0.0,0.0,-0.000133728,-0.000420478,-0.000556036,-0.00114702,-0.00118622,-0.002057,-0.00100646,0.000285855,0.000278898,0.00262263,0.00225983,-0.000204773,-0.00243714,-0.00450797,-0.00440414,-0.004266,-0.00258458,-0.00111526,-0.000977281,-0.000546014,-0.000417729,-0.000167646,-1.82898e-07,0.0,0.0,0.0,0.0,0.0,-1.98039e-05,-0.000263176,-0.000250705,-0.0010918,-0.00095871,-0.000289011,-0.000110117,0.000259252,0.002764,0.00295513,0.000737009,-0.00120679,-0.00371639,-0.00398018,-0.00342577,-0.00199931,-0.000485458,0.000777803,0.00140344,-2.55897e-05,3.65251e-05,-9.92145e-06,-7.91111e-07,0.0,0.0,0.0,0.0,0.0,0.0,-0.000143659,-0.000198965,-0.000808966,-0.000211637,0.000358652,0.000402694,0.00185485,0.00326574,0.00198713,8.32121e-05,-0.00203914,-0.00295102,-0.00290132,-0.00129649,0.00067137,0.00203359,0.00270863,0.00247474,0.000888172,0.000503404,-3.75383e-05,-2.69596e-05,0.0,0.0,0.0,0.0,0.0,0.0,-0.000162976,-0.000504249,-0.000587286,0.000899294,0.00138809,0.00178045,0.00337567,0.0030631,0.00133619,-0.000648581,-0.00235067,-0.0023389,-0.00195678,-0.000247818,0.00128414,0.00379998,0.00385352,0.00360086,0.00186705,0.00113688,0.000182753,-5.5661e-06,0.0,0.0,0.0,0.0,0.0,0.0,-6.90891e-06,-0.000467075,-5.89805e-05,0.00154609,0.00237988,0.00329404,0.00504255,0.00358374,0.00042638,-0.000889374,-0.00221086,-0.00242787,-0.000731294,0.00119886,0.00282734,0.0046487,0.00521075,0.00385896,0.00254838,0.00190592,0.000481493,-3.86574e-05,0.0,0.0,0.0,0.0,0.0,2.72777e-05,0.000292694,-1.30028e-05,0.000252619,0.00167704,0.00327373,0.00468262,0.0070959,0.00423782,0.000113923,-0.00127754,-0.00229093,-0.00213889,-0.000926012,0.000608485,0.0020524,0.00427214,0.00449662,0.00365572,0.00220887,0.00140417,0.000688662,-0.000162864,0.0,0.0,0.0,0.0,0.0,6.4342e-05,0.00032222,4.9598e-05,-0.000302958,0.00146448,0.00357083,0.00583958,0.0076215,0.00534487,0.000917222,-0.000404823,-0.00195864,-0.00310305,-0.00145748,0.000184299,0.00316437,0.00357304,0.0032749,0.0028294,0.00130683,0.00051774,0.000285539,-0.000149632,0.0,0.0,0.0,0.0,-1.88235e-05,0.000125159,7.08497e-05,-0.000193757,-0.000362156,0.00077188,0.00310233,0.00616168,0.0085913,0.00665612,0.00344312,0.000583667,-0.000766549,-0.00122596,0.000873328,0.0034886,0.00402285,0.00334979,0.00288963,0.00166963,0.000470551,-7.51727e-05,5.32675e-05,-9.66355e-05,0.0,0.0,0.0,0.0,-2.37255e-05,-7.81903e-05,-0.000339535,-0.000498277,-0.000771598,-9.80007e-05,0.00206148,0.0043713,0.00822297,0.00740639,0.00496645,0.00343252,0.00152547,0.00140963,0.00289143,0.00349487,0.00294652,0.00276053,0.00155026,0.000368205,-0.000470131,-0.000430509,-0.000105482,-7.70736e-05,0.0,0.0,0.0,0.0,-7.45098e-06,-0.000155923,-0.000446484,-0.0008472,-0.00133448,-0.00154295,-0.000164987,0.00163572,0.00555138,0.00732485,0.00697876,0.00557868,0.00354211,0.00333858,0.00373193,0.003161,0.00108276,0.000188391,-0.000272406,-0.000956129,-0.000773693,-0.000198362,-0.000229532,-3.15408e-05,0.0,0.0,0.0,0.0,0.0,-4.7139e-05,-0.000312313,-0.000890878,-0.00173069,-0.00228506,-0.00309485,-0.0023727,-2.49681e-05,0.00258232,0.00404634,0.00405174,0.00385583,0.00299669,0.00192492,0.000506968,-0.00135375,-0.00137521,-0.00156018,-0.00101101,-0.000357913,-0.000256169,-0.000125033,-5.43613e-06,0.0,0.0,0.0,0.0,0.0,-3.72949e-07,-0.000199377,-0.000644587,-0.00146392,-0.0024964,-0.00348829,-0.00476988,-0.00545879,-0.00443644,-0.0034175,-0.00379831,-0.00445109,-0.00495037,-0.00486179,-0.00391924,-0.00288275,-0.00188134,-0.000938873,-0.000551919,-0.000334739,-0.000154903,-4.19694e-05,-7.75522e-06,0.0,0.0,0.0,0.0,0.0,0.0,-0.000116701,-0.000372425,-0.000808698,-0.00156261,-0.00278116,-0.00433962,-0.00609998,-0.00729455,-0.00747972,-0.00755093,-0.00700449,-0.00628715,-0.00477133,-0.00306084,-0.0019422,-0.0012394,-0.000784945,-0.000447917,-0.000230746,-8.43708e-05,0.0,0.0,0.0,0.0,0.0,0.0,0.0,0.0,-3.95314e-05,-8.89376e-05,-0.000226434,-0.000491863,-0.000960125,-0.00181024,-0.00297077,-0.00375801,-0.00398002,-0.00403208,-0.00359938,-0.00309588,-0.00233438,-0.00163396,-0.0010692,-0.000709041,-0.000364531,-0.000292299,-0.000163361,-6.84555e-05,0.0,0.0,0.0,0.0,0.0,0.0,0.0,0.0,0.0,0.0,-3.33316e-06,-0.000105463,-0.00034092,-0.00053914,-0.000998293,-0.00113802,-0.00126067,-0.00127532,-0.000921061,-0.000966524,-0.00100043,-0.000864848,-0.000506378,-0.000303099,-0.000177115,-0.000140321,-9.04857e-05,-3.15934e-05,0.0,0.0,0.0,0.0,0.0,0.0,0.0,0.0,0.0,0.0,-1.85176e-07,-5.40375e-05,-0.000138756,-0.000122119,-0.000254484,-0.000226197,-0.000266751,-0.000385766,-0.000324599,-0.000294074,-0.000421224,-0.000429555,-0.000138115,-5.54902e-05,-1.70588e-05,0.0,0.0,0.0,0.0,0.0,0.0,0.0,0.0,0.0,0.0,0.0,0.0,0.0,0.0,-9.9402e-06,-4.58778e-05,-3.53642e-05,-3.82315e-06,0.0,-4.40547e-05,-2.41343e-05,0.0,-3.33806e-05,-0.000130494,-0.000118243,0.0,0.0,0.0,0.0,0.0,0.0,0.0,0.0,0.0,0.0]}