{"max":0.0618245,"min":-0.0569435,"acc":0.7964,"arr":[0.0,0.0,0.0,0.0,0.0,0.0,0.0,0.0,0.0,0.0,0.0,0.0,0.0,0.0,0.0,0.0,0.0,0.0,0.0,0.0,0.0,0.0,0.0,0.0,0.0,0.0,0.0,0.0,0.0,0.0,0.0,0.0,0.0,0.0,0.000312951,0.000670594,0.000359071,0.000254261,0.000583339,0.000807771,0.00126851,0.00119419,0.000459221,0.000360477,0.000907819,0.000492467,0.000561208,0.000944264,0.0005753,4.90967e-06,0.0,0.0,0.0,0.0,0.0,0.0,0.0,0.0,0.0,1.76501e-05,3.03286e-05,0.0,0.000291332,0.000791071,0.00187272,0.00265082,0.00360532,0.0059228,0.00951949,0.0103424,0.0124544,0.0142141,0.0147265,0.0135512,0.0116628,0.00922283,0.00682512,0.00345425,0.00117912,0.000126278,0.0,0.0,0.0,0.0,0.0,0.0,0.0,0.00013161,0.000198056,-2.60975e-05,0.0003076,0.000802801,0.00191387,0.00400998,0.00612494,0.00816685,0.0131884,0.0186007,0.0230586,0.0286332,0.0332414,0.0319159,0.0329566,0.0282629,0.016705,0.00701492,0.00297199,0.000238686,-7.89683e-05,-4.472e-05,0.0,0.0,0.0,0.0,0.0,-3.76938e-05,-7.34544e-05,-0.000302388,-0.000225801,0.00012889,0.00134667,0.00283734,0.00305835,0.00430874,0.0082445,0.0137073,0.0181183,0.0246296,0.0299389,0.0317021,0.0300095,0.021543,0.0115312,0.0046777,0.00230481,0.000131123,-9.58413e-05,-1.89544e-05,-2.44601e-05,0.0,0.0,0.0,-1.19553e-05,-3.45557e-05,-9.94979e-05,-0.000637445,-0.00127269,-0.0022432,-0.0012512,-0.00105127,-0.00202765,-0.00291567,0.000190703,0.00325896,0.0053004,0.00931627,0.0135593,0.00932475,0.00320557,-0.00350438,-0.00574376,-0.00544585,-0.00379622,-0.00263495,-0.00128111,-0.000145262,-7.02927e-05,0.0,0.0,0.0,-1.31017e-06,-0.000117691,-0.000194673,-0.00130695,-0.00285569,-0.00489807,-0.00478731,-0.00606392,-0.00843542,-0.00831254,-0.00520247,-0.00198406,-0.00383036,-0.00416025,-0.0099765,-0.0233708,-0.0294308,-0.0290871,-0.0238586,-0.0160706,-0.00978,-0.00608987,-0.00337532,-0.00115327,-0.000151954,-4.49775e-05,0.0,-1.51268e-05,-0.000110295,-0.000346539,-0.00121824,-0.00315166,-0.00512938,-0.00765663,-0.00876127,-0.0106497,-0.0145938,-0.00987611,-0.00666898,-0.00499622,-0.00594018,-0.0132682,-0.0312544,-0.0451736,-0.0492555,-0.0441682,-0.0334556,-0.0233767,-0.0147835,-0.00804775,-0.00417562,-0.00156055,-0.000239226,-7.54274e-05,0.0,-3.42887e-05,-0.000245723,-0.000933319,-0.00227963,-0.0044217,-0.00698153,-0.00899605,-0.0095558,-0.0142575,-0.0159025,-0.00726233,-0.00288349,-0.000794796,-0.00221148,-0.0195576,-0.040027,-0.0534579,-0.0569435,-0.0490756,-0.0368558,-0.0256116,-0.0159938,-0.0087656,-0.00438652,-0.00147517,-0.000181989,-2.27544e-05,0.0,-4.13171e-05,-0.000245603,-0.0011946,-0.00245297,-0.00462735,-0.00751894,-0.00901978,-0.010092,-0.0153767,-0.00998307,-0.00085575,0.00598043,0.00877881,0.000301865,-0.0213859,-0.0414988,-0.0525518,-0.0542652,-0.0464267,-0.0364854,-0.0248729,-0.0154444,-0.00810793,-0.00385338,-0.00098148,4.04773e-05,0.0,0.0,-2.10438e-05,-0.000145958,-0.000884503,-0.00228601,-0.00423287,-0.00707888,-0.00832388,-0.0105381,-0.0095378,-0.000411105,0.0109554,0.0183055,0.0138103,-0.00478066,-0.0265801,-0.0407793,-0.0465295,-0.0454961,-0.0381289,-0.026914,-0.0191845,-0.0119239,-0.00609413,-0.00260518,-0.000636626,0.000148596,-4.0948e-06,0.0,-2.47678e-06,-9.91539e-05,-0.000512287,-0.00184411,-0.00337062,-0.00618424,-0.00746862,-0.00900224,-0.00160459,0.010127,0.0202743,0.0233331,0.00995582,-0.0125868,-0.0286362,-0.0339523,-0.0340303,-0.0319675,-0.0234348,-0.0132352,-0.00664503,-0.00378609,-0.00174099,-0.00109507,-0.000279634,0.000228361,0.000201538,0.0,-7.70172e-06,-0.000110757,-0.000348875,-0.00159114,-0.00265736,-0.0050498,-0.00688957,-0.0043533,0.00650726,0.0191918,0.0277184,0.0200774,0.000142074,-0.0178426,-0.0240775,-0.0214768,-0.0187639,-0.0133033,-0.00598119,0.00312999,0.00710986,0.00355873,0.00255956,0.00106323,-0.000116054,0.000431211,0.000234971,0.0,0.0,-8.69825e-05,-0.000304444,-0.00150286,-0.00223022,-0.00546737,-0.0059285,0.00139476,0.0140839,0.0273192,0.0265213,0.0103671,-0.00825063,-0.0147523,-0.0085371,-0.00091459,0.00236378,0.00717624,0.0119871,0.0171623,0.0159072,0.00994322,0.00608903,0.00282366,0.00036971,0.000380331,6.33802e-05,0.0,-1.57208e-05,-5.33923e-05,-0.000204965,-0.00160662,-0.00297365,-0.00551787,-0.00266919,0.007097,0.0227304,0.0311308,0.0203747,0.00224302,-0.00942102,-0.00571532,0.00301646,0.00768403,0.00664509,0.0129861,0.0246883,0.0312438,0.0250274,0.014545,0.00867196,0.00331333,0.000528717,-4.98515e-06,0.0,0.0,-3.58878e-05,-7.10464e-05,-0.000229272,-0.00166429,-0.00363003,-0.00428139,0.00156702,0.0127337,0.0302666,0.0342749,0.0178767,0.00180311,-0.00217645,0.00254575,0.00759785,0.00367977,0.00245222,0.0113783,0.0286313,0.0375464,0.0306924,0.0174882,0.0086151,0.00323942,0.00057041,-0.000154717,-1.88241e-05,0.0,-1.69911e-05,-7.86479e-05,-0.000249928,-0.00159704,-0.00417766,-0.0041762,0.00393751,0.019101,0.0384578,0.0414361,0.0225947,0.0091639,0.00441296,0.00661947,-0.00197359,-0.0102893,-0.00517082,0.0116467,0.031152,0.0363912,0.0271886,0.0142976,0.00564155,0.0019454,-0.000240561,-0.000476186,-3.87555e-05,0.0,-1.31067e-05,-9.01122e-05,-0.000449111,-0.00252731,-0.00519505,-0.00629201,0.00415911,0.0241374,0.0441418,0.0513099,0.0367283,0.0199939,0.0114756,0.00277729,-0.0100619,-0.011098,0.0022683,0.0242112,0.0374722,0.0309403,0.0209085,0.00942424,0.00249803,-0.000364177,-0.00060477,-0.000231346,-1.99314e-06,0.0,-4.74551e-06,-0.000151033,-0.000686076,-0.00331123,-0.00732963,-0.00895963,0.000330335,0.022337,0.0454501,0.0605782,0.050407,0.0338466,0.0173477,0.0049279,-0.000223428,0.00758111,0.0262379,0.0394247,0.034628,0.0238988,0.0141232,0.00315084,-0.000600036,-0.00214406,-0.000693513,-5.80591e-05,0.0,0.0,0.0,-0.000214648,-0.000977585,-0.00416015,-0.0097917,-0.012811,-0.00739622,0.0129683,0.0359262,0.0607976,0.0618245,0.048742,0.0335832,0.0245976,0.0252448,0.0313012,0.0386555,0.0352841,0.0242639,0.0141302,0.0038164,-0.00272488,-0.00385222,-0.00212453,-0.000675938,0.000104328,0.0,0.0,0.0,-0.00021207,-0.00116062,-0.00419382,-0.0100115,-0.0155536,-0.0166523,-0.00545837,0.0110555,0.0369191,0.0538509,0.0546381,0.0482484,0.0439386,0.0410383,0.0369628,0.0308791,0.0190613,0.00778991,0.000100476,-0.00475728,-0.00643846,-0.0040306,-0.00194975,-0.00051957,0.000255025,0.0,0.0,0.0,-0.000126083,-0.000936689,-0.003264,-0.00837785,-0.0153582,-0.0209123,-0.02351,-0.0168206,-0.00214948,0.0164601,0.0280767,0.0324599,0.0288259,0.020781,0.0108102,0.000429669,-0.0062843,-0.00768137,-0.00792589,-0.00727989,-0.00484762,-0.00281921,-0.00151165,-0.000234965,0.000296576,0.0,0.0,0.0,-2.53752e-05,-0.000564323,-0.00189292,-0.00528273,-0.0110956,-0.018987,-0.0281475,-0.034702,-0.0354615,-0.0321827,-0.0275862,-0.0261466,-0.02688,-0.0281185,-0.0282294,-0.0232025,-0.0181442,-0.0121521,-0.00723403,-0.00377726,-0.00254204,-0.00135821,-0.000736073,-0.000152575,0.000127226,0.0,0.0,0.0,0.0,-0.000158588,-0.000939359,-0.00261039,-0.00593243,-0.011758,-0.0192726,-0.0279481,-0.0370715,-0.0449921,-0.0482363,-0.0467508,-0.0431633,-0.0371554,-0.0289516,-0.0203124,-0.0129083,-0.00734989,-0.00393023,-0.00202683,-0.00102491,-0.000696149,-0.000391466,-0.000107966,0.0,0.0,0.0,0.0,0.0,-6.53358e-06,-0.000183353,-0.000589685,-0.00175073,-0.00447335,-0.0081317,-0.0127495,-0.0186035,-0.0231144,-0.0243963,-0.0237685,-0.0217349,-0.0185888,-0.0144618,-0.0101814,-0.00643042,-0.00381763,-0.0021837,-0.0013036,-0.000792038,-0.000455457,-0.000253211,-6.50296e-05,0.0,0.0,0.0,0.0,0.0,0.0,-8.46529e-06,-0.000167945,-0.000597007,-0.00150824,-0.0028865,-0.00459403,-0.00697188,-0.00831873,-0.00827399,-0.00771346,-0.00657335,-0.0064003,-0.0059163,-0.00442473,-0.0028418,-0.00164529,-0.0010105,-0.000680889,-0.000313961,-0.000146508,-4.18232e-05,0.0,0.0,0.0,0.0,0.0,0.0,0.0,-1.43957e-05,-0.000111557,-0.000285988,-0.000554156,-0.00120509,-0.00167208,-0.00240268,-0.00283181,-0.00278995,-0.00272458,-0.00257421,-0.0022291,-0.00193539,-0.00154477,-0.000971663,-0.000413312,-0.000161901,-0.000145468,-4.25979e-05,-8.07449e-06,0.0,0.0,0.0,0.0,0.0,0.0,0.0,0.0,0.0,0.0,-8.05812e-06,-7.39831e-05,-0.000146188,-0.00014234,-0.000203157,-0.000265105,-0.000257097,-0.00028564,-0.00037847,-0.00035542,-0.00033648,