{"max":0.0499908,"min":-0.0431907,"acc":0.7951,"arr":[0.0,0.0,0.0,0.0,0.0,0.0,0.0,0.0,0.0,0.0,0.0,0.0,0.0,0.0,0.0,0.0,0.0,0.0,0.0,0.0,0.0,0.0,0.0,0.0,0.0,0.0,0.0,0.0,0.0,0.0,0.0,0.0,0.0,0.0,0.000122573,0.000364834,0.000327341,0.000254261,0.000583339,0.000807771,0.00122141,0.000879734,0.000366283,0.000364245,0.000947816,0.000503481,0.000429874,0.0006325,0.000350683,0.0,0.0,0.0,0.0,0.0,0.0,0.0,0.0,0.0,0.0,0.0,3.03286e-05,0.0,3.02826e-05,0.000424736,0.00142362,0.00266795,0.00346122,0.0055683,0.00863061,0.00860352,0.0094635,0.0108028,0.0111977,0.0105159,0.00902077,0.00720165,0.00560695,0.0031793,0.00113357,0.000126278,0.0,0.0,0.0,0.0,0.0,0.0,0.0,-5.51713e-06,7.85787e-05,-2.31713e-05,3.68076e-06,0.000502434,0.00144387,0.0036421,0.00564614,0.0078104,0.0112022,0.0144017,0.0179143,0.021982,0.0248999,0.0241102,0.0254256,0.0220374,0.0137178,0.00651751,0.00309418,0.000418992,0.0,0.0,0.0,0.0,0.0,0.0,0.0,-3.76938e-05,-6.83568e-05,-0.000256788,-0.000374609,-1.62121e-05,0.00102169,0.002777,0.00354384,0.00471179,0.00670481,0.0109206,0.0144215,0.0186889,0.02174,0.0235883,0.0240527,0.0172449,0.0089079,0.0040745,0.00244967,0.000415957,4.19738e-05,3.1031e-05,-2.44601e-05,0.0,0.0,0.0,-1.19553e-05,-3.45557e-05,-3.21223e-05,-0.000353564,-0.00103061,-0.00176689,-0.000859532,-2.64656e-05,-0.000154394,-0.000790819,0.000979166,0.00258837,0.00433898,0.00669578,0.00924031,0.00825732,0.00325668,-0.00270343,-0.00377982,-0.00365648,-0.00220027,-0.00174123,-0.00102095,-7.77196e-05,-6.9996e-05,0.0,0.0,0.0,-1.31017e-06,-5.97344e-05,-7.73488e-05,-0.000831844,-0.00222814,-0.00372495,-0.00334057,-0.0036514,-0.00484856,-0.00532928,-0.00407386,-0.00158554,-0.00340236,-0.00338126,-0.00587241,-0.016183,-0.0222971,-0.0223513,-0.0183309,-0.0117977,-0.00709633,-0.00455484,-0.0028704,-0.00101724,-0.000226576,-1.2713e-05,0.0,0.0,-7.80543e-05,-0.000278261,-0.000969538,-0.00237601,-0.0037872,-0.00550847,-0.00580914,-0.00657108,-0.0101633,-0.00704364,-0.00507587,-0.00428949,-0.00503942,-0.00924602,-0.0218677,-0.0337513,-0.0375779,-0.0340254,-0.025824,-0.0181254,-0.011307,-0.00652586,-0.00353602,-0.00136579,-0.000437728,-6.31847e-05,0.0,-2.53473e-05,-0.000214117,-0.000686891,-0.00179962,-0.00331663,-0.00499338,-0.00636208,-0.0063874,-0.0102381,-0.0118194,-0.00518535,-0.00201311,-0.00138148,-0.000863205,-0.0134024,-0.0294561,-0.040411,-0.0431907,-0.0372122,-0.0279351,-0.0197146,-0.0123276,-0.0070234,-0.00324672,-0.00119447,-0.000350849,-2.27544e-05,0.0,-2.74249e-05,-0.000178886,-0.000925909,-0.00199346,-0.00346663,-0.00522036,-0.006597,-0.0074716,-0.0121034,-0.00813122,-0.000369855,0.00435618,0.00702407,0.0018141,-0.0148651,-0.0314435,-0.0394966,-0.0406312,-0.0342602,-0.0273662,-0.0185597,-0.0119117,-0.00655701,-0.00276261,-0.000761728,-0.000151529,0.0,0.0,-1.3851e-06,-9.67495e-05,-0.000709293,-0.00181311,-0.00295559,-0.00485737,-0.00636038,-0.00866747,-0.00804034,-0.00114451,0.00896112,0.0131142,0.011578,-0.00271086,-0.0193978,-0.0306524,-0.0343584,-0.0335113,-0.0275363,-0.0195443,-0.0142701,-0.00895656,-0.00496807,-0.00194676,-0.000584568,-0.000130195,0.0,0.0,-1.95255e-06,-8.97177e-05,-0.000442157,-0.00143573,-0.00221929,-0.00441911,-0.00620692,-0.00776778,-0.00164406,0.00902588,0.0163519,0.0183283,0.00887119,-0.00849825,-0.020935,-0.025048,-0.0245101,-0.0231697,-0.0162752,-0.00865854,-0.00463807,-0.00289551,-0.00174269,-0.000775927,-0.000281601,1.80142e-05,0.000202508,0.0,-7.70172e-06,-8.46409e-05,-0.000299693,-0.00121503,-0.0016909,-0.00389617,-0.00544888,-0.00372894,0.00486777,0.0164417,0.0222852,0.0166296,0.00119674,-0.0130267,-0.0184384,-0.0159713,-0.0135737,-0.00871908,-0.00291699,0.00328656,0.00564131,0.00185845,0.00142458,0.000956888,-0.000117871,0.000303984,0.000234971,0.0,0.0,-7.62289e-05,-0.000277654,-0.00103178,-0.00112749,-0.00446643,-0.00439667,0.0011925,0.0114224,0.0226281,0.0216469,0.00857933,-0.00540786,-0.0111931,-0.00660076,-0.00059416,0.00216727,0.00662417,0.0116863,0.0156945,0.0132958,0.00675606,0.00403631,0.00237847,0.000384786,0.000343813,6.33802e-05,0.0,-1.57208e-05,-5.33923e-05,-0.000197304,-0.0010948,-0.00172109,-0.00494725,-0.00156773,0.00616184,0.0185693,0.0256708,0.0165483,0.0026955,-0.00661133,-0.00357528,0.00397777,0.00691589,0.00520128,0.0109013,0.0214666,0.0268795,0.0205554,0.0106954,0.00682897,0.00272152,0.000488722,-4.98515e-06,0.0,0.0,-3.58878e-05,-6.08135e-05,-0.00015715,-0.00110695,-0.00240516,-0.00348202,0.00177666,0.0109718,0.0253374,0.0280341,0.0145228,0.00270752,-0.000547398,0.00373636,0.00670295,0.00270095,0.00134232,0.00906272,0.0234443,0.0313834,0.0254578,0.0138748,0.00720405,0.00257836,0.00027473,-0.000154717,-1.88241e-05,0.0,-1.69911e-05,-4.91296e-05,-0.000109899,-0.00105485,-0.00242907,-0.00288557,0.00383372,0.0166089,0.0322508,0.0337937,0.0190478,0.00851696,0.0048782,0.0065273,-0.00101723,-0.00848016,-0.00439993,0.00972334,0.0255012,0.0292077,0.0226198,0.012092,0.00477672,0.00175317,-0.000240342,-0.000259651,-3.87555e-05,0.0,-1.31067e-05,-4.59179e-05,-0.000268462,-0.00161747,-0.00308588,-0.00458184,0.00426587,0.0204217,0.038003,0.0425872,0.0306271,0.0177686,0.0113809,0.00418225,-0.00605166,-0.00730527,0.00188498,0.0193636,0.0299705,0.0249979,0.0181788,0.0082605,0.0017759,-2.68077e-05,-0.000471123,-0.000104865,-1.99314e-06,0.0,-4.74551e-06,-8.89842e-05,-0.00042667,-0.00217733,-0.00477095,-0.00633336,0.00133536,0.0190779,0.0384811,0.0494359,0.0411613,0.0284981,0.0160257,0.00468333,0.00085756,0.0061448,0.0208732,0.0312455,0.0297521,0.0213399,0.013114,0.00277394,-0.000927234,-0.00148068,-0.00045031,-2.66379e-05,0.0,0.0,0.0,-9.99466e-05,-0.000714725,-0.00294142,-0.0067692,-0.0094091,-0.00457716,0.0121453,0.0306234,0.0487302,0.0499908,0.0399667,0.0283155,0.0208483,0.0211239,0.0243731,0.0309345,0.0291806,0.0230245,0.0137334,0.00398072,-0.00244001,-0.00317091,-0.0014192,-0.000431785,-0.000102294,0.0,0.0,0.0,-8.87014e-05,-0.000807597,-0.00293022,-0.00738114,-0.0112366,-0.0121823,-0.00265425,0.00941029,0.029581,0.0427794,0.0436018,0.0386428,0.0354328,0.0330584,0.0291319,0.0250215,0.0162128,0.00767303,0.000838883,-0.00329077,-0.00495923,-0.00286496,-0.00134804,-0.000351766,-4.10779e-05,0.0,0.0,0.0,-6.02846e-05,-0.000686186,-0.00233825,-0.00635144,-0.0114504,-0.0154925,-0.0174186,-0.0124003,-0.00242191,0.0124963,0.0218213,0.0258571,0.0231133,0.017212,0.00951967,0.00108522,-0.00447853,-0.00529316,-0.00556964,-0.00537184,-0.00350219,-0.00188918,-0.000985169,-0.000107796,-2.85263e-07,0.0,0.0,0.0,-1.51421e-05,-0.000462677,-0.00142674,-0.00408329,-0.0086021,-0.0145049,-0.0215111,-0.0266435,-0.0280621,-0.0255541,-0.0223483,-0.0214748,-0.0225261,-0.0232443,-0.022525,-0.017373,-0.0133634,-0.0088393,-0.00548635,-0.00316581,-0.00187935,-0.00101179,-0.000452004,-6.46381e-05,0.0,0.0,0.0,0.0,0.0,-0.000141971,-0.000719774,-0.00209389,-0.00471424,-0.00922724,-0.0156112,-0.0226211,-0.029511,-0.0355648,-0.0375855,-0.0358928,-0.0333589,-0.0291108,-0.0226403,-0.0156714,-0.00968021,-0.0056461,-0.00297002,-0.00142713,-0.000753567,-0.00051827,-0.000197094,-2.67175e-05,0.0,0.0,0.0,0.0,0.0,-2.71897e-06,-0.000150674,-0.00049359,-0.00139516,-0.00359358,-0.00671582,-0.0104243,-0.0147622,-0.0178991,-0.0188568,-0.0184618,-0.0169836,-0.0146219,-0.0113967,-0.00777517,-0.00500494,-0.00298494,-0.00173114,-0.00100258,-0.00060525,-0.000307199,-0.000124436,-1.12086e-06,0.0,0.0,0.0,0.0,0.0,0.0,-8.46529e-06,-0.000148234,-0.000493355,-0.00124282,-0.00253584,-0.00393688,-0.0058601,-0.00664843,-0.00643782,-0.0060714,-0.00514036,-0.00490329,-0.00449299,-0.00343945,-0.00220611,-0.00125079,-0.000731013,-0.00047099,-0.0002065,-0.000123661,-3.53785e-05,0.0,0.0,0.0,0.0,0.0,0.0,0.0,-1.43957e-05,-8.26301e-05,-0.000229052,-0.000480714,-0.0010948,-0.00148512,-0.00209788,-0.00219855,-0.00220109,-0.00217088,-0.00207111,-0.00183103,-0.00170423,-0.00139043,-0.000786669,-0.000315306,-7.996e-05,-5.86051e-05,-4.0548e-05,-8.07449e-06,0.0,0.0,0.0,0.0,0.0,0.0,0.0,0.0,0.0,0.0,-8.05812e-06,-7.39831e-05,-0.000146188,-0.00014234,-0.000154214,-0.000197698,-0.000211902,-0.000222375,-0.000304221,-0.00030572,-0.000302039,