{"max":0.196235,"min":-0.17589,"acc":0.8776,"arr":[0.0,0.0,0.0,0.0,0.0,0.0,0.0,0.0,0.0,0.0,0.0,0.0,0.000132728,0.000267803,-2.54009e-05,-1.05837e-06,0.0,0.0,0.0,0.0,0.0,0.0,0.0,0.0,0.0,0.0,0.0,0.0,0.0,0.0,0.0,0.0,3.82611e-06,1.6736e-05,0.000423268,0.000941477,0.00162296,0.00181475,0.0034319,0.00383513,0.00391773,0.00323641,0.00275622,0.00195804,0.00263996,0.00217345,0.00142178,0.00176803,0.00133554,0.000302697,0.000219671,1.79079e-05,0.0,0.0,0.0,0.0,0.0,0.0,0.0,8.00757e-06,4.55207e-05,4.50437e-05,0.000749448,0.00306707,0.0068185,0.011321,0.0177077,0.024473,0.0330287,0.037357,0.043396,0.0465591,0.0461104,0.0401683,0.0366487,0.0314521,0.0212586,0.0127072,0.00610207,0.00165089,0.000188714,-4.98607e-05,0.0,0.0,0.0,0.0,-1.76515e-06,0.00010297,0.000187392,-2.97389e-05,0.00108143,0.00413708,0.0091513,0.0176264,0.0278302,0.0376445,0.0477969,0.0600006,0.0786421,0.0908016,0.0967559,0.103276,0.105994,0.094383,0.0646061,0.0400846,0.0203305,0.00720048,0.00349284,0.00027593,-1.91928e-05,0.0,0.0,-2.23037e-06,-1.08111e-05,-1.82112e-05,-0.000195251,-0.000617612,-0.000734375,0.000762038,0.00548641,0.0122632,0.0164943,0.0184514,0.0217923,0.0343609,0.0471422,0.0618617,0.0831288,0.0989856,0.0996288,0.0845812,0.0574004,0.0360399,0.0197361,0.00721091,0.00269643,-7.74877e-05,-0.000189148,0.0,0.0,0.0,-1.71676e-08,-0.000222344,-0.00110602,-0.00238603,-0.00582222,-0.00722486,-0.00529797,-0.00374958,-0.00441777,-0.0123961,-0.0105823,-0.012478,-0.00633945,0.00812658,0.028567,0.033749,0.028718,0.0148653,0.00371899,-0.00201822,-0.00570243,-0.00495859,-0.00285831,-0.0013978,-0.00050734,-1.91344e-05,0.0,0.0,-7.62254e-06,-0.00077877,-0.00223144,-0.0059352,-0.0122349,-0.0145207,-0.0170861,-0.0197775,-0.0252252,-0.0307068,-0.0361467,-0.0428028,-0.0418543,-0.0344567,-0.0351966,-0.0540056,-0.0672443,-0.0692606,-0.0629411,-0.0472963,-0.0333189,-0.0229036,-0.0125414,-0.00473611,-0.000992247,-0.000101931,0.0,-1.56415e-05,-0.000162878,-0.00144932,-0.00457656,-0.0112928,-0.0184413,-0.0213602,-0.0241803,-0.0292602,-0.0354694,-0.0425577,-0.0498572,-0.0522412,-0.0475787,-0.0561216,-0.088048,-0.123456,-0.13905,-0.130758,-0.106767,-0.0797118,-0.0535267,-0.0332988,-0.0175164,-0.00739875,-0.00118327,-8.12572e-05,-4.3213e-06,-4.43675e-05,-0.000480463,-0.00249608,-0.00747385,-0.0153555,-0.0228169,-0.0236209,-0.0237404,-0.0291201,-0.034025,-0.0364047,-0.0375437,-0.0306936,-0.0273759,-0.0677403,-0.123063,-0.162811,-0.17589,-0.157475,-0.12469,-0.0921514,-0.0615395,-0.0370808,-0.0201858,-0.00843658,-0.00155258,-4.15899e-05,-2.11438e-05,-0.000108257,-0.00067407,-0.0033027,-0.00820316,-0.0161237,-0.0227029,-0.019362,-0.0163307,-0.0228054,-0.0211874,-0.0195548,-0.00715997,0.00737563,-0.00991323,-0.0753599,-0.137008,-0.172478,-0.175194,-0.153057,-0.119677,-0.0848113,-0.0567366,-0.032504,-0.0168612,-0.00706518,-0.00144395,-4.48046e-05,-2.54208e-05,-0.000164236,-0.000658466,-0.00273456,-0.00747988,-0.0138342,-0.0181358,-0.00997667,-0.00665885,-0.0088551,-0.00299944,0.00836587,0.0350973,0.0358892,-0.0203591,-0.092213,-0.13554,-0.149378,-0.142299,-0.121975,-0.0869461,-0.0553255,-0.0307296,-0.0170057,-0.00941764,-0.0046243,-0.00122228,-0.00019954,-1.19699e-05,-0.000205455,-0.000616757,-0.00200529,-0.00618053,-0.00997331,-0.0111402,-0.00151941,0.00280984,0.00776405,0.0136726,0.0388259,0.06284,0.0319504,-0.043762,-0.0968613,-0.103346,-0.0998661,-0.0883937,-0.0683956,-0.036983,-0.007197,0.00704683,0.00741764,0.000314891,-0.00112023,-0.000792565,9.58711e-05,-5.25193e-07,-0.000103785,-0.000496995,-0.00165464,-0.00614296,-0.00852472,-0.00449656,0.00514905,0.0150745,0.0215764,0.0348209,0.0696855,0.0674484,0.00741933,-0.0572386,-0.0683259,-0.052224,-0.0441241,-0.0341505,-0.0139066,0.0157964,0.0409167,0.0407228,0.0307485,0.012932,0.00172771,-0.000570091,0.000234971,-1.64407e-06,-4.9738e-05,-0.000240277,-0.00131543,-0.00661187,-0.0071795,-0.000412336,0.0117061,0.027069,0.0395354,0.0629712,0.0804865,0.0447235,-0.0184546,-0.040979,-0.0154116,0.00819222,0.00715357,0.00722828,0.0246307,0.0520158,0.0704472,0.0660135,0.0481751,0.0233734,0.00238695,-0.000252492,3.82905e-05,0.0,-5.24111e-05,-0.000134265,-0.00127813,-0.00737599,-0.00791135,0.00123139,0.0173485,0.0366735,0.0624977,0.0806969,0.074837,0.0227418,-0.022892,-0.00424448,0.0285992,0.0379605,0.014175,0.0143011,0.0404507,0.0754913,0.0872891,0.0782528,0.0538803,0.0244502,0.0026776,-0.00106034,-1.86381e-05,-1.75514e-07,-3.58878e-05,-0.000140399,-0.0016108,-0.00865696,-0.0113287,-0.000539534,0.0210684,0.0465658,0.0827915,0.0997097,0.0715518,0.0151033,-0.0066996,0.0165788,0.0304312,0.0136717,-0.00643538,0.0049248,0.0457053,0.0817955,0.0939434,0.0760016,0.0483537,0.0201253,0.00139101,-0.00181104,-0.0001739,-1.00294e-06,-2.20903e-05,-0.0002033,-0.00219236,-0.0102962,-0.015943,-0.00556527,0.0224281,0.0594384,0.105135,0.122911,0.0853393,0.0252943,0.00963988,0.0131005,-0.00726776,-0.0371702,-0.0310672,0.0106342,0.058936,0.0835091,0.0815716,0.0617682,0.0329457,0.0109138,-0.00270024,-0.00237154,-0.000302305,0.0,-2.57919e-05,-0.000253943,-0.00318176,-0.0144922,-0.0226545,-0.0160803,0.0183739,0.0697293,0.124213,0.155662,0.121664,0.0593509,0.0263651,0.00255638,-0.0361621,-0.0464953,-0.0059377,0.0535011,0.0887819,0.0839506,0.0683679,0.0433944,0.0144799,-0.00349239,-0.00632444,-0.00230131,-0.000245422,-6.07305e-08,-8.93155e-06,-0.000365724,-0.00460003,-0.0177633,-0.0325935,-0.0294621,0.00695291,0.0648164,0.132137,0.18433,0.166851,0.109256,0.0500673,0.00670123,-0.00782268,0.0155743,0.0682457,0.102902,0.0967163,0.0748831,0.0491,0.0157709,-0.00519438,-0.0125474,-0.00709948,-0.00148316,-0.000231688,-3.03652e-07,-3.10466e-05,-0.000639078,-0.00599807,-0.0194664,-0.0391646,-0.0459177,-0.0206264,0.0359352,0.109553,0.185405,0.196235,0.152273,0.0966287,0.0628226,0.0711718,0.0989317,0.118115,0.106776,0.0789987,0.0464586,0.0145184,-0.0101143,-0.0182665,-0.0132651,-0.0060244,-0.0010515,-0.000111047,0.0,-6.13763e-05,-0.000730466,-0.00582946,-0.0187537,-0.0390258,-0.0555676,-0.0529918,-0.0218675,0.0386087,0.12085,0.173185,0.176702,0.157429,0.143732,0.13691,0.124617,0.0979267,0.0637703,0.0295999,-0.000578423,-0.0188068,-0.023706,-0.0181195,-0.00986326,-0.00329511,-0.000255998,0.0,0.0,-4.66169e-05,-0.000550239,-0.00384529,-0.0139435,-0.0324359,-0.0544398,-0.0662645,-0.0687569,-0.0430257,0.00982984,0.0715771,0.112447,0.128354,0.120111,0.0917783,0.0529765,0.0155163,-0.0113804,-0.0248282,-0.0307851,-0.0277086,-0.0194988,-0.0109244,-0.00548576,-0.00146514,7.79655e-05,-1.45629e-06,0.0,0.0,-0.000265416,-0.00198117,-0.0070246,-0.0196415,-0.0398661,-0.0613575,-0.0853331,-0.100692,-0.0969167,-0.0867651,-0.0664134,-0.0553657,-0.0569747,-0.0634204,-0.0698261,-0.0654765,-0.0572142,-0.0455726,-0.0311516,-0.0195966,-0.0116059,-0.00610381,-0.00276739,-0.000658514,4.99082e-05,-2.68853e-06,0.0,0.0,-6.59485e-05,-0.000646801,-0.00272509,-0.00745861,-0.0177524,-0.0348193,-0.0573068,-0.0830718,-0.108413,-0.129952,-0.139801,-0.137188,-0.128434,-0.113738,-0.0934837,-0.0697452,-0.0474217,-0.0311857,-0.0191742,-0.0105453,-0.00559276,-0.00306771,-0.00137848,-0.000305518,-3.87335e-05,0.0,0.0,0.0,-6.4253e-06,-5.17564e-05,-0.000527687,-0.00191768,-0.00555161,-0.0124311,-0.0224904,-0.0353678,-0.0495866,-0.0612361,-0.0671054,-0.068482,-0.0647487,-0.0569833,-0.0453272,-0.0345736,-0.0244686,-0.0163844,-0.00964035,-0.00529372,-0.00273702,-0.00130188,-0.000482778,-8.82195e-05,0.0,0.0,0.0,0.0,-2.03219e-06,-6.00793e-06,-0.00015162,-0.000641347,-0.00199907,-0.00428583,-0.00807531,-0.0126592,-0.017416,-0.0203476,-0.0216099,-0.022192,-0.0211001,-0.0193593,-0.0172403,-0.0143203,-0.0106551,-0.00706112,-0.00412679,-0.00225483,-0.00106022,-0.000450592,-0.000101891,0.0,0.0,0.0,0.0,0.0,0.0,0.0,-5.8425e-05,-0.000213146,-0.000600893,-0.00115206,-0.00241943,-0.00345826,-0.00473644,-0.00561358,-0.00587946,-0.00622074,-0.00630517,-0.00565472,-0.00487574,-0.00416441,-0.0030876,-0.00195651,-0.00124512,-0.0006523,-0.000214628,-4.83264e-05,-3.36207e-07,-1.78274e-07,0.0,0.0,0.0,0.0,0.0,0.0,0.0,0.0,-2.72722e-05,-0.000128083,-0.000222675,-0.000229569,