{"max":0.174854,"min":-0.157649,"acc":0.8731,"arr":[0.0,0.0,0.0,0.0,0.0,0.0,0.0,0.0,0.0,0.0,0.0,0.0,0.000132728,0.000267803,-2.54009e-05,-1.05837e-06,0.0,0.0,0.0,0.0,0.0,0.0,0.0,0.0,0.0,0.0,0.0,0.0,0.0,0.0,0.0,0.0,0.0,5.4968e-06,0.000423268,0.000910029,0.00130873,0.00139388,0.00315919,0.00273431,0.00246774,0.00250414,0.00232423,0.00168313,0.00235748,0.00180601,0.00117526,0.00139819,0.00116196,0.000302697,0.000219671,1.79079e-05,0.0,0.0,0.0,0.0,0.0,0.0,0.0,8.00757e-06,4.31294e-05,3.8348e-05,0.000643656,0.00248285,0.00573686,0.0101308,0.0161214,0.0215828,0.0267329,0.0312564,0.0382849,0.0413615,0.040882,0.0357761,0.0322608,0.0269217,0.0185463,0.0112539,0.00474442,0.000899326,0.000240357,0.000142604,0.0,0.0,0.0,0.0,-1.76515e-06,0.00010297,0.000187392,-1.84672e-05,0.000816543,0.00269936,0.00639347,0.0152157,0.0245903,0.0325323,0.0400075,0.0520121,0.0696482,0.0810956,0.0873108,0.093222,0.0944726,0.0818968,0.0536588,0.0321755,0.016003,0.00468464,0.00209187,0.000269412,-1.91928e-05,0.0,0.0,-2.23037e-06,-1.08111e-05,2.67816e-05,-0.000178191,-0.000617662,-0.000969314,-0.000534898,0.00387101,0.0113491,0.0149226,0.0152001,0.0183873,0.0309464,0.042822,0.0564859,0.0759006,0.0892796,0.08796,0.0720007,0.0461172,0.0282138,0.0156252,0.00487958,0.00191145,0.000147846,-0.000165558,0.0,0.0,0.0,-1.71676e-08,2.43612e-05,-0.000750389,-0.00214031,-0.00561346,-0.00740356,-0.00485551,-0.00238542,-0.00445385,-0.0121831,-0.0106993,-0.0109484,-0.00375815,0.00997443,0.0273522,0.0287003,0.0208299,0.00683974,-0.00103895,-0.00363202,-0.00604562,-0.0051324,-0.00236837,-0.00102989,-0.000487192,-3.98133e-06,0.0,0.0,-7.47918e-06,-0.000618573,-0.00172295,-0.0052126,-0.0113274,-0.0137522,-0.0144299,-0.0172458,-0.0237066,-0.0276192,-0.0322981,-0.0363144,-0.0337414,-0.0280514,-0.0300363,-0.0506772,-0.0657626,-0.0681699,-0.0585945,-0.0427605,-0.0300722,-0.0195131,-0.0107574,-0.00414129,-0.000838182,-6.70417e-05,0.0,-1.56395e-05,-0.000155356,-0.0013666,-0.00413861,-0.00998531,-0.0167659,-0.0191023,-0.0202888,-0.0263885,-0.032328,-0.0363907,-0.0420425,-0.0425992,-0.037982,-0.048192,-0.0794114,-0.113732,-0.128315,-0.120183,-0.096794,-0.0701322,-0.046371,-0.0283392,-0.0149056,-0.00632944,-0.00105179,-7.92617e-05,0.0,-4.3e-05,-0.000458075,-0.00234065,-0.0067282,-0.0136344,-0.0203142,-0.0205279,-0.0199718,-0.0265776,-0.0294257,-0.0290929,-0.0294152,-0.0227523,-0.0214758,-0.0600984,-0.112893,-0.148491,-0.157649,-0.140033,-0.110549,-0.0805072,-0.0521865,-0.0309356,-0.0168208,-0.00715408,-0.00134275,-3.65538e-05,-2.0531e-05,-0.000106431,-0.000628906,-0.00309649,-0.00694361,-0.0141825,-0.0195168,-0.0166118,-0.0138669,-0.0208152,-0.0159769,-0.0140308,-0.000267463,0.0108673,-0.00800895,-0.0695085,-0.125881,-0.155299,-0.155047,-0.134644,-0.104732,-0.0737529,-0.0491205,-0.0273953,-0.013946,-0.00561233,-0.00110863,-4.15528e-05,-2.39485e-05,-0.000159526,-0.000590863,-0.00248591,-0.00618488,-0.0115411,-0.0154739,-0.00869767,-0.00588991,-0.00742261,8.98182e-06,0.0112285,0.036672,0.0338349,-0.0199006,-0.0853532,-0.123838,-0.13441,-0.127613,-0.108899,-0.0761885,-0.0481711,-0.0267281,-0.0142251,-0.00753627,-0.00299127,-0.00081129,-0.00019954,-1.15322e-05,-0.00012621,-0.000463424,-0.00170451,-0.00511367,-0.00862915,-0.0106401,-0.00109188,0.00295454,0.00843378,0.0149784,0.0380775,0.0579083,0.0267006,-0.0424377,-0.0891073,-0.0947357,-0.0913214,-0.0813935,-0.0609789,-0.0339547,-0.00857653,0.00493499,0.00636673,0.00113707,0.000225773,-0.000342142,9.58711e-05,-5.25193e-07,-5.11854e-05,-0.000381382,-0.00134165,-0.00506415,-0.00763559,-0.00550713,0.00431514,0.0132942,0.0213523,0.0341826,0.0630001,0.0584756,0.00216789,-0.0543912,-0.0642235,-0.0496852,-0.0426374,-0.0319983,-0.011019,0.0153297,0.0342529,0.0337702,0.0254959,0.0111365,0.00221459,-0.000194754,0.000234971,-1.64407e-06,-4.47179e-05,-0.00022372,-0.00102715,-0.00535604,-0.00631853,-0.00156318,0.0101204,0.0238393,0.0369244,0.057312,0.0694863,0.0364549,-0.0197322,-0.0379517,-0.0152829,0.00452662,0.00536127,0.0093791,0.0272863,0.0499174,0.0617828,0.0561732,0.0402184,0.018964,0.00261157,-0.000186459,3.82905e-05,0.0,-5.24111e-05,-0.000132675,-0.00082527,-0.00574614,-0.00686768,0.000509282,0.0145584,0.0320661,0.0555297,0.0708223,0.06285,0.0164967,-0.0228415,-0.00687444,0.022314,0.0321033,0.0135235,0.0174449,0.0428845,0.0732062,0.0793024,0.0686862,0.0455336,0.0203136,0.00307784,-0.000567914,-1.86381e-05,0.0,-3.58878e-05,-0.000133954,-0.000931119,-0.00675322,-0.0100115,-0.000840808,0.0180877,0.0418099,0.0727624,0.0862456,0.0589107,0.00927579,-0.0105632,0.00854046,0.0246178,0.0124532,-0.004619,0.00778332,0.0461872,0.0802017,0.0871319,0.0685415,0.0416099,0.0179011,0.00247968,-0.000889131,-0.0001739,0.0,-2.20425e-05,-0.000168918,-0.00144292,-0.00807099,-0.0139788,-0.00486911,0.0190564,0.0521388,0.0929779,0.106246,0.0703642,0.0188289,0.00307266,0.00860269,-0.00595793,-0.0317439,-0.0261168,0.0124104,0.057014,0.081292,0.0764318,0.0562191,0.0284556,0.0101093,-0.000896116,-0.00166663,-0.000291774,0.0,-2.50677e-05,-0.000212933,-0.00247905,-0.0116198,-0.0187056,-0.0137212,0.0169743,0.0615523,0.110782,0.135622,0.106273,0.0535781,0.0245621,0.00364588,-0.0296193,-0.0391294,-0.00594765,0.0505572,0.083926,0.0800809,0.0637507,0.0389467,0.012221,-0.00216771,-0.00486833,-0.00174234,-0.000154159,-6.07305e-08,-8.84956e-06,-0.000341938,-0.00380513,-0.0146938,-0.0269018,-0.0251311,0.0067493,0.0584876,0.117875,0.163334,0.147947,0.0978632,0.0457087,0.00743672,-0.00779162,0.011599,0.0583996,0.0958256,0.0910378,0.0700174,0.0432872,0.0122547,-0.00524996,-0.0108724,-0.00606688,-0.00138285,-0.000231688,-3.03652e-07,-3.5161e-06,-0.000559029,-0.00483103,-0.016578,-0.033989,-0.0390143,-0.0160832,0.0329333,0.0962227,0.163816,0.174854,0.13491,0.0849142,0.0555318,0.0624537,0.0857342,0.104297,0.0971134,0.0711393,0.0414031,0.0111422,-0.0102578,-0.0159507,-0.0114039,-0.00495199,-0.000950081,-0.000111047,0.0,-3.81015e-06,-0.00062095,-0.00487627,-0.0162948,-0.0343963,-0.048343,-0.0443716,-0.0171974,0.0330588,0.103565,0.151833,0.154739,0.134939,0.12205,0.117456,0.109334,0.0869735,0.0560132,0.0248867,-0.000657453,-0.0175175,-0.0215162,-0.0161999,-0.00869522,-0.00294455,-0.000209412,0.0,0.0,-4.66169e-05,-0.000515246,-0.00337451,-0.0124185,-0.0288756,-0.0483183,-0.059114,-0.0617975,-0.0399624,0.00497613,0.0601454,0.0953876,0.10908,0.100674,0.0773026,0.0448829,0.0118776,-0.0112967,-0.0224306,-0.0284521,-0.0257265,-0.017431,-0.00969913,-0.00500505,-0.00137818,9.1481e-05,-1.45629e-06,0.0,0.0,-0.000224208,-0.00176528,-0.00630172,-0.0174859,-0.0353605,-0.0552208,-0.0771129,-0.0908799,-0.0889752,-0.081104,-0.0633116,-0.0540279,-0.0545083,-0.0591014,-0.064556,-0.059575,-0.0513569,-0.0406102,-0.0280768,-0.0171434,-0.00992948,-0.00527299,-0.00249138,-0.000622294,6.09227e-05,-2.68853e-06,0.0,0.0,-5.34355e-05,-0.000526788,-0.0024202,-0.00664566,-0.015986,-0.0312298,-0.0511189,-0.0745223,-0.0978722,-0.117344,-0.127087,-0.125008,-0.117133,-0.102716,-0.0836654,-0.0623757,-0.0422289,-0.0270457,-0.0162984,-0.00885255,-0.00459431,-0.00264172,-0.00117671,-0.00028784,-3.87335e-05,0.0,0.0,0.0,-6.12124e-06,-4.76844e-05,-0.000464314,-0.00167247,-0.0050672,-0.0114228,-0.0203824,-0.0322381,-0.0456281,-0.0558312,-0.0608462,-0.0619835,-0.0582389,-0.0510758,-0.0407857,-0.030906,-0.0215718,-0.0142337,-0.00826702,-0.00447895,-0.00231269,-0.0010667,-0.000387939,-8.82195e-05,0.0,0.0,0.0,0.0,-2.03219e-06,-2.75228e-06,-0.000102409,-0.000530619,-0.00181951,-0.00394258,-0.00739374,-0.0116607,-0.0161626,-0.0187972,-0.0198035,-0.0202193,-0.0191637,-0.0174499,-0.0155958,-0.0128092,-0.00942298,-0.00625118,-0.0036339,-0.00200507,-0.000912892,-0.000356236,-7.13061e-05,0.0,0.0,0.0,0.0,0.0,0.0,0.0,-5.73004e-05,-0.000202515,-0.000564681,-0.00107923,-0.00228202,-0.00329466,-0.00458709,-0.00538381,-0.00553292,-0.00587203,-0.00598214,-0.00528219,-0.00443491,-0.00372316,-0.00277483,-0.00172983,-0.00107452,-0.000582873,-0.000193455,-4.46698e-05,-3.36207e-07,0.0,0.0,0.0,0.0,0.0,0.0,0.0,0.0,0.0,-2.68498e-05,-0.000126123,-0.000219089,-0.000222936,-0.000326255,