{"max":0.251196,"min":-0.240672,"acc":0.8973,"arr":[0.0,0.0,0.0,0.0,0.0,0.0,0.0,0.0,0.0,0.0,0.0,0.0,0.000132212,0.000256659,-3.65456e-05,-1.52273e-06,0.0,0.0,0.0,0.0,0.0,0.0,0.0,0.0,0.0,0.0,0.0,0.0,0.0,0.0,0.0,0.0,3.82611e-06,1.6736e-05,0.000653972,0.00163456,0.0021794,0.00275156,0.00490353,0.00560434,0.00628294,0.00513254,0.00398672,0.0031523,0.00364942,0.00315839,0.00255792,0.00259135,0.00177452,0.000699285,0.000314212,8.86002e-05,0.0,0.0,0.0,0.0,0.0,0.0,2.2532e-06,8.00757e-06,0.000171139,8.43547e-05,0.00151051,0.00516907,0.00958642,0.0161517,0.0260119,0.0331822,0.0455625,0.0536272,0.0606112,0.0614167,0.059851,0.0524907,0.048439,0.0411694,0.0298184,0.0204126,0.0107534,0.00432582,0.00101637,-0.000168395,0.0,0.0,0.0,0.0,-3.47748e-06,0.000157421,0.000362047,0.00030097,0.00327585,0.00683065,0.0132012,0.0234579,0.034768,0.0445692,0.0575273,0.0780071,0.101389,0.115975,0.126345,0.138115,0.142991,0.129009,0.0967804,0.0641859,0.0373578,0.0180695,0.00843855,0.00075216,0.000206797,0.0,0.0,-2.26531e-06,-3.09002e-05,1.35078e-05,-1.37271e-05,-0.000778766,-0.000332907,0.000891115,0.00715825,0.0120657,0.0156793,0.0122039,0.0159025,0.0277295,0.0443724,0.0621755,0.0973301,0.132536,0.147256,0.133188,0.10156,0.0678598,0.0388402,0.0184813,0.00803506,0.00117057,-0.00010681,0.000116826,0.0,0.0,2.08349e-05,-0.000530561,-0.00117683,-0.00459911,-0.00832255,-0.0112684,-0.00595857,-0.00652002,-0.00812638,-0.0265483,-0.0295359,-0.039415,-0.028448,-0.00968493,0.0255749,0.0495077,0.0589539,0.052967,0.0319673,0.0139018,0.00202569,-0.00115207,-0.00057257,-0.000951367,-0.000315518,0.000156734,0.0,-1.28289e-07,-5.03422e-05,-0.0015944,-0.00321109,-0.00899454,-0.017855,-0.020344,-0.0204011,-0.0257513,-0.036435,-0.0506866,-0.0638181,-0.0785005,-0.0754701,-0.0585263,-0.0473825,-0.056009,-0.0652499,-0.0633191,-0.0613265,-0.052246,-0.0407753,-0.0295006,-0.0161376,-0.00610665,-0.00163046,-0.000220327,0.0,-2.15633e-05,-0.000286347,-0.002268,-0.00594526,-0.0150321,-0.0270305,-0.0271128,-0.0269313,-0.0359908,-0.0525645,-0.0674082,-0.0852153,-0.0929766,-0.0851148,-0.082036,-0.112165,-0.147143,-0.167201,-0.157443,-0.13063,-0.103595,-0.0762977,-0.0513312,-0.0253737,-0.0107632,-0.00208105,-0.00039334,-4.3213e-06,-6.13558e-05,-0.000718223,-0.00347706,-0.00940133,-0.0226223,-0.0334923,-0.0287604,-0.0253549,-0.0376232,-0.0553324,-0.0630831,-0.0734229,-0.0712398,-0.0636438,-0.0973526,-0.156565,-0.208565,-0.233442,-0.210011,-0.166097,-0.127781,-0.0948339,-0.061992,-0.0335514,-0.014056,-0.00290075,-0.000213532,-2.11438e-05,-0.000122352,-0.00101422,-0.0049213,-0.0116272,-0.0252964,-0.0297769,-0.0180385,-0.0128342,-0.0343031,-0.0396276,-0.0424723,-0.0329498,-0.0183409,-0.0332518,-0.105857,-0.185982,-0.235365,-0.240672,-0.209666,-0.16131,-0.117358,-0.0872028,-0.053028,-0.0307239,-0.01432,-0.00340142,-0.000348067,-2.54208e-05,-0.000174987,-0.00130542,-0.00498639,-0.0126774,-0.0213193,-0.0180427,-0.00089182,-0.00112715,-0.0174002,-0.0131267,-0.00792624,0.0200499,0.0278248,-0.0392683,-0.131292,-0.191204,-0.206063,-0.195119,-0.165499,-0.11532,-0.0716614,-0.0425161,-0.023956,-0.0169188,-0.0103579,-0.00296189,-0.000326679,-1.20751e-05,-0.000248534,-0.000775445,-0.0041354,-0.0108357,-0.0128534,-0.00402234,0.014047,0.0120629,0.00848743,0.0103306,0.0316494,0.0668308,0.0344463,-0.0673788,-0.145762,-0.146605,-0.136876,-0.120111,-0.0931462,-0.0474354,-0.00265696,0.0174408,0.0195101,0.00269471,-0.00393811,-0.00215536,9.66962e-05,-6.39444e-07,-0.000145695,-0.000628013,-0.00342665,-0.010738,-0.00898885,0.00861674,0.0238927,0.0279595,0.0286527,0.0324615,0.0811547,0.0841858,0.00504212,-0.0908767,-0.105457,-0.0691982,-0.05671,-0.0489397,-0.027576,0.0158332,0.0591859,0.0685605,0.058075,0.0259821,0.000508768,-0.00196894,0.000144223,-1.64407e-06,-0.000138406,-0.000320165,-0.00270021,-0.0108178,-0.00517632,0.015829,0.0311036,0.0435473,0.048355,0.0723853,0.103077,0.0615318,-0.0269643,-0.0625648,-0.0207728,0.012788,0.00463555,-0.00467041,0.0149917,0.0513208,0.0951495,0.103544,0.0854896,0.0416652,0.00126557,-0.00234723,-0.00030602,-6.77912e-06,-5.24769e-05,-0.000160169,-0.00217525,-0.0127023,-0.00620686,0.0136001,0.037266,0.0538883,0.0775412,0.105032,0.107817,0.0368726,-0.0281661,-0.0063589,0.040841,0.0540316,0.0146211,0.00288908,0.0275453,0.07315,0.10915,0.11668,0.0909445,0.0435583,0.00292027,-0.00389277,-0.000101191,-2.39523e-06,-3.58878e-05,-0.000191344,-0.00330052,-0.016452,-0.0132106,0.0093239,0.0395585,0.0660123,0.104068,0.135569,0.109508,0.0325615,0.00141094,0.0369137,0.0517974,0.0207752,-0.0116485,-0.00622243,0.0335208,0.0824908,0.113795,0.105143,0.0749138,0.0343084,0.00196552,-0.0055135,-0.000417402,-1.00294e-06,-2.51373e-05,-0.00036111,-0.00486097,-0.0203518,-0.0229334,-0.00154258,0.0420364,0.083443,0.133847,0.165317,0.129834,0.0439129,0.0235827,0.0338608,0.00203773,-0.0485988,-0.0473362,0.00184148,0.0544791,0.086621,0.0948346,0.0792065,0.0465338,0.01693,-0.00530856,-0.00584061,-0.000558776,0.0,-2.62267e-05,-0.000581501,-0.00689484,-0.0271098,-0.0362696,-0.0203671,0.0349324,0.0967848,0.155006,0.20563,0.169295,0.0824905,0.0364503,0.00465486,-0.0473343,-0.0635862,-0.0132966,0.0588468,0.0944499,0.089377,0.0772133,0.0535585,0.0205075,-0.00581554,-0.0109318,-0.00490313,-0.000346391,-4.66944e-06,-9.021e-06,-0.000693502,-0.00893742,-0.0314327,-0.0509862,-0.0422417,0.0134479,0.0851485,0.162983,0.231994,0.215056,0.14021,0.0586105,0.00224463,-0.0124679,0.0203517,0.0811987,0.121457,0.106725,0.0798929,0.0558045,0.0230716,-0.0053649,-0.0201976,-0.0103645,-0.0030156,-0.000513968,-3.61482e-07,-3.15745e-05,-0.000969662,-0.00988117,-0.0322125,-0.0588204,-0.0631203,-0.0238446,0.0425358,0.129513,0.226759,0.251196,0.196521,0.115721,0.0737938,0.089077,0.125175,0.145606,0.128735,0.0936547,0.0577735,0.0202625,-0.00934946,-0.0259685,-0.0214494,-0.0113042,-0.0030244,-0.00036474,0.0,-6.4348e-05,-0.000989193,-0.00888593,-0.0299287,-0.0581269,-0.0783848,-0.0666993,-0.0253594,0.0497281,0.153769,0.222689,0.233666,0.206607,0.189846,0.180273,0.168565,0.134812,0.0915185,0.0410762,0.00125918,-0.024261,-0.0335457,-0.0271663,-0.0160545,-0.00620747,-0.000700623,-5.49975e-07,-1.85913e-07,-5.16487e-05,-0.000610203,-0.00550271,-0.0215217,-0.0476089,-0.0773011,-0.088329,-0.0818301,-0.0442067,0.0233029,0.104177,0.162689,0.186072,0.173658,0.133588,0.0854241,0.0396005,-0.000988877,-0.0311259,-0.0450293,-0.0409151,-0.0285424,-0.0170994,-0.00849526,-0.00298173,-3.07332e-05,-1.45629e-06,-1.80104e-07,-1.08722e-07,-0.000304133,-0.00263536,-0.010284,-0.0275446,-0.054685,-0.0827648,-0.109482,-0.123222,-0.11557,-0.0950521,-0.058939,-0.0428448,-0.051128,-0.063515,-0.07794,-0.0809255,-0.0768911,-0.0651717,-0.0472707,-0.0310017,-0.0186454,-0.0104228,-0.0043152,-0.00118322,3.01769e-05,-2.68853e-06,0.0,0.0,-7.28e-05,-0.000809725,-0.003512,-0.00984314,-0.0235576,-0.046187,-0.0750378,-0.106916,-0.138987,-0.16254,-0.171184,-0.166584,-0.157389,-0.143146,-0.123229,-0.0966106,-0.0666973,-0.0457716,-0.0295819,-0.0171952,-0.00924878,-0.00498153,-0.00217264,-0.000561549,-5.70649e-05,0.0,0.0,0.0,-1.34715e-05,-8.01149e-05,-0.000725255,-0.00264346,-0.00738349,-0.0165144,-0.0297068,-0.0456962,-0.0628402,-0.0774204,-0.0845975,-0.0868558,-0.0835422,-0.0753761,-0.0614227,-0.0476846,-0.0343123,-0.0239168,-0.0148768,-0.00845445,-0.00447543,-0.00207422,-0.000677343,-0.000113292,-5.86222e-06,0.0,0.0,0.0,-2.51926e-06,-1.56425e-05,-0.000199845,-0.000832308,-0.00263347,-0.00543693,-0.00993545,-0.0154841,-0.0211792,-0.0244735,-0.0260806,-0.0277612,-0.0267528,-0.0249754,-0.0222879,-0.0185403,-0.0140744,-0.00951632,-0.00573182,-0.00312596,-0.00154216,-0.00074573,-0.000156571,-4.44395e-06,-4.75524e-06,0.0,0.0,0.0,0.0,0.0,-6.77697e-05,-0.000258387,-0.000737386,-0.00133773,-0.0027055,-0.00393435,-0.00530771,-0.00630714,-0.00671438,-0.00745596,-0.00763036,-0.00684485,-0.00607604,-0.00524336,-0.00393724,-0.00252784,-0.00161502,-0.000822275,-0.000247183,-5.3658e-05,-3.28873e-06,-1.78274e-07,0.0,0.0,0.0,0.0,0.0,0.0,-1.91968e-07,-1.12612e-06,-2.90679e-05,-0.000130308,-0.000227133,-0.00023834,-0.000357135,