{"max":0.0573047,"min":-0.0507303,"acc":0.7895,"arr":[0.0,0.0,0.0,0.0,0.0,0.0,0.0,0.0,0.0,0.0,0.0,0.0,0.0,0.0,0.0,0.0,0.0,0.0,0.0,0.0,0.0,0.0,0.0,0.0,0.0,0.0,0.0,0.0,0.0,0.0,0.0,0.0,0.0,0.0,0.000312951,0.000670594,0.000359071,0.000254261,0.000583339,0.000807771,0.00122141,0.000879734,0.000366283,0.000364245,0.000947816,0.000503481,0.000561208,0.000944264,0.0005753,4.90967e-06,0.0,0.0,0.0,0.0,0.0,0.0,0.0,0.0,0.0,1.76501e-05,3.03286e-05,0.0,0.000291332,0.000791071,0.00166592,0.00257589,0.00360532,0.0059228,0.00926865,0.00959525,0.0110558,0.0131035,0.0135029,0.0122133,0.0105868,0.00896416,0.00665853,0.00322534,0.00113357,0.000126278,0.0,0.0,0.0,0.0,0.0,0.0,0.0,0.00013161,0.000198056,-2.60975e-05,0.000308564,0.000833655,0.00162971,0.00355354,0.00593417,0.00824686,0.0123493,0.0161822,0.0203996,0.0261456,0.0309242,0.029494,0.0298766,0.0256876,0.0160675,0.00675524,0.00299042,0.000331826,-6.83052e-05,-4.472e-05,0.0,0.0,0.0,0.0,0.0,-3.76938e-05,-7.34544e-05,-0.000288195,-0.000112077,0.00036508,0.00118085,0.0026747,0.00355139,0.00494468,0.00714537,0.0113431,0.0164789,0.0237488,0.028119,0.0288901,0.0277217,0.0199395,0.0110982,0.00472609,0.00257125,0.000329614,-8.51783e-05,-1.89544e-05,-2.44601e-05,0.0,0.0,0.0,-1.19553e-05,-3.45557e-05,-7.93217e-05,-0.000495475,-0.001,-0.00160715,-0.000988441,-0.000426101,-0.00075567,-0.0015907,-1.87645e-05,0.00237356,0.00648987,0.0105328,0.0128985,0.00914018,0.00362152,-0.00279632,-0.00454802,-0.00425272,-0.00274281,-0.00197257,-0.00108611,-0.000133906,-6.9996e-05,0.0,0.0,0.0,-1.31017e-06,-6.57222e-05,-0.000134293,-0.00107402,-0.00233454,-0.0039226,-0.00380818,-0.00458342,-0.00598524,-0.00691879,-0.00480188,-0.000862471,-0.00060085,-0.00162591,-0.00777159,-0.0197267,-0.0254791,-0.0257803,-0.0211764,-0.0140157,-0.0083978,-0.00521156,-0.00304355,-0.00106624,-0.000150322,-4.49775e-05,0.0,0.0,-7.80543e-05,-0.000292092,-0.00109231,-0.0027457,-0.00419815,-0.0061337,-0.00677864,-0.00807274,-0.0118689,-0.00858176,-0.00579805,-0.00240696,-0.00272344,-0.0103013,-0.0272467,-0.0396398,-0.0434443,-0.0396721,-0.0303957,-0.0210997,-0.0130206,-0.00738185,-0.00385999,-0.00145802,-0.000196541,-7.54274e-05,0.0,-2.56094e-05,-0.000224633,-0.000727623,-0.00196001,-0.00381784,-0.00572467,-0.00702857,-0.0074986,-0.0120113,-0.0137243,-0.00596585,-0.00110181,0.00166773,0.00083336,-0.0159158,-0.035161,-0.0475277,-0.0507303,-0.044108,-0.033473,-0.0233151,-0.0144473,-0.0081554,-0.00383693,-0.00127725,-7.45466e-05,-2.27544e-05,0.0,-4.13171e-05,-0.000212976,-0.000993031,-0.00218496,-0.00400482,-0.00612365,-0.00717077,-0.0084841,-0.0136141,-0.00894084,-0.000190559,0.00686123,0.0105207,0.00272698,-0.0178033,-0.0368744,-0.0468948,-0.0486432,-0.0413188,-0.0328677,-0.0221112,-0.013972,-0.00770485,-0.00334239,-0.00075842,0.000145332,0.0,0.0,-2.10438e-05,-0.000129907,-0.000760257,-0.00198846,-0.00361284,-0.00573638,-0.00681998,-0.00922362,-0.00862861,-0.00073124,0.0108328,0.0181103,0.0148771,-0.00309096,-0.0232552,-0.0366684,-0.0417556,-0.041222,-0.0339032,-0.0236342,-0.0167807,-0.0104317,-0.00576929,-0.00225151,-0.000575687,0.00015449,-4.0948e-06,0.0,-2.47678e-06,-9.91539e-05,-0.000466362,-0.00158161,-0.00277141,-0.00513296,-0.00633119,-0.00799513,-0.00134071,0.00998047,0.0198297,0.0231437,0.0107216,-0.0106376,-0.0254181,-0.030865,-0.0310903,-0.0291439,-0.0206457,-0.0111567,-0.00527304,-0.00321046,-0.00184003,-0.000985399,-0.00027488,0.000228361,0.000201538,0.0,-7.70172e-06,-0.000110757,-0.000332838,-0.00134608,-0.00199638,-0.00409616,-0.00560235,-0.00336136,0.00626196,0.0190602,0.0273942,0.0204453,0.00112567,-0.0162859,-0.0228508,-0.0200145,-0.016859,-0.0112699,-0.00432509,0.00391808,0.00729962,0.00294827,0.00233501,0.00101837,-0.000112072,0.000431211,0.000234971,0.0,0.0,-8.69825e-05,-0.000288407,-0.00117007,-0.00139339,-0.0044396,-0.00453716,0.00231389,0.0132112,0.0262251,0.0261945,0.0107061,-0.00720666,-0.013818,-0.00763179,-0.000362106,0.00333095,0.00848699,0.0128971,0.0175978,0.0155102,0.0086976,0.00563696,0.00274507,0.000373693,0.000380331,6.33802e-05,0.0,-1.57208e-05,-5.33923e-05,-0.000201868,-0.00128952,-0.00213103,-0.00455797,-0.000970959,0.00769551,0.0216576,0.0299271,0.0196449,0.00247724,-0.00868375,-0.00436001,0.00458231,0.00884274,0.00831476,0.0147314,0.0254416,0.0310404,0.0238833,0.0131572,0.00833261,0.00351588,0.000535932,-4.98515e-06,0.0,0.0,-3.58878e-05,-7.10464e-05,-0.000205748,-0.00138095,-0.00289692,-0.00304686,0.0029086,0.0129454,0.028873,0.0326556,0.0166538,0.00201053,-0.00121261,0.00403621,0.00823206,0.00451081,0.00396069,0.0123564,0.0283228,0.0360653,0.0287205,0.0162796,0.00839437,0.00357056,0.000581587,-0.000154717,-1.88241e-05,0.0,-1.69911e-05,-7.86479e-05,-0.000191537,-0.00136565,-0.00309253,-0.00277538,0.00526415,0.0189504,0.0363856,0.0393899,0.0218574,0.00959442,0.00566174,0.00762061,-0.000234804,-0.0077039,-0.00264699,0.012298,0.0300763,0.0341349,0.0262574,0.0140876,0.00589626,0.00262551,0.000113934,-0.000259651,-3.87555e-05,0.0,-1.31067e-05,-8.90235e-05,-0.000357539,-0.00207742,-0.00391881,-0.00506591,0.00563625,0.0240659,0.0423412,0.0493418,0.0355642,0.0203272,0.0130294,0.00482149,-0.00731479,-0.00794704,0.00388319,0.0237883,0.0355664,0.0294423,0.0211477,0.00990204,0.00292434,0.000376181,-0.000236012,-0.000104865,-1.99314e-06,0.0,-4.74551e-06,-0.000125296,-0.000562006,-0.00271755,-0.00587374,-0.00759685,0.00193644,0.0228076,0.0434887,0.056914,0.0472506,0.0325714,0.0183881,0.00596052,0.00167216,0.00868799,0.0261641,0.0379086,0.0338856,0.0236366,0.0146581,0.00389528,-0.000348702,-0.0016616,-0.000577282,-2.79018e-05,0.0,0.0,0.0,-0.000164369,-0.000811836,-0.00347299,-0.00816709,-0.0109361,-0.00542562,0.0140394,0.0346801,0.0564889,0.0573047,0.0456555,0.0326767,0.0248691,0.0253033,0.0294009,0.0368244,0.0339316,0.0249211,0.0145305,0.00443074,-0.00200403,-0.00331573,-0.00184938,-0.0005564,0.000121444,0.0,0.0,0.0,-0.000150859,-0.000888943,-0.00351537,-0.00853165,-0.0133755,-0.0140373,-0.00321006,0.0114174,0.0347845,0.0500222,0.0505921,0.0450483,0.0411769,0.0383073,0.0343074,0.0293199,0.0185763,0.0079782,0.000355609,-0.00399179,-0.00567916,-0.00351101,-0.00172977,-0.000446025,0.000255025,0.0,0.0,0.0,-9.11062e-05,-0.000761859,-0.00274226,-0.00727913,-0.013473,-0.0182703,-0.0202706,-0.0139736,-0.000925523,0.0158779,0.0265365,0.030749,0.0269131,0.0198144,0.0110251,0.00126717,-0.00557654,-0.00685032,-0.00710887,-0.00648165,-0.00422618,-0.0023925,-0.00127322,-0.00016033,0.000296576,0.0,0.0,0.0,-1.51421e-05,-0.000495885,-0.00164337,-0.00461345,-0.00986698,-0.0169389,-0.0251274,-0.0309093,-0.0314155,-0.0282246,-0.0245366,-0.0239958,-0.0255143,-0.02614,-0.0255541,-0.0203057,-0.0159235,-0.0106994,-0.00662265,-0.00377542,-0.00217932,-0.00109038,-0.00049108,-5.78121e-05,0.000127226,0.0,0.0,0.0,0.0,-0.000148858,-0.000831941,-0.00233964,-0.00531018,-0.0105772,-0.017585,-0.0255667,-0.0336696,-0.0408988,-0.0434423,-0.0417889,-0.0387156,-0.033523,-0.0258606,-0.0180702,-0.01145,-0.00664649,-0.00358507,-0.00180871,-0.000910951,-0.000566179,-0.00023936,-4.40575e-05,0.0,0.0,0.0,0.0,0.0,-2.71897e-06,-0.000163054,-0.000557154,-0.00160688,-0.00408107,-0.00760198,-0.0119139,-0.0169665,-0.0207399,-0.0219177,-0.0215199,-0.0197862,-0.0168622,-0.0129562,-0.00888145,-0.00571087,-0.00347451,-0.00206596,-0.00118496,-0.000739076,-0.000362311,-0.0001313,-1.12086e-06,0.0,0.0,0.0,0.0,0.0,0.0,-8.46529e-06,-0.000167945,-0.000547888,-0.00137186,-0.00272142,-0.00434706,-0.00652453,-0.00749394,-0.00735425,-0.00705287,-0.0060172,-0.00574137,-0.00531046,-0.00388161,-0.00251585,-0.00153035,-0.000890278,-0.000532778,-0.000255168,-0.000135042,-3.53785e-05,0.0,0.0,0.0,0.0,0.0,0.0,0.0,-1.43957e-05,-0.000111557,-0.000281904,-0.000537504,-0.00116563,-0.00161592,-0.00227479,-0.00257976,-0.00255466,-0.00251921,-0.0023905,-0.00204682,-0.00180978,-0.00145478,-0.00090742,-0.000392943,-0.000109967,-6.22824e-05,-4.0548e-05,-8.07449e-06,0.0,0.0,0.0,0.0,0.0,0.0,0.0,0.0,0.0,0.0,-8.05812e-06,-7.39831e-05,-0.000146188,-0.00014234,-0.000180389,-0.000244224,-0.000235819,-0.00026141,-0.000352025,