{"max":0.0271687,"min":-0.0207357,"acc":0.7888,"arr":[0.0,0.0,0.0,0.0,0.0,0.0,0.0,0.0,0.0,0.0,0.0,0.0,0.0,0.0,0.0,0.0,0.0,0.0,0.0,0.0,0.0,0.0,0.0,0.0,0.0,0.0,0.0,0.0,0.0,0.0,0.0,0.0,0.0,0.0,0.0,0.0,0.0,0.00021821,0.000404029,0.000255531,0.000762424,0.000335936,-2.84067e-05,0.000117571,0.000282986,0.0,0.0,0.0,0.0,0.0,0.0,0.0,0.0,0.0,0.0,0.0,0.0,0.0,0.0,0.0,0.0,0.0,0.0,0.000133445,0.000587783,0.0013195,0.00159785,0.00195244,0.00396844,0.00436607,0.00522998,0.00633229,0.00578592,0.00409768,0.004061,0.00312531,0.0030762,0.00206566,0.000701549,6.0068e-05,0.0,0.0,0.0,0.0,0.0,0.0,0.0,0.0,0.0,-2.31713e-05,1.02685e-05,0.000325386,0.000442226,0.00147005,0.00221352,0.00269581,0.00485149,0.00688654,0.0101012,0.0130308,0.0142196,0.0121153,0.0128189,0.0105446,0.00751127,0.00355455,0.00201656,0.000399129,0.0,0.0,0.0,0.0,0.0,0.0,0.0,-7.53347e-06,-3.35731e-05,-0.000143895,-0.000156745,-4.89766e-05,0.000139746,0.00074208,0.000457138,0.00156535,0.00283102,0.00712155,0.0100684,0.0117605,0.0129592,0.0124084,0.0120834,0.00912075,0.00562601,0.00220407,0.00132953,0.000480045,-0.000127385,-2.79544e-05,-2.44601e-05,0.0,0.0,0.0,-1.19553e-05,-3.45557e-05,2.60198e-05,-8.88721e-05,-0.000377024,-0.000994183,-0.000866509,-0.00107623,-0.00136611,-0.00115241,0.00120807,0.0033578,0.00424524,0.00488318,0.00513051,0.00413983,0.0018417,-0.000561851,-0.00110716,-0.00176173,-0.00130151,-0.000889365,-0.000716577,-0.000183514,-4.94278e-05,0.0,0.0,0.0,-1.31017e-06,-1.80148e-06,0.000121308,-0.000139608,-0.000769441,-0.00209355,-0.00192634,-0.00324436,-0.00415843,-0.00368512,-0.000632233,0.001145,-0.00117464,-0.000528078,-0.00239862,-0.00802607,-0.0103695,-0.0103022,-0.00831784,-0.00513507,-0.00310774,-0.00243589,-0.00168324,-0.000744972,-0.000176675,-6.22063e-06,0.0,0.0,-1.44906e-05,-6.69959e-05,-0.000421831,-0.000909105,-0.00156208,-0.0030432,-0.00360622,-0.0054772,-0.0069664,-0.00334931,-0.00148143,-0.00179641,-0.00270024,-0.00398218,-0.0113874,-0.0168616,-0.0176665,-0.0158185,-0.0118128,-0.00781114,-0.00515007,-0.00321744,-0.0019782,-0.00095315,-0.00026372,-4.14163e-05,0.0,0.0,-8.85398e-05,-0.000307034,-0.000867041,-0.00150571,-0.00217997,-0.00370281,-0.00486271,-0.00778315,-0.00733224,-0.00165345,1.48048e-05,-0.000509445,0.000246319,-0.0072974,-0.0144981,-0.0204803,-0.0207357,-0.0167567,-0.0124689,-0.00863686,-0.00570375,-0.00338243,-0.00151313,-0.000661958,-0.000265912,-2.27544e-05,0.0,0.0,-8.6109e-05,-0.000434373,-0.000955608,-0.00163249,-0.00260646,-0.00437054,-0.00625811,-0.00889962,-0.00503691,0.000713346,0.00338961,0.00368671,0.00151501,-0.00731358,-0.0152004,-0.0200917,-0.019839,-0.0150282,-0.0117813,-0.0081149,-0.00531483,-0.002946,-0.000924371,-0.000197197,-0.000128562,0.0,0.0,0.0,-2.75139e-05,-0.000357735,-0.000972286,-0.00147243,-0.00282421,-0.00479565,-0.00691911,-0.00592856,-0.000666474,0.00592682,0.00737869,0.00624135,0.000119645,-0.00881394,-0.0155165,-0.0177156,-0.0164256,-0.0128754,-0.0091093,-0.00662459,-0.00469135,-0.00241118,-0.000752073,-0.000246553,-6.03979e-05,0.0,0.0,0.0,0.0,-0.000167404,-0.000719758,-0.00120562,-0.00266459,-0.00479077,-0.00637379,-0.00212144,0.00499646,0.00925258,0.010991,0.00582862,-0.0026463,-0.00990029,-0.0126808,-0.0116916,-0.0113992,-0.00777234,-0.00416729,-0.00287971,-0.00170325,-0.000955678,-0.000410017,-0.000147468,-1.02295e-05,0.0,0.0,0.0,-3.32171e-06,-9.6006e-05,-0.000475424,-0.000879314,-0.0020561,-0.00373473,-0.00360874,0.000800488,0.00833697,0.0133188,0.0102252,0.0010158,-0.00601743,-0.0102327,-0.00858363,-0.00734104,-0.00376375,0.000443378,0.00308526,0.00302636,-9.52369e-05,-0.00010642,8.00556e-05,-6.1845e-05,0.0,0.0,0.0,0.0,-2.04548e-05,-9.95763e-05,-0.000385628,-0.000525991,-0.00195073,-0.0030176,-0.00166999,0.0034854,0.0121557,0.0133979,0.00484453,-0.00285556,-0.00599473,-0.00330079,-0.000818723,6.12667e-05,0.00372043,0.00711986,0.00846139,0.00687634,0.00234388,0.000572891,0.000601012,-0.000107268,0.0,0.0,0.0,0.0,-2.23779e-05,-6.23248e-05,-0.000405646,-0.000696893,-0.00185365,-0.00109833,0.00086845,0.00773995,0.0141528,0.0112093,0.0023989,-0.00312765,-0.0017172,0.00282515,0.00290054,0.00157814,0.0051316,0.0124463,0.013969,0.0106189,0.00411508,0.00187589,0.000703866,-0.000131074,0.0,0.0,0.0,0.0,-1.76575e-05,-5.08865e-05,-0.00021487,-0.000914013,-0.000631588,0.00116897,0.00389493,0.0114238,0.0161909,0.0108925,0.00235272,-0.00115836,0.000643759,0.0020662,0.00160386,0.00292945,0.0067047,0.0136246,0.0160672,0.0119169,0.00551397,0.00278556,0.000704293,-0.000200298,-3.2434e-05,-1.88241e-05,0.0,0.0,0.0,-1.40871e-05,-2.50596e-05,-0.000587458,-0.000273296,0.0020378,0.00710108,0.0142248,0.0195584,0.0125071,0.00401946,0.000507542,0.000374305,-0.00190086,-0.00244601,0.000898261,0.00757335,0.0147926,0.0144555,0.0100665,0.00450654,0.0017387,0.000559156,-0.000452942,-0.00011153,-3.87555e-05,0.0,0.0,0.0,-5.34141e-05,-0.000333138,-0.00064833,-0.00167425,0.00252739,0.00981835,0.0174034,0.022275,0.0166468,0.008477,0.0034055,0.000511682,-0.00297358,-0.0014647,0.0037791,0.0122444,0.0160365,0.0105211,0.00704022,0.00287306,0.000313705,-1.50045e-05,-0.000429552,-5.00327e-05,-1.99314e-06,0.0,0.0,-4.86826e-05,-0.0001055,-0.000685538,-0.00121201,-0.00204591,0.00117897,0.00942491,0.0182002,0.0256269,0.0218327,0.0143702,0.00667538,0.00250839,0.00177104,0.00536794,0.0134733,0.0167012,0.0135637,0.00866398,0.00526936,0.00116441,-0.00079165,-0.000619252,-0.00022109,-1.12337e-05,0.0,0.0,0.0,-7.22741e-05,-0.000337735,-0.0011695,-0.0023654,-0.00318047,-0.000884785,0.00601677,0.014656,0.0258285,0.0271687,0.0202848,0.0130675,0.0113104,0.0115027,0.0136752,0.0166597,0.0140162,0.0097974,0.00610516,0.0023205,-0.00138239,-0.0017274,-0.000625084,-0.000211997,-3.32605e-05,0.0,0.0,0.0,-5.59869e-05,-0.000412182,-0.00125511,-0.00289612,-0.00478247,-0.00529952,-0.000918068,0.00401109,0.0160956,0.0232607,0.0234628,0.0204438,0.0183647,0.0178381,0.0164936,0.0133961,0.00777043,0.0042582,0.00075338,-0.00173818,-0.00255908,-0.00114147,-0.000623238,-0.000147336,0.0,0.0,0.0,0.0,-1.2615e-05,-0.000198822,-0.00105887,-0.00273782,-0.00523921,-0.00736714,-0.00871516,-0.00642021,-0.000747353,0.00847473,0.0133746,0.0150374,0.0143343,0.0110864,0.00693233,0.0016384,-0.00198142,-0.0028432,-0.00343109,-0.00279521,-0.00137016,-0.00085662,-0.000442602,-4.77386e-05,0.0,0.0,0.0,0.0,0.0,-0.000144295,-0.000583084,-0.00186738,-0.00414417,-0.00719898,-0.0109953,-0.0142947,-0.0145061,-0.0119158,-0.00941856,-0.00873819,-0.00970323,-0.0110828,-0.0116503,-0.00958564,-0.00772837,-0.0052163,-0.00275299,-0.00147863,-0.000867566,-0.00041046,-0.000181406,-5.45512e-05,0.0,0.0,0.0,0.0,0.0,-8.13615e-05,-0.000340857,-0.00109478,-0.00235332,-0.00450703,-0.00804826,-0.0120942,-0.0158499,-0.018611,-0.0191713,-0.0180035,-0.0166026,-0.0150615,-0.0122445,-0.00864183,-0.00540273,-0.00325648,-0.00168989,-0.000845002,-0.000465758,-0.000216344,-8.97357e-05,-2.4659e-05,0.0,0.0,0.0,0.0,0.0,0.0,-4.2367e-05,-0.000206182,-0.000611349,-0.00174704,-0.00337275,-0.00538254,-0.00766825,-0.00940568,-0.00975473,-0.00961253,-0.00882582,-0.00778453,-0.00622451,-0.0044555,-0.00302078,-0.00185181,-0.00096095,-0.000535771,-0.000241643,-9.0554e-05,-4.76705e-05,-1.12086e-06,0.0,0.0,0.0,0.0,0.0,0.0,0.0,-5.08158e-05,-0.000175601,-0.000660284,-0.00129017,-0.00193497,-0.00298409,-0.003452,-0.00331066,-0.00300376,-0.002406,-0.00256801,-0.00250284,-0.00205598,-0.00142535,-0.000795058,-0.000473319,-0.000197702,-9.04857e-05,-3.15934e-05,0.0,0.0,0.0,0.0,0.0,0.0,0.0,0.0,0.0,-1.27466e-05,-9.56819e-05,-0.000278772,-0.00060433,-0.000612,-0.000974857,-0.00104932,-0.000916327,-0.00113384,-0.00114772,-0.00103826,-0.00101821,-0.000889273,-0.000420833,-0.000112198,-1.70588e-05,-5.83952e-06,0.0,0.0,0.0,0.0,0.0,0.0,0.0,0.0,0.0,0.0,0.0,0.0,-8.05812e-06,-5.57339e-05,-8.75442e-05,-4.63958e-05,-6.95342e-05,-9.44934e-05,-8.6659e-05,-0.000147902,-0.000218617,-0.000178682,-0.000201918,-0.000118243,0.0,0.0,0.0,0.0,0.0,0.0,0.0,0.0,0.0,0.0]}