{"max":0.0277144,"min":-0.0232648,"acc":0.7828,"arr":[0.0,0.0,0.0,0.0,0.0,0.0,0.0,0.0,0.0,0.0,0.0,0.0,0.0,0.0,0.0,0.0,0.0,0.0,0.0,0.0,0.0,0.0,0.0,0.0,0.0,0.0,0.0,0.0,0.0,0.0,0.0,0.0,0.0,0.0,0.0,0.0,0.0,0.00021821,0.000404029,0.000255531,0.000762424,0.000335936,-2.84067e-05,0.000117571,0.000282986,0.0,0.0,0.0,0.0,0.0,0.0,0.0,0.0,0.0,0.0,0.0,0.0,0.0,0.0,0.0,0.0,0.0,0.0,0.000133445,0.000587783,0.0013195,0.00159785,0.00195244,0.00396844,0.00470118,0.00551745,0.00647872,0.00651633,0.00483347,0.00464648,0.0035335,0.00347622,0.00218378,0.000701549,6.0068e-05,0.0,0.0,0.0,0.0,0.0,0.0,0.0,0.0,0.0,-2.31713e-05,1.02685e-05,0.000325386,0.000436407,0.00140894,0.00210352,0.00255469,0.00474076,0.00735262,0.0104377,0.0132625,0.014686,0.0128873,0.0136525,0.0110326,0.00778174,0.00356873,0.00209531,0.000399129,0.0,0.0,0.0,0.0,0.0,0.0,0.0,-7.53347e-06,-3.35731e-05,-0.000143895,-0.000170079,-0.000109225,-9.88615e-05,0.000405544,3.15291e-06,0.000973089,0.00259927,0.00694697,0.00981431,0.011462,0.0129622,0.0127256,0.0123256,0.00900802,0.00545826,0.00209297,0.00152917,0.000429586,-0.000127385,-2.79544e-05,-2.44601e-05,0.0,0.0,0.0,-1.19553e-05,-3.45557e-05,2.60198e-05,-8.88721e-05,-0.000450649,-0.00123832,-0.00134776,-0.0017655,-0.00229134,-0.00214704,0.000625111,0.00260542,0.00337938,0.00380242,0.00462411,0.00373555,0.0011242,-0.00153066,-0.00174377,-0.00212447,-0.00146602,-0.0010008,-0.000785608,-0.000238099,-4.94278e-05,0.0,0.0,0.0,-1.31017e-06,-1.80148e-06,0.000121308,-0.000147393,-0.000956382,-0.00252564,-0.00263117,-0.00417372,-0.00542411,-0.00471103,-0.0013624,0.00010999,-0.00238549,-0.00161814,-0.00360473,-0.00943088,-0.0123111,-0.0119058,-0.00931635,-0.00582055,-0.00341267,-0.00262542,-0.00178867,-0.00081354,-0.000176675,-6.22063e-06,0.0,0.0,-1.44906e-05,-6.69959e-05,-0.000432317,-0.00102395,-0.001904,-0.00368171,-0.00449763,-0.00664788,-0.00836387,-0.00387646,-0.00196253,-0.00265759,-0.00345949,-0.00486301,-0.0126439,-0.0193283,-0.0200993,-0.0177784,-0.0132847,-0.00881657,-0.00563649,-0.0035326,-0.00209486,-0.000980351,-0.00026372,-4.14163e-05,0.0,0.0,-8.85398e-05,-0.000386826,-0.000985224,-0.00168376,-0.00262239,-0.00446126,-0.00594898,-0.00905315,-0.00841059,-0.00186698,-0.00036016,-0.000700953,-0.00011484,-0.00794403,-0.0161996,-0.0229101,-0.0232648,-0.0188746,-0.0141032,-0.00981556,-0.00640769,-0.00370077,-0.00164854,-0.000661958,-0.000265912,-2.27544e-05,0.0,0.0,-8.6109e-05,-0.000533687,-0.00112566,-0.00186982,-0.00310737,-0.00509264,-0.0072563,-0.00997984,-0.00542772,0.000726083,0.00321915,0.0036282,0.00123793,-0.00823329,-0.0169911,-0.0223224,-0.022138,-0.0170724,-0.0134471,-0.00921139,-0.00602645,-0.00325454,-0.00105312,-0.000197197,-0.000128562,0.0,0.0,0.0,-2.75139e-05,-0.000421234,-0.00110825,-0.00173652,-0.00337462,-0.00558609,-0.00789115,-0.00676841,-0.000775419,0.00612313,0.00749738,0.00614398,-0.000670381,-0.0101907,-0.0173009,-0.0196683,-0.0183859,-0.0147085,-0.0104485,-0.00735279,-0.00500408,-0.00251828,-0.000831083,-0.000246553,-6.03979e-05,0.0,0.0,0.0,0.0,-0.000176684,-0.000816211,-0.00150236,-0.00319097,-0.00561107,-0.00738974,-0.00270382,0.00517667,0.00977403,0.0109554,0.0051226,-0.00385437,-0.0117261,-0.0144304,-0.0133691,-0.0128697,-0.00901226,-0.00510366,-0.00333795,-0.00187675,-0.000810858,-0.000285112,-0.000147468,-1.02295e-05,0.0,0.0,0.0,-3.32171e-06,-9.74525e-05,-0.000555071,-0.00111155,-0.00253227,-0.00459755,-0.00437671,0.000603814,0.00889297,0.0137318,0.00971724,-0.000128885,-0.00768322,-0.0118098,-0.00972708,-0.0082906,-0.00458021,-0.000267929,0.00259427,0.00313588,6.91818e-05,7.06044e-05,0.000439238,-6.1845e-05,0.0,0.0,0.0,0.0,-2.04548e-05,-0.000118587,-0.0004551,-0.000681602,-0.00242669,-0.00364309,-0.00212056,0.00373577,0.0129072,0.0131954,0.00386098,-0.0042286,-0.00728076,-0.00447836,-0.001793,-0.000841613,0.00332946,0.00689545,0.00840145,0.00716053,0.00268403,0.00076925,0.000921845,-0.000107268,0.0,0.0,0.0,0.0,-2.23779e-05,-8.91882e-05,-0.000479893,-0.000799006,-0.00226812,-0.00175168,0.000319015,0.00821627,0.014737,0.010352,0.000901124,-0.00447651,-0.00256245,0.00174865,0.00205213,0.000847192,0.00463846,0.0122803,0.0142453,0.0109207,0.00410981,0.00209962,0.000796679,-0.000131074,0.0,0.0,0.0,0.0,-1.76575e-05,-7.17573e-05,-0.000289699,-0.000956063,-0.000920911,0.000324688,0.00322775,0.011801,0.0162149,0.00947549,0.00111182,-0.00185084,-0.000153405,0.00105625,0.000339161,0.00184256,0.00618312,0.0139084,0.0166582,0.0122449,0.00557292,0.00280374,0.000726622,-0.000200298,-3.2434e-05,-1.88241e-05,0.0,0.0,0.0,-1.51203e-05,-9.40741e-05,-0.000462424,-0.000670027,0.0011595,0.00657334,0.0145488,0.0194447,0.0114277,0.00363893,0.000235425,-0.000384008,-0.00351364,-0.00449259,-0.00101745,0.00684493,0.0151544,0.0151044,0.0102734,0.00457225,0.00151147,0.000504362,-0.000452942,-0.00011153,-3.87555e-05,0.0,0.0,0.0,-5.34141e-05,-0.000385642,-0.000628247,-0.00214702,0.00168874,0.00950692,0.0180666,0.0230241,0.0167943,0.00873366,0.00299371,-0.000885055,-0.004786,-0.00304042,0.0022522,0.0119157,0.0163876,0.010858,0.00693505,0.00264987,4.05174e-05,-0.000120714,-0.000429552,-5.00327e-05,-1.99314e-06,0.0,0.0,-4.86826e-05,-0.0001055,-0.000750043,-0.00132074,-0.00262257,0.000384877,0.00919342,0.0190208,0.026793,0.0224967,0.0146396,0.00616887,0.00117781,0.000522497,0.00434164,0.0131179,0.0168917,0.0136434,0.0082119,0.00482099,0.00068814,-0.00112261,-0.000789175,-0.000258051,-1.12337e-05,0.0,0.0,0.0,-7.22741e-05,-0.000339579,-0.00128143,-0.00263853,-0.00378973,-0.00165556,0.00558124,0.0147828,0.0266875,0.0277144,0.0205143,0.0132948,0.0108782,0.0111625,0.0134226,0.016536,0.0137394,0.00910189,0.00564327,0.00178502,-0.00190128,-0.00210105,-0.000775585,-0.00025645,-3.32605e-05,0.0,0.0,0.0,-5.59869e-05,-0.000444376,-0.00143852,-0.00347396,-0.00534577,-0.00580817,-0.00161697,0.00306712,0.015473,0.0232397,0.0235584,0.0204915,0.0182102,0.0175567,0.0160417,0.0128046,0.00708078,0.00370676,0.000104041,-0.00246212,-0.00299724,-0.00139138,-0.0006724,-0.000156576,0.0,0.0,0.0,0.0,-1.2615e-05,-0.000243631,-0.00119638,-0.00321006,-0.0059016,-0.00775724,-0.00967268,-0.00788739,-0.00212533,0.0074854,0.0125677,0.0145386,0.0135411,0.0101801,0.00597285,0.000752517,-0.00280679,-0.0036512,-0.00407044,-0.00344104,-0.00176387,-0.00100346,-0.000538434,-5.92119e-05,0.0,0.0,0.0,0.0,0.0,-0.00016998,-0.000685899,-0.00208737,-0.00466833,-0.00801827,-0.0122361,-0.0160273,-0.0165926,-0.0141717,-0.0114718,-0.0105621,-0.0115485,-0.0127198,-0.0130666,-0.0107393,-0.00853159,-0.00588933,-0.00324259,-0.00191495,-0.00112592,-0.000540813,-0.000244881,-5.45512e-05,0.0,0.0,0.0,0.0,0.0,-0.000108039,-0.00038842,-0.00117768,-0.0025549,-0.00485925,-0.00869582,-0.0131053,-0.0172789,-0.0203672,-0.0209171,-0.0195636,-0.0181028,-0.0163232,-0.0131111,-0.00918467,-0.00585238,-0.00366193,-0.00198685,-0.00107908,-0.000615901,-0.000280801,-8.97357e-05,-2.4659e-05,0.0,0.0,0.0,0.0,0.0,-6.97439e-07,-9.41483e-05,-0.000274866,-0.000667023,-0.00182211,-0.00357301,-0.005784,-0.00830837,-0.0101547,-0.0104881,-0.0102995,-0.00941074,-0.00832266,-0.00654126,-0.00461534,-0.00316301,-0.00201335,-0.00108589,-0.00066043,-0.00037543,-0.000149604,-5.00674e-05,-1.12086e-06,0.0,0.0,0.0,0.0,0.0,0.0,-7.24902e-06,-7.09006e-05,-0.000217882,-0.000696549,-0.00129516,-0.00201199,-0.00324965,-0.00387863,-0.0037575,-0.00325846,-0.00252973,-0.0026723,-0.00257914,-0.00209705,-0.00147127,-0.000832703,-0.000522087,-0.000249983,-0.000104744,-3.15934e-05,0.0,0.0,0.0,0.0,0.0,0.0,0.0,0.0,-4.12498e-06,-4.66058e-05,-0.000133322,-0.000283241,-0.00060433,-0.000640652,-0.00108411,-0.00123516,-0.00112592,-0.00124129,-0.00116381,-0.0010767,-0.00106694,-0.000903965,-0.00046294,-0.000134341,-1.70588e-05,-5.83952e-06,0.0,0.0,0.0,0.0,0.0,0.0,0.0,0.0,0.0,0.0,0.0,0.0,-8.05812e-06,-5.57339e-05,-8.75442e-05,-4.63958e-05,-8.81322e-05,-0.000129691,-9.05016e-05,-0.000147902,-0.000218617,-0.000178682,-0.000201918,-0.000118243,0.0,0.0,0.0,0.0,0.0,0.0,0.0,0.0,0.0,0.0]}