{"max":0.144086,"min":-0.154382,"acc":0.8665,"arr":[0.0,0.0,0.0,0.0,0.0,0.0,0.0,0.0,0.0,0.0,0.0,0.0,0.0,0.0,0.0,0.0,0.0,0.0,0.0,0.0,0.0,0.0,0.0,0.0,0.0,0.0,0.0,0.0,0.0,0.0,0.0,0.0,0.0,0.0,-3.46127e-05,-8.35146e-05,-0.000129493,-0.000104651,-0.000227288,-0.000212991,-0.000213628,-0.00018191,-0.000211265,-0.000149174,-0.000250928,-0.000192449,-9.21223e-05,-8.76463e-05,-5.82656e-05,-5.52918e-06,-1.59394e-06,-1.29941e-07,0.0,0.0,0.0,0.0,0.0,0.0,0.0,-6.12821e-06,-4.35604e-06,-1.47331e-06,-4.39207e-05,-0.00021318,-0.000495424,-0.000814757,-0.0012739,-0.00178933,-0.00224107,-0.002473,-0.00300229,-0.00313078,-0.00296621,-0.00231873,-0.00183594,-0.00139196,-0.000990037,-0.00055729,-0.0002066,-2.58061e-05,0.0,0.0,0.0,0.0,0.0,0.0,-2.31572e-07,-2.65572e-05,-3.0919e-05,-7.06184e-05,-0.000240866,-0.00075147,-0.00153207,-0.00293386,-0.0042933,-0.00578125,-0.00728683,-0.00899637,-0.0103778,-0.010819,-0.0101111,-0.00880459,-0.00738828,-0.005693,-0.00366658,-0.00198512,-0.00104612,-0.000435455,-0.000130947,-2.74619e-05,-2.89794e-06,0.0,0.0,-9.39594e-07,-1.38672e-06,-1.49856e-05,-0.000118989,-0.000419224,-0.00105194,-0.00242928,-0.00509984,-0.00941069,-0.0140974,-0.0194767,-0.0263511,-0.0334093,-0.0381203,-0.0390621,-0.0369649,-0.0321619,-0.0262629,-0.0200164,-0.0137448,-0.00857764,-0.00446498,-0.00223138,-0.00107783,-0.000290929,-6.15521e-05,0.0,0.0,0.0,-2.00814e-05,-7.62109e-05,-0.000399901,-0.0011836,-0.00278574,-0.00526128,-0.0098124,-0.0173518,-0.0270437,-0.03974,-0.0563342,-0.073289,-0.0834406,-0.0872581,-0.0838577,-0.0758019,-0.0632603,-0.0492857,-0.0362848,-0.0248056,-0.0159416,-0.00977563,-0.0047425,-0.00144785,-0.000360233,0.0,0.0,0.0,9.49084e-05,9.24155e-05,-4.91105e-05,0.000932307,0.00152846,-0.000334396,-0.00201169,-0.00807935,-0.0156062,-0.0306419,-0.0535402,-0.0785648,-0.0939133,-0.102377,-0.0998493,-0.0914561,-0.0802816,-0.063137,-0.0471728,-0.0330136,-0.023254,-0.0164081,-0.00981913,-0.00388877,-0.000815213,-8.84521e-05,0.0,0.000171008,0.00161927,0.0044385,0.00822873,0.017812,0.0259139,0.0312932,0.0408743,0.045545,0.0409491,0.0282217,0.0115461,-0.00357443,-0.0154784,-0.0219129,-0.0162762,-0.00973189,-0.00702844,-0.00371731,-0.00472083,-0.0113347,-0.0148163,-0.0137709,-0.0118624,-0.00540624,-0.00137263,-0.000108202,0.0,0.000526636,0.0050194,0.0149679,0.0263387,0.0430312,0.0576553,0.0714676,0.083204,0.089667,0.0879669,0.0854963,0.0837262,0.0829725,0.0862515,0.0935482,0.101763,0.0950276,0.0790708,0.0607012,0.0330342,0.00890802,-0.00518362,-0.00971327,-0.0114217,-0.00589802,-0.00145774,-8.16806e-05,0.000221679,0.00138762,0.0073386,0.0210854,0.0360315,0.0548136,0.0709318,0.086122,0.096205,0.0980579,0.0957421,0.101189,0.103167,0.110068,0.119787,0.136134,0.144086,0.134862,0.11395,0.0862646,0.0499513,0.0200595,-0.000195295,-0.00829692,-0.00910483,-0.00389895,-0.000937924,-3.00264e-05,0.000258923,0.00202394,0.00815435,0.0193334,0.0326175,0.0495169,0.0623758,0.0692251,0.068019,0.0646898,0.0579311,0.0517635,0.0523989,0.0640455,0.0705981,0.0834248,0.104866,0.114818,0.108563,0.0873954,0.0538353,0.0211262,0.000729157,-0.00777241,-0.006068,-0.00228113,-0.000586023,-5.08562e-05,0.000168614,0.00137915,0.00609327,0.0123652,0.0222519,0.0317118,0.037848,0.0355711,0.0271262,0.0152129,-0.000623022,-0.0122954,-0.013833,-0.0128555,-0.0155411,0.00241446,0.0433044,0.0842236,0.0938737,0.075222,0.0461852,0.0131854,-0.00067566,-0.00850352,-0.00489038,-0.00131342,-0.000280317,-6.06773e-05,0.0,0.00063408,0.004289,0.00825872,0.0138054,0.0161647,0.0138348,0.0077292,-0.00507398,-0.0315925,-0.0563057,-0.0686357,-0.0717842,-0.0800934,-0.081818,-0.0500823,0.0150867,0.0735951,0.0816376,0.0613769,0.0313301,0.00135608,-0.0078995,-0.00986433,-0.00497577,-0.000483246,-0.000141827,-2.13321e-05,-2.04735e-06,0.000560683,0.0027887,0.0054986,0.00789292,0.00510195,-0.00315922,-0.0171568,-0.0369624,-0.0699186,-0.0956538,-0.111077,-0.117093,-0.131959,-0.125384,-0.0695964,0.0177197,0.0703899,0.0658632,0.0460863,0.0164414,-0.00334443,-0.0095525,-0.00960246,-0.00425,6.28301e-05,-9.8563e-05,-7.6166e-06,0.0,0.000341633,0.00161025,0.00205411,0.00222051,-0.00216948,-0.0148824,-0.0344943,-0.0605519,-0.0946211,-0.115834,-0.128194,-0.138969,-0.154382,-0.130546,-0.0463173,0.0422609,0.0742478,0.0595366,0.0339096,0.00680309,-0.00587586,-0.00766553,-0.00866289,-0.00447192,-2.08001e-05,-9.76849e-05,-1.3836e-06,0.0,-3.77281e-05,0.000803643,0.000514011,-0.000400031,-0.00886764,-0.0223116,-0.040783,-0.0685094,-0.0950281,-0.111718,-0.118431,-0.130367,-0.133747,-0.0890447,0.00139465,0.0702924,0.0743699,0.045673,0.0216134,-0.00176517,-0.00878767,-0.00983541,-0.00926113,-0.00403761,-0.000853297,-0.000206768,-5.09341e-05,0.0,-2.19259e-05,0.000104495,0.000151676,-0.00203919,-0.0117447,-0.0258558,-0.0400571,-0.062525,-0.0791745,-0.0870696,-0.0910453,-0.0956371,-0.0810804,-0.0230207,0.0497322,0.0779544,0.0523682,0.0192032,-0.00423869,-0.0165096,-0.0150408,-0.013189,-0.00939445,-0.00448272,-0.0014764,-0.000369096,-3.67716e-05,0.0,8.49683e-05,-0.000107814,-0.000175224,-0.00372798,-0.0146788,-0.0296835,-0.0393758,-0.053386,-0.0646578,-0.0698556,-0.0692737,-0.058299,-0.0213574,0.0391314,0.0788434,0.0619703,0.0202429,-0.00853301,-0.0278316,-0.0291124,-0.0235139,-0.0175271,-0.0109642,-0.00529909,-0.00197285,-0.00026933,-7.52013e-06,-4.61423e-08,6.11021e-05,-0.000133431,-0.00108382,-0.00598969,-0.018356,-0.0327944,-0.0421502,-0.0516524,-0.0613429,-0.0640108,-0.0519078,-0.0235804,0.0285337,0.0672654,0.0711004,0.0332791,-0.00809363,-0.0312654,-0.0388029,-0.0370384,-0.0305038,-0.0224548,-0.0127275,-0.00592363,-0.0016381,-0.000154247,-8.32946e-06,-2.30711e-07,-1.26122e-06,-0.000251652,-0.00232561,-0.00787036,-0.021224,-0.0353573,-0.0460446,-0.0577836,-0.0660851,-0.0639978,-0.0417864,0.000951321,0.0411086,0.059149,0.0403882,-0.00304388,-0.0365678,-0.0491572,-0.04792,-0.0419258,-0.0324195,-0.0211646,-0.0106057,-0.00400648,-0.0010815,-0.000128882,-1.52673e-06,0.0,-7.60036e-07,-0.00037523,-0.00291928,-0.00870685,-0.0200313,-0.0367131,-0.0521318,-0.0654226,-0.0709215,-0.0620113,-0.0341156,0.00842202,0.0336107,0.0356074,0.00741756,-0.0273179,-0.048248,-0.0529544,-0.0480694,-0.0395277,-0.0274466,-0.0170174,-0.00801469,-0.00304281,-0.000858251,-6.23311e-05,0.0,0.0,-1.08159e-05,-0.000504165,-0.00251544,-0.00701484,-0.0163047,-0.0326938,-0.0500944,-0.0617296,-0.0637868,-0.0511408,-0.0205716,0.00734608,0.0134902,0.00768231,-0.0104997,-0.0320708,-0.0435195,-0.0444701,-0.0400783,-0.0313731,-0.0198123,-0.011855,-0.00556328,-0.00239442,-0.000545467,-3.40249e-05,0.0,0.0,0.0,-0.00046197,-0.00159311,-0.00398082,-0.0102024,-0.0212984,-0.0324165,-0.0378345,-0.0387204,-0.0244557,-0.00432733,0.00784504,0.00612302,0.00292128,-0.00629654,-0.0212944,-0.0291324,-0.0297097,-0.0277641,-0.0208764,-0.0130654,-0.00675232,-0.00301249,-0.00142132,-0.000385301,-1.0649e-05,0.0,0.0,0.0,-0.000288811,-0.000664607,-0.00104871,-0.00287816,-0.00617524,-0.00640118,-0.00618973,-0.000697027,0.0141677,0.0219354,0.0233509,0.0225913,0.0180978,0.0126971,-0.000820803,-0.00939274,-0.0129906,-0.0135719,-0.0113013,-0.00764602,-0.00353388,-0.0018142,-0.000810801,-0.000307794,-1.11789e-05,0.0,0.0,0.0,-0.000159994,-0.000210784,0.000543007,0.00204492,0.00825523,0.017116,0.0284576,0.0454558,0.0606268,0.0618237,0.060224,0.0574641,0.052008,0.0452991,0.0283267,0.0119424,0.00292637,-0.00250004,-0.00393653,-0.00433582,-0.0021846,-0.000974088,-0.000466221,-0.000148918,0.0,0.0,0.0,0.0,-2.80137e-05,-9.19286e-05,0.000688996,0.00300534,0.0116688,0.0252299,0.0451258,0.0622663,0.0753814,0.0812277,0.0820155,0.077876,0.0711353,0.0622453,0.0397205,0.0205355,0.0113586,0.00336302,-0.0010547,-0.00203106,-0.000929654,-0.000286364,-6.19676e-05,0.0,0.0,0.0,0.0,0.0,0.0,0.0,0.000280968,0.00157767,0.00564794,0.0124297,0.025752,0.0354748,0.0407913,0.0466238,0.049964,0.0526586,0.0495723,0.0415542,0.0282787,0.0163669,0.00925155,0.00417147,0.000794586,-5.71006e-05,0.000119113,3.31765e-05,-1.24721e-06,0.0,0.0,0.0,0.0,0.0,0.0,0.0,0.0,0.0,0.00021996,0.00087356,0.001839,0.00219633,0.00353807,0.00494386,0.00571262,