{"max":0.196789,"min":-0.223979,"acc":0.8828,"arr":[0.0,0.0,0.0,0.0,0.0,0.0,0.0,0.0,0.0,0.0,0.0,0.0,-3.26711e-06,-1.03367e-05,-3.54186e-06,-1.47578e-07,0.0,0.0,0.0,0.0,0.0,0.0,0.0,0.0,0.0,0.0,0.0,0.0,0.0,0.0,0.0,0.0,-5.64327e-08,-4.08418e-07,-4.10286e-05,-9.67442e-05,-0.000141095,-0.000143684,-0.000291214,-0.0003117,-0.000318943,-0.000237203,-0.000254785,-0.00020029,-0.000321746,-0.000218109,-9.82531e-05,-0.000110879,-7.28986e-05,-6.2485e-06,-1.59394e-06,-1.29941e-07,0.0,0.0,0.0,0.0,0.0,0.0,-1.99738e-09,-6.12821e-06,-4.39131e-06,-2.55545e-06,-7.47431e-05,-0.000314501,-0.000629768,-0.00103958,-0.0016537,-0.00231175,-0.00290375,-0.00314311,-0.00361782,-0.00368708,-0.00342858,-0.00268194,-0.00210768,-0.00160019,-0.00110889,-0.000646571,-0.00027653,-3.74656e-05,-3.25869e-06,-1.01163e-06,0.0,0.0,0.0,0.0,-2.35973e-07,-2.65574e-05,-3.16352e-05,-9.21141e-05,-0.000336839,-0.00105733,-0.00216369,-0.00382811,-0.00589149,-0.00788265,-0.00943541,-0.0112813,-0.0127109,-0.0132599,-0.0122391,-0.0106432,-0.00886963,-0.00668313,-0.00445583,-0.00254656,-0.00132826,-0.00057534,-0.000193787,-3.38535e-05,-3.48086e-06,0.0,0.0,-9.39594e-07,-1.41318e-06,2.84358e-05,-0.000138265,-0.000758672,-0.00154885,-0.00359707,-0.00708574,-0.0127296,-0.0193155,-0.0265488,-0.0357186,-0.0444508,-0.0497682,-0.0502729,-0.0470446,-0.0410454,-0.0336256,-0.0253522,-0.0176799,-0.0109927,-0.00617941,-0.00311302,-0.00139029,-0.000367073,-7.28856e-05,-5.76526e-07,0.0,0.0,-2.02058e-05,-4.65216e-05,-0.000443173,-0.00104881,-0.00286301,-0.00613436,-0.0128149,-0.0231427,-0.0374028,-0.0550234,-0.0763465,-0.0983633,-0.111132,-0.114792,-0.109731,-0.0995986,-0.0843186,-0.0662898,-0.0489834,-0.033172,-0.0213849,-0.0130645,-0.00615054,-0.00199566,-0.000508816,-1.92186e-05,0.0,0.0,0.000131051,0.000344853,4.99866e-05,0.00148022,0.00357621,0.00309694,0.00268756,-0.00364799,-0.0132996,-0.0338105,-0.0673275,-0.100551,-0.122614,-0.133341,-0.127224,-0.115038,-0.100155,-0.0792325,-0.0594667,-0.0415984,-0.030982,-0.0225909,-0.0135918,-0.00595218,-0.00156782,-0.000154245,0.0,0.000209387,0.00198839,0.00604957,0.0104552,0.0227885,0.0358565,0.0458621,0.061282,0.0700547,0.067323,0.0490709,0.0251072,0.00198496,-0.0184921,-0.0239603,-0.0141875,-0.00366885,-0.000229069,0.00077596,-0.00434799,-0.0144909,-0.0183224,-0.0206659,-0.0181901,-0.00906885,-0.00214696,-0.000134425,-4.18561e-05,0.000933647,0.00676606,0.0190765,0.0320677,0.0528417,0.0740161,0.0963356,0.113322,0.121016,0.122935,0.11838,0.111282,0.104405,0.111216,0.12385,0.136916,0.131094,0.106157,0.0737039,0.0388632,0.0110517,-0.00595341,-0.0153134,-0.0188097,-0.0103321,-0.00232668,-9.11883e-05,0.00025589,0.00191301,0.00966976,0.0268463,0.0456186,0.0666958,0.0874748,0.10507,0.118006,0.125156,0.121804,0.123697,0.12549,0.136114,0.153954,0.180437,0.196789,0.187005,0.152362,0.108231,0.0591533,0.0279202,0.00295733,-0.0120714,-0.0144997,-0.00701625,-0.00138432,0.000309966,0.000341119,0.00265133,0.0107584,0.0257561,0.044945,0.0637941,0.0758992,0.0802445,0.0767051,0.0763927,0.0689615,0.0603735,0.0651952,0.084277,0.0958067,0.118619,0.158054,0.170007,0.150099,0.112534,0.0685744,0.0330424,0.00759107,-0.00921254,-0.00859996,-0.0034667,-0.000820462,4.77902e-05,0.000193051,0.00288904,0.0109433,0.0213679,0.0353713,0.043632,0.0469446,0.0398176,0.0279215,0.0173135,-0.000117401,-0.0138889,-0.0132057,-0.011584,-0.0121425,0.0199461,0.0786275,0.126621,0.12657,0.0930865,0.0586604,0.0240145,0.00468486,-0.00992315,-0.00696876,-0.00213824,-0.000654282,-6.41945e-05,5.20297e-05,0.0018242,0.00810439,0.0161058,0.0228037,0.0230988,0.0170495,0.00750206,-0.0105209,-0.0424199,-0.0772116,-0.0965446,-0.104648,-0.117194,-0.11292,-0.0576975,0.0359027,0.101375,0.100322,0.0716138,0.0389609,0.00704526,-0.00493922,-0.0118151,-0.00710105,-0.00083753,-0.000243011,-2.22742e-05,-2.04735e-06,0.00072173,0.00429167,0.00931653,0.0112809,0.00779697,-0.00417191,-0.0217247,-0.0491821,-0.0926062,-0.134978,-0.166458,-0.178509,-0.195669,-0.176407,-0.0892248,0.0293501,0.08695,0.0753868,0.0539119,0.0231416,0.000735346,-0.00847668,-0.0115708,-0.00578287,-4.63948e-05,5.92787e-06,-1.15637e-05,0.0,0.000341633,0.00225637,0.00369581,0.00356355,-0.00109529,-0.0181843,-0.0440952,-0.0812342,-0.129154,-0.166917,-0.192195,-0.208307,-0.223979,-0.177911,-0.0583599,0.0549982,0.0916397,0.0764846,0.0503073,0.0188167,0.00140528,-0.00427718,-0.00956249,-0.00549458,0.000134936,-0.000132586,-1.82218e-06,5.20842e-06,-3.77281e-05,0.000892953,0.000891527,-0.000158306,-0.0106705,-0.0271623,-0.0538548,-0.0923378,-0.130574,-0.157484,-0.171927,-0.186759,-0.184037,-0.115234,0.00419651,0.0839311,0.0928743,0.0662684,0.0395077,0.0110447,-1.57277e-05,-0.00606788,-0.00974566,-0.00539558,-0.00103678,-0.000296625,-5.09341e-05,2.97624e-05,-6.87188e-05,-5.88929e-05,-0.000461502,-0.00287635,-0.015462,-0.0327937,-0.0540526,-0.085959,-0.109526,-0.125251,-0.131751,-0.127802,-0.101575,-0.0250107,0.06328,0.09011,0.0650481,0.0335514,0.00913314,-0.00971235,-0.0116341,-0.014285,-0.0119646,-0.00645836,-0.00217126,-0.000486618,-3.70671e-05,0.0,7.91133e-05,-0.000331045,-0.00106683,-0.00556629,-0.0193109,-0.0379426,-0.0552844,-0.0759225,-0.0911995,-0.101769,-0.0954761,-0.0715926,-0.0176943,0.0528402,0.0907055,0.0630877,0.0248496,-0.00351534,-0.0285336,-0.0330349,-0.0296313,-0.0237611,-0.0158315,-0.00759011,-0.00220491,-3.88921e-05,-1.00813e-05,6.82956e-05,6.00707e-05,-0.000409209,-0.00202617,-0.00847315,-0.0249037,-0.0445621,-0.0593479,-0.0728299,-0.0855288,-0.0894017,-0.0680699,-0.0223744,0.0452112,0.0857535,0.0720143,0.0223077,-0.0153243,-0.041026,-0.0521772,-0.0519289,-0.0433435,-0.0323352,-0.0198003,-0.00895162,-0.00198926,5.04038e-05,-8.32946e-06,-2.30711e-07,0.000165977,-0.000451722,-0.00350864,-0.0102546,-0.0282882,-0.0493621,-0.0661174,-0.0799347,-0.0884869,-0.081682,-0.047434,0.0126097,0.05937,0.0690411,0.032392,-0.0218026,-0.0493889,-0.0661457,-0.0674493,-0.0618756,-0.0490505,-0.033091,-0.0176801,-0.0064266,-0.00144486,-0.000272489,-1.52673e-06,0.0,-1.69141e-05,-0.000636936,-0.00425028,-0.0119724,-0.0275268,-0.0509521,-0.0726129,-0.0874697,-0.0905555,-0.0734435,-0.0337968,0.0184578,0.0423503,0.0335749,-0.00435173,-0.0431096,-0.0619961,-0.0758831,-0.072316,-0.0608795,-0.0424853,-0.0264699,-0.0132325,-0.00457803,-0.00102568,-0.000156737,0.0,0.0,-2.01804e-05,-0.000726721,-0.00366559,-0.00987977,-0.0224792,-0.0430359,-0.0647428,-0.0771846,-0.0744175,-0.0552521,-0.0180326,0.0107999,0.0113958,0.000552526,-0.021004,-0.042755,-0.0567777,-0.0676047,-0.0643289,-0.0490438,-0.0306262,-0.0180155,-0.0089561,-0.00316892,-0.000518798,-5.31766e-05,-1.30401e-07,0.0,-4.08882e-07,-0.000615019,-0.00237579,-0.00536511,-0.0127221,-0.0260389,-0.0364865,-0.0407303,-0.0372732,-0.0224127,-0.00570704,0.00282689,-0.0015809,-0.0016357,-0.0119921,-0.0263343,-0.0374379,-0.0485031,-0.0470486,-0.0353149,-0.0210994,-0.0108817,-0.00543815,-0.00198165,-0.000452403,-2.59593e-05,-2.4074e-07,0.0,0.0,-0.000322603,-0.000914998,-0.000399277,-0.00100218,-0.00208608,0.00194339,0.00300136,0.0119703,0.0232257,0.0235013,0.0204377,0.0205705,0.0227674,0.0162751,0.00348188,-0.0103828,-0.0247516,-0.0279023,-0.0227226,-0.0140239,-0.00735918,-0.00393556,-0.00134847,-0.000358405,-1.65907e-05,0.0,0.0,0.0,-0.000161792,1.92314e-05,0.00255793,0.00825029,0.0189071,0.0342011,0.0496457,0.067046,0.0786427,0.0760047,0.0711233,0.07416,0.0731664,0.0642078,0.0436201,0.0201082,-0.00113376,-0.010815,-0.0114826,-0.00810815,-0.00479083,-0.0029056,-0.000970756,-0.000175329,0.0,0.0,0.0,0.0,-2.80137e-05,0.000202566,0.00248201,0.00789239,0.0207196,0.0421657,0.0673229,0.0832765,0.0966571,0.105448,0.105891,0.108252,0.101917,0.0899951,0.0627263,0.0348825,0.0126584,-0.000369211,-0.00473215,-0.00402679,-0.00188109,-0.00131817,-0.000211653,0.0,0.0,0.0,0.0,0.0,0.0,0.0,0.000331684,0.00229016,0.00789939,0.0177242,0.0331556,0.0440833,0.0514596,0.0607518,0.0648627,0.0713153,0.0690913,0.0614532,0.0460762,0.0292496,0.0139864,0.00407852,-0.00101844,-0.000573552,0.000421261,1.76502e-06,-1.24721e-06,1.05166e-05,0.0,0.0,0.0,0.0,0.0,0.0,0.0,0.0,