{"max":0.0218083,"min":-0.0211798,"acc":0.7888,"arr":[0.0,0.0,0.0,0.0,0.0,0.0,0.0,0.0,0.0,0.0,0.0,0.0,0.0,0.0,0.0,0.0,0.0,0.0,0.0,0.0,0.0,0.0,0.0,0.0,0.0,0.0,0.0,0.0,0.0,0.0,0.0,0.0,0.0,0.0,0.0,0.0,0.0,-2.21993e-05,-4.11034e-05,-2.45072e-05,-7.63481e-05,-3.459e-05,-1.98086e-05,-3.89982e-05,-3.47857e-05,0.0,0.0,0.0,0.0,0.0,0.0,0.0,0.0,0.0,0.0,0.0,0.0,0.0,0.0,0.0,0.0,0.0,0.0,-1.48166e-05,-7.49544e-05,-0.000170933,-0.00019462,-0.000245838,-0.000462222,-0.00045177,-0.000590817,-0.000762383,-0.000717046,-0.000433884,-0.000396552,-0.000290548,-0.000288074,-0.000198151,-6.98175e-05,-5.70149e-06,0.0,0.0,0.0,0.0,0.0,0.0,0.0,0.0,0.0,-2.36655e-05,-6.66396e-05,-0.000120185,-0.000209112,-0.000489494,-0.00080588,-0.00103767,-0.00143398,-0.00187029,-0.0021313,-0.00230932,-0.00224708,-0.0018721,-0.00158362,-0.00114581,-0.000864821,-0.000456067,-0.000234515,-5.53634e-05,0.0,0.0,0.0,0.0,0.0,0.0,0.0,-7.82955e-06,-3.48926e-05,-0.000105787,-0.000249152,-0.000514031,-0.000974096,-0.00182442,-0.00264617,-0.00351724,-0.00479168,-0.00611346,-0.00705447,-0.0075138,-0.00748808,-0.0067617,-0.00544134,-0.00388668,-0.00262415,-0.00153371,-0.0006476,-0.000251275,-9.77839e-05,-2.53685e-05,-2.21974e-05,0.0,0.0,0.0,-1.24252e-05,-3.59138e-05,-2.38682e-05,-0.00024188,-0.000631288,-0.00087748,-0.0021473,-0.00373882,-0.00514538,-0.00702696,-0.0100901,-0.0125755,-0.0142556,-0.0152897,-0.0155813,-0.0138151,-0.0111778,-0.00826436,-0.00586248,-0.00387635,-0.0021474,-0.00107929,-0.000580565,-0.000161926,-4.55225e-05,0.0,0.0,0.0,-1.36166e-06,-1.87228e-06,-6.62849e-05,-0.000400866,-0.00110971,-0.00218416,-0.00289709,-0.00251834,-0.0044647,-0.00846194,-0.0115046,-0.0137601,-0.0154036,-0.0181916,-0.0183447,-0.0174238,-0.0144366,-0.0109652,-0.00807819,-0.00544406,-0.00357518,-0.00220805,-0.00150613,-0.00071828,-0.0001809,-6.80659e-06,0.0,0.0,0.000135047,0.000387099,0.00153445,0.00152185,0.00062763,-7.6148e-05,0.00200862,0.00276105,0.00122826,-0.00035536,-0.0021095,-0.00222978,-0.00336705,-0.00538468,-0.00464167,-0.00409632,-0.00359226,-0.00185551,-0.00220783,-0.00173397,-0.00136486,-0.00194813,-0.00169086,-0.000925961,-0.000281946,-4.53176e-05,0.0,0.0,0.000832303,0.00228154,0.00413134,0.00554786,0.00717092,0.00857112,0.0115217,0.0117806,0.00968291,0.0112007,0.0120893,0.0142429,0.0145932,0.012509,0.013635,0.0118817,0.00999693,0.00770458,0.00476316,0.00136944,0.000291603,-0.000276588,-0.00123171,-0.000823604,-0.000286894,-2.48978e-05,0.0,0.0,0.000820464,0.00350152,0.00515228,0.00730271,0.0114722,0.0161997,0.0177646,0.0171639,0.0170828,0.0192061,0.0196375,0.0203502,0.02031,0.0207999,0.0218083,0.0194504,0.0168893,0.0128881,0.00862369,0.00366479,0.00119733,0.000381834,-0.000648713,-0.000484005,-0.000137338,0.0,0.0,0.0,0.000267322,0.00246568,0.00427444,0.0065425,0.0112202,0.0157692,0.0163156,0.0154702,0.0143224,0.0136162,0.013244,0.0134823,0.0127333,0.0135644,0.0142633,0.016503,0.0188834,0.0157448,0.0115122,0.00472754,0.00139053,-0.00038609,-0.000470502,-0.000264026,-6.29436e-05,0.0,0.0,0.0,0.0,0.00100972,0.00243136,0.00385382,0.00616239,0.00856487,0.0104001,0.00747367,0.00389876,0.001395,-0.000448935,-0.00110383,-0.00269154,-0.00283478,0.00254296,0.0113378,0.0190397,0.0170613,0.0116752,0.00382711,0.000911128,-0.00138486,-0.000635616,-0.000123758,-1.05495e-05,0.0,0.0,0.0,3.31574e-05,0.000877499,0.0013239,0.00129206,0.00299378,0.00456439,0.00433839,-0.000279784,-0.00644887,-0.00864497,-0.00900403,-0.0107535,-0.0123258,-0.0111605,-0.00262682,0.0111653,0.0187144,0.0155422,0.00856393,0.00245136,-0.000585928,-0.00195405,-0.000777815,-3.05729e-05,0.0,0.0,0.0,0.0,0.00020418,0.000690813,0.000301834,-0.000203156,0.000840039,-0.00010214,-0.00134301,-0.00570813,-0.0109015,-0.0127597,-0.014729,-0.0175195,-0.0184735,-0.015606,-0.000754293,0.0139841,0.0167324,0.0121053,0.0047866,-0.000961346,-0.00208302,-0.00198841,-0.000503483,0.000154989,0.0,0.0,0.0,0.0,0.000223376,0.00015829,-0.000401767,-0.000792042,-0.00115239,-0.00307061,-0.00552594,-0.0101437,-0.0127972,-0.0149561,-0.0167721,-0.0209002,-0.0209511,-0.0115355,0.00749567,0.0161759,0.0151099,0.0072049,-0.00041166,-0.00289209,-0.00204711,-0.00157929,-0.000899541,-0.000113712,0.0,0.0,0.0,0.0,0.000176258,-4.61454e-05,-0.000444387,-0.00139433,-0.00304889,-0.00489022,-0.00664524,-0.0110315,-0.0148064,-0.0157928,-0.0186057,-0.0211798,-0.0167462,-0.000340169,0.0139501,0.0160042,0.00928372,0.000906368,-0.00435507,-0.00469904,-0.00279203,-0.00197663,-0.00101345,-0.000179238,-2.46964e-05,-1.42999e-05,0.0,0.0,0.0,-3.74289e-05,-0.000624403,-0.00162198,-0.00418804,-0.00599448,-0.00785893,-0.0112451,-0.0136463,-0.0150192,-0.016974,-0.0165736,-0.00578171,0.0095262,0.0173831,0.0127922,0.00155381,-0.00454358,-0.00706318,-0.00557113,-0.00331618,-0.00211918,-0.00100214,-0.000387936,-8.48507e-05,-2.9441e-05,0.0,0.0,0.0,-0.000135051,-0.000927485,-0.00226863,-0.00481975,-0.00715162,-0.00949069,-0.0114102,-0.0121333,-0.0127742,-0.0125953,-0.0066793,0.00641941,0.016882,0.0160451,0.00617068,-0.00356368,-0.0083109,-0.00770262,-0.00576269,-0.00388001,-0.00222114,-0.00111339,-0.000346397,-3.80808e-05,-1.51411e-06,0.0,0.0,-4.31547e-05,-0.000338291,-0.001165,-0.0028366,-0.00539773,-0.00781291,-0.00970991,-0.011124,-0.0121786,-0.0110033,-0.00795713,0.00331626,0.0127671,0.0179118,0.0110834,-0.00124112,-0.00776689,-0.0101806,-0.00816527,-0.00607821,-0.00382935,-0.00217812,-0.000993835,-0.000209868,-8.25474e-06,0.0,0.0,0.0,-6.31298e-05,-0.000411666,-0.00123928,-0.00292266,-0.00531451,-0.00748903,-0.010381,-0.0123646,-0.0131419,-0.0105585,-0.00315903,0.00637745,0.0126585,0.0127411,0.00405567,-0.00577674,-0.0095539,-0.0110533,-0.00818488,-0.00580602,-0.00346519,-0.00178198,-0.000728323,-0.000168548,-2.44405e-05,0.0,0.0,0.0,-4.9019e-05,-0.000356535,-0.00113333,-0.00253755,-0.00502275,-0.00775881,-0.0113724,-0.0134588,-0.0136386,-0.00955187,-0.000301034,0.00655666,0.00865087,0.00462789,-0.00276686,-0.00730817,-0.0106166,-0.0101048,-0.00681584,-0.0044595,-0.00250485,-0.0010957,-0.000544419,-0.000124194,0.0,0.0,0.0,0.0,-1.02389e-05,-0.000179063,-0.000822585,-0.00187927,-0.00455206,-0.00798547,-0.011431,-0.0133575,-0.0119876,-0.00546024,0.000744406,0.00374796,0.00276671,-0.0011792,-0.00402193,-0.00622048,-0.00932954,-0.00751135,-0.00483232,-0.0028938,-0.00146662,-0.000588282,-0.000326188,-3.45104e-05,0.0,0.0,0.0,0.0,0.0,-0.000141418,-0.000162245,-0.00111023,-0.00296759,-0.00568543,-0.00914341,-0.0102094,-0.00718627,-0.00138957,0.00220196,0.00203319,0.0015913,-0.00155926,-0.00209567,-0.00404772,-0.00637131,-0.00517847,-0.00299043,-0.00167824,-0.000800496,-0.000284532,-0.000146086,-3.89546e-05,0.0,0.0,0.0,0.0,0.0,-7.91786e-05,0.00016537,-0.000399068,-0.00114802,-0.00243647,-0.0032843,-0.00297623,-0.000145899,0.00252977,0.00488699,0.00407314,0.00294361,0.0018241,0.00103386,-0.00139863,-0.00375913,-0.00283868,-0.00156401,-0.000778738,-0.000418179,-0.000183302,-6.58954e-05,-1.66207e-05,0.0,0.0,0.0,0.0,0.0,0.0,5.71992e-05,0.000250938,0.000412164,0.00122468,0.00329161,0.00635047,0.00823149,0.0100334,0.0106826,0.00937489,0.00702095,0.00702735,0.00655978,0.00208225,-0.000330652,-0.00110458,-0.000812868,-0.000496606,-0.000220077,-8.41235e-05,-4.30844e-05,-7.55487e-07,0.0,0.0,0.0,0.0,0.0,0.0,0.0,0.000182866,0.00117016,0.00355137,0.00631655,0.00885286,0.0119258,0.0132129,0.0125613,0.0115733,0.0099387,0.00925057,0.00823812,0.00438028,0.00135061,9.77998e-05,-0.000394444,-0.000196019,-9.11947e-05,-3.33457e-05,0.0,0.0,0.0,0.0,0.0,0.0,0.0,0.0,0.0,0.000135143,0.000975688,0.00265933,0.00540742,0.00537233,0.00678685,0.00792543,0.00587049,0.00639492,0.00742046,0.00728009,0.00563043,0.00375664,0.00115687,0.000553087,0.000153529,5.85609e-05,0.0,0.0,0.0,0.0,0.0,0.0,0.0,0.0,0.0,0.0,0.0,0.0,-8.16763e-06,4.58083e-05,0.000383418,0.000351927,0.000681028,0.000892728,0.000809887,0.00137895,0.00201712,0.00168475,0.00190005,0.00108698,0.0,0.0,0.0,0.0,0.0,0.0,0.0,0.0,0.0,0.0]}