{"max":0.191312,"min":-0.214169,"acc":0.8806,"arr":[0.0,0.0,0.0,0.0,0.0,0.0,0.0,0.0,0.0,0.0,0.0,0.0,-3.26711e-06,-1.03367e-05,-3.54186e-06,-1.47578e-07,0.0,0.0,0.0,0.0,0.0,0.0,0.0,0.0,0.0,0.0,0.0,0.0,0.0,0.0,0.0,0.0,-5.64327e-08,-4.08418e-07,-4.10286e-05,-9.63166e-05,-0.000139764,-0.000142862,-0.000290281,-0.00030718,-0.000301847,-0.000216093,-0.000243968,-0.000193019,-0.00029891,-0.000214071,-9.61363e-05,-0.000106712,-7.03843e-05,-5.72805e-06,-1.59394e-06,-1.29941e-07,0.0,0.0,0.0,0.0,0.0,0.0,-1.99738e-09,-6.12821e-06,-4.39131e-06,-2.55545e-06,-5.80413e-05,-0.00029144,-0.000617004,-0.0010221,-0.00161096,-0.00223555,-0.00279851,-0.0030543,-0.00355759,-0.00364091,-0.00337352,-0.00263294,-0.00208205,-0.00158996,-0.00109902,-0.000640585,-0.00027297,-3.61434e-05,-3.25127e-06,-1.01163e-06,0.0,0.0,0.0,0.0,-2.35973e-07,-2.65574e-05,-3.16352e-05,-8.94444e-05,-0.000318263,-0.00102653,-0.00210541,-0.00373077,-0.00566345,-0.00752665,-0.0091944,-0.010997,-0.0123963,-0.0128966,-0.0118822,-0.010333,-0.0086567,-0.00657714,-0.0043714,-0.00248105,-0.00130097,-0.000566042,-0.000191658,-3.34214e-05,-2.89794e-06,0.0,0.0,-9.39594e-07,-1.38672e-06,2.8584e-05,-0.000137654,-0.000749393,-0.00149002,-0.00343375,-0.0067055,-0.0120472,-0.0184436,-0.0255975,-0.0345628,-0.0430386,-0.0481763,-0.0485113,-0.0453321,-0.0396248,-0.0326415,-0.0247054,-0.0171271,-0.0106665,-0.00596839,-0.00302594,-0.00133604,-0.000353292,-7.22272e-05,0.0,0.0,0.0,-2.01047e-05,-3.73872e-05,-0.00042252,-0.000969973,-0.00243202,-0.00537745,-0.0117375,-0.0216418,-0.0350444,-0.0522488,-0.0731363,-0.0944641,-0.107028,-0.110223,-0.105625,-0.0960262,-0.081288,-0.0639627,-0.0472197,-0.032019,-0.020657,-0.0127339,-0.00603273,-0.00195161,-0.000504127,-1.83675e-05,0.0,0.0,0.000131106,0.000359578,0.000149784,0.00170895,0.00375287,0.00328675,0.00312378,-0.00393023,-0.0129892,-0.0316949,-0.0634294,-0.0962554,-0.117289,-0.128301,-0.12285,-0.111508,-0.0973881,-0.0773705,-0.0578761,-0.0403746,-0.0297806,-0.0218217,-0.0132906,-0.00579216,-0.00154243,-0.000149345,0.0,0.000189997,0.00194107,0.00553613,0.00991551,0.0219085,0.0343941,0.0444757,0.0591054,0.0676104,0.0640208,0.0468954,0.02494,0.00291498,-0.0169386,-0.0239607,-0.0152908,-0.0046019,-0.00240829,-0.00159099,-0.00604907,-0.0147348,-0.0180321,-0.0198691,-0.0177383,-0.00878259,-0.00209533,-0.000124088,-4.18561e-05,0.000745215,0.00663965,0.0183876,0.0310837,0.0519684,0.0726547,0.0943385,0.110455,0.118068,0.118046,0.113819,0.107969,0.101637,0.10852,0.119501,0.131746,0.126758,0.102988,0.0705186,0.0353456,0.00859541,-0.00630711,-0.0141681,-0.0172147,-0.00956271,-0.00225385,-9.11883e-05,0.00025589,0.00171381,0.00965339,0.025996,0.0444758,0.0658955,0.0867497,0.104762,0.117316,0.12293,0.11753,0.119319,0.121993,0.132446,0.150812,0.176312,0.191312,0.181862,0.147473,0.104152,0.0566558,0.0252222,0.00212526,-0.0107963,-0.0133329,-0.00648996,-0.00148047,-8.46406e-05,0.000341119,0.00252967,0.0105547,0.0248359,0.0432468,0.0622521,0.0753643,0.0809628,0.076606,0.0745085,0.0655486,0.0576388,0.0631748,0.0814436,0.0949551,0.116703,0.15393,0.165226,0.145276,0.108289,0.0644732,0.0296997,0.00616519,-0.00911789,-0.00870381,-0.00367975,-0.000963169,-5.85988e-05,0.000193051,0.00278626,0.0100482,0.0195613,0.0330175,0.0417706,0.047271,0.0409998,0.0292932,0.0162375,-0.00215142,-0.0153511,-0.0142342,-0.0118951,-0.0118301,0.0190123,0.0760304,0.123031,0.122881,0.089945,0.055145,0.0210117,0.0029644,-0.0105088,-0.00714338,-0.00212301,-0.000652591,-6.41945e-05,5.20297e-05,0.00179421,0.00775568,0.0148067,0.0209556,0.0219993,0.0179379,0.0086053,-0.00942852,-0.0418181,-0.0753897,-0.0940929,-0.101412,-0.112467,-0.110002,-0.0561959,0.0336038,0.0975567,0.097422,0.0683686,0.0375454,0.00605797,-0.00594717,-0.0120296,-0.00703492,-0.000803701,-0.000243011,-2.22742e-05,-2.04735e-06,0.00072173,0.00418198,0.00921353,0.0111116,0.00764084,-0.00277565,-0.020563,-0.0489577,-0.0911563,-0.130192,-0.16003,-0.170739,-0.186935,-0.169313,-0.085422,0.028198,0.0842936,0.0730711,0.0529497,0.0237848,0.00104518,-0.00932506,-0.0115439,-0.00553167,5.1948e-05,6.32457e-06,-1.15637e-05,0.0,0.000341633,0.00214658,0.00374356,0.00387149,-0.000540954,-0.0166696,-0.0422406,-0.0790341,-0.124409,-0.159994,-0.183319,-0.198165,-0.214169,-0.170888,-0.0560921,0.0543081,0.0898827,0.0746101,0.0495268,0.0195369,0.0012014,-0.00506649,-0.0100763,-0.00534559,0.000257321,-0.000122571,-1.82218e-06,5.20842e-06,-3.77281e-05,0.00085275,0.000965028,0.000325953,-0.00966172,-0.0258194,-0.0519228,-0.0897766,-0.124691,-0.149937,-0.164242,-0.179439,-0.177163,-0.111775,0.00473852,0.0827212,0.0914098,0.0642062,0.0388671,0.0102366,-0.00163259,-0.00724119,-0.00999048,-0.00519726,-0.00102406,-0.000286782,-5.09341e-05,2.97624e-05,-6.87188e-05,-2.72195e-05,-0.000146737,-0.00221701,-0.0143974,-0.0308749,-0.0520279,-0.0836285,-0.104856,-0.118921,-0.126341,-0.123887,-0.0984768,-0.0233179,0.0615057,0.0884779,0.0644062,0.0318738,0.00823268,-0.00996501,-0.0121998,-0.0139053,-0.0114382,-0.00623609,-0.00213168,-0.000479775,-3.70671e-05,0.0,7.91133e-05,-0.000291961,-0.000731332,-0.00495301,-0.018696,-0.0367103,-0.0531625,-0.0728923,-0.0872255,-0.0961704,-0.0916793,-0.0701153,-0.0176548,0.0523918,0.0901387,0.0643591,0.0254679,-0.00361574,-0.0284732,-0.0336531,-0.0294574,-0.0228746,-0.0147035,-0.00686365,-0.00196726,-3.01922e-05,-1.00813e-05,6.82956e-05,6.00707e-05,-0.000389971,-0.00195167,-0.00818834,-0.0244547,-0.0433463,-0.057011,-0.069909,-0.0814113,-0.0846105,-0.0657788,-0.0218082,0.0444673,0.0838293,0.0729405,0.025551,-0.0134037,-0.0386674,-0.050477,-0.0504897,-0.04231,-0.0310226,-0.0182369,-0.00810591,-0.00191153,5.2116e-05,-8.32946e-06,-2.30711e-07,0.000165977,-0.000416113,-0.00338063,-0.0102472,-0.027905,-0.0477864,-0.0634168,-0.077316,-0.0852448,-0.0792865,-0.0466038,0.0129407,0.0582646,0.0688314,0.0353074,-0.0174114,-0.0464001,-0.062557,-0.0648141,-0.0593557,-0.0471137,-0.0313595,-0.0164818,-0.00580498,-0.00150001,-0.000255678,-1.52673e-06,0.0,-1.08126e-05,-0.000610032,-0.00408912,-0.0120242,-0.0272191,-0.049268,-0.0699867,-0.0849703,-0.0890008,-0.0727557,-0.0330256,0.0192791,0.0417904,0.0351786,-0.00159388,-0.0395625,-0.0592892,-0.0714158,-0.0682798,-0.0576514,-0.0400153,-0.0254523,-0.0125852,-0.00406506,-0.00101036,-0.000153011,0.0,0.0,-1.5695e-05,-0.000710382,-0.00355355,-0.0100452,-0.0224078,-0.0423653,-0.0641214,-0.0772065,-0.0747613,-0.0556444,-0.0179147,0.0114832,0.0113058,0.00176516,-0.018209,-0.040201,-0.0538722,-0.0627194,-0.060358,-0.0463315,-0.0288505,-0.0175055,-0.00851055,-0.00300381,-0.000512623,-5.31384e-05,-1.30401e-07,0.0,-1.78015e-07,-0.000594151,-0.00231866,-0.00559659,-0.0134194,-0.0265392,-0.0378021,-0.0429472,-0.0384979,-0.0221583,-0.00356171,0.00494196,-0.00128001,-0.00160964,-0.00980615,-0.023884,-0.0350021,-0.0447631,-0.0437579,-0.0322167,-0.0194432,-0.0104736,-0.0050298,-0.00192746,-0.0004467,-2.59593e-05,-2.4074e-07,0.0,0.0,-0.000321014,-0.000905281,-0.00106424,-0.00252317,-0.0040094,-0.000969178,-6.68573e-07,0.010595,0.0236133,0.0253318,0.0207969,0.0198433,0.0224636,0.0169059,0.00333608,-0.00956247,-0.0225126,-0.0252212,-0.0200215,-0.0126426,-0.00698532,-0.00375766,-0.00133296,-0.000355216,-1.65907e-05,0.0,0.0,0.0,-0.000161792,-2.43853e-05,0.00193776,0.00638104,0.0159386,0.0303475,0.0463497,0.0653738,0.0782915,0.0753083,0.0684954,0.0719892,0.0707603,0.0615765,0.0408636,0.0188089,-0.000256749,-0.00919901,-0.00984772,-0.00755723,-0.00463047,-0.00279734,-0.000963116,-0.000175329,0.0,0.0,0.0,0.0,-2.80137e-05,7.00519e-05,0.00191192,0.00681695,0.0185123,0.0388973,0.0637966,0.0814424,0.0951265,0.102245,0.101571,0.10482,0.0980576,0.0853553,0.0584916,0.0329094,0.0128941,0.000560102,-0.00390003,-0.00383498,-0.00190783,-0.001297,-0.000211653,0.0,0.0,0.0,0.0,0.0,0.0,0.0,0.000331684,0.00220662,0.00754883,0.0166924,0.0321183,0.0434009,0.0507428,0.0591415,0.0627123,0.068574,0.0657141,0.0582721,0.0432702,0.0275744,0.0133249,0.00373462,-0.000744734,-0.000496976,0.00043044,1.76502e-06,-1.24721e-06,1.05166e-05,0.0,0.0,0.0,0.0,0.0,0.0,0.0,0.0,0.000301145,