{"max":0.0377486,"min":-0.0382013,"acc":0.7992,"arr":[0.0,0.0,0.0,0.0,0.0,0.0,0.0,0.0,0.0,0.0,0.0,0.0,0.0,0.0,0.0,0.0,0.0,0.0,0.0,0.0,0.0,0.0,0.0,0.0,0.0,0.0,0.0,0.0,0.0,0.0,0.0,0.0,0.0,0.0,0.0,0.0,0.0,-2.21993e-05,-6.2165e-05,-8.76483e-05,-0.000109069,-5.97496e-05,-6.26982e-05,-6.03538e-05,-8.57655e-05,-1.49817e-05,-1.83472e-06,-2.55551e-05,-3.00108e-05,0.0,0.0,0.0,0.0,0.0,0.0,0.0,0.0,0.0,0.0,0.0,0.0,0.0,0.0,-1.48166e-05,-0.0001292,-0.000288854,-0.000351201,-0.000575066,-0.000930774,-0.000920216,-0.00102342,-0.00120706,-0.00119439,-0.000819632,-0.000645999,-0.000535249,-0.000461571,-0.000271833,-0.000106448,-1.15368e-05,0.0,0.0,0.0,0.0,0.0,0.0,0.0,-6.21634e-07,0.0,-2.36655e-05,-6.99723e-05,-0.0001695,-0.00039131,-0.000876412,-0.00142573,-0.00203622,-0.0027492,-0.0035138,-0.00387502,-0.00400324,-0.00372423,-0.00313076,-0.00270001,-0.00212678,-0.00148612,-0.000740578,-0.000307318,-5.71139e-05,0.0,0.0,0.0,0.0,0.0,0.0,0.0,-1.12278e-05,-7.07106e-05,-0.00018935,-0.0003866,-0.000788766,-0.0015437,-0.00290517,-0.00450713,-0.00651917,-0.00887989,-0.011171,-0.0127599,-0.0135203,-0.0131735,-0.0117032,-0.00961232,-0.00726281,-0.00491328,-0.0027673,-0.00117138,-0.000514122,-0.000238657,-5.3049e-05,-2.21974e-05,0.0,0.0,0.0,-1.24252e-05,-3.59138e-05,-8.04755e-05,-0.000474976,-0.00115287,-0.0017915,-0.00386366,-0.00677606,-0.00917012,-0.0130587,-0.0184918,-0.0232949,-0.0264083,-0.0281046,-0.0279514,-0.0251339,-0.020709,-0.0157358,-0.011323,-0.00746742,-0.00411236,-0.00221122,-0.00121546,-0.000456087,-6.4157e-05,0.0,0.0,0.0,-1.36166e-06,-4.84432e-05,-0.000117142,-0.000648883,-0.00176576,-0.00347708,-0.00515017,-0.00606849,-0.00942347,-0.0158389,-0.0220824,-0.0271033,-0.0309861,-0.0350877,-0.0345615,-0.0324175,-0.0285099,-0.0226672,-0.0168683,-0.0119286,-0.00761671,-0.00442682,-0.00286869,-0.00135716,-0.000226547,-1.86561e-05,0.0,0.0,0.000832082,0.00161583,0.00275592,0.00334387,0.00292759,0.00309769,0.00529964,0.00581915,0.00392239,-0.00127179,-0.00517725,-0.00580293,-0.00771565,-0.00980428,-0.009342,-0.00758795,-0.00632331,-0.00285161,-0.00305578,-0.00330092,-0.00362957,-0.00341565,-0.00295168,-0.00143641,-0.000422743,-8.50484e-05,0.0,0.000286765,0.00223791,0.00521425,0.00829728,0.0115833,0.0154148,0.0192842,0.022534,0.023361,0.0200064,0.0199958,0.020715,0.0225508,0.0235253,0.0226821,0.0246074,0.0225112,0.0200553,0.0177091,0.0129215,0.00549475,0.00138918,-0.00137694,-0.00228545,-0.000954393,-0.000325517,-2.48978e-05,0.0,0.00031027,0.00161773,0.00697307,0.0105388,0.0160091,0.0229376,0.0289387,0.0325554,0.0320496,0.0295746,0.0323035,0.032993,0.0333476,0.0353523,0.0352494,0.0377486,0.0356416,0.0322615,0.0270629,0.0208399,0.010889,0.00416731,-0.000216295,-0.0015966,-0.000796589,-0.000167186,0.0,0.0,1.56702e-05,0.000790147,0.00470424,0.00926249,0.0142727,0.021605,0.0258266,0.0259265,0.0227233,0.0207527,0.0210793,0.0209463,0.0228784,0.0228858,0.0230237,0.0257704,0.0298348,0.0326403,0.0293099,0.0231713,0.0113165,0.0026024,-0.000842442,-0.000786609,-0.000453155,-0.0001589,0.0,0.0,0.0,0.000797749,0.00245229,0.00561051,0.00892481,0.0137547,0.0153179,0.0143209,0.0095987,0.00550677,0.00241306,0.00050659,-0.000511435,-0.00352476,-0.00395232,0.00437337,0.0189696,0.0297467,0.0295376,0.0208018,0.00709524,0.000797552,-0.00232141,-0.00120589,-0.000211061,-8.70152e-05,-1.83849e-05,0.0,0.0,0.000540589,0.00180699,0.00310064,0.00466393,0.00715291,0.00838521,0.0055819,-0.00289451,-0.0111431,-0.01423,-0.0155886,-0.0191212,-0.0222276,-0.0198175,-0.00582191,0.0183437,0.0296955,0.0273694,0.0151715,0.00288238,-0.00238526,-0.00344683,-0.0016052,-0.000184262,-8.7884e-05,-2.13321e-05,0.0,0.0,0.000397831,0.00123836,0.00131448,0.00133804,0.00116563,-0.000689844,-0.00542793,-0.0141391,-0.0217616,-0.0249642,-0.0278454,-0.0328254,-0.0344083,-0.0279734,-0.00344172,0.0216516,0.0282547,0.0210848,0.00738814,-0.00199957,-0.00365504,-0.00352678,-0.00112986,1.36684e-05,-3.47815e-05,-5.75406e-06,0.0,-1.65269e-05,0.000211858,0.000146069,-0.000628643,-0.00178953,-0.00330876,-0.00670911,-0.0119347,-0.0215526,-0.0260083,-0.0286298,-0.0316756,-0.0382013,-0.038057,-0.02032,0.0111889,0.0265743,0.0257481,0.0119751,-0.000525185,-0.00635823,-0.00473189,-0.00309534,-0.00148915,-0.000186282,-3.30621e-05,0.0,0.0,-3.77281e-05,0.000154723,-0.000114776,-0.000639434,-0.00280757,-0.005911,-0.00836462,-0.0143013,-0.0226163,-0.0275692,-0.0288008,-0.0328635,-0.0376608,-0.0300482,-0.00296809,0.0227456,0.027723,0.0162922,0.00299269,-0.00751252,-0.00928591,-0.00637777,-0.00388313,-0.00158403,-0.000247445,-8.33e-05,-1.42999e-05,0.0,-1.78624e-05,-3.73942e-05,-9.01859e-05,-0.00078878,-0.00312295,-0.00685885,-0.0101941,-0.0160033,-0.0220257,-0.0243858,-0.0264121,-0.0295082,-0.0286748,-0.0123255,0.014759,0.0296371,0.0231134,0.00515242,-0.00627578,-0.0118385,-0.0100939,-0.00656553,-0.00392234,-0.00166514,-0.000517125,-0.000192155,-2.9441e-05,0.0,8.76349e-05,-3.95644e-05,-0.000253803,-0.00105221,-0.00399787,-0.00867775,-0.0127901,-0.0178716,-0.0215252,-0.0221303,-0.0224773,-0.022006,-0.0128297,0.0073006,0.0284652,0.0288179,0.0127255,-0.0032891,-0.0126019,-0.0126091,-0.00957957,-0.00655259,-0.00366592,-0.00178631,-0.000450089,-7.67696e-05,-1.51411e-06,0.0,6.15639e-05,-5.21694e-05,-0.000523116,-0.00157002,-0.00537589,-0.0103682,-0.0145016,-0.0176667,-0.0208322,-0.0227355,-0.0205778,-0.0142263,0.00238825,0.0188136,0.0289369,0.0188068,-4.10903e-05,-0.0122657,-0.0166732,-0.0145377,-0.0108959,-0.00679157,-0.00370675,-0.00157921,-0.000325545,-1.20705e-05,0.0,0.0,0.0,-6.81719e-05,-0.000616311,-0.00186885,-0.00594011,-0.01106,-0.0148457,-0.0188572,-0.0226501,-0.02375,-0.0196398,-0.0067842,0.00739613,0.0194979,0.0195667,0.00525756,-0.00936356,-0.0162893,-0.018961,-0.0145055,-0.0106138,-0.00614345,-0.00301528,-0.00108664,-0.000231587,-4.1541e-05,0.0,0.0,0.0,-7.35289e-05,-0.000616232,-0.0020496,-0.00554975,-0.0106247,-0.0156024,-0.0207494,-0.0244719,-0.0242933,-0.0166638,-0.00224255,0.00936908,0.0136928,0.00666408,-0.00499424,-0.013544,-0.017537,-0.0165374,-0.0119307,-0.00813236,-0.00458118,-0.00201699,-0.000827595,-0.00016556,-1.01755e-05,0.0,0.0,0.0,-4.59534e-05,-0.000559312,-0.00174013,-0.00432386,-0.00936235,-0.0156059,-0.021045,-0.0234252,-0.0209482,-0.0104219,-0.000397532,0.00434197,0.00340786,-0.00237139,-0.00748971,-0.01143,-0.0145864,-0.0120996,-0.00840697,-0.00531628,-0.00285532,-0.00122033,-0.000582009,-3.92437e-05,-7.06631e-08,0.0,0.0,0.0,-1.13446e-05,-0.000386954,-0.000805118,-0.00280014,-0.00654437,-0.0115391,-0.0157457,-0.0172465,-0.0128282,-0.00441261,0.00174625,0.00156773,0.000308283,-0.00302252,-0.00457817,-0.00697863,-0.00968867,-0.00772211,-0.00466587,-0.00307041,-0.0017217,-0.000672993,-0.000306699,-3.89546e-05,0.0,0.0,0.0,0.0,0.0,-0.000156746,-0.00020327,-0.00125396,-0.00297923,-0.0048834,-0.005729,-0.00529889,-0.000266843,0.00432478,0.00708686,0.00596589,0.00310749,0.00288779,0.00181773,-0.000417403,-0.00428785,-0.00313633,-0.00190742,-0.00137992,-0.000888117,-0.000474009,-0.000156959,-1.66207e-05,0.0,0.0,0.0,0.0,0.0,-4.0224e-06,-7.39356e-05,0.000112462,0.000720837,0.00237699,0.00579786,0.0105516,0.0161601,0.0193431,0.0182374,0.0155141,0.0129411,0.0124653,0.0118981,0.00586087,0.000496112,-0.000225366,-0.000516308,-0.00058037,-0.000567621,-0.000316123,-0.00013044,-7.55487e-07,0.0,0.0,0.0,0.0,0.0,0.0,6.42367e-06,0.000468567,0.00213511,0.00576804,0.0121604,0.0166928,0.0233046,0.0256704,0.0237412,0.0197787,0.0185959,0.0178722,0.0149063,0.00776553,0.00298885,0.00167416,6.29494e-05,-7.9133e-05,-0.000202068,-0.000132704,-3.3135e-05,0.0,0.0,0.0,0.0,0.0,0.0,0.0,0.000116818,0.000518077,0.00213623,0.00448034,0.00916023,0.0123099,0.0150068,0.0168896,0.0147488,0.0124674,0.0131923,0.0133178,0.0103017,0.00566708,0.00263996,0.00186123,0.000670408,0.000121537,-5.27618e-05,-1.05067e-05,0.0,0.0,0.0,0.0,0.0,0.0,0.0,0.0,0.0,0.0,-8.16763e-06,0.00024538,0.00101453,0.00138323,0.00162857,0.00197892,0.00160335,0.00213546,0.00263679,0.00268559,0.00256383,0.00121858,0.000426693,0.000391097,0.000441582,0.000109145,0.0,0.0,0.0,0.0,0.0,0.0]}