{"max":0.0631067,"min":-0.0654902,"acc":0.8126,"arr":[0.0,0.0,0.0,0.0,0.0,0.0,0.0,0.0,0.0,0.0,0.0,0.0,0.0,0.0,0.0,0.0,0.0,0.0,0.0,0.0,0.0,0.0,0.0,0.0,0.0,0.0,0.0,0.0,0.0,0.0,0.0,0.0,0.0,0.0,-3.46127e-05,-8.35146e-05,-0.000125598,-5.85797e-05,-6.2165e-05,-8.76483e-05,-0.000124794,-0.000110167,-0.000112239,-6.85759e-05,-0.000110881,-7.62913e-05,-4.86344e-05,-6.98188e-05,-4.63709e-05,-3.57597e-07,0.0,0.0,0.0,0.0,0.0,0.0,0.0,0.0,0.0,-6.12821e-06,-3.32715e-06,0.0,-3.68368e-05,-0.000112312,-0.000322159,-0.000408483,-0.00052237,-0.000904782,-0.00133998,-0.00137663,-0.00164739,-0.00189701,-0.00190958,-0.00147045,-0.00111358,-0.000851163,-0.000651459,-0.000354776,-0.000128109,-1.36991e-05,0.0,0.0,0.0,0.0,0.0,0.0,0.0,-2.58018e-05,-1.92734e-05,-2.51594e-05,-0.00013285,-0.000301673,-0.000729482,-0.00139725,-0.00210816,-0.00307782,-0.0041924,-0.00530219,-0.0061168,-0.00643967,-0.00604075,-0.00506729,-0.00427702,-0.00327172,-0.00213714,-0.00107073,-0.000501996,-0.00016828,-4.84682e-05,-2.3404e-05,-2.89794e-06,0.0,0.0,0.0,0.0,-1.12278e-05,-8.91703e-05,-0.000239015,-0.000574074,-0.00118949,-0.00252841,-0.00473495,-0.00721292,-0.010471,-0.0141668,-0.0179631,-0.0207254,-0.0216059,-0.0207979,-0.0179928,-0.0147605,-0.0110898,-0.00729934,-0.00428163,-0.00202761,-0.000948918,-0.000416713,-0.000107925,-2.31223e-05,0.0,0.0,0.0,-1.24252e-05,-5.2738e-05,-0.000182045,-0.00082437,-0.00173927,-0.00270267,-0.00580918,-0.0104533,-0.0147845,-0.0212873,-0.0298736,-0.0376497,-0.0425839,-0.0448681,-0.0441189,-0.0401233,-0.0326095,-0.0246769,-0.0180174,-0.0119226,-0.00721337,-0.0042588,-0.00198465,-0.000588345,-6.87537e-05,0.0,0.0,0.0,-1.36166e-06,-2.57572e-05,-0.00019321,-0.000981585,-0.00184803,-0.00486834,-0.00714255,-0.0096928,-0.0137561,-0.0228421,-0.0338454,-0.043693,-0.0497674,-0.0559477,-0.0548539,-0.0504238,-0.0444323,-0.0328085,-0.0230582,-0.0161776,-0.0113562,-0.00733142,-0.00409593,-0.00181648,-0.000289411,-6.70383e-05,0.0,0.00016333,0.00118284,0.00268338,0.00460363,0.00704794,0.00929628,0.0106779,0.013706,0.0149965,0.0141303,0.00717652,-0.00125329,-0.00760337,-0.0124666,-0.0155621,-0.0129571,-0.00951518,-0.00858218,-0.00427184,-0.00307034,-0.00441092,-0.0054261,-0.00578398,-0.00493963,-0.0022599,-0.000634266,-0.000103407,0.0,0.000383183,0.00268983,0.00783252,0.0137309,0.0218582,0.0302282,0.0358695,0.0408656,0.0450234,0.0426785,0.0420157,0.0401596,0.039171,0.0399192,0.0402359,0.044227,0.0407435,0.035096,0.0307357,0.0193491,0.00790391,0.000693905,-0.00331047,-0.00454547,-0.00185397,-0.000519882,-2.48978e-05,0.0,0.000453596,0.00292689,0.0105239,0.0176595,0.0286325,0.0390318,0.0478822,0.0554484,0.0569497,0.0536387,0.0536063,0.0536696,0.0549124,0.0578161,0.0598856,0.0631067,0.0606623,0.0558458,0.0467615,0.0320559,0.0154347,0.00400762,-0.00273755,-0.00370786,-0.00146182,-0.000328317,0.0,0.0,0.00021849,0.00208548,0.00789981,0.0152652,0.0240455,0.0338603,0.0402617,0.0420578,0.0374655,0.0315239,0.028847,0.0299679,0.0335154,0.0353941,0.0368977,0.0425836,0.0514606,0.0552137,0.0487964,0.0348291,0.0150103,0.00273469,-0.00287052,-0.00221976,-0.000867092,-0.000327901,-3.7315e-05,0.0,3.3624e-05,0.00129324,0.00373504,0.00919854,0.0148294,0.0204656,0.0226784,0.0201937,0.0103761,0.0017771,-0.00408641,-0.00502021,-0.00471286,-0.00826901,-0.00635644,0.01038,0.035952,0.0487896,0.0452628,0.0287759,0.00789489,0.000268041,-0.004053,-0.00218946,-0.00040257,-0.000176793,-6.02771e-05,0.0,0.000111295,0.00118449,0.00246369,0.0046489,0.00661834,0.00901979,0.00865592,0.00251399,-0.0129939,-0.0252481,-0.0293444,-0.0305288,-0.035755,-0.0392864,-0.0325945,-0.00338071,0.0333882,0.0450181,0.0385329,0.0187468,0.00170688,-0.00363802,-0.00538848,-0.00257666,-0.000211151,-9.43161e-05,-2.13321e-05,0.0,0.0,0.000906016,0.00191532,0.0028406,0.00249237,0.00107126,-0.00414714,-0.0143672,-0.0304417,-0.0418825,-0.0458794,-0.048476,-0.0568681,-0.0585892,-0.0419692,0.00141634,0.0367772,0.0408346,0.0281136,0.00883976,-0.00276139,-0.0056633,-0.00601796,-0.00230559,-3.96809e-05,-3.66278e-05,-5.75406e-06,0.0,-1.65269e-05,0.000449134,0.000647142,0.00040752,-0.00147477,-0.0050248,-0.0133275,-0.0250744,-0.0418535,-0.0493005,-0.0515322,-0.0557231,-0.0654902,-0.0606703,-0.028811,0.0187886,0.0397845,0.0353271,0.0162467,-0.00107488,-0.00754474,-0.0068564,-0.00555847,-0.0025443,-0.000271837,-3.30621e-05,0.0,0.0,-3.77281e-05,0.000478021,9.59473e-05,-0.000645564,-0.00415009,-0.0103819,-0.0169632,-0.0289675,-0.0425709,-0.0500922,-0.0516857,-0.0586409,-0.0625544,-0.0445043,-0.00369348,0.03486,0.0395868,0.0231611,0.00652423,-0.00852329,-0.0110908,-0.00922199,-0.00671318,-0.00291227,-0.000384201,-8.47499e-05,-1.42999e-05,0.0,-2.19259e-05,0.000145031,-0.000107986,-0.00158677,-0.00639443,-0.0138273,-0.0190044,-0.0286535,-0.0391785,-0.0426867,-0.0454167,-0.0478104,-0.0414825,-0.0149048,0.0223104,0.0425848,0.0315342,0.00857119,-0.00765766,-0.0159804,-0.0129408,-0.00923842,-0.00585236,-0.00284045,-0.000825387,-0.000259959,-2.9441e-05,0.0,8.49683e-05,-7.17956e-05,-0.000516386,-0.00236688,-0.00804288,-0.0155372,-0.0215162,-0.0292372,-0.0352217,-0.0369311,-0.0363799,-0.0309815,-0.0141249,0.0149787,0.0396438,0.0392847,0.0153046,-0.00565385,-0.0183692,-0.0186503,-0.0135832,-0.010003,-0.00566215,-0.00305806,-0.000795773,-0.000130801,-1.51411e-06,0.0,6.15639e-05,-0.000134429,-0.000885215,-0.003085,-0.010072,-0.0174929,-0.0231583,-0.0284924,-0.0333744,-0.0352126,-0.029449,-0.0149644,0.0106096,0.0300331,0.0399657,0.024402,-0.00237073,-0.0201641,-0.0248018,-0.0219904,-0.0161904,-0.0110191,-0.00616091,-0.00276938,-0.000600155,-3.87273e-05,0.0,0.0,0.0,-0.000184384,-0.00111047,-0.00364208,-0.0110255,-0.0191279,-0.0248396,-0.0310611,-0.0357031,-0.0351167,-0.0247737,-0.00209497,0.0166667,0.0281965,0.0253803,0.00381402,-0.0187574,-0.0272108,-0.0284078,-0.0228644,-0.0164464,-0.00970543,-0.00483235,-0.00184235,-0.00044429,-7.77443e-05,0.0,0.0,0.0,-0.000175162,-0.0012048,-0.00387769,-0.0100407,-0.018752,-0.027091,-0.034118,-0.0372377,-0.0345169,-0.0186334,0.00208612,0.0155703,0.017881,0.00664553,-0.0116742,-0.0249757,-0.0274111,-0.0253183,-0.019287,-0.0128435,-0.00716666,-0.00345003,-0.00145083,-0.000382383,-3.65542e-05,0.0,0.0,0.0,-0.0001185,-0.000934963,-0.00314571,-0.00790427,-0.0166223,-0.0260291,-0.0331012,-0.0340681,-0.0278588,-0.0107793,0.00211111,0.0059546,0.00317842,-0.0052132,-0.0160764,-0.0215917,-0.0223649,-0.0191525,-0.0141505,-0.00834623,-0.00459301,-0.00224642,-0.00111843,-0.000256406,-1.94641e-05,0.0,0.0,0.0,-4.83001e-05,-0.000606228,-0.00159148,-0.00500176,-0.0112377,-0.018388,-0.0226268,-0.0225039,-0.0147224,-0.00285357,0.0046769,0.0022073,-0.000412049,-0.00642664,-0.0102605,-0.0131066,-0.0139197,-0.0121218,-0.00846543,-0.00491716,-0.00263276,-0.00125296,-0.000668174,-0.000174154,-8.28039e-06,0.0,0.0,0.0,-4.65037e-06,-0.000205176,-0.000546651,-0.00216428,-0.0047673,-0.00571048,-0.00476181,-0.00287427,0.00446127,0.0111434,0.0122294,0.00954587,0.00483336,0.00265859,0.000490262,-0.00234988,-0.00521097,-0.00504357,-0.00430903,-0.00254361,-0.00143297,-0.000764855,-0.000416044,-0.000129135,-6.97961e-06,0.0,0.0,0.0,0.0,-6.75559e-06,-0.000140459,-4.53586e-05,0.00165494,0.00717746,0.0131974,0.0217349,0.0321346,0.0340738,0.0300756,0.0255912,0.0204634,0.0193517,0.0162355,0.00746382,0.00245637,7.14479e-05,-0.00171766,-0.00153603,-0.000978939,-0.000514171,-0.000314641,-0.000105263,0.0,0.0,0.0,0.0,0.0,0.0,-1.06573e-05,0.000839683,0.00446783,0.0113542,0.0205445,0.0305199,0.0413245,0.0427378,0.0399228,0.0341347,0.0303871,0.0282926,0.0207585,0.0109419,0.00580352,0.00273249,-0.000688793,-0.000722403,-0.000496907,-0.000170924,-3.96446e-05,0.0,0.0,0.0,0.0,0.0,0.0,0.0,0.000116818,0.000999474,0.00334681,0.00664099,0.0137811,0.0198787,0.0242169,0.0269567,0.0258733,0.0232322,0.0221412,0.0207453,0.0146471,0.00807108,0.00476609,0.00257607,0.000240383,-0.000134849,-6.01712e-05,-1.05067e-05,0.0,0.0,0.0,0.0,0.0,0.0,0.0,0.0,0.0,0.0,-8.16763e-06,0.00024538,0.001176,0.00168464,0.00231303,0.0030391,0.00261274,0.00336699,0.00451984,0.00440015,0.00397651,0.00238117,0.00113522,