{"max":0.0348394,"min":-0.0348388,"acc":0.7766,"arr":[0.0,0.0,0.0,0.0,0.0,0.0,0.0,0.0,0.0,0.0,0.0,0.0,0.0,0.0,0.0,0.0,0.0,0.0,0.0,0.0,0.0,0.0,0.0,0.0,0.0,0.0,0.0,0.0,0.0,0.0,0.0,0.0,0.0,0.0,0.0,0.0,0.0,-2.21993e-05,-6.2165e-05,-8.76483e-05,-0.000109069,-5.97496e-05,-6.26982e-05,-5.75164e-05,-6.09096e-05,0.0,-1.83472e-06,-2.55551e-05,-3.00108e-05,0.0,0.0,0.0,0.0,0.0,0.0,0.0,0.0,0.0,0.0,0.0,0.0,0.0,0.0,-1.48166e-05,-0.0001292,-0.000277973,-0.000319065,-0.000528474,-0.000884723,-0.000840301,-0.000959357,-0.0011564,-0.00113927,-0.000763358,-0.000605921,-0.000530134,-0.000461571,-0.000271833,-0.000106448,-1.15368e-05,0.0,0.0,0.0,0.0,0.0,0.0,0.0,-6.21634e-07,0.0,-2.36655e-05,-6.99723e-05,-0.0001695,-0.000385201,-0.000825309,-0.00133488,-0.00190466,-0.00261827,-0.0033324,-0.00363694,-0.00379753,-0.00352535,-0.00294067,-0.00253805,-0.00201919,-0.00139205,-0.000696415,-0.000282536,-5.71139e-05,0.0,0.0,0.0,0.0,0.0,0.0,0.0,-1.12278e-05,-6.63883e-05,-0.000152654,-0.000348763,-0.000751519,-0.00145447,-0.00273302,-0.00426251,-0.00617967,-0.00834538,-0.0104452,-0.0118573,-0.0126285,-0.0123532,-0.0108727,-0.00882914,-0.00671839,-0.00449764,-0.00254353,-0.00110525,-0.000504895,-0.000234859,-5.09917e-05,-2.21974e-05,0.0,0.0,0.0,-1.24252e-05,-3.59138e-05,-7.08987e-05,-0.000436737,-0.00109456,-0.00166085,-0.00364351,-0.00629399,-0.00855627,-0.0121681,-0.0171599,-0.0214885,-0.0242899,-0.0259888,-0.0259024,-0.0231805,-0.0192243,-0.0146307,-0.0103807,-0.00691852,-0.00377497,-0.00201023,-0.00108576,-0.000394903,-4.55225e-05,0.0,0.0,0.0,-1.36166e-06,-3.80535e-05,-0.000202095,-0.000863779,-0.00178454,-0.00353245,-0.00521087,-0.00578516,-0.00843346,-0.0141797,-0.0198997,-0.0245867,-0.0282082,-0.0322719,-0.0319119,-0.0298414,-0.0261566,-0.0207349,-0.0152445,-0.0107925,-0.00686152,-0.0039897,-0.00249007,-0.00110745,-0.000188816,-6.80659e-06,0.0,0.0,0.0008084,0.00129567,0.00211024,0.00260852,0.00225067,0.00181129,0.00395887,0.00462868,0.00309085,-0.000929951,-0.00435679,-0.00520122,-0.0070854,-0.00874336,-0.00791135,-0.00608615,-0.0047962,-0.00161162,-0.00205835,-0.00246809,-0.00293734,-0.00299539,-0.00244836,-0.00112881,-0.000315891,-4.53176e-05,0.0,0.000286765,0.00197899,0.00448377,0.0071537,0.0102455,0.0135153,0.0166971,0.0204667,0.021861,0.0190315,0.0190108,0.019499,0.0214072,0.0221765,0.0209607,0.0228447,0.0209841,0.0189229,0.0169895,0.0122705,0.00550822,0.00164186,-0.00115188,-0.00187435,-0.000818441,-0.00031668,-2.48978e-05,0.0,0.00031027,0.00159247,0.00645553,0.00949976,0.0147485,0.0214158,0.0269496,0.030551,0.0305655,0.0281076,0.0303907,0.030798,0.0314762,0.0330268,0.0326007,0.0348394,0.0332142,0.0305256,0.0260736,0.0200655,0.0100809,0.00390835,-0.000135576,-0.00149435,-0.000707581,-0.000167186,0.0,0.0,1.56702e-05,0.000624866,0.0042796,0.00836708,0.0132946,0.0202448,0.0247206,0.0250058,0.0222282,0.0202575,0.0205576,0.0204644,0.0219919,0.0215615,0.0213639,0.0240311,0.0278556,0.0310072,0.0282542,0.0227754,0.0109864,0.00274175,-0.000927771,-0.00105382,-0.000410995,-0.000155225,0.0,0.0,0.0,0.000371057,0.00202728,0.00521556,0.00851145,0.0131976,0.014948,0.0138896,0.00961582,0.00627185,0.00342004,0.00115988,-0.000132824,-0.00321429,-0.00388135,0.00454589,0.0179952,0.0281489,0.0281175,0.0205682,0.00706844,0.000835127,-0.00246604,-0.00131631,-0.000188381,-8.28915e-05,-1.83849e-05,0.0,0.0,0.000407353,0.0013803,0.00276811,0.0042076,0.00678957,0.0077824,0.00523351,-0.00184737,-0.00907232,-0.0125321,-0.0144343,-0.0174945,-0.020199,-0.0178057,-0.0044249,0.0173957,0.0278677,0.0258363,0.0147076,0.00297636,-0.00232579,-0.00355322,-0.00150673,-0.00016203,-8.385e-05,-2.13321e-05,0.0,0.0,0.000380965,0.00105453,0.00106058,0.00101002,0.00123044,-0.000718613,-0.00428181,-0.0119217,-0.0194661,-0.0228683,-0.0257442,-0.0299855,-0.0312706,-0.0253407,-0.00238554,0.0200045,0.0265778,0.0199028,0.00740256,-0.00178074,-0.00352901,-0.00336857,-0.00100637,1.50913e-05,-3.3876e-05,-5.75406e-06,0.0,-1.65269e-05,0.000211858,0.000146069,-0.000544117,-0.00143979,-0.00289381,-0.00581294,-0.00987493,-0.0184901,-0.0232833,-0.0259839,-0.0289332,-0.0348388,-0.0347004,-0.0182494,0.0115526,0.0247526,0.0243523,0.0112719,-2.05204e-05,-0.00583855,-0.00433131,-0.0028403,-0.00141944,-0.000159634,-1.28818e-05,0.0,0.0,-3.77281e-05,0.000154723,-0.000114776,-0.000519124,-0.00238655,-0.00520156,-0.00703795,-0.0119132,-0.0198474,-0.0250198,-0.0263102,-0.0302422,-0.0346377,-0.0273496,-0.00159531,0.0219974,0.0259301,0.0149222,0.00256518,-0.00702864,-0.00842633,-0.00571206,-0.00361453,-0.00152031,-0.000214846,-5.87215e-05,-1.42999e-05,0.0,-1.78624e-05,-3.73942e-05,-9.01859e-05,-0.000681401,-0.0026478,-0.00601758,-0.00899944,-0.0141618,-0.0196937,-0.0219255,-0.0240044,-0.027036,-0.0263879,-0.0104521,0.0150178,0.0278278,0.021076,0.00394239,-0.00599224,-0.0109651,-0.0092295,-0.00605855,-0.00370654,-0.00158206,-0.000496168,-0.000190344,-2.9441e-05,0.0,8.76349e-05,-3.95644e-05,-0.000253803,-0.000965225,-0.00348483,-0.00777046,-0.0116313,-0.0162864,-0.0195746,-0.0199739,-0.0199842,-0.0200013,-0.0110578,0.00821242,0.0274361,0.0271419,0.0108564,-0.00361447,-0.0118705,-0.0119119,-0.00901201,-0.0063489,-0.00379234,-0.00172677,-0.000450089,-7.67696e-05,-1.51411e-06,0.0,6.15639e-05,-5.21694e-05,-0.00050209,-0.00146068,-0.00485136,-0.00943322,-0.0132917,-0.0162889,-0.0191923,-0.0209803,-0.018713,-0.0128652,0.00337511,0.0183462,0.0277704,0.0175879,-0.000839913,-0.0116093,-0.0158478,-0.0135916,-0.010227,-0.00645165,-0.00349684,-0.00153069,-0.000325545,-1.20705e-05,0.0,0.0,0.0,-6.81719e-05,-0.000589034,-0.00176021,-0.00541802,-0.0100434,-0.013595,-0.0173394,-0.0209915,-0.0221666,-0.0180949,-0.00560065,0.00768744,0.0185153,0.0186578,0.00455051,-0.00925952,-0.0153022,-0.0181334,-0.0135545,-0.00990218,-0.00577745,-0.00286073,-0.00105037,-0.000231587,-4.1541e-05,0.0,0.0,0.0,-7.35289e-05,-0.00060827,-0.00196226,-0.00517402,-0.00976789,-0.0143961,-0.0192402,-0.0225951,-0.0226549,-0.0153895,-0.00170449,0.00920909,0.01336,0.00641289,-0.00535514,-0.0126161,-0.0164242,-0.0158646,-0.0111068,-0.00754047,-0.00426511,-0.00188962,-0.000805156,-0.000174075,-1.01755e-05,0.0,0.0,0.0,-4.59534e-05,-0.000530114,-0.00165131,-0.00403624,-0.00868925,-0.0144894,-0.0196232,-0.0219432,-0.0196679,-0.00938122,-0.000183781,0.00502555,0.00421318,-0.00200538,-0.00743349,-0.0105016,-0.0136563,-0.0114596,-0.007721,-0.00488434,-0.00262371,-0.00110802,-0.000577641,-4.65419e-05,-7.06631e-08,0.0,0.0,0.0,-1.13446e-05,-0.000359171,-0.000730774,-0.00256558,-0.00603029,-0.0106767,-0.0148359,-0.0162311,-0.0119253,-0.00377616,0.0023204,0.00280123,0.00153299,-0.00252999,-0.00423922,-0.00641526,-0.00940976,-0.00752199,-0.00429137,-0.00282429,-0.00157746,-0.000613726,-0.000277012,-3.89546e-05,0.0,0.0,0.0,0.0,0.0,-0.000150915,-0.000132394,-0.00110954,-0.00269961,-0.0045484,-0.00548726,-0.00481586,-1.0372e-05,0.00440101,0.00730399,0.00674525,0.00353827,0.00288174,0.00189188,-0.000427664,-0.00453877,-0.00351739,-0.00186613,-0.00129272,-0.000829266,-0.000452915,-0.000156959,-1.66207e-05,0.0,0.0,0.0,0.0,0.0,-3.90931e-06,-7.00905e-05,0.000146415,0.000825924,0.00217178,0.00541412,0.0100767,0.0151989,0.018125,0.0176587,0.0154518,0.0125262,0.0115612,0.010827,0.00518799,2.53167e-06,-0.000823506,-0.000533703,-0.000522267,-0.000510063,-0.000291456,-0.00013044,-7.55487e-07,0.0,0.0,0.0,0.0,0.0,0.0,6.42367e-06,0.000468567,0.00219096,0.00559498,0.0111117,0.0153832,0.0216225,0.024288,0.0226504,0.018832,0.0174336,0.0162603,0.0137113,0.00682106,0.00230408,0.00101629,2.37575e-05,-2.15747e-05,-0.00014451,-0.000108037,-3.3135e-05,0.0,0.0,0.0,0.0,0.0,0.0,0.0,0.000116818,0.000518077,0.00213623,0.00441488,0.00868247,0.0109644,0.0136631,0.0158926,0.0136853,0.0118903,0.0125326,0.0128063,0.00971903,0.00473926,0.00189264,0.00128761,0.000586698,0.000174527,0.0,0.0,0.0,0.0,0.0,0.0,0.0,0.0,0.0,0.0,0.0,0.0,-8.16763e-06,0.00024538,0.00101453,0.00138323,0.00151234,0.00171028,0.00157609,0.00213148,0.00263679,0.00268559,0.00256383,0.00111233,0.0,0.000136431,0.000431463,0.000109145,0.0,0.0,0.0,0.0,0.0,0.0]}