{"max":0.241096,"min":-0.283489,"acc":0.8935,"arr":[0.0,0.0,0.0,0.0,0.0,0.0,0.0,0.0,0.0,0.0,0.0,0.0,-3.26711e-06,-1.03367e-05,-3.54186e-06,-1.47578e-07,0.0,0.0,0.0,0.0,0.0,0.0,0.0,0.0,0.0,0.0,0.0,0.0,0.0,0.0,0.0,0.0,-5.64327e-08,-4.08418e-07,-4.40226e-05,-0.000107568,-0.000199467,-0.000215797,-0.000318633,-0.000391055,-0.00044249,-0.000292121,-0.000280075,-0.00025311,-0.000387399,-0.000245687,-0.000111631,-0.000117784,-7.33099e-05,-7.09485e-06,-2.85842e-06,-1.70777e-06,0.0,0.0,0.0,0.0,0.0,0.0,-1.99738e-09,-6.12821e-06,-6.46683e-06,-3.74075e-06,-8.893e-05,-0.000360374,-0.000750877,-0.00129226,-0.00202489,-0.00266912,-0.00334021,-0.00356884,-0.00402318,-0.00403701,-0.0037189,-0.0028873,-0.00231221,-0.0017162,-0.00119232,-0.000703732,-0.000313443,-5.78156e-05,-1.3917e-05,-1.09048e-06,0.0,0.0,0.0,0.0,-2.85761e-07,-2.77365e-05,-6.37022e-05,-0.000128612,-0.000446676,-0.00129514,-0.00297489,-0.00509234,-0.00761601,-0.00991122,-0.0114328,-0.0133801,-0.0146759,-0.0151685,-0.0139654,-0.0119903,-0.00993218,-0.00753747,-0.00511019,-0.00301004,-0.00154645,-0.00063954,-0.00022479,-3.61815e-05,-3.48086e-06,0.0,0.0,-9.39594e-07,-1.6768e-06,4.93166e-05,-0.000208065,-0.00108257,-0.00208467,-0.004824,-0.00926635,-0.016273,-0.0245534,-0.034164,-0.0451202,-0.0552133,-0.0608982,-0.0611813,-0.0568603,-0.0488091,-0.0395103,-0.0298404,-0.0212128,-0.0136609,-0.0077259,-0.00372435,-0.00160922,-0.000450512,-9.35293e-05,-2.07094e-06,0.0,0.0,-2.05408e-05,-4.34842e-05,-0.000339712,-0.000766279,-0.00346329,-0.00847848,-0.0161701,-0.0290267,-0.0460025,-0.0682287,-0.094224,-0.119801,-0.135556,-0.138335,-0.132351,-0.119393,-0.0999825,-0.0797782,-0.0601438,-0.041334,-0.0268595,-0.0162204,-0.00737184,-0.00234789,-0.000602906,-1.95958e-05,0.0,-9.54034e-07,0.000485306,0.001101,0.00149936,0.00344101,0.00616663,0.00662762,0.00945949,0.00458407,-0.0063929,-0.0313163,-0.070544,-0.11051,-0.137597,-0.149082,-0.139739,-0.127145,-0.113325,-0.0891711,-0.0678122,-0.0485229,-0.0379815,-0.0283753,-0.0171393,-0.00747945,-0.0021963,-0.000209718,0.0,0.000310281,0.00271071,0.0079145,0.0141162,0.0283363,0.0453824,0.0617368,0.0810509,0.092776,0.0897661,0.0693015,0.0412975,0.00648158,-0.0196172,-0.0219817,-0.00372743,0.00785537,0.00790486,0.00577912,-0.000565021,-0.0138464,-0.0197138,-0.0244497,-0.0229204,-0.0120271,-0.00293702,-0.000180862,-4.18561e-05,0.00168619,0.00968381,0.0248167,0.0398089,0.0624584,0.088566,0.117317,0.13533,0.144997,0.148453,0.145608,0.135362,0.121321,0.129589,0.149506,0.169573,0.162739,0.129696,0.0882653,0.0476067,0.0134561,-0.00431489,-0.0176223,-0.0253018,-0.0143103,-0.00362759,-0.000196634,0.00025589,0.0027825,0.0135002,0.0357191,0.0577561,0.0816366,0.101887,0.119103,0.131516,0.135627,0.132738,0.137841,0.142818,0.152311,0.178838,0.213051,0.241096,0.228911,0.182758,0.131573,0.0727116,0.0358163,0.00709215,-0.0161059,-0.0206312,-0.0100764,-0.00219448,0.000522831,0.000341119,0.00341346,0.0144848,0.0352469,0.0583344,0.0797462,0.0891078,0.0899977,0.0839031,0.0849362,0.0784286,0.072804,0.0751076,0.0998994,0.121708,0.157204,0.209312,0.215435,0.183881,0.135446,0.0870711,0.0489741,0.0144269,-0.0124677,-0.0131663,-0.00527265,-0.00109853,7.92041e-05,0.000228459,0.00376292,0.0142477,0.0291173,0.0489387,0.0563847,0.0568941,0.0488812,0.036854,0.0286464,0.00965822,-0.00576153,-0.0102613,-0.00287742,0.00279572,0.0472058,0.127146,0.170411,0.161687,0.11469,0.0781553,0.0400488,0.0113652,-0.0110038,-0.00997755,-0.00322144,-0.000914591,-9.12752e-05,9.05063e-05,0.00235012,0.0108902,0.0234887,0.0359868,0.0368446,0.0247854,0.018879,0.00281229,-0.0366079,-0.0834315,-0.113254,-0.129294,-0.142374,-0.132283,-0.0518934,0.0693244,0.134646,0.128206,0.0869508,0.0544903,0.0187209,-0.0023286,-0.0128384,-0.00881901,-0.000804596,-5.66646e-05,0.000100209,-2.04735e-06,0.000933625,0.0061391,0.0151521,0.0222109,0.0162831,-0.000586289,-0.016301,-0.0472373,-0.101623,-0.161767,-0.210144,-0.234421,-0.252989,-0.217944,-0.0930618,0.0460761,0.104376,0.0942279,0.0664698,0.0362159,0.00909725,-0.00530393,-0.0114198,-0.00698929,-0.000343267,-0.000173313,-7.05028e-05,-3.19671e-06,0.000355997,0.00307092,0.00730437,0.0112704,0.0044292,-0.0164082,-0.0439913,-0.087166,-0.148459,-0.20617,-0.24793,-0.271477,-0.283489,-0.214618,-0.0572507,0.0663276,0.105682,0.10107,0.0764416,0.0368204,0.0147042,0.00359641,-0.00601251,-0.00587635,-0.00011403,-0.000218098,-2.88694e-06,4.16171e-06,-3.77281e-05,0.00102163,0.00360122,0.00321244,-0.00983693,-0.028705,-0.0606356,-0.106318,-0.153777,-0.190585,-0.213737,-0.233349,-0.22168,-0.125718,0.0159039,0.0945145,0.116147,0.101418,0.0714104,0.0362701,0.0178378,0.00286859,-0.00768167,-0.00558333,-0.00154098,-0.000352173,-5.3425e-05,2.97624e-05,-6.87242e-05,-6.89991e-05,0.00146073,-0.000540006,-0.0167517,-0.0371267,-0.0631517,-0.101877,-0.130547,-0.153124,-0.16377,-0.154828,-0.114272,-0.0185382,0.0778762,0.101927,0.0903324,0.0621811,0.0344983,0.0062356,-0.00231369,-0.0129347,-0.0143688,-0.00825755,-0.00290624,-0.000600247,-4.95626e-05,0.0,7.90319e-05,-0.000346173,-0.000132365,-0.00530159,-0.0225701,-0.0475384,-0.069147,-0.0916517,-0.108879,-0.126163,-0.118515,-0.0858017,-0.0121273,0.0691317,0.0981302,0.0682581,0.0372764,0.0116913,-0.0191339,-0.0315778,-0.03133,-0.0278215,-0.0201464,-0.00906897,-0.00250052,-0.000199103,-3.2848e-05,0.000108336,6.00154e-05,-0.000401191,-0.00166106,-0.00996971,-0.030706,-0.0578045,-0.0764203,-0.0916185,-0.10559,-0.112932,-0.0857314,-0.0279379,0.057181,0.0994853,0.0740724,0.0204712,-0.0131016,-0.0403538,-0.0571277,-0.0617038,-0.0532291,-0.0399153,-0.0257959,-0.0121131,-0.0028596,-4.12394e-05,-8.35207e-06,-2.30711e-07,0.000169475,-0.000732132,-0.00419223,-0.0126654,-0.0364032,-0.0640622,-0.0858517,-0.100596,-0.110251,-0.102332,-0.0609047,0.0115076,0.0702341,0.0804327,0.0296628,-0.0254662,-0.0552296,-0.0781585,-0.0833414,-0.0828453,-0.0659428,-0.0451065,-0.0250589,-0.00915587,-0.00232008,-0.000420057,-1.62106e-06,0.0,-1.84906e-05,-0.00110192,-0.00564334,-0.0154812,-0.0358007,-0.0649642,-0.0901899,-0.106311,-0.110714,-0.0910635,-0.0419431,0.0212009,0.0495035,0.0360569,-0.011502,-0.0515931,-0.075309,-0.0932491,-0.0944969,-0.0841036,-0.0597176,-0.0375381,-0.0199329,-0.00638775,-0.00142992,-0.000271779,-8.74872e-07,-5.94835e-07,-2.42591e-05,-0.00103408,-0.0049688,-0.0125715,-0.0280982,-0.0519174,-0.0752369,-0.0872941,-0.0872996,-0.064935,-0.0203956,0.00957245,0.0101735,-0.0047393,-0.0280446,-0.0512045,-0.0717056,-0.0854264,-0.0860779,-0.0695478,-0.0453787,-0.0271266,-0.0138028,-0.00472025,-0.000742277,-0.000148915,-1.30401e-07,-5.76247e-07,-8.61701e-07,-0.000834998,-0.00323967,-0.0069289,-0.012477,-0.0270457,-0.0359134,-0.0423324,-0.0416317,-0.025764,-0.00695341,-0.00113944,-0.00523434,-0.00365973,-0.0135541,-0.0315676,-0.0492641,-0.0630471,-0.0619465,-0.0500078,-0.0319877,-0.0165358,-0.00811188,-0.00276291,-0.000645645,-3.09505e-05,-2.4074e-07,0.0,0.0,-0.000446986,-0.00124702,0.00222065,0.0044059,0.00737418,0.0120034,0.00724795,0.0163295,0.0280182,0.026313,0.0219905,0.0237489,0.0306376,0.0205486,0.00598983,-0.0113593,-0.0310158,-0.0369486,-0.0319666,-0.0217267,-0.0115248,-0.00623432,-0.00213916,-0.00048032,-1.70243e-05,0.0,0.0,0.0,0.000106524,0.00156908,0.00810846,0.0172766,0.0325636,0.0501713,0.065073,0.0821274,0.0968004,0.0919887,0.0912056,0.0947172,0.0920081,0.0820494,0.0578654,0.0278713,5.13354e-06,-0.012453,-0.0160472,-0.0129635,-0.00823857,-0.00518558,-0.00165479,-0.00052664,-2.01649e-06,0.0,0.0,0.0,-5.79367e-05,0.00120152,0.00527202,0.0126416,0.0286303,0.053017,0.0831145,0.102748,0.114057,0.125739,0.132145,0.136712,0.131149,0.119066,0.0845578,0.0495494,0.022319,0.00348666,-0.006203,-0.00558268,-0.00310744,-0.00206876,-0.000213714,-2.01865e-05,-1.70936e-06,0.0,0.0,0.0,0.0,0.0,0.000524141,0.0026704,0.00996285,0.0207177,0.0374874,0.0509633,0.0605555,0.0708091,0.0752014,0.0861987,0.0857852,0.0793263,0.0604916,0.0409853,0.0228343,0.00764844,-0.000743104,-0.000287199,0.000837295,-6.02691e-05,-3.30278e-06,1.05166e-05,0.0,0.0,0.0,0.0,0.0,0.0,2.18769e-05,8.82175e-05,0.000424165,