{"max":0.0598056,"min":-0.060827,"acc":0.8238,"arr":[0.0,0.0,0.0,0.0,0.0,0.0,0.0,0.0,0.0,0.0,0.0,0.0,0.0,0.0,0.0,0.0,0.0,0.0,0.0,0.0,0.0,0.0,0.0,0.0,0.0,0.0,0.0,0.0,0.0,0.0,0.0,0.0,0.0,0.0,-3.45073e-05,-8.19334e-05,-0.000119747,-5.83689e-05,-6.2165e-05,-8.76483e-05,-0.000124794,-0.000110167,-0.000112239,-6.85759e-05,-0.000110881,-7.62913e-05,-4.86344e-05,-6.98188e-05,-4.63709e-05,-3.57597e-07,0.0,0.0,0.0,0.0,0.0,0.0,0.0,0.0,0.0,-1.52471e-06,-1.73974e-06,0.0,-3.18297e-05,-9.89778e-05,-0.000308824,-0.000404056,-0.000499212,-0.000809013,-0.00122559,-0.00132136,-0.00156386,-0.00178141,-0.00180809,-0.0014233,-0.00107385,-0.000807685,-0.000630283,-0.000327379,-0.000114595,-1.15368e-05,0.0,0.0,0.0,0.0,0.0,0.0,0.0,-1.24675e-05,-1.48286e-05,-2.47377e-05,-0.000121676,-0.000288338,-0.000714527,-0.00137089,-0.00200948,-0.00286644,-0.00392748,-0.00508806,-0.00579487,-0.00600384,-0.00569591,-0.00478949,-0.00406911,-0.00316911,-0.00207962,-0.000974139,-0.000441792,-0.000161902,-4.84682e-05,-2.3404e-05,-2.89794e-06,0.0,0.0,0.0,0.0,-1.12278e-05,-8.91104e-05,-0.000232309,-0.000558902,-0.00116546,-0.00245001,-0.00452256,-0.00678779,-0.00980407,-0.013269,-0.0167994,-0.0192576,-0.0201436,-0.0196156,-0.017148,-0.0140757,-0.0105252,-0.00689537,-0.00393854,-0.00184241,-0.00093507,-0.000416713,-0.000107925,-2.31223e-05,0.0,0.0,0.0,-1.24252e-05,-3.59138e-05,-0.000157136,-0.000760656,-0.00167005,-0.0024997,-0.00556687,-0.0101229,-0.0140493,-0.0198082,-0.0278496,-0.03507,-0.0396393,-0.0419789,-0.0413743,-0.0377728,-0.0308373,-0.0234104,-0.0170299,-0.0112325,-0.00686144,-0.0041407,-0.00195315,-0.000557588,-6.45833e-05,0.0,0.0,0.0,-1.36166e-06,9.99054e-06,-0.000128684,-0.000833385,-0.00159863,-0.00455836,-0.00675831,-0.00923175,-0.0130393,-0.0215714,-0.0317391,-0.0403574,-0.0460718,-0.0520399,-0.0509467,-0.0471428,-0.0416518,-0.0310926,-0.0223397,-0.0160098,-0.0109819,-0.00697918,-0.00399829,-0.00174156,-0.000273397,-6.70383e-05,0.0,0.00016333,0.00118771,0.00261372,0.00441938,0.00652326,0.00855329,0.00999914,0.0129194,0.0143001,0.0129893,0.00620624,-0.00193226,-0.00762022,-0.0119515,-0.0145893,-0.012673,-0.00948948,-0.00844345,-0.00456394,-0.00346852,-0.004591,-0.00555454,-0.00569886,-0.00473032,-0.00211938,-0.000630596,-0.000103407,0.0,0.000383183,0.00263327,0.00726276,0.012947,0.0205229,0.0285953,0.0344511,0.0389339,0.0421909,0.0396469,0.039208,0.0367294,0.0361407,0.0369297,0.0377431,0.0413676,0.0373816,0.0322541,0.0280421,0.0173039,0.00692605,0.000125364,-0.00337229,-0.00424638,-0.00172339,-0.000519882,-2.48978e-05,0.0,0.000453596,0.00277679,0.00999012,0.0166783,0.0271988,0.0374984,0.0460294,0.0531215,0.0540249,0.0498415,0.0494985,0.0495542,0.0504202,0.0534903,0.0560888,0.0598056,0.0570401,0.0521718,0.0430936,0.0293033,0.0141012,0.00351597,-0.00281374,-0.00353005,-0.00133093,-0.000294829,0.0,0.0,0.00021849,0.00192725,0.00755466,0.0144249,0.0231046,0.032949,0.0389155,0.0398749,0.0351531,0.0290535,0.0266898,0.0275925,0.0315113,0.0336966,0.0357779,0.0414412,0.0489247,0.0517427,0.0448397,0.0326791,0.0134578,0.00239711,-0.00302153,-0.00209559,-0.00075976,-0.000251806,-3.7315e-05,0.0,3.3624e-05,0.00121568,0.00355276,0.00868308,0.0144345,0.0201814,0.0214624,0.0184011,0.00920367,0.00134731,-0.00382803,-0.00454235,-0.00399485,-0.00673578,-0.0049443,0.0110693,0.0346726,0.0457608,0.041898,0.0266148,0.00730275,0.000119459,-0.00404248,-0.00210927,-0.000370062,-0.000153847,-6.02771e-05,0.0,0.000111295,0.00118449,0.00255474,0.00481477,0.00680761,0.00882519,0.0079009,0.00192368,-0.0122803,-0.0238304,-0.0268836,-0.0278742,-0.0325828,-0.0356508,-0.029504,-0.00256243,0.032336,0.0422836,0.0353729,0.0168684,0.00161743,-0.00365613,-0.00515381,-0.00251098,-0.000210815,-9.43161e-05,-2.13321e-05,0.0,0.0,0.000906016,0.00200156,0.00300522,0.00237871,0.000552289,-0.004636,-0.0139639,-0.0285815,-0.0389284,-0.0421913,-0.044743,-0.0528174,-0.0544283,-0.0388699,0.00173465,0.0358278,0.0382016,0.0258709,0.00800753,-0.00264048,-0.0051027,-0.00561749,-0.00216836,-3.96809e-05,-3.66278e-05,-5.75406e-06,0.0,-1.65269e-05,0.000449134,0.000726073,0.000652444,-0.00174465,-0.00568181,-0.0131085,-0.0234881,-0.0389977,-0.0456132,-0.04758,-0.0513125,-0.060827,-0.0567844,-0.0268644,0.0193675,0.0384816,0.0333985,0.0154892,-0.00121019,-0.00683786,-0.00607778,-0.00514949,-0.00236405,-0.000269201,-3.30621e-05,0.0,0.0,-3.77281e-05,0.000478021,0.000167573,-0.000324761,-0.00384211,-0.0100684,-0.0159587,-0.0266747,-0.0396007,-0.0463583,-0.0474128,-0.053929,-0.0581354,-0.0421778,-0.0021793,0.0346319,0.0379748,0.0224356,0.00631798,-0.0077449,-0.00995902,-0.00850083,-0.00631835,-0.00272176,-0.000368794,-8.47499e-05,-1.42999e-05,0.0,-1.78624e-05,0.000145031,-4.04672e-05,-0.00137261,-0.00577339,-0.0131095,-0.0176745,-0.0267724,-0.0365402,-0.0397408,-0.0417517,-0.0441206,-0.0393975,-0.0138968,0.0227873,0.0413539,0.0301317,0.00785787,-0.00699995,-0.0145162,-0.0118218,-0.00853051,-0.00547189,-0.00264489,-0.000797697,-0.000259959,-2.9441e-05,0.0,8.76349e-05,-7.17956e-05,-0.000481624,-0.00217607,-0.00738747,-0.0145277,-0.0199928,-0.0273868,-0.0332707,-0.0346713,-0.0337327,-0.0294403,-0.0140434,0.0149484,0.0393419,0.0381512,0.0141984,-0.00611527,-0.0166627,-0.0168982,-0.0123654,-0.00924972,-0.005328,-0.00290979,-0.000777549,-0.000130801,-1.51411e-06,0.0,6.15639e-05,-0.000134429,-0.000849864,-0.00288924,-0.00945671,-0.0164394,-0.0215803,-0.0266517,-0.0314707,-0.0331147,-0.0277955,-0.0155283,0.00936151,0.0295351,0.0398585,0.0237846,-0.00336449,-0.0197796,-0.0230644,-0.0204178,-0.0150853,-0.0104319,-0.00595279,-0.00268598,-0.000588042,-3.87273e-05,0.0,0.0,0.0,-0.000179553,-0.00103872,-0.00340506,-0.0103529,-0.0179721,-0.0232403,-0.02911,-0.033602,-0.0332335,-0.0243128,-0.00357817,0.0149307,0.0276681,0.0261539,0.00367612,-0.0185957,-0.0261821,-0.0265386,-0.0214552,-0.0155159,-0.00929597,-0.00468213,-0.00180337,-0.000415612,-7.77443e-05,0.0,0.0,0.0,-0.000160248,-0.00115028,-0.00361235,-0.009384,-0.0176535,-0.0255291,-0.0321727,-0.0353712,-0.0333557,-0.0191478,0.000388013,0.0144189,0.0187416,0.0081081,-0.0111727,-0.0241909,-0.0261794,-0.0233026,-0.0178013,-0.0121326,-0.00688273,-0.00330364,-0.00138399,-0.000358596,-3.65542e-05,0.0,0.0,0.0,-0.000105941,-0.000887962,-0.00294939,-0.00732324,-0.0155971,-0.0245124,-0.0313179,-0.0327996,-0.0273446,-0.0113776,0.000836179,0.00616034,0.00447981,-0.0037608,-0.0149012,-0.0205873,-0.0209859,-0.0175457,-0.0129812,-0.00774561,-0.00436973,-0.00215468,-0.00109537,-0.000253066,-1.94641e-05,0.0,0.0,0.0,-4.83001e-05,-0.000584328,-0.00146702,-0.00450936,-0.0104365,-0.0171833,-0.0216605,-0.0220157,-0.0148002,-0.00413548,0.00338656,0.00278684,0.000906164,-0.00488847,-0.00959961,-0.0123517,-0.012728,-0.0110497,-0.00754163,-0.00439951,-0.00248156,-0.00119499,-0.000664384,-0.000173854,-8.28039e-06,0.0,0.0,0.0,-4.65037e-06,-0.000201651,-0.000467524,-0.0020071,-0.00453208,-0.00548064,-0.00480726,-0.00342298,0.00316568,0.00896912,0.0112245,0.010073,0.00582987,0.00351131,0.000270968,-0.00218723,-0.00473667,-0.00432086,-0.00349175,-0.00213995,-0.00134142,-0.000763481,-0.000411749,-0.000129135,-6.97961e-06,0.0,0.0,0.0,0.0,-6.75559e-06,-0.000117342,-2.23721e-06,0.0013512,0.00642003,0.011833,0.0194384,0.0286565,0.0304991,0.0288517,0.0248521,0.0206079,0.0187842,0.0151491,0.00675341,0.00245084,0.000383698,-0.0011608,-0.0012305,-0.000914753,-0.000514171,-0.000314641,-0.000105263,0.0,0.0,0.0,0.0,0.0,0.0,-1.06573e-05,0.000872526,0.00422002,0.0104394,0.0188712,0.0267918,0.037664,0.0400725,0.0379722,0.0324013,0.0295439,0.0273062,0.0195275,0.0101112,0.0054574,0.00272168,-0.000464892,-0.000506077,-0.000425724,-0.000170924,-3.96446e-05,0.0,0.0,0.0,0.0,0.0,0.0,0.0,0.000116818,0.000999474,0.00334681,0.00655222,0.0128637,0.0172295,0.0217078,0.0257123,0.0243059,0.0216965,0.0208856,0.0194363,0.0137069,0.00751533,0.00431791,0.00252573,0.000487907,-1.57044e-06,-5.79616e-05,-1.05067e-05,0.0,0.0,0.0,0.0,0.0,0.0,0.0,0.0,0.0,0.0,-8.16763e-06,0.00024538,0.00101453,0.00138323,0.00226459,0.0030391,0.00261274,0.00336699,0.00401261,0.00406073,0.00368671,