{"max":0.0697557,"min":-0.0714616,"acc":0.8279,"arr":[0.0,0.0,0.0,0.0,0.0,0.0,0.0,0.0,0.0,0.0,0.0,0.0,0.0,0.0,0.0,0.0,0.0,0.0,0.0,0.0,0.0,0.0,0.0,0.0,0.0,0.0,0.0,0.0,0.0,0.0,0.0,0.0,0.0,0.0,-3.46127e-05,-8.35146e-05,-0.000125598,-5.85797e-05,-6.2165e-05,-8.76483e-05,-0.000135761,-0.000159041,-0.00015936,-0.000111415,-0.000202015,-0.000149335,-6.26281e-05,-6.98188e-05,-4.63709e-05,-3.57597e-07,0.0,0.0,0.0,0.0,0.0,0.0,0.0,0.0,0.0,-6.12821e-06,-3.32715e-06,0.0,-3.68368e-05,-0.000112312,-0.000322159,-0.000408483,-0.00052237,-0.000921635,-0.00142327,-0.0015707,-0.00181364,-0.00201123,-0.00203952,-0.00155471,-0.00116213,-0.000874224,-0.000671406,-0.000371064,-0.000129088,-1.36991e-05,0.0,0.0,0.0,0.0,0.0,0.0,-2.31572e-07,-2.58018e-05,-1.92734e-05,-2.54179e-05,-0.000144052,-0.000324863,-0.000767261,-0.0014458,-0.00216605,-0.00323392,-0.0044487,-0.00563192,-0.00641833,-0.00680025,-0.00642697,-0.00544809,-0.00454515,-0.00343627,-0.00221228,-0.00111668,-0.000510752,-0.00016828,-4.84682e-05,-2.3404e-05,-2.89794e-06,0.0,0.0,0.0,-8.84185e-07,-1.12278e-05,-8.91703e-05,-0.000248321,-0.000596314,-0.00122642,-0.00260419,-0.00489668,-0.00755992,-0.0110872,-0.0150083,-0.0189437,-0.0218559,-0.0227912,-0.0219241,-0.0189466,-0.0154349,-0.0115561,-0.00762633,-0.00454865,-0.00214001,-0.000982738,-0.000431501,-0.00011186,-2.31223e-05,0.0,0.0,0.0,-1.95064e-05,-5.2738e-05,-0.000182045,-0.000843746,-0.00178076,-0.00284376,-0.00612938,-0.0110018,-0.0156827,-0.0228476,-0.032171,-0.0405026,-0.0456729,-0.0481082,-0.0471414,-0.0425875,-0.0343258,-0.0260571,-0.0191758,-0.0128118,-0.00770264,-0.00455728,-0.002153,-0.00068691,-0.000121061,0.0,0.0,0.0,-1.36166e-06,-4.51885e-05,-0.000290855,-0.00106549,-0.0016086,-0.00469844,-0.00720728,-0.00985652,-0.0149869,-0.0247782,-0.036426,-0.0469166,-0.0535658,-0.0597332,-0.0585579,-0.0542318,-0.0472819,-0.0353857,-0.0248522,-0.0172333,-0.0118527,-0.00784259,-0.00448618,-0.00201979,-0.000348921,-6.70383e-05,0.0,0.000169859,0.00132448,0.00311144,0.00528904,0.00838236,0.0111671,0.0132407,0.0159811,0.0168586,0.0152306,0.00735582,-0.0010767,-0.00690916,-0.0126192,-0.0161098,-0.0131056,-0.00906008,-0.00794153,-0.00376876,-0.00294445,-0.00403704,-0.0046748,-0.00619553,-0.00525783,-0.0022843,-0.000684616,-0.000103407,0.0,0.000497773,0.00331021,0.00924023,0.0158789,0.0247551,0.0329119,0.0399041,0.0450008,0.0482612,0.0459515,0.0459273,0.0443874,0.0430502,0.0438599,0.0451613,0.0492349,0.0455448,0.0391269,0.0340331,0.021786,0.00959569,0.00170191,-0.00342915,-0.00490993,-0.00202114,-0.000652056,-2.48978e-05,0.0,0.000738273,0.00336805,0.0119097,0.0199741,0.0311265,0.0414911,0.0509529,0.0586859,0.0596968,0.0568595,0.0585343,0.059018,0.0596599,0.0629513,0.0658759,0.0697557,0.06725,0.0613118,0.0513115,0.0349524,0.0172036,0.00498133,-0.00289313,-0.00400643,-0.00159959,-0.000369099,0.0,0.0,0.000498038,0.0024956,0.00855733,0.0161573,0.0251407,0.0350858,0.0414819,0.0443163,0.0396171,0.0346151,0.0320433,0.0327983,0.036781,0.0385348,0.0405406,0.0471643,0.0563697,0.0596437,0.0519771,0.0374101,0.0161968,0.00293721,-0.00307526,-0.00238786,-0.000902132,-0.000336914,-3.7315e-05,0.0,0.000154688,0.00157269,0.00405559,0.00956446,0.0151067,0.0205274,0.0226996,0.0213459,0.0122038,0.00337867,-0.00356302,-0.00486271,-0.00518801,-0.00934411,-0.00613462,0.0121726,0.0396064,0.0528128,0.04847,0.031062,0.00866793,-2.24109e-05,-0.00440848,-0.0024137,-0.000474772,-0.000176793,-6.02771e-05,0.0,0.000120099,0.00124392,0.00252313,0.00483434,0.00655553,0.00846348,0.00805473,0.00281483,-0.0133281,-0.0267182,-0.0308923,-0.0321307,-0.0382759,-0.0423032,-0.0341999,-0.002194,0.0379354,0.0484192,0.0412921,0.0203082,0.00121858,-0.00422437,-0.00575735,-0.00271187,-0.0002632,-0.0001158,-2.13321e-05,0.0,0.0,0.000906016,0.00190644,0.00282047,0.00209409,0.000233273,-0.00512572,-0.0151364,-0.0328728,-0.0445523,-0.0490116,-0.0521667,-0.0612274,-0.0634587,-0.044541,0.0039966,0.0410684,0.0432947,0.0297966,0.00876144,-0.00367198,-0.00659336,-0.00654822,-0.00250494,-7.03647e-05,-6.28109e-05,-5.75406e-06,0.0,-1.65269e-05,0.000443149,0.000599053,0.000393664,-0.00177507,-0.00576087,-0.0143178,-0.0268994,-0.0451243,-0.0531871,-0.0561416,-0.060938,-0.0714616,-0.0664938,-0.0303067,0.0223766,0.0444848,0.0372422,0.0172939,-0.00154499,-0.00835551,-0.00760153,-0.00598499,-0.00252568,-4.00725e-05,-5.16929e-05,0.0,0.0,-3.77281e-05,0.000468115,4.34047e-05,-0.000807049,-0.00441695,-0.0109667,-0.0176129,-0.0311196,-0.0461616,-0.0545678,-0.0564269,-0.0635893,-0.0678301,-0.0477899,-0.00132876,0.0398508,0.0439334,0.0257063,0.00781396,-0.00844695,-0.0112577,-0.00945103,-0.00658754,-0.00256363,-0.00025846,-8.87364e-05,-1.42999e-05,0.0,-2.19259e-05,0.000144825,-0.000137853,-0.00141278,-0.0064082,-0.0138766,-0.0190358,-0.0297588,-0.0410183,-0.0447401,-0.0477928,-0.0503807,-0.044063,-0.0138777,0.027741,0.0484002,0.0346685,0.00975491,-0.00700492,-0.015808,-0.0127703,-0.00927605,-0.00575867,-0.00265253,-0.000673773,-0.000266521,-2.9441e-05,0.0,8.49683e-05,-7.17956e-05,-0.000540645,-0.00219408,-0.00803959,-0.0159378,-0.021144,-0.029014,-0.0361378,-0.0379276,-0.0373245,-0.0324156,-0.0142122,0.0189819,0.0458397,0.0432226,0.01634,-0.00548079,-0.0186597,-0.0190376,-0.014222,-0.0107847,-0.00626464,-0.0033039,-0.000887392,-0.000130801,-1.51411e-06,0.0,6.15639e-05,-0.000143093,-0.000939085,-0.00329363,-0.0106076,-0.0183695,-0.0239514,-0.0298143,-0.035006,-0.0370728,-0.0309727,-0.0157621,0.0129272,0.0348432,0.0450708,0.0266194,-0.00246759,-0.0215441,-0.0263518,-0.0233904,-0.0174681,-0.0120445,-0.0067835,-0.00295863,-0.000632151,-3.87273e-05,0.0,0.0,0.0,-0.000201454,-0.00120752,-0.00394438,-0.01172,-0.0203964,-0.0260543,-0.0326436,-0.0377752,-0.0372195,-0.0263606,-0.00159703,0.0204213,0.0329593,0.0291481,0.00489663,-0.0201942,-0.0295995,-0.030514,-0.0244772,-0.0177109,-0.0105438,-0.00528393,-0.00198578,-0.000475118,-8.11571e-05,0.0,0.0,0.0,-0.000178593,-0.00128377,-0.00415743,-0.0107507,-0.0199711,-0.0285256,-0.0360077,-0.039354,-0.0367095,-0.0194739,0.00409094,0.0188641,0.0212846,0.00770044,-0.0115807,-0.0269145,-0.0299756,-0.0275655,-0.0208348,-0.0139322,-0.00766568,-0.00368537,-0.00154963,-0.000392207,-4.03102e-05,0.0,0.0,0.0,-0.0001185,-0.000978646,-0.00332502,-0.00840291,-0.0177153,-0.0276505,-0.0350623,-0.0359033,-0.0292698,-0.0103444,0.00454135,0.00833978,0.0048675,-0.00544117,-0.0165661,-0.023507,-0.0246147,-0.0209448,-0.0153306,-0.00909754,-0.00490444,-0.00233186,-0.0011557,-0.000263854,-1.94641e-05,0.0,0.0,0.0,-4.83001e-05,-0.00062139,-0.00170187,-0.00534875,-0.0120267,-0.0197339,-0.0241218,-0.0236485,-0.015279,-0.00172612,0.00599107,0.00333802,-0.000271805,-0.00628247,-0.0113034,-0.0145886,-0.0158996,-0.0135767,-0.00902968,-0.00528349,-0.00276105,-0.00127658,-0.000671504,-0.000174154,-8.28039e-06,0.0,0.0,0.0,-4.65037e-06,-0.000205176,-0.000565159,-0.0023305,-0.00521347,-0.00618403,-0.00517093,-0.00252037,0.00600124,0.0124519,0.0130497,0.0102622,0.0058207,0.00339322,-0.000460826,-0.00349706,-0.00648366,-0.0058634,-0.00449786,-0.00271753,-0.00150343,-0.000784806,-0.000416044,-0.000129135,-6.97961e-06,0.0,0.0,0.0,0.0,-6.75559e-06,-0.000140459,-8.5862e-05,0.00170444,0.00763217,0.0139709,0.0234809,0.0350982,0.0363483,0.031937,0.0278009,0.0232164,0.0212401,0.0163028,0.00730348,0.00222232,-0.000262177,-0.0016941,-0.00160993,-0.00102581,-0.000524406,-0.000314641,-0.000105263,0.0,0.0,0.0,0.0,0.0,0.0,-1.06573e-05,0.000837819,0.00471441,0.0123656,0.0219858,0.0332159,0.0444584,0.0461167,0.0432692,0.0381237,0.0343643,0.0308604,0.0215512,0.0113646,0.00589008,0.00279113,-0.000533547,-0.000743005,-0.000497877,-0.000170924,-3.96446e-05,0.0,0.0,0.0,0.0,0.0,0.0,0.0,0.000116818,0.000999474,0.00362103,0.00757875,0.0152782,0.0211637,0.0253329,0.0287857,0.0285437,0.0261121,0.0244876,0.0221444,0.0156742,0.00874784,0.00515704,0.00287857,0.00047957,-0.000134849,-6.01712e-05,-1.05067e-05,0.0,0.0,0.0,0.0,0.0,0.0,0.0,0.0,0.0,0.0,-4.82209e-06,0.000472877,0.00128752,0.00168464,0.00232011,0.00332965,0.00279699,0.00336699,0.00457843,0.00461498,0.00443256,