{"max":0.244175,"min":-0.296678,"acc":0.8973,"arr":[0.0,0.0,0.0,0.0,0.0,0.0,0.0,0.0,0.0,0.0,0.0,0.0,-3.31279e-06,-1.13232e-05,-4.52837e-06,-1.88682e-07,0.0,0.0,0.0,0.0,0.0,0.0,0.0,0.0,0.0,0.0,0.0,0.0,0.0,0.0,0.0,0.0,-5.64327e-08,-4.08418e-07,-4.48044e-05,-0.000110532,-0.000199758,-0.00022576,-0.000338216,-0.000401951,-0.000472946,-0.000302814,-0.000287732,-0.000260682,-0.000395735,-0.000248616,-0.000112996,-0.000119738,-7.44412e-05,-7.31208e-06,-2.85842e-06,-1.70777e-06,0.0,0.0,0.0,0.0,0.0,0.0,-1.99738e-09,-6.12821e-06,-8.04516e-06,-4.02344e-06,-9.10662e-05,-0.00036918,-0.000779304,-0.00133879,-0.00207357,-0.00272668,-0.00344041,-0.00363919,-0.00413712,-0.00419253,-0.00380572,-0.00293813,-0.00233402,-0.00173248,-0.00120263,-0.000708412,-0.000314069,-5.80283e-05,-1.40279e-05,-1.10134e-06,0.0,0.0,0.0,0.0,-3.15616e-07,-2.77436e-05,-6.39922e-05,-0.000128703,-0.000462029,-0.00132254,-0.00305874,-0.00531507,-0.00793211,-0.0103026,-0.011904,-0.0138612,-0.0151096,-0.0156237,-0.014339,-0.0123254,-0.0101541,-0.00771329,-0.00524776,-0.00306078,-0.00156714,-0.000653467,-0.000226882,-3.66115e-05,-3.48086e-06,0.0,0.0,-9.47113e-07,-1.77916e-06,4.88906e-05,-0.00021489,-0.00111741,-0.00216264,-0.00496934,-0.00958826,-0.0169002,-0.0254169,-0.0354508,-0.0472172,-0.0576868,-0.0632908,-0.0632211,-0.0584099,-0.0501371,-0.0405063,-0.0305906,-0.0218122,-0.0140236,-0.00790379,-0.0038224,-0.00164498,-0.000457643,-9.35336e-05,-2.07094e-06,0.0,0.0,-2.11916e-05,-4.55235e-05,-0.000355833,-0.000861099,-0.00370308,-0.00844327,-0.0162071,-0.0294147,-0.0475936,-0.0716331,-0.0992006,-0.124838,-0.140622,-0.143424,-0.136494,-0.122765,-0.102914,-0.0826619,-0.0621447,-0.0426539,-0.0275375,-0.0166665,-0.0075731,-0.00238704,-0.000606756,-1.95958e-05,0.0,-9.54034e-07,0.000680215,0.00138063,0.00217461,0.00434534,0.00685699,0.00637983,0.00938824,0.0050425,-0.00609579,-0.0335814,-0.0743351,-0.115401,-0.142912,-0.154816,-0.14504,-0.130687,-0.116484,-0.0924098,-0.0692654,-0.0489402,-0.0385975,-0.029127,-0.0176262,-0.00768156,-0.00223276,-0.000213393,0.0,0.000310537,0.00292825,0.00847178,0.0148941,0.0299287,0.0476322,0.0633512,0.082447,0.094578,0.0921695,0.0696346,0.0382015,0.0019846,-0.0255635,-0.0275388,-0.00829472,0.00549356,0.00571521,0.00380526,-0.000887613,-0.0141219,-0.0205802,-0.0253381,-0.0232537,-0.0122148,-0.00302547,-0.000188616,-4.18561e-05,0.00167789,0.0100103,0.0256059,0.03988,0.0638969,0.0900141,0.12003,0.138433,0.147612,0.148974,0.144497,0.132997,0.117194,0.126571,0.148617,0.169784,0.163047,0.127628,0.0850519,0.0468516,0.0119683,-0.00596352,-0.0194889,-0.0264936,-0.0146825,-0.0036782,-0.000196922,0.00025589,0.00282784,0.0140838,0.0365174,0.0580935,0.0813285,0.101598,0.119799,0.13153,0.135,0.131008,0.13446,0.138842,0.150102,0.177658,0.214115,0.244175,0.231925,0.182419,0.129207,0.0715009,0.0338962,0.00402985,-0.0187612,-0.0218784,-0.0105828,-0.00225898,0.000521657,0.000341119,0.00350437,0.0152382,0.0356685,0.0596156,0.0790317,0.0870606,0.0889842,0.082551,0.0815689,0.074571,0.0680321,0.0714261,0.0991413,0.121578,0.159102,0.213094,0.216831,0.182994,0.135289,0.0877388,0.0481936,0.0129885,-0.0146674,-0.01428,-0.00585444,-0.00122879,7.84025e-05,0.000228459,0.00385889,0.0146526,0.030093,0.0505103,0.0564681,0.0551144,0.0489288,0.0341065,0.0240797,0.00351822,-0.0115389,-0.0138378,-0.00556182,0.000610845,0.0486468,0.130524,0.169645,0.158486,0.112668,0.0783829,0.0394047,0.0103532,-0.0126836,-0.0112564,-0.003705,-0.00105093,-9.13539e-05,9.05063e-05,0.00237321,0.0114763,0.0248463,0.0386791,0.0380206,0.0239166,0.0188843,0.000471241,-0.0421692,-0.0908387,-0.120983,-0.137377,-0.150935,-0.140073,-0.0547256,0.0689021,0.131505,0.122675,0.0826261,0.0523363,0.017351,-0.0033986,-0.0137198,-0.00982033,-0.000974648,-8.98818e-05,0.000100209,-2.04735e-06,0.000933625,0.00658613,0.0165924,0.025073,0.0174643,-0.00174613,-0.0184361,-0.0507536,-0.107342,-0.170738,-0.221286,-0.246887,-0.26566,-0.228923,-0.099265,0.0411594,0.0986222,0.0874876,0.0621728,0.0333678,0.00689586,-0.00640714,-0.0118896,-0.0077934,-0.000332508,-0.00018414,-7.05028e-05,-3.19671e-06,0.000355997,0.00311557,0.00796579,0.0124439,0.00539205,-0.0171576,-0.0463788,-0.0929311,-0.155281,-0.215941,-0.260392,-0.285338,-0.296678,-0.223099,-0.0644922,0.058645,0.0997304,0.0977629,0.0757213,0.0351545,0.0143998,0.00438688,-0.00567297,-0.00645814,0.000129448,-0.00022081,-2.88694e-06,4.16171e-06,-3.77281e-05,0.000973268,0.00355124,0.00293056,-0.0103658,-0.029757,-0.0634728,-0.112791,-0.160963,-0.199134,-0.223905,-0.24369,-0.230215,-0.132162,0.00857456,0.0861035,0.112139,0.100903,0.0727495,0.0374952,0.0206795,0.00472789,-0.00836781,-0.00656376,-0.00177685,-0.000355993,-5.3425e-05,2.97624e-05,-6.87242e-05,-0.000184276,0.0010126,-0.00163136,-0.0180259,-0.0389325,-0.064946,-0.105756,-0.135927,-0.159074,-0.169972,-0.161454,-0.120521,-0.0241075,0.0717882,0.0952079,0.0872401,0.0617817,0.0348574,0.00612796,-0.00186944,-0.0135534,-0.0154952,-0.00889388,-0.00320624,-0.000609548,-4.95626e-05,0.0,7.90319e-05,-0.000427616,-0.000532711,-0.00637297,-0.0247505,-0.0505505,-0.0723111,-0.094406,-0.112154,-0.130223,-0.12218,-0.0904007,-0.0142406,0.0657435,0.0916084,0.062399,0.0342155,0.0103963,-0.0198738,-0.0332341,-0.0343755,-0.031037,-0.0225926,-0.0106186,-0.00277496,-0.000213731,-3.2848e-05,0.000108327,5.99792e-05,-0.000437713,-0.00198792,-0.011042,-0.0328765,-0.06098,-0.0807213,-0.0958918,-0.109858,-0.11868,-0.0917803,-0.0325624,0.0563344,0.0955561,0.0656006,0.0135851,-0.0157236,-0.0428644,-0.0591387,-0.0649427,-0.0578993,-0.0439217,-0.0290608,-0.014313,-0.00317651,-5.15835e-05,-8.37843e-06,-2.75918e-07,0.000169004,-0.000772989,-0.00464159,-0.0137165,-0.038723,-0.0676121,-0.0896917,-0.104899,-0.115121,-0.109075,-0.0685362,0.00574855,0.0672078,0.0756272,0.0209959,-0.0324434,-0.0599694,-0.082973,-0.0873422,-0.0878736,-0.0712379,-0.0482995,-0.027595,-0.0104902,-0.00254504,-0.000426069,-1.64742e-06,0.0,-1.89578e-05,-0.00112168,-0.00604802,-0.016446,-0.0375756,-0.0683087,-0.0936334,-0.110312,-0.115602,-0.0969496,-0.0488168,0.0168112,0.0456456,0.0306539,-0.0171818,-0.0575331,-0.0810699,-0.0988305,-0.0996038,-0.0892137,-0.0632031,-0.0393391,-0.0216022,-0.00723787,-0.00152786,-0.000271822,-8.74872e-07,-5.94835e-07,-2.47136e-05,-0.00105383,-0.00516836,-0.0132457,-0.0294652,-0.0540224,-0.07831,-0.0909158,-0.0910508,-0.0702721,-0.0255711,0.00578344,0.00620211,-0.00987753,-0.0311848,-0.0554067,-0.0764575,-0.0910972,-0.0914711,-0.0734218,-0.0476522,-0.0279842,-0.0143737,-0.00486751,-0.000769918,-0.000148927,-1.30401e-07,-5.76247e-07,-9.61694e-07,-0.000856367,-0.00328525,-0.00729955,-0.0129525,-0.0279044,-0.0369722,-0.0439077,-0.0440817,-0.0291885,-0.0111114,-0.00453056,-0.00886504,-0.00695063,-0.014944,-0.0351125,-0.0530536,-0.067526,-0.0657709,-0.0527398,-0.0341841,-0.0174967,-0.00869325,-0.00278853,-0.000646735,-3.09684e-05,-2.4074e-07,0.0,0.0,-0.000456044,-0.00126954,0.00226418,0.00466021,0.00818901,0.0126307,0.0072244,0.0149418,0.0266309,0.0236794,0.0205823,0.0214605,0.0297597,0.0202705,0.00350499,-0.0135118,-0.033998,-0.03944,-0.0337089,-0.0236613,-0.0126313,-0.00743425,-0.00235971,-0.000504874,-1.71228e-05,0.0,0.0,0.0,0.000105452,0.0015482,0.00836717,0.0185779,0.0342023,0.0519645,0.066158,0.0817232,0.0969057,0.0928758,0.0916357,0.0956539,0.0941774,0.0829468,0.0572069,0.0282011,-0.00139071,-0.0138367,-0.0172573,-0.0142524,-0.00887037,-0.00587018,-0.00191106,-0.000561535,-2.01649e-06,0.0,0.0,0.0,-5.79367e-05,0.00118444,0.00572378,0.013466,0.0296262,0.0551905,0.0856241,0.104614,0.116671,0.128933,0.134676,0.138305,0.132723,0.121102,0.0870181,0.0518496,0.0221492,0.00271715,-0.00645746,-0.00558237,-0.00266159,-0.00206012,-0.000215494,-2.01865e-05,-1.70936e-06,0.0,0.0,0.0,0.0,0.0,0.00049627,0.00272307,0.0103004,0.0214759,0.0383476,0.0512048,0.0609526,0.0716707,0.0755858,0.0875795,0.0879183,0.08129,0.0629573,0.0432323,0.0232114,0.00752575,-0.000576743,-0.000173921,0.00101961,-6.02691e-05,-3.30278e-06,1.05166e-05,0.0,0.0,0.0,0.0,0.0,0.0,2.18769e-05,8.82175e-05,0.000429808,0.00130119,