{"max":0.0020651,"min":-0.00260882,"acc":0.1251,"arr":[0.0,0.0,0.0,0.0,0.0,0.0,0.0,0.0,0.0,0.0,0.0,0.0,0.0,0.0,0.0,0.0,0.0,0.0,0.0,0.0,0.0,0.0,0.0,0.0,0.0,0.0,0.0,0.0,0.0,0.0,0.0,0.0,0.0,0.0,0.0,0.0,0.0,0.0,0.0,0.0,0.0,0.0,0.0,0.0,0.0,0.0,0.0,0.0,0.0,0.0,0.0,0.0,0.0,0.0,0.0,0.0,0.0,0.0,0.0,0.0,0.0,0.0,0.0,0.0,0.0,0.0,0.0,-1.2549e-05,-4.13726e-05,0.0,0.0,-1.76471e-05,-9.11765e-05,-0.000115686,-0.000115294,-2.43137e-05,0.0,0.0,0.0,0.0,0.0,0.0,0.0,0.0,0.0,0.0,0.0,0.0,0.0,0.0,0.0,0.0,0.0,0.0,-2.2549e-05,-6.76471e-05,-0.000102353,-8.92157e-05,-0.000163333,-0.000211176,-0.000180392,-0.000202549,-0.00012549,-6.72549e-05,-9.96079e-05,-5.45098e-05,-2.19608e-05,0.0,0.0,0.0,0.0,0.0,0.0,0.0,0.0,0.0,0.0,0.0,-2.70588e-05,-9.68628e-05,-0.000141569,-0.000241961,-0.000313333,-0.000421765,-0.000480196,-0.000540392,-0.000678824,-0.00080902,-0.000941765,-0.000922745,-0.000674902,-0.000466275,-0.000288235,-0.000152157,-8.17647e-05,-3.33333e-06,0.0,0.0,0.0,0.0,0.0,0.0,0.0,0.0,0.0,-1.82353e-05,-0.000117647,-0.000266275,-0.000452549,-0.000509412,-0.000735294,-0.00100333,-0.00115706,-0.00142275,-0.00155294,-0.00160569,-0.0017302,-0.00179549,-0.00146882,-0.00106549,-0.000665882,-0.000443333,-0.000203529,-8.19608e-05,-4.86275e-05,-1e-05,0.0,0.0,0.0,0.0,0.0,0.0,0.0,-6.66667e-05,-0.00021451,-0.000475098,-0.000612549,-0.000742745,-0.00107412,-0.00160392,-0.00185471,-0.00216118,-0.00221745,-0.00208608,-0.0017398,-0.00220039,-0.00211961,-0.00165294,-0.000966078,-0.000536863,-0.000269608,-0.000106471,-0.00012451,-0.000133529,-1.56863e-06,0.0,0.0,0.0,0.0,0.0,0.000322157,0.000497059,0.00046902,0.000244902,0.000261765,5.86273e-05,-0.000765882,-0.00106549,-0.00119059,-0.00121804,-0.00109745,-0.00083098,-0.000727843,-0.00108941,-0.00123275,-0.00153235,-0.00122804,-0.000790588,-0.000425294,-0.00020902,-0.000154902,-0.000160196,-4.27451e-05,0.0,0.0,0.0,0.0,0.0,0.000227255,0.000577255,0.00062902,0.000530784,0.000895882,0.000439804,-5.01961e-05,-0.000248431,-0.000311373,-8.88237e-05,0.000118039,0.000114314,8.99999e-05,-0.00038902,-0.000237647,-0.000668627,-0.00092549,-0.000857451,-0.000544314,-0.000261569,-0.000178824,-9.54902e-05,-2.41177e-05,0.0,0.0,0.0,0.0,0.000201176,0.000321176,0.000217059,0.000478431,0.000931765,0.000743137,0.000289019,-0.000204902,-0.00013902,0.000242745,0.000354314,0.000381372,0.000599216,0.000576471,0.000143921,0.000266078,-0.000486863,-0.00098902,-0.000558824,-0.000384902,-0.000234118,-0.000127843,-7.41177e-05,-3.64706e-05,0.0,0.0,0.0,0.0,0.00042,0.000357059,0.000303333,0.000199216,0.000649216,0.000444314,2.03921e-05,-0.000294706,5.68627e-05,0.00016,0.000295686,0.000117451,1.70587e-05,0.000272353,0.000302157,0.000236471,-0.000621961,-0.000964902,-0.000638039,-0.000362745,-0.000131961,-3.09804e-05,-1.41176e-05,-4.11765e-06,0.0,0.0,0.0,0.0,0.000391765,0.000352157,0.000237255,0.000297255,0.000619216,0.000279804,-8.15687e-05,-0.000478628,-0.000776078,-0.000724118,-0.000757647,-0.000785294,-0.000338628,0.000105294,0.0002,-0.000298628,-0.000564706,-0.000817451,-0.000418235,-0.000223333,-0.000151765,-3.58824e-05,0.0,0.0,0.0,0.0,0.0,0.0,0.000178235,0.000321765,0.000189608,0.000512549,0.00050451,0.000125686,-0.000267059,-0.000828236,-0.00115922,-0.0011802,-0.00127706,-0.00112745,-0.000629412,-0.000199804,-0.00033353,-0.000627451,-0.000615294,-0.000474902,-0.000198628,-0.000217843,-0.000203922,-5.86275e-05,0.0,0.0,0.0,0.0,0.0,0.0,0.0,-4.64706e-05,-0.000193137,0.000170588,0.000126667,-0.000311373,-0.000786078,-0.00147196,-0.00163431,-0.0018898,-0.00212255,-0.0017551,-0.00145451,-0.000746863,-0.000967059,-0.00110961,-0.000700588,-0.000451569,-0.000168627,-0.000366078,-0.000267451,-4.98039e-05,0.0,0.0,0.0,0.0,0.0,0.0,0.0,-3.64706e-05,-0.000191765,-5.58824e-05,3.31372e-05,-0.000354118,-0.0010351,-0.00155529,-0.00175176,-0.00206569,-0.00260784,-0.00197725,-0.00125039,-0.000177451,-0.000863137,-0.0011502,-0.000761569,-0.000514118,-0.00026451,-0.000450784,-0.000280588,-9.66667e-05,0.0,0.0,0.0,0.0,0.0,0.0,0.0,-1.66667e-05,-0.000209412,-0.000459412,-0.000466667,-0.000712157,-0.00116471,-0.00144529,-0.00180078,-0.00216392,-0.00226353,-0.0015298,-0.00082451,7.31371e-05,-0.000683333,-0.000946079,-0.000802745,-0.000585098,-0.000553922,-0.000472745,-0.000260196,-0.000117255,0.0,0.0,0.0,0.0,0.0,0.0,-3.52941e-06,-1.68627e-05,-0.000196863,-0.000449216,-0.000753333,-0.000929412,-0.00114471,-0.0014898,-0.00183784,-0.00206392,-0.00195118,-0.000917843,-0.000312157,-4.31374e-05,-0.000892549,-0.00090451,-0.000850196,-0.000648431,-0.000640784,-0.000425882,-0.000170784,-5.37255e-05,0.0,0.0,0.0,0.0,0.0,0.0,-3.23529e-05,-7.64706e-05,-0.000197647,-0.000463137,-0.000772745,-0.000900196,-0.00121667,-0.00153098,-0.0016998,-0.00184118,-0.00164824,-0.000541765,0.000275686,-0.000458824,-0.0011749,-0.0011998,-0.000891569,-0.000658824,-0.000773922,-0.00042902,-0.000124902,-6.41177e-05,-2.66667e-05,0.0,0.0,0.0,0.0,-1.88235e-05,-8.92157e-05,-0.000143333,-0.000206275,-0.000421176,-0.00088902,-0.00109725,-0.00139941,-0.0015951,-0.0016649,-0.00161078,-0.00132275,-0.000178824,0.000389412,-0.000487647,-0.00123451,-0.0010249,-0.000894902,-0.000904118,-0.000773922,-0.000455098,-0.000223529,-0.000122353,-4.13726e-05,0.0,0.0,0.0,0.0,-2.37255e-05,-0.000107843,-0.000169804,-0.000253333,-0.000467059,-0.000760196,-0.00113941,-0.00147431,-0.00165804,-0.00179569,-0.00155686,-0.00140608,-0.000210196,0.000305686,-0.000196471,-0.00101,-0.00112275,-0.00100216,-0.00094451,-0.000585294,-0.000365686,-0.000187843,-8.98039e-05,-2.54902e-06,0.0,0.0,0.0,0.0,-7.45098e-06,-6.33333e-05,-0.000178039,-0.000293922,-0.000621569,-0.000829804,-0.00118471,-0.00160392,-0.00204647,-0.00227745,-0.00206882,-0.00179137,-0.000403726,0.000132941,-0.000676863,-0.00115569,-0.00117,-0.00116922,-0.000755882,-0.00038,-0.000305098,-0.000193922,-4.68628e-05,0.0,0.0,0.0,0.0,0.0,0.0,-7.84314e-06,-0.000117255,-0.000344314,-0.000618235,-0.000825883,-0.00134412,-0.00192157,-0.00245333,-0.00260882,-0.00255353,-0.00213882,-0.000670784,-4.15688e-05,-0.000226471,-0.000646667,-0.000941569,-0.000831569,-0.000431961,-0.000210196,-0.000190392,-0.000137059,-5.66667e-05,0.0,0.0,0.0,0.0,0.0,0.0,0.0,-6.7451e-05,-0.000280588,-0.000498824,-0.000689412,-0.00112863,-0.00177745,-0.00238569,-0.0025602,-0.00233235,-0.00180059,-0.000125882,0.000332157,0.000244706,-0.000199216,-0.000425294,-0.000423333,-0.00028451,-0.000171373,-5.29412e-05,-3.5098e-05,0.0,0.0,0.0,0.0,0.0,0.0,0.0,0.0,-2.43137e-05,-0.000136275,-0.000291569,-0.000514314,-0.000820588,-0.00129431,-0.00180216,-0.00197294,-0.00180569,-0.00150118,-0.000122353,0.000652157,0.000711569,0.000547647,0.000120784,-0.000168235,-0.000181569,-0.000141961,-5.11765e-05,-1.11765e-05,0.0,0.0,0.0,0.0,0.0,0.0,0.0,0.0,0.0,-2.82353e-05,-0.000137843,-0.000224118,-0.000312157,-0.000483922,-0.000639804,-0.000698431,-0.000686667,-0.000510784,0.00016549,0.00119647,0.00190157,0.00111843,0.00108569,0.000387059,-2.70588e-05,-0.000100196,-2.33333e-05,0.0,0.0,0.0,0.0,0.0,0.0,0.0,0.0,0.0,0.0,0.0,0.0,0.0,-5.88235e-07,-2.84314e-05,-6.54902e-05,-0.000102549,-7.4902e-05,0.000242549,0.000568627,0.00135667,0.0020651,0.00157314,0.00117353,0.000604118,2.92157e-05,-4.68628e-05,-6.27451e-06,0.0,0.0,0.0,0.0,0.0,0.0,0.0,0.0,0.0,0.0,0.0,0.0,0.0,0.0,0.0,0.0,0.0,0.0,0.000189608,0.000449608,0.000616863,0.00120667,0.00158255,0.000841961,0.000499412,0.000153529,0.0,0.0,0.0,0.0,0.0,0.0,0.0,0.0,0.0,0.0,0.0,0.0,0.0,0.0,0.0,0.0,0.0,0.0,0.0,0.0,0.0,0.0,0.000100588,0.000444706,0.000416471,0.0,0.0,0.0,0.0,0.0,0.0,0.0,0.0,0.0,0.0]}