{"max":0.126486,"min":-0.127744,"acc":0.8556,"arr":[0.0,0.0,0.0,0.0,0.0,0.0,0.0,0.0,0.0,0.0,0.0,0.0,0.0,0.0,0.0,0.0,0.0,0.0,0.0,0.0,0.0,0.0,0.0,0.0,0.0,0.0,0.0,0.0,0.0,0.0,0.0,0.0,0.0,0.0,-3.46127e-05,-8.35146e-05,-0.000129493,-0.000104651,-0.000227288,-0.000204627,-0.000193375,-0.000171845,-0.000199601,-0.000144614,-0.000241699,-0.000176278,-6.39984e-05,-7.2721e-05,-4.96652e-05,-3.57597e-07,0.0,0.0,0.0,0.0,0.0,0.0,0.0,0.0,0.0,-6.12821e-06,-4.29466e-06,-1.41404e-06,-4.30331e-05,-0.000204594,-0.000475087,-0.000726693,-0.00108668,-0.0015202,-0.00195298,-0.00229327,-0.00281245,-0.00290367,-0.00278464,-0.0021576,-0.00170466,-0.00130143,-0.000909616,-0.000520657,-0.000198123,-2.50524e-05,0.0,0.0,0.0,0.0,0.0,0.0,-2.31572e-07,-2.65572e-05,-3.08597e-05,-4.56984e-05,-0.000193733,-0.000683291,-0.00138911,-0.0025329,-0.00372625,-0.00507715,-0.00650451,-0.00822895,-0.00953991,-0.00982912,-0.00910818,-0.00789365,-0.00667566,-0.00524346,-0.00336401,-0.00181173,-0.000900192,-0.000308389,-0.000101132,-2.3404e-05,-2.89794e-06,0.0,0.0,-9.39594e-07,-1.38672e-06,-1.49856e-05,-0.000113997,-0.000366133,-0.000942791,-0.00220169,-0.00443127,-0.00811838,-0.012055,-0.0171122,-0.0232946,-0.0297803,-0.0338311,-0.0345305,-0.0329493,-0.0287071,-0.0234841,-0.0178931,-0.0121513,-0.00753615,-0.00365852,-0.00171633,-0.000849048,-0.00026032,-5.90729e-05,0.0,0.0,0.0,-2.00814e-05,-7.48952e-05,-0.000377708,-0.00101073,-0.00251202,-0.00476474,-0.00900968,-0.0155042,-0.0233313,-0.034625,-0.0485971,-0.0630962,-0.0725244,-0.0767366,-0.0740471,-0.0668846,-0.0557221,-0.0431579,-0.0317855,-0.0212494,-0.0133216,-0.00822548,-0.00416538,-0.00129702,-0.000292774,0.0,0.0,0.0,8.26416e-05,7.77593e-05,-0.000374138,-0.00017785,0.000676758,-0.000999307,-0.00287916,-0.00910409,-0.0139759,-0.0266734,-0.0454019,-0.0664615,-0.07992,-0.0889941,-0.0876241,-0.0803674,-0.0711692,-0.0555869,-0.041994,-0.0288545,-0.0199494,-0.0144158,-0.00875187,-0.00350261,-0.000728698,-8.84521e-05,0.0,0.000169859,0.00156638,0.00417942,0.00709899,0.0145347,0.0213526,0.0260459,0.0338622,0.0373886,0.0357975,0.0246995,0.00989094,-0.00206584,-0.0133518,-0.0194363,-0.0130922,-0.00684831,-0.00724588,-0.00448041,-0.00400753,-0.00929862,-0.0123334,-0.0121347,-0.0108957,-0.00479449,-0.00121708,-0.000108202,0.0,0.000497773,0.00445341,0.0134588,0.0233465,0.0372095,0.0505667,0.0623819,0.0724034,0.0793549,0.0788031,0.0755118,0.071923,0.0703854,0.0736359,0.0801886,0.0899342,0.0839591,0.0680327,0.052496,0.0299679,0.00963617,-0.00304099,-0.0082364,-0.0102466,-0.00510732,-0.00123211,-8.16806e-05,0.000221679,0.00132895,0.00634522,0.0188378,0.0320856,0.0483514,0.0641335,0.0781454,0.0886081,0.0909126,0.0858316,0.087439,0.0879507,0.0946523,0.104744,0.116792,0.126486,0.120846,0.100535,0.0761274,0.0451695,0.019232,0.00206638,-0.00584976,-0.00762722,-0.00343605,-0.000794112,-3.00264e-05,0.000258923,0.00160585,0.00686933,0.0166842,0.0286832,0.0439985,0.0572422,0.0640869,0.0654813,0.0612246,0.0533088,0.0472515,0.0485626,0.0583241,0.0628351,0.0716474,0.0908965,0.101329,0.0971394,0.0778197,0.0501491,0.0203128,0.00285397,-0.00509978,-0.00472605,-0.00190278,-0.00050669,-5.08562e-05,0.000168614,0.00126087,0.00497326,0.010178,0.0200918,0.0297267,0.0369412,0.0350491,0.0280645,0.0166719,0.00175686,-0.0072176,-0.0074337,-0.00797588,-0.0126972,0.00091534,0.0355035,0.0723664,0.0840418,0.0690891,0.0434092,0.0135804,0.00157039,-0.00643127,-0.00366814,-0.000978618,-0.000264429,-6.06773e-05,0.0,0.00063408,0.00366401,0.00650478,0.0113419,0.0159736,0.0162017,0.00975289,-0.00245364,-0.0263706,-0.046392,-0.0537148,-0.0571231,-0.0649007,-0.0677585,-0.0440917,0.0102477,0.063598,0.0727023,0.0587112,0.0302174,0.00280501,-0.00516018,-0.00782522,-0.00374398,-0.00029682,-0.000140141,-2.13321e-05,-2.04735e-06,0.000560683,0.0024379,0.00468545,0.00617633,0.00563403,-1.61946e-05,-0.0130873,-0.0316484,-0.0600118,-0.0783288,-0.0899915,-0.0956593,-0.107613,-0.105144,-0.0615802,0.013983,0.0616962,0.0603713,0.0447286,0.0156985,-0.00204402,-0.00802473,-0.008818,-0.00337801,3.91583e-05,-9.78714e-05,-7.6166e-06,0.0,0.000345906,0.00125057,0.00184467,0.00228126,-0.000576198,-0.0111244,-0.0294669,-0.052313,-0.0815453,-0.0973993,-0.10548,-0.113981,-0.127744,-0.112129,-0.0411738,0.0364526,0.0654463,0.0555088,0.032566,0.00601941,-0.00500116,-0.00760867,-0.00807116,-0.00383753,8.85312e-05,-9.74377e-05,-1.3836e-06,0.0,-3.77281e-05,0.000573376,0.000437592,0.000324178,-0.00571961,-0.0177929,-0.0339635,-0.058033,-0.0820408,-0.0958216,-0.101342,-0.112607,-0.116745,-0.0781974,0.000393034,0.0614016,0.0663483,0.0427416,0.0199868,-0.00284949,-0.00900324,-0.0101941,-0.00812902,-0.00334808,-0.000659392,-0.000161837,-5.09341e-05,0.0,-2.19259e-05,0.000104909,0.000355687,-0.00110939,-0.00881349,-0.0213685,-0.0339566,-0.0535917,-0.0681472,-0.0757777,-0.0796774,-0.0835445,-0.0701474,-0.0185912,0.0446762,0.0710676,0.0497274,0.0200316,-0.00331723,-0.014866,-0.0135285,-0.0110487,-0.00719038,-0.00342636,-0.00121272,-0.000312659,-3.67716e-05,0.0,8.49683e-05,-0.000117158,-0.000128665,-0.00271813,-0.011566,-0.0246894,-0.0340776,-0.0460422,-0.0551826,-0.0585752,-0.0578454,-0.0481089,-0.0172412,0.0357434,0.0719419,0.0597943,0.0231714,-0.00385178,-0.0229467,-0.0243667,-0.0196589,-0.0140682,-0.0084672,-0.00422271,-0.00162068,-0.000185579,-4.49317e-06,0.0,6.12867e-05,-0.000142035,-0.000838713,-0.00455928,-0.0151714,-0.0282673,-0.0369824,-0.0449355,-0.0519135,-0.053579,-0.0433353,-0.0184959,0.0249359,0.0603442,0.0666539,0.0368308,-0.00136372,-0.0242375,-0.0331695,-0.0315535,-0.025141,-0.0178221,-0.00984966,-0.00460593,-0.00120267,-9.13809e-05,-1.60782e-06,0.0,0.0,-0.000239405,-0.00179162,-0.00614831,-0.0177418,-0.0310596,-0.0404429,-0.0498123,-0.0567931,-0.0553623,-0.0369567,0.000664226,0.0376211,0.0548134,0.0396786,0.00346529,-0.0284784,-0.0423269,-0.0424026,-0.0358181,-0.0270884,-0.0174577,-0.00880587,-0.00348795,-0.000843195,-0.000125002,-1.52673e-06,0.0,-7.60036e-07,-0.000368762,-0.00237188,-0.00708128,-0.0166095,-0.0317238,-0.045338,-0.0566606,-0.061097,-0.0557509,-0.0314627,0.00596988,0.0315437,0.0337535,0.010262,-0.019675,-0.0402759,-0.0461055,-0.0415916,-0.0326422,-0.022848,-0.0138181,-0.00653979,-0.00291055,-0.000772216,-6.09502e-05,0.0,0.0,-1.08159e-05,-0.000411167,-0.00211221,-0.00554548,-0.0133472,-0.0278235,-0.0431952,-0.0538884,-0.0561103,-0.045999,-0.0187799,0.00718909,0.0139235,0.0105533,-0.00624129,-0.0252775,-0.0364661,-0.0382694,-0.0333721,-0.0249663,-0.0158698,-0.00930728,-0.00466412,-0.00226028,-0.000476096,-3.4019e-05,0.0,0.0,0.0,-0.000306135,-0.00136814,-0.00306094,-0.00843972,-0.0182144,-0.028363,-0.0347153,-0.0365899,-0.0236726,-0.00333044,0.00838521,0.00773487,0.00568125,-0.00412718,-0.0169108,-0.0240853,-0.0255169,-0.0228431,-0.0159785,-0.0101017,-0.00524194,-0.00260426,-0.00136402,-0.000377908,-1.0649e-05,0.0,0.0,0.0,-0.000106068,-0.000444791,-0.000680659,-0.00257865,-0.00577243,-0.00637475,-0.00740251,-0.0039449,0.00993574,0.0197123,0.0214268,0.0216266,0.0165817,0.0107446,0.000385691,-0.00712074,-0.0107277,-0.0104263,-0.0080649,-0.0057743,-0.00278177,-0.00153323,-0.000779182,-0.000307794,-7.57967e-06,0.0,0.0,0.0,-4.53955e-06,-8.4319e-06,0.000606757,0.0017705,0.00628347,0.013782,0.0230176,0.0373966,0.0525317,0.0551676,0.0528271,0.0508576,0.0446696,0.0385906,0.0253925,0.0113343,0.00303904,-0.00145011,-0.00268823,-0.00334141,-0.00171351,-0.00075302,-0.000419005,-0.000148918,0.0,0.0,0.0,0.0,-1.65516e-05,-2.31962e-07,0.000914482,0.00287227,0.00975228,0.0213703,0.0373511,0.0528802,0.0663808,0.070389,0.0708259,0.0675335,0.0604192,0.0538213,0.0349501,0.0174954,0.00975257,0.00315999,-0.000791526,-0.00152794,-0.000624137,-0.000167451,-3.96446e-05,0.0,0.0,0.0,0.0,0.0,0.0,0.0,0.000399095,0.00163874,0.00540413,0.0114089,0.0227433,0.0315966,0.0363944,0.0411263,0.0434235,0.0447657,0.0418206,0.0361875,0.0241975,0.0134207,0.00809575,0.00356632,0.000567575,-0.00012759,0.000290977,7.97392e-05,0.0,0.0,0.0,0.0,0.0,0.0,0.0,0.0,0.0,0.0,0.00021996,0.000761546,0.00161953,0.00217741,0.0033203,0.0045329,0.00483687,