{"max":0.0858476,"min":-0.0888722,"acc":0.8341,"arr":[0.0,0.0,0.0,0.0,0.0,0.0,0.0,0.0,0.0,0.0,0.0,0.0,0.0,0.0,0.0,0.0,0.0,0.0,0.0,0.0,0.0,0.0,0.0,0.0,0.0,0.0,0.0,0.0,0.0,0.0,0.0,0.0,0.0,0.0,-3.46127e-05,-8.35146e-05,-0.000129493,-8.00195e-05,-0.000118586,-0.000131957,-0.000167323,-0.000162008,-0.000172527,-0.00012478,-0.000213545,-0.00015619,-6.29913e-05,-6.98188e-05,-4.63709e-05,-3.57597e-07,0.0,0.0,0.0,0.0,0.0,0.0,0.0,0.0,0.0,-6.12821e-06,-3.32715e-06,0.0,-3.69072e-05,-0.000119719,-0.000389124,-0.000554914,-0.000708665,-0.00106197,-0.00159385,-0.00184151,-0.00226451,-0.00236083,-0.00229387,-0.00178639,-0.00138834,-0.00105137,-0.000787077,-0.000436045,-0.000146563,-1.96325e-05,0.0,0.0,0.0,0.0,0.0,0.0,-2.31572e-07,-2.58018e-05,-1.92734e-05,-2.81413e-05,-0.000157036,-0.000407495,-0.000955574,-0.0017688,-0.00257354,-0.00376889,-0.00511553,-0.0064702,-0.00752408,-0.00786318,-0.00734729,-0.00623027,-0.00536758,-0.00415658,-0.0026389,-0.00137191,-0.000702995,-0.000258224,-8.93818e-05,-2.3404e-05,-2.89794e-06,0.0,0.0,-9.39594e-07,-8.84185e-07,-1.36636e-05,-9.07671e-05,-0.000275484,-0.000702527,-0.00147749,-0.00306996,-0.0057987,-0.00891355,-0.0129495,-0.0177159,-0.0224258,-0.0255465,-0.0265579,-0.0254783,-0.0222754,-0.0182316,-0.0136616,-0.0091481,-0.00549979,-0.00254094,-0.00120017,-0.00055716,-0.000149665,-3.22792e-05,0.0,0.0,0.0,-1.95064e-05,-5.50757e-05,-0.000258973,-0.00105928,-0.00218418,-0.00349576,-0.00722945,-0.0127928,-0.0184687,-0.0269297,-0.0380546,-0.048223,-0.054039,-0.0571132,-0.0558755,-0.0504956,-0.0410956,-0.0313844,-0.0231971,-0.0155415,-0.00946096,-0.00571924,-0.00271756,-0.000902054,-0.000185794,0.0,0.0,0.0,-1.36166e-06,-0.000105952,-0.000503664,-0.00131954,-0.00168365,-0.005123,-0.00784023,-0.0101811,-0.0151404,-0.0261927,-0.0407112,-0.0537411,-0.0621306,-0.0690867,-0.0681983,-0.0631033,-0.0538789,-0.0415536,-0.0305253,-0.0210329,-0.0142673,-0.00970471,-0.00603668,-0.00256766,-0.000513619,-8.84521e-05,0.0,0.000169859,0.00132448,0.00299225,0.00513645,0.00930736,0.0128324,0.0153184,0.0198989,0.0237931,0.0226963,0.0125374,0.00130565,-0.00714739,-0.0146148,-0.0178976,-0.0136084,-0.00951446,-0.00845821,-0.00331482,-0.00341029,-0.00672925,-0.00720346,-0.00795587,-0.00740617,-0.00330656,-0.000920502,-0.000108202,0.0,0.000497773,0.00354731,0.0101234,0.0175269,0.0287255,0.0381529,0.0464357,0.0536729,0.058401,0.0559268,0.05386,0.0510262,0.0494521,0.0518249,0.0551396,0.0606289,0.0554395,0.0462969,0.0391642,0.0242637,0.00809528,-0.000847358,-0.00565703,-0.00707908,-0.00303078,-0.000863892,-2.48978e-05,0.000221679,0.000940811,0.00423527,0.0135471,0.023046,0.036213,0.0482516,0.0590311,0.0675877,0.069366,0.0649119,0.0661945,0.0669539,0.0691674,0.0751167,0.0804021,0.0858476,0.0813098,0.0713123,0.0572646,0.0381414,0.0171143,0.0028696,-0.00459818,-0.00560511,-0.00210348,-0.00045926,0.0,0.000257822,0.00108491,0.00378314,0.0102972,0.0194367,0.031036,0.0421031,0.0471802,0.0496458,0.0444249,0.0387701,0.0362547,0.0381845,0.043865,0.0467815,0.0497211,0.0600485,0.0684087,0.0694659,0.0581191,0.0413496,0.0165915,0.00177786,-0.00404425,-0.00319057,-0.00108016,-0.000355788,-3.7315e-05,2.77098e-05,0.000606064,0.00233708,0.00515183,0.012327,0.0189694,0.025357,0.0258588,0.020249,0.00961948,0.000343282,-0.00576951,-0.0058159,-0.00661663,-0.0106311,-0.00351937,0.0184053,0.0478851,0.0619445,0.0539956,0.0348963,0.00952515,-0.000442292,-0.00541412,-0.00285081,-0.000622045,-0.00017693,-6.02771e-05,0.0,0.000120099,0.00165159,0.00352134,0.00647573,0.00847314,0.00986162,0.00697194,-0.00242068,-0.02024,-0.0341343,-0.0384876,-0.040162,-0.0470174,-0.0503948,-0.0366593,-8.61376e-05,0.0429636,0.0554929,0.0458008,0.0232699,0.00165346,-0.00456605,-0.00657712,-0.00323578,-0.000354342,-0.0001158,-2.13321e-05,0.0,1.99077e-05,0.00112641,0.00266414,0.00355504,0.00228991,-0.00110846,-0.00954143,-0.022069,-0.0417317,-0.0549649,-0.0613488,-0.0648794,-0.0753881,-0.0757079,-0.0490336,0.00511948,0.0455732,0.0478812,0.0334517,0.00998901,-0.00381672,-0.00721884,-0.00754976,-0.00306113,-2.1904e-05,-7.15041e-05,-5.75406e-06,0.0,1.26711e-05,0.000658152,0.000856105,0.000915664,-0.00242644,-0.00840911,-0.0208276,-0.0359555,-0.0576286,-0.066847,-0.0704306,-0.0768985,-0.0888722,-0.0803122,-0.0336691,0.0252661,0.0496196,0.0424235,0.020643,-0.00100459,-0.00891197,-0.00800346,-0.00592119,-0.00254196,0.000346091,-8.60268e-05,0.0,0.0,-3.77281e-05,0.000468115,3.42481e-05,-0.000755932,-0.00589301,-0.0143889,-0.024143,-0.0409322,-0.0589018,-0.0679463,-0.0697602,-0.0783574,-0.0823442,-0.0565979,-0.00138278,0.0469759,0.050819,0.030752,0.0104174,-0.00767654,-0.0115137,-0.00937092,-0.00639746,-0.00226822,-0.000385297,-0.000113962,-1.58896e-05,0.0,-2.19259e-05,0.000144825,-0.000175291,-0.00135942,-0.00781648,-0.0165778,-0.0242755,-0.0384168,-0.0508941,-0.0552473,-0.0585184,-0.060691,-0.0523713,-0.0153089,0.0329117,0.0562997,0.0397721,0.012393,-0.00658301,-0.0162022,-0.0132292,-0.00980659,-0.00628612,-0.00282464,-0.000837232,-0.000295992,-3.11828e-05,0.0,8.49683e-05,-7.55194e-05,-0.000639087,-0.00260175,-0.00912562,-0.0182939,-0.0244623,-0.0351436,-0.043298,-0.0455794,-0.0446193,-0.0371615,-0.0148116,0.0245927,0.0543266,0.0486552,0.0173094,-0.00604386,-0.019922,-0.0210973,-0.0156084,-0.0118227,-0.0070536,-0.00346356,-0.00113307,-0.000151357,-1.51411e-06,0.0,6.15639e-05,-0.000172283,-0.00111058,-0.00389537,-0.0117605,-0.0211022,-0.0273299,-0.034673,-0.041102,-0.0433894,-0.0352672,-0.0164246,0.0181407,0.044562,0.0523679,0.0278021,-0.00503615,-0.0235142,-0.0287953,-0.0261279,-0.0193443,-0.0135289,-0.00774708,-0.0034557,-0.000893487,-5.29448e-05,0.0,0.0,0.0,-0.000279733,-0.0014668,-0.00444597,-0.0133831,-0.0235375,-0.0307476,-0.0384124,-0.0446369,-0.0435365,-0.0296353,-6.74629e-05,0.0291575,0.0430767,0.0318283,0.000584339,-0.0253794,-0.0347335,-0.0347394,-0.02847,-0.0206949,-0.0128485,-0.00653207,-0.0026047,-0.000633017,-9.99493e-05,0.0,0.0,0.0,-0.00026442,-0.00159982,-0.00486656,-0.0128683,-0.0240066,-0.034458,-0.0431942,-0.0460808,-0.0430897,-0.0227729,0.00576356,0.0264971,0.0272212,0.00571628,-0.0184264,-0.033838,-0.036034,-0.0327017,-0.0250075,-0.0170006,-0.00973646,-0.00479097,-0.00206626,-0.000463207,-5.49166e-05,0.0,0.0,0.0,-0.000174365,-0.0011953,-0.00395708,-0.0101546,-0.0213276,-0.0332861,-0.041022,-0.0422919,-0.0340604,-0.0126447,0.00705268,0.0135412,0.00690023,-0.00964411,-0.023241,-0.0294053,-0.0303352,-0.0258701,-0.0191497,-0.0116031,-0.00632282,-0.00297117,-0.00155513,-0.000337403,-3.28971e-05,0.0,0.0,0.0,-7.65713e-05,-0.000753146,-0.00213118,-0.00656785,-0.014439,-0.0225737,-0.0271338,-0.0269452,-0.0178209,-0.00148126,0.00912197,0.00791053,0.000558066,-0.0101257,-0.0165192,-0.0189112,-0.0202769,-0.0173188,-0.0116479,-0.00670867,-0.00322071,-0.00146019,-0.000771097,-0.000233067,-8.28039e-06,0.0,0.0,0.0,-2.92807e-05,-0.00028161,-0.000856263,-0.00286594,-0.00577608,-0.00607187,-0.00436803,-0.00218862,0.00774441,0.0153191,0.0184354,0.0159457,0.00670544,0.00161767,-0.00302185,-0.00622463,-0.00923666,-0.00809523,-0.00595017,-0.00342177,-0.00173945,-0.00098037,-0.000460559,-0.000132759,-6.97961e-06,0.0,0.0,0.0,-2.79728e-06,-2.47961e-05,-5.33819e-05,0.000136947,0.00243697,0.0103283,0.0183088,0.0283539,0.040488,0.0430615,0.0410491,0.0353914,0.0265532,0.0221449,0.0162949,0.00685054,0.00133508,-0.000992901,-0.00239452,-0.00220051,-0.00127258,-0.000593319,-0.00031676,-0.000105263,0.0,0.0,0.0,0.0,0.0,0.0,0.000433673,0.00101667,0.00609755,0.0164453,0.0275155,0.0394792,0.0512909,0.0538743,0.0536343,0.0476712,0.0390221,0.0341561,0.0240799,0.0136092,0.0071236,0.00308992,-0.00076697,-0.000999612,-0.000576035,-0.000170924,-3.96446e-05,0.0,0.0,0.0,0.0,0.0,0.0,0.0,0.000116818,0.00105885,0.00450303,0.00953011,0.0181459,0.0245632,0.0290819,0.0322149,0.0335953,0.0313544,0.0286442,0.0247021,0.0179634,0.0111354,0.00606781,0.00282789,0.000384562,-0.000230328,-0.000112594,-1.05067e-05,0.0,0.0,0.0,0.0,0.0,0.0,0.0,0.0,0.0,0.0,0.00021996,0.000761546,0.00154172,0.00180808,0.00256601,0.00378991,0.0037706,0.00426162,0.00537908,