{"max":0.117842,"min":-0.118469,"acc":0.8503,"arr":[0.0,0.0,0.0,0.0,0.0,0.0,0.0,0.0,0.0,0.0,0.0,0.0,0.0,0.0,0.0,0.0,0.0,0.0,0.0,0.0,0.0,0.0,0.0,0.0,0.0,0.0,0.0,0.0,0.0,0.0,0.0,0.0,0.0,0.0,-3.46127e-05,-8.35146e-05,-0.000129493,-0.000104483,-0.000216511,-0.00016726,-0.00016808,-0.000168051,-0.000197949,-0.000132464,-0.000220073,-0.000166031,-6.29913e-05,-7.2721e-05,-4.96652e-05,-3.57597e-07,0.0,0.0,0.0,0.0,0.0,0.0,0.0,0.0,0.0,-6.12821e-06,-4.29466e-06,-1.41404e-06,-4.08426e-05,-0.000185468,-0.000441389,-0.000683421,-0.00099949,-0.00141881,-0.00186382,-0.00220995,-0.00271184,-0.00275969,-0.00270077,-0.00207616,-0.0016573,-0.00127239,-0.000898549,-0.000511799,-0.00019626,-2.50524e-05,0.0,0.0,0.0,0.0,0.0,0.0,-2.31572e-07,-2.65572e-05,-3.08597e-05,-4.45457e-05,-0.000177183,-0.000613782,-0.00124034,-0.00226877,-0.00338652,-0.00472778,-0.00615695,-0.00781851,-0.00906662,-0.00937849,-0.00876315,-0.00761177,-0.00651609,-0.00512481,-0.00326376,-0.00171484,-0.000860447,-0.000290156,-9.76624e-05,-2.3404e-05,-2.89794e-06,0.0,0.0,-9.39594e-07,-8.84185e-07,-1.49856e-05,-0.000111892,-0.000351267,-0.000898262,-0.00199602,-0.00414424,-0.00759425,-0.0112634,-0.0160591,-0.0218743,-0.0281593,-0.0321102,-0.032812,-0.0314206,-0.0274966,-0.0226163,-0.0172185,-0.0115209,-0.00714092,-0.00345573,-0.00158467,-0.000755969,-0.000235649,-5.58009e-05,0.0,0.0,0.0,-1.95064e-05,-6.70288e-05,-0.000369799,-0.000987173,-0.00255145,-0.0047902,-0.00908939,-0.0153369,-0.0227154,-0.0329454,-0.0461824,-0.0598793,-0.0687879,-0.0728043,-0.0708483,-0.0642363,-0.0528238,-0.040932,-0.0300277,-0.0199848,-0.0124119,-0.00767374,-0.00389403,-0.00124288,-0.000289293,0.0,0.0,0.0,3.99686e-05,0.000140642,-0.000328314,-0.000505391,-0.000456242,-0.00299304,-0.00502652,-0.0100547,-0.0149295,-0.02662,-0.0449635,-0.0648346,-0.0778004,-0.0866331,-0.0849271,-0.0779094,-0.0681256,-0.0528568,-0.0393641,-0.0268594,-0.0184322,-0.0133072,-0.00811454,-0.0032926,-0.00072195,-8.84521e-05,0.0,0.000169859,0.00151147,0.0041176,0.00678517,0.0129518,0.0184059,0.0221331,0.0296912,0.0342257,0.0329058,0.0233956,0.0087789,-0.00284711,-0.0139725,-0.0198614,-0.0143834,-0.00814756,-0.00804078,-0.00458712,-0.00284807,-0.00813018,-0.0107657,-0.0107316,-0.00996894,-0.00441414,-0.00119641,-0.000108202,0.0,0.000497773,0.00412301,0.0129622,0.0222364,0.0347714,0.0465243,0.0569208,0.0672118,0.075096,0.0756059,0.0724798,0.0688203,0.0667513,0.0695091,0.0752222,0.0834193,0.0769025,0.0619917,0.0488852,0.0301111,0.0108816,-0.00126174,-0.00692023,-0.00905626,-0.00446575,-0.00118443,-8.16806e-05,0.000221679,0.0012322,0.00584722,0.0182523,0.0305449,0.0460222,0.0604028,0.0729978,0.0838421,0.0877752,0.0830178,0.0838342,0.0837318,0.0892205,0.0988548,0.109497,0.117842,0.111706,0.0938332,0.0716055,0.0449271,0.0206222,0.003495,-0.00523579,-0.00672476,-0.00294965,-0.000718054,-3.00264e-05,0.000258923,0.00146564,0.00618947,0.0160132,0.0272313,0.0421948,0.054753,0.060517,0.0632082,0.0594814,0.0502307,0.0450019,0.0458836,0.0554432,0.0599206,0.0670656,0.0832454,0.0934971,0.0903571,0.0730557,0.0490346,0.0211731,0.00361485,-0.00467225,-0.00427415,-0.00172755,-0.000479209,-5.08562e-05,0.000168614,0.00114447,0.00429668,0.00941823,0.0184793,0.0273017,0.0340619,0.0325396,0.0273862,0.0166631,0.00167745,-0.00764672,-0.00751697,-0.00756806,-0.0115408,-0.000142936,0.0303368,0.0660805,0.0779831,0.0656918,0.0422396,0.0131158,0.00192632,-0.0061472,-0.00354425,-0.000930693,-0.000264429,-6.06773e-05,0.0,0.000554577,0.0026632,0.00554977,0.00973003,0.0135119,0.0140909,0.00876207,-0.00234064,-0.0241256,-0.0435222,-0.0503194,-0.0533052,-0.0603343,-0.0628466,-0.0422059,0.00674022,0.0586005,0.0682161,0.05633,0.0289021,0.00227638,-0.00444469,-0.007511,-0.00375661,-0.000246441,-0.000140141,-2.13321e-05,0.0,0.000534219,0.001781,0.00382602,0.0053139,0.00444315,-0.000880363,-0.012914,-0.0297705,-0.0556926,-0.0726358,-0.0836715,-0.0891368,-0.100004,-0.0982492,-0.0599288,0.0105344,0.057417,0.0585839,0.0435599,0.0140787,-0.00300392,-0.0073162,-0.00856146,-0.00337409,0.000114128,-8.28678e-05,-7.6166e-06,0.0,0.000344394,0.00114215,0.00157908,0.00173379,-0.00141554,-0.0114884,-0.0284302,-0.0491349,-0.0753668,-0.0897866,-0.0972622,-0.105639,-0.118469,-0.105142,-0.0407891,0.0335558,0.0616951,0.0546803,0.0310776,0.00404163,-0.00640661,-0.00726312,-0.00769007,-0.00354892,0.000148543,-9.35931e-05,-1.3836e-06,0.0,-3.77281e-05,0.000574505,0.000457422,-4.95927e-05,-0.0063682,-0.0179818,-0.0322869,-0.0545156,-0.0754826,-0.0879194,-0.0931279,-0.104278,-0.108522,-0.0733874,-8.63149e-05,0.0581532,0.0636505,0.0413294,0.0182117,-0.00447715,-0.00930451,-0.00917391,-0.00734021,-0.00285544,-0.000524521,-0.000117249,-1.58896e-05,0.0,-2.19259e-05,0.000137815,0.000408742,-0.00109315,-0.00910737,-0.0210216,-0.0322963,-0.0499317,-0.0638529,-0.0707361,-0.0747674,-0.078272,-0.066452,-0.0181453,0.042132,0.0689197,0.0494948,0.0195767,-0.00419422,-0.0157812,-0.0131016,-0.0101219,-0.00683938,-0.00313527,-0.00107864,-0.000306146,-3.21983e-05,0.0,8.49683e-05,-7.57897e-05,-5.44392e-05,-0.00249779,-0.0112318,-0.0238021,-0.032419,-0.043332,-0.0524763,-0.0557322,-0.054711,-0.0452303,-0.0169791,0.0328897,0.0688904,0.059233,0.0236659,-0.00436636,-0.0231835,-0.0242893,-0.0189606,-0.0133332,-0.00825911,-0.00421397,-0.00150435,-0.000173858,-3.22976e-06,0.0,6.12867e-05,-0.000132452,-0.000760471,-0.00419761,-0.0143877,-0.027038,-0.0353946,-0.0432082,-0.0500953,-0.0513596,-0.0411089,-0.0181086,0.022695,0.0568332,0.0645949,0.0361095,-0.00128329,-0.0247887,-0.033471,-0.0309963,-0.0240278,-0.0169247,-0.00972263,-0.00462252,-0.00108784,-7.18846e-05,-1.60782e-06,0.0,0.0,-0.00022938,-0.00175194,-0.00576686,-0.016728,-0.0292888,-0.0383091,-0.046982,-0.0536119,-0.0525996,-0.035391,-0.000482219,0.0355668,0.0528941,0.0387553,0.00336274,-0.0281306,-0.0414847,-0.0418137,-0.0348184,-0.0257566,-0.016295,-0.00836628,-0.00327182,-0.000786149,-0.00012329,-1.52673e-06,0.0,-7.60036e-07,-0.000354395,-0.00232864,-0.00677605,-0.0157544,-0.0297102,-0.0423186,-0.0528394,-0.0570987,-0.0520618,-0.02998,0.00567744,0.0307494,0.0326404,0.0107641,-0.0192414,-0.039827,-0.0451666,-0.0400681,-0.0312431,-0.021727,-0.0130447,-0.00619287,-0.00256543,-0.000571106,-6.02061e-05,0.0,0.0,-1.08159e-05,-0.000400562,-0.00200195,-0.00526699,-0.0125113,-0.0259887,-0.0403114,-0.0503769,-0.0522837,-0.0429522,-0.0185079,0.0065183,0.0136398,0.0102695,-0.00595881,-0.0252137,-0.0360224,-0.0376943,-0.0323935,-0.024126,-0.015451,-0.00910458,-0.00448752,-0.00206483,-0.000417064,-3.4019e-05,0.0,0.0,0.0,-0.000237215,-0.00123667,-0.00277782,-0.00783239,-0.0169559,-0.0265755,-0.0328835,-0.0346984,-0.0235655,-0.00466088,0.00800576,0.00757013,0.00521249,-0.00531039,-0.0172406,-0.0236259,-0.0252544,-0.0222996,-0.0153272,-0.00999108,-0.00523203,-0.0025936,-0.00132822,-0.000376228,-1.0649e-05,0.0,0.0,0.0,-7.4882e-05,-0.000394546,-0.000532697,-0.00235439,-0.00523361,-0.00584564,-0.00670375,-0.00399013,0.00762134,0.0169029,0.020504,0.020222,0.0142695,0.00815191,-0.000855124,-0.00736761,-0.011046,-0.0104159,-0.00784379,-0.00589004,-0.00298391,-0.00157763,-0.00077318,-0.000307794,-7.57967e-06,0.0,0.0,0.0,-4.53955e-06,-6.08397e-06,0.000612272,0.0016988,0.00590679,0.0133996,0.022253,0.0349609,0.0482959,0.0516317,0.0508403,0.0479022,0.0406223,0.0348731,0.0227842,0.0100543,0.00254076,-0.00150844,-0.00284151,-0.00376055,-0.0020533,-0.000857823,-0.000419005,-0.000148918,0.0,0.0,0.0,0.0,-1.65516e-05,-2.31962e-07,0.000718612,0.0026484,0.00906197,0.0206739,0.0353831,0.0499425,0.0627343,0.0673875,0.068724,0.0642689,0.0564871,0.0499433,0.0324297,0.0168326,0.00930209,0.00300574,-0.0010401,-0.0019251,-0.00101777,-0.000274322,-3.96446e-05,0.0,0.0,0.0,0.0,0.0,0.0,0.0,0.000148106,0.00146944,0.00538817,0.0111287,0.0216454,0.0300885,0.0351569,0.0398873,0.0419554,0.0421305,0.0401591,0.0351014,0.0232313,0.0130521,0.00793831,0.0034533,0.000486601,-0.000371127,-0.00017506,-2.07283e-05,0.0,0.0,0.0,0.0,0.0,0.0,0.0,0.0,0.0,0.0,0.00021996,0.000761546,0.00160908,0.0021358,0.00318685,0.0045864,0.00489777,0.00563483,