{"max":0.0118141,"min":-0.0119067,"acc":0.6812,"arr":[0.0,0.0,0.0,0.0,0.0,0.0,0.0,0.0,0.0,0.0,0.0,0.0,0.0,0.0,0.0,0.0,0.0,0.0,0.0,0.0,0.0,0.0,0.0,0.0,0.0,0.0,0.0,0.0,0.0,0.0,0.0,0.0,0.0,0.0,0.0,0.0,0.0,0.0,0.0,0.0,0.0,0.0,-1.98086e-05,-3.89982e-05,-3.47857e-05,0.0,0.0,0.0,0.0,0.0,0.0,0.0,0.0,0.0,0.0,0.0,0.0,0.0,0.0,0.0,0.0,0.0,0.0,0.0,0.0,-2.63628e-05,-8.35185e-05,-0.000138421,-0.000260021,-0.000191565,-0.000284933,-0.000476756,-0.000460461,-0.000175919,-0.00017281,-7.75571e-05,-0.000108543,-6.28984e-05,-3.92588e-05,-5.70149e-06,0.0,0.0,0.0,0.0,0.0,0.0,0.0,0.0,0.0,-2.36655e-05,-3.11692e-05,-7.88851e-06,-4.3475e-05,-0.000226199,-0.000419681,-0.000572774,-0.000775297,-0.000981951,-0.00114905,-0.00130304,-0.00121692,-0.00106358,-0.000919387,-0.000642056,-0.00052423,-0.00025105,-0.000136828,-3.38905e-05,0.0,0.0,0.0,0.0,0.0,0.0,0.0,0.0,0.0,-3.22487e-05,-7.02839e-05,-0.000220457,-0.000498908,-0.000948639,-0.00148434,-0.0019202,-0.00247673,-0.003123,-0.0037083,-0.0039271,-0.00422966,-0.00408203,-0.00323842,-0.00236737,-0.00156279,-0.000791581,-0.000295429,-7.57401e-05,-1.10238e-05,-2.53685e-05,-2.21974e-05,0.0,0.0,0.0,0.0,0.0,0.0,-0.0001111,-0.000328298,-0.000762763,-0.00150786,-0.00205454,-0.00274595,-0.00355096,-0.00515392,-0.00661863,-0.00784089,-0.00847798,-0.00892832,-0.0082449,-0.00679884,-0.00494336,-0.00345627,-0.00212777,-0.00100791,-0.000426974,-0.000250856,-0.000126451,-4.55225e-05,0.0,0.0,0.0,0.0,0.0,0.0,-8.39565e-05,-0.000448444,-0.00131998,-0.00161423,-0.000932835,-0.00183794,-0.00413309,-0.00591168,-0.0069973,-0.00837704,-0.00972874,-0.00957203,-0.00934652,-0.00832547,-0.00645362,-0.00483042,-0.00320382,-0.00177506,-0.00106815,-0.000799518,-0.000486198,-0.000103238,-6.80659e-06,0.0,0.0,0.000135047,0.000381288,0.00102332,0.00119522,0.0008497,0.000161353,0.000727599,0.00170996,0.000755826,-0.000613196,-0.00106303,-0.000890812,-0.00113484,-0.00192656,-0.00149818,-0.00148436,-0.00157421,-0.00137136,-0.00235452,-0.00240727,-0.00157724,-0.000880696,-0.000870836,-0.000608884,-0.000181807,-4.53176e-05,0.0,0.0,0.000801142,0.00140665,0.00255417,0.00385034,0.00509019,0.00492224,0.00579803,0.00540179,0.00526172,0.00602768,0.00627584,0.00748523,0.00823057,0.00700836,0.00828907,0.00714105,0.00609229,0.00392073,0.000939136,-0.000981128,-0.000690751,-0.000421387,-0.000789092,-0.000443832,-0.000173459,-2.48978e-05,0.0,0.0,0.000586472,0.00204076,0.00345191,0.00479797,0.00710122,0.00906869,0.00851785,0.00827231,0.00831917,0.00928639,0.0094262,0.0102337,0.0102246,0.0108315,0.0118141,0.0108175,0.00926409,0.00631243,0.00268821,-0.000106444,-0.000670441,-0.000189449,-0.000530264,-0.000279372,-0.000109715,0.0,0.0,0.0,0.000161506,0.00157831,0.00299498,0.00428458,0.00621322,0.00855614,0.00795758,0.00731835,0.0066009,0.00656232,0.0060924,0.00633786,0.00569698,0.00564949,0.00648437,0.00910478,0.0109476,0.00823425,0.00493812,0.000108399,-0.000916823,-0.000682074,-0.000408911,-0.000124985,-5.02994e-05,0.0,0.0,0.0,0.0,0.000874653,0.00184111,0.00160094,0.0029904,0.00472801,0.00450024,0.00218419,0.000655336,-0.000736839,-0.000972224,-0.00112258,-0.00217634,-0.00250341,0.00130914,0.00623482,0.011412,0.0095579,0.00559112,0.000470278,-0.000451431,-0.00112877,-0.000383064,-3.87112e-05,-9.1701e-06,0.0,0.0,0.0,3.31574e-05,0.000877499,0.000949661,0.000456706,0.0016686,0.00326021,0.0013962,-0.00144792,-0.00388848,-0.004871,-0.00533705,-0.00588768,-0.00702828,-0.00680826,-0.000712495,0.00669943,0.0109442,0.00865766,0.00403459,0.000157971,-0.000849533,-0.00127509,-0.000494295,1.83945e-06,0.0,0.0,0.0,0.0,0.00020418,0.000715912,0.000371491,4.3689e-05,0.000695764,0.000607618,-0.00107673,-0.00308563,-0.00601651,-0.00660984,-0.00753156,-0.00919897,-0.00958806,-0.00772635,0.000232084,0.00778697,0.00985939,0.00665335,0.0021458,-0.00110096,-0.0017149,-0.00123512,-0.000180419,0.000175609,0.0,0.0,0.0,0.0,0.000223376,0.000200823,-0.000151602,-0.000210849,-0.000710881,-0.00172745,-0.00293173,-0.005218,-0.00674636,-0.00733071,-0.0087142,-0.0110948,-0.01095,-0.00609798,0.00429029,0.00856374,0.00948775,0.00464248,-0.000533439,-0.0020589,-0.00180639,-0.00120194,-0.000571332,-9.51108e-05,0.0,0.0,0.0,0.0,0.000176258,0.0,-0.000192996,-0.00072174,-0.00189969,-0.00318814,-0.00403236,-0.00566909,-0.00764628,-0.00840232,-0.0103531,-0.0119067,-0.00947695,-0.00077178,0.00719619,0.00810797,0.00624193,0.00152561,-0.00235154,-0.00313415,-0.00236081,-0.00170585,-0.000713083,-0.000111592,0.0,0.0,0.0,0.0,0.0,-7.2992e-06,-0.000288563,-0.00115665,-0.00259081,-0.00361664,-0.00465741,-0.00571957,-0.0071753,-0.00795252,-0.0092275,-0.0094846,-0.00325711,0.0043302,0.00862026,0.00706081,0.00256772,-0.00122233,-0.00353673,-0.00331062,-0.00219586,-0.00145062,-0.000707932,-0.000206528,0.0,0.0,0.0,0.0,0.0,-5.20081e-05,-0.000503076,-0.00130094,-0.00284308,-0.00420888,-0.00549462,-0.00637389,-0.00647043,-0.0068862,-0.00705896,-0.00386398,0.00303469,0.00825743,0.00823291,0.00425927,-0.0004349,-0.00375859,-0.00419799,-0.00353065,-0.00233663,-0.00131754,-0.000664669,-0.000215271,0.0,0.0,0.0,0.0,-1.88235e-05,-0.000147734,-0.000639765,-0.00133706,-0.00272176,-0.00450303,-0.00549609,-0.00626718,-0.00694128,-0.0060608,-0.00480837,0.000967569,0.00555803,0.00830396,0.00652873,0.000510092,-0.00408033,-0.00590776,-0.00489458,-0.00350856,-0.00217251,-0.00132185,-0.000688937,-0.000169178,0.0,0.0,0.0,0.0,-2.37255e-05,-0.000190586,-0.000602479,-0.00139312,-0.00279054,-0.00391698,-0.00558037,-0.00677884,-0.0073928,-0.00628165,-0.00245278,0.00195213,0.00552834,0.00670792,0.00362273,-0.00214754,-0.00475355,-0.00650277,-0.00474985,-0.0031425,-0.00183431,-0.00107649,-0.000506878,-9.90815e-05,0.0,0.0,0.0,0.0,-7.45098e-06,-0.000145992,-0.000500842,-0.00113367,-0.00256155,-0.00414465,-0.00622023,-0.0076016,-0.00825158,-0.00672373,-0.00178167,0.00209606,0.00396955,0.00375339,-7.14316e-05,-0.00355325,-0.00548976,-0.00610264,-0.00397915,-0.00252284,-0.00136008,-0.000603227,-0.000380891,-9.32132e-05,0.0,0.0,0.0,0.0,0.0,-4.29393e-05,-0.000266848,-0.000635486,-0.00224163,-0.00435381,-0.00656599,-0.00822257,-0.00834298,-0.00497042,-0.00154795,0.000247146,0.00199018,0.000788035,-0.00129861,-0.0031517,-0.00474051,-0.00437412,-0.00290174,-0.00172087,-0.000841498,-0.000270322,-0.000156844,-1.7115e-05,0.0,0.0,0.0,0.0,0.0,-3.30556e-07,0.00010393,-0.000369114,-0.00154987,-0.00329393,-0.00584762,-0.00735888,-0.00580533,-0.00339302,-0.000635556,0.000606947,0.00195981,0.000441728,-8.03376e-05,-0.00128712,-0.00269702,-0.00281,-0.00180351,-0.00102771,-0.000410969,-9.67411e-05,-3.99977e-05,-7.41298e-06,0.0,0.0,0.0,0.0,0.0,0.0,0.000336799,-3.56655e-05,-0.000769884,-0.0017445,-0.00312093,-0.00324053,-0.001802,-0.00113974,0.00127383,0.00273572,0.00217768,0.00222476,0.0014567,0.000354136,-0.00124124,-0.00143161,-0.000898496,-0.000454051,-0.000221344,-7.74369e-05,0.0,0.0,0.0,0.0,0.0,0.0,0.0,0.0,6.07242e-05,6.85721e-05,-7.32257e-05,-0.000153693,0.00022781,0.00195193,0.00264768,0.00296458,0.00507929,0.00608002,0.00399443,0.00507924,0.00468512,0.00195985,0.000729822,-0.000146087,-0.000300207,-0.000287092,-0.000157017,-6.55123e-05,0.0,0.0,0.0,0.0,0.0,0.0,0.0,0.0,0.0,-3.39911e-05,0.000205288,0.000855302,0.00167685,0.00324401,0.00471196,0.00534,0.00715356,0.00778703,0.00562985,0.00619556,0.00538311,0.00337471,0.00168295,0.000612674,-8.98873e-05,-0.000140669,-9.11947e-05,-3.33457e-05,0.0,0.0,0.0,0.0,0.0,0.0,0.0,0.0,0.0,0.0,1.77533e-06,0.000498749,0.0016244,0.00143187,0.00173891,0.00255565,0.00364409,0.00390494,0.00429531,0.00463245,0.00348285,0.00288626,0.00123721,0.000607811,0.000153529,0.0,0.0,0.0,0.0,0.0,0.0,0.0,0.0,0.0,0.0,0.0,0.0,0.0,-8.16763e-06,4.58083e-05,0.000383418,0.000320137,3.54709e-05,0.0,0.000406358,0.000494742,0.0006882,0.000996186,0.00149159,0.00108698,0.0,0.0,0.0,0.0,0.0,0.0,0.0,0.0,0.0,0.0]}