{"max":0.0421705,"min":-0.0368359,"acc":0.7969,"arr":[0.0,0.0,0.0,0.0,0.0,0.0,0.0,0.0,0.0,0.0,0.0,0.0,0.0,0.0,0.0,0.0,0.0,0.0,0.0,0.0,0.0,0.0,0.0,0.0,0.0,0.0,0.0,0.0,0.0,0.0,0.0,0.0,0.0,0.0,-1.68413e-05,-3.72698e-05,-2.14832e-05,-2.7944e-05,-6.28216e-05,-7.83794e-05,-0.000138087,-0.00012603,-0.000103529,-7.86584e-05,-0.000123227,-4.56742e-05,-4.85912e-05,-9.70932e-05,-5.56807e-05,-4.17216e-07,0.0,0.0,0.0,0.0,0.0,0.0,0.0,0.0,0.0,-1.33872e-06,-2.8404e-06,0.0,-1.47082e-05,-5.05348e-05,-0.000172632,-0.000377206,-0.000558976,-0.000882167,-0.00132165,-0.00142171,-0.00180168,-0.00213265,-0.00223185,-0.00184518,-0.00148339,-0.0011447,-0.000869334,-0.000431396,-0.000145487,-1.59447e-05,0.0,0.0,0.0,0.0,0.0,0.0,0.0,-1.23774e-05,-1.64213e-05,-2.97183e-05,-0.000129932,-0.000308018,-0.000692215,-0.00155913,-0.00229684,-0.00335207,-0.00458132,-0.00586301,-0.00683192,-0.00751666,-0.00755906,-0.00654747,-0.00551719,-0.00379036,-0.00203021,-0.000972776,-0.000232097,1.41115e-05,-6.20271e-05,-6.96723e-05,-8.65229e-06,0.0,0.0,0.0,0.0,-2.13667e-05,-0.000151887,-0.000432694,-0.000864399,-0.00153697,-0.00257425,-0.00465442,-0.0064406,-0.00878304,-0.00995052,-0.00995493,-0.0101303,-0.00847894,-0.0075749,-0.00840733,-0.00695686,-0.00543669,-0.00312659,-0.00327929,-0.00170879,-0.00109939,-0.000597563,-0.000191957,-3.448e-05,0.0,0.0,0.0,-1.67607e-05,-4.84453e-05,-0.000236624,-0.00109252,-0.0022516,-0.00409103,-0.00543538,-0.00667235,-0.00717854,-0.00491681,0.000611393,0.00911611,0.0173883,0.0194458,0.021186,0.0199963,0.0139184,0.00790666,0.00547417,0.00155245,-0.000804383,-0.00124344,-0.000763957,-5.49207e-05,0.000175247,0.0,0.0,0.0,-1.83679e-06,-0.0001504,-0.000588787,-0.00195375,-0.0032498,-0.00467198,-0.00472842,-0.00322992,7.85141e-05,0.00846542,0.0179879,0.0247106,0.0270345,0.0236678,0.0228762,0.0217037,0.0196686,0.018045,0.0131296,0.00999287,0.00238172,0.000349404,0.00114904,0.00180041,0.00011746,-7.92317e-05,0.0,-1.41488e-05,-0.000122856,-0.000481825,-0.00101833,-0.00206117,-0.00333474,-0.00295788,-0.00144883,0.00220037,0.00755743,0.0144171,0.0210839,0.0174102,0.00642962,-0.00409624,-0.00548805,-0.000169423,0.00787487,0.0145654,0.0127154,0.0125676,0.0087349,0.00523841,0.00348741,0.00215137,0.000467368,-0.00012916,0.0,-3.95587e-05,-0.000292003,-0.00075634,-0.0011906,-0.00178392,-0.00197004,-0.000716251,0.000910625,0.00683774,0.0116401,0.0109497,0.0102767,-0.00370711,-0.0198065,-0.0272139,-0.026198,-0.0184901,-0.001388,0.014363,0.0167218,0.0158122,0.0150264,0.00986245,0.00719588,0.00322892,0.00108308,-3.70188e-05,0.0,-4.48134e-05,-0.000280106,-0.000904626,-0.000406752,-0.00121207,-0.00201826,-9.18057e-06,0.00143806,0.00728014,0.010127,0.00872688,0.00221685,-0.012143,-0.0302516,-0.0368359,-0.0308057,-0.01999,-0.00187099,0.013632,0.0189799,0.0155037,0.0167593,0.0126724,0.00828746,0.00335129,0.000749793,0.0,0.0,-1.73022e-05,-0.000171606,-0.000742913,9.653e-05,-0.00162936,-0.00166666,-0.000598989,-8.83425e-05,0.00420304,0.00938314,0.0129552,0.00590716,-0.00858769,-0.0257203,-0.027345,-0.0187806,-0.00716727,0.0087637,0.0199803,0.0194095,0.017946,0.0155718,0.00961835,0.00467716,0.0018176,0.00037255,-7.69234e-06,0.0,-3.2316e-06,-9.97732e-05,-0.000626739,-0.000478239,-0.00246739,-0.00313501,-0.00246324,-0.00461,0.000516592,0.00813239,0.0212679,0.0181171,0.00389804,-0.0110362,-0.0101581,0.00170687,0.0139166,0.0184499,0.0174178,0.0135051,0.00938972,0.00417667,0.00242752,0.00152245,0.000664501,4.97593e-05,-1.9007e-05,0.0,-1.11065e-05,-0.000106057,-0.000341157,-0.00105691,-0.00426716,-0.00672743,-0.00937567,-0.0137833,-0.0110157,0.00297449,0.0220718,0.0353893,0.0194561,0.00528868,0.0108526,0.0181716,0.0175559,0.00779092,0.000974869,-0.00159182,-0.0025004,-0.00351257,-0.00285994,-0.000990625,0.000497988,-7.96288e-06,-1.994e-05,0.0,0.0,-8.65127e-05,-0.000309692,-0.00131303,-0.00554152,-0.0115111,-0.0184073,-0.0248489,-0.0251675,-0.00887252,0.017532,0.0397006,0.0320559,0.0230446,0.0237711,0.0170876,-0.00218429,-0.0143297,-0.0161187,-0.0137289,-0.0104742,-0.00822625,-0.00545588,-0.00223101,0.000144035,-3.62213e-05,-5.37855e-06,0.0,-2.20039e-05,-6.49123e-05,-0.000232125,-0.00152905,-0.00663582,-0.0141951,-0.0244578,-0.0329368,-0.03475,-0.0185654,0.0107038,0.0348087,0.0371755,0.0337697,0.0235032,0.00211651,-0.0177218,-0.0315512,-0.0307296,-0.0235349,-0.0154823,-0.0105408,-0.00668162,-0.00255316,0.000102977,-4.20416e-05,0.0,0.0,-5.02312e-05,-9.14449e-05,-0.000245025,-0.00178264,-0.00748654,-0.0162028,-0.0259661,-0.0341503,-0.0342782,-0.0142331,0.015235,0.0374797,0.0374105,0.0292816,0.0145683,-0.00653446,-0.0269453,-0.0363847,-0.0358056,-0.0273095,-0.0184624,-0.0122441,-0.0065517,-0.00308559,-0.000431581,-0.0001024,-1.92008e-05,0.0,-2.3782e-05,-8.97282e-05,-0.000294807,-0.00220745,-0.00883802,-0.0173802,-0.0237624,-0.0259237,-0.0199729,0.00499554,0.0338032,0.0421705,0.0298899,0.0132564,0.0043078,-0.00818627,-0.0223944,-0.0298466,-0.031015,-0.0256223,-0.0188139,-0.0129972,-0.0068487,-0.00324385,-0.000960418,-0.000286474,-3.9531e-05,0.0,-1.89352e-05,-9.81728e-05,-0.000646572,-0.00312557,-0.00980011,-0.0173656,-0.0191332,-0.0125945,0.00311579,0.0283017,0.0418585,0.0378593,0.0160345,-0.00464154,-0.0095748,-0.0056084,-0.0138445,-0.0213882,-0.0259732,-0.0223789,-0.0167232,-0.0118663,-0.00678884,-0.00307419,-0.000909319,-0.000132263,-2.03302e-06,0.0,-7.02942e-06,-0.000215259,-0.00111397,-0.00371469,-0.0105112,-0.0167227,-0.0133334,0.000998158,0.0223596,0.03849,0.0371686,0.0199176,-0.00450486,-0.0171806,-0.015724,-0.00668845,-0.00796889,-0.0160727,-0.0190204,-0.0186008,-0.0155764,-0.0101887,-0.00632184,-0.00284304,-0.000588751,-6.2004e-05,0.0,0.0,0.0,-0.00028026,-0.00123245,-0.0041773,-0.0105023,-0.0138467,-0.00790405,0.0114846,0.0249695,0.0324735,0.0179389,-0.00377747,-0.0197498,-0.0279178,-0.0238409,-0.0100075,-0.00718664,-0.0133027,-0.0143115,-0.0158929,-0.0134104,-0.00825164,-0.00507725,-0.00199114,-0.000667787,-0.000158151,0.0,0.0,0.0,-0.000276796,-0.00116843,-0.00431343,-0.0080976,-0.01113,-0.00226732,0.0113396,0.0164547,0.0182215,-0.00199249,-0.0187426,-0.0278468,-0.0308605,-0.024077,-0.0087931,-0.00351975,-0.00651748,-0.00714579,-0.0110964,-0.00852851,-0.00461547,-0.00301566,-0.00172753,-0.000655545,-8.24552e-05,0.0,0.0,0.0,-0.000177183,-0.00105851,-0.00378508,-0.00569012,-0.00522509,-0.000467231,0.00837478,0.0108498,0.0100325,-0.00121932,-0.011072,-0.0144849,-0.0141643,-0.00639532,0.00309399,0.00371744,0.0032021,-0.00262294,-0.00604371,-0.00374145,-0.00166838,-0.00192877,-0.0015137,-0.000372721,-4.13218e-05,0.0,0.0,0.0,-4.12151e-05,-0.000758503,-0.0025094,-0.00320943,-0.000463049,0.00311047,0.00729963,0.0165343,0.0175881,0.0188935,0.019251,0.0189188,0.0201494,0.0217899,0.0203634,0.0151082,0.00659914,0.000750229,0.000420827,0.000685829,-9.17972e-06,-0.000865235,-0.000788628,-0.000148154,-1.76622e-05,0.0,0.0,0.0,0.0,-0.000258146,-0.00150989,-0.00197023,0.00130961,0.00497619,0.00942381,0.0192227,0.0240523,0.0294234,0.0367581,0.0371312,0.0370803,0.0324113,0.0259775,0.0132831,0.00599507,0.0039896,0.00248703,0.00104924,0.000133589,-0.000460024,-0.000352677,-9.04489e-05,-2.1414e-05,0.0,0.0,0.0,0.0,-1.08277e-05,-0.000306392,-0.000923408,-7.82707e-05,0.00202554,0.00456383,0.00972282,0.0139468,0.017969,0.0233536,0.0231551,0.0203156,0.0144267,0.00576976,0.00216885,0.00125184,0.00074065,0.000839425,-7.75435e-05,-0.000265362,-0.000385364,-0.000183178,-3.54377e-05,0.0,0.0,0.0,0.0,0.0,0.0,-1.02753e-05,-0.000216803,-0.000941564,-0.00252423,-0.00387478,-0.00476449,-0.0063885,-0.00707933,-0.00740354,-0.00776838,-0.00660965,-0.00635579,-0.00605934,-0.00443229,-0.00282183,-0.0017022,-0.000942726,-0.000600178,-0.000330561,-0.000137671,-2.61301e-05,0.0,0.0,0.0,0.0,0.0,0.0,0.0,-1.91131e-05,-0.000171874,-0.000440426,-0.000808629,-0.00169558,-0.00235036,-0.00333018,-0.00391888,-0.00384924,-0.00368481,-0.00339013,-0.00276628,-0.00227215,-0.00167737,-0.000956674,-0.000375808,-0.000128579,-0.000108477,-2.92268e-05,-5.45558e-06,0.0,0.0,0.0,0.0,0.0,0.0,0.0,0.0,0.0,0.0,-8.52621e-06,-8.24972e-05,-0.000164363,