{"max":0.167262,"min":-0.113412,"acc":0.8828,"arr":[0.0,0.0,0.0,0.0,0.0,0.0,0.0,0.0,0.0,0.0,0.0,0.0,-1.05174e-05,-2.79798e-05,-5.50875e-06,-2.29531e-07,0.0,0.0,0.0,0.0,0.0,0.0,0.0,0.0,0.0,0.0,0.0,0.0,0.0,0.0,0.0,0.0,-1.7528e-07,-5.51707e-07,-1.79208e-05,-4.82975e-05,-0.000110122,-0.000122775,-0.000240367,-0.000250059,-0.000288385,-0.000333552,-0.000401213,-0.000289907,-0.000381775,-0.000313017,-0.000182873,-0.000208603,-0.000131985,-2.4226e-05,-1.51295e-05,-1.23339e-06,0.0,0.0,0.0,0.0,0.0,0.0,-2.82439e-07,-3.89912e-06,-4.89823e-06,-3.8299e-06,-5.36136e-05,-0.000232481,-0.000538039,-0.00105444,-0.00180118,-0.00257022,-0.00386628,-0.00488019,-0.00624094,-0.00700437,-0.00689618,-0.005928,-0.00489015,-0.00415617,-0.00238787,-0.00137153,-0.000615315,-0.000159745,-8.12199e-05,-3.89465e-05,0.0,0.0,0.0,0.0,-2.78446e-06,-2.01367e-05,-2.61416e-05,-0.000143421,-0.000503123,-0.0014114,-0.00281315,-0.00547847,-0.00857616,-0.0126165,-0.0172389,-0.0220649,-0.0269504,-0.0296266,-0.0294183,-0.028909,-0.0248005,-0.0189549,-0.0112173,-0.00566222,-0.00244646,-0.000740977,-0.000319349,-0.000112206,-4.41765e-05,0.0,0.0,-3.8268e-06,3.68715e-05,-3.30646e-05,-0.000325466,-0.00140778,-0.00336371,-0.00661554,-0.0107213,-0.016745,-0.0237905,-0.0310572,-0.0336004,-0.0296447,-0.0212034,-0.0158372,-0.0184989,-0.0271194,-0.0331662,-0.0339176,-0.0260374,-0.0204606,-0.0134985,-0.00803517,-0.00391402,-0.000592472,-1.63549e-05,-3.30084e-05,0.0,0.0,-2.57446e-05,-0.000378305,-0.00169658,-0.00488117,-0.0108746,-0.0183502,-0.0243659,-0.0260835,-0.0292184,-0.0164911,0.00703258,0.0349408,0.0617092,0.0789479,0.0844428,0.0757269,0.0495182,0.0201566,-0.00108622,-0.0084938,-0.00901282,-0.00989452,-0.00708426,-0.00051452,0.000116094,-3.7048e-05,0.0,0.0,-6.79238e-05,-0.00116502,-0.00385725,-0.00897444,-0.0167125,-0.0219916,-0.0197481,-0.0165548,-0.00398673,0.0208414,0.0432138,0.0559708,0.0672346,0.0785707,0.0751829,0.06623,0.0485012,0.0388985,0.0258391,0.0157193,0.00796929,0.00384468,0.00195547,0.00294327,0.000468209,-0.000158089,0.0,-5.84964e-05,-0.0002696,-0.00188338,-0.00466927,-0.00952922,-0.0140713,-0.00903608,0.000564881,0.0122637,0.0246821,0.0359893,0.0374173,0.0252803,-0.000106881,-0.00840854,-0.0153466,-0.0135569,0.00750092,0.0180072,0.0309866,0.0334456,0.0319372,0.0301297,0.0163792,0.00333379,0.000556548,-0.000156975,-2.06533e-06,-0.000133936,-0.000680895,-0.00206647,-0.0040437,-0.00576442,-0.000366705,0.0127064,0.0259383,0.0436431,0.0504811,0.0414476,0.0313797,-0.00338771,-0.0498638,-0.0699482,-0.0749867,-0.0697692,-0.0229742,0.0212403,0.0422416,0.0560749,0.0611539,0.0515671,0.028396,0.00553757,0.00143225,-1.02428e-05,-2.59162e-05,-0.000212561,-0.000952419,-0.00214255,-0.00145936,0.00155732,0.0163554,0.0335969,0.0521087,0.0699747,0.0655071,0.0490341,0.0194443,-0.0240323,-0.0753273,-0.10084,-0.0974822,-0.0700456,-0.0218067,0.0313813,0.0618316,0.0780831,0.0781551,0.0600695,0.0316221,0.00711531,0.00186393,4.85331e-05,-3.16384e-05,-0.000198111,-0.000872186,-0.00222063,0.00193851,0.00750126,0.0242078,0.0453657,0.0625548,0.0736481,0.0719055,0.0567746,0.034447,-0.00721657,-0.0593354,-0.086494,-0.0810806,-0.0449341,0.00824013,0.0548517,0.0754523,0.0912944,0.0801101,0.0541586,0.0275377,0.00778336,0.00159642,0.000510546,-1.22465e-05,-0.000189871,-0.000763546,-0.00164447,0.00144328,0.00744856,0.0199525,0.0373468,0.0518693,0.0613469,0.0574497,0.0666594,0.0755153,0.0496835,-0.0094237,-0.0481627,-0.0343166,-0.000102783,0.038427,0.0631386,0.0733271,0.0732091,0.0562304,0.036582,0.0198173,0.00578504,0.00173482,0.000149778,-1.26703e-06,-8.98831e-05,-0.00056088,-0.000787444,-0.00179772,-0.00030887,0.00034155,0.00133491,0.00785818,0.011797,0.0234153,0.064685,0.122464,0.107454,0.0355534,0.00440013,0.015655,0.0239695,0.0297448,0.0346618,0.0371734,0.0332222,0.0205784,0.0115492,0.00645346,0.00266752,0.000776959,-3.4204e-05,-2.79137e-06,-2.94579e-05,-0.000254255,-0.000692052,-0.00499854,-0.0133043,-0.0251996,-0.0402529,-0.0548996,-0.058721,-0.0290746,0.05706,0.144493,0.132938,0.0712558,0.0583936,0.0348646,-0.00838152,-0.0247597,-0.0235444,-0.0157258,-0.0106309,-0.00836593,-0.00721755,-0.00314513,0.000910559,-1.02955e-05,-8.05784e-05,0.0,-5.00677e-05,-0.000163659,-0.00106975,-0.006423,-0.0209837,-0.0446975,-0.0728397,-0.101768,-0.113412,-0.062506,0.0459494,0.134387,0.135458,0.0981996,0.0637832,0.00859501,-0.0494123,-0.0856905,-0.080424,-0.0629715,-0.04113,-0.0279736,-0.0181371,-0.00767042,-0.000509562,-0.00035495,-1.81088e-05,-3.82689e-07,-5.02312e-05,-0.000245337,-0.00122871,-0.00777801,-0.0270317,-0.0531428,-0.0809953,-0.105258,-0.104779,-0.0464771,0.0517626,0.132601,0.132162,0.09041,0.0408435,-0.0154086,-0.0795463,-0.10976,-0.105516,-0.0810089,-0.0562657,-0.0354156,-0.0207225,-0.00933396,-0.00173498,-0.000705713,-6.68632e-05,-2.18679e-06,-4.04741e-05,-0.00044753,-0.00158979,-0.00994294,-0.0310186,-0.0527757,-0.0648749,-0.0614315,-0.038358,0.0244165,0.104123,0.150259,0.110881,0.0417947,0.0106389,-0.0243845,-0.070524,-0.0973032,-0.0974174,-0.0800687,-0.0587206,-0.0359578,-0.0174166,-0.00864058,-0.00353878,-0.00109352,-8.46315e-05,0.0,-5.57103e-05,-0.000493718,-0.0032682,-0.0143732,-0.033342,-0.0448499,-0.0340881,-0.00204253,0.052375,0.104066,0.150654,0.146839,0.0624224,-0.00747512,-0.0261787,-0.0241546,-0.0524196,-0.0680376,-0.0699012,-0.0618052,-0.0502125,-0.0303803,-0.0127605,-0.00692533,-0.0047611,-0.000848368,-2.83506e-05,-3.25043e-06,-1.96441e-05,-0.000772129,-0.00621859,-0.0202072,-0.0332597,-0.0330695,-0.00463414,0.0483998,0.103639,0.134871,0.138597,0.0849265,-0.00640825,-0.0530908,-0.0458212,-0.0375404,-0.0443091,-0.0447174,-0.0464534,-0.0432877,-0.0399933,-0.0228263,-0.0109415,-0.008174,-0.0043604,-0.000564961,-2.66573e-05,-1.60253e-06,-3.69533e-05,-0.00117425,-0.00916098,-0.0235436,-0.0316628,-0.0228659,0.0151238,0.0637923,0.0970442,0.0981669,0.0584881,0.000926344,-0.0663826,-0.0895721,-0.0646955,-0.0457207,-0.0398778,-0.0331664,-0.0311541,-0.0293015,-0.0268895,-0.0144079,-0.00760764,-0.00828101,-0.00416861,-0.000709325,-8.87572e-06,0.0,-4.97711e-05,-0.00140162,-0.0107199,-0.0233976,-0.0271106,-0.0158033,0.0180483,0.0377408,0.0416583,0.0332847,-0.0101593,-0.0480847,-0.0900917,-0.096251,-0.0699835,-0.0518561,-0.0341603,-0.0185334,-0.0158662,-0.0160785,-0.0140531,-0.00763644,-0.00818602,-0.00818988,-0.00336232,-0.000533517,0.0,0.0,-2.92882e-05,-0.00151628,-0.00880706,-0.0206486,-0.0208869,-0.0103353,0.00730895,0.0129436,0.00790151,0.00617809,-0.00607963,-0.0192183,-0.0335176,-0.0418795,-0.0300262,-0.0171321,-0.00202961,0.0130191,0.00742144,-0.000385727,-0.00537777,-0.0035522,-0.0075859,-0.006828,-0.00214643,-0.000307364,-4.20721e-06,0.0,-4.19399e-07,-0.00118764,-0.00555335,-0.0153473,-0.0182557,-0.010882,-0.00189336,0.000618581,0.00585459,0.0302924,0.0707602,0.0941647,0.0912189,0.0811286,0.0673679,0.0556597,0.0464645,0.0406315,0.0237058,0.0112451,0.00304057,-0.00159981,-0.00481449,-0.00333011,-0.000919632,-8.75411e-05,-7.76716e-06,0.0,0.0,-0.000428573,-0.00261663,-0.00999727,-0.0169301,-0.0156263,-0.0110789,0.00181063,0.0133026,0.0415687,0.0911199,0.146273,0.167262,0.151033,0.124152,0.0977242,0.0690012,0.0465766,0.028518,0.0131571,0.00421485,-0.000630635,-0.00159744,-0.00100548,-0.000293012,-5.26268e-05,0.0,0.0,0.0,-6.30073e-05,-0.00109982,-0.00513635,-0.0119563,-0.0167349,-0.0169533,-0.00863055,-0.000378248,0.0165985,0.038301,0.0651295,0.0780012,0.0767405,0.0658845,0.0468931,0.0266993,0.0187103,0.0107881,0.00427459,0.000272,-0.000746124,-0.000655177,-0.000443496,-4.87409e-05,0.0,0.0,0.0,0.0,-7.56189e-06,-0.000118794,-0.00159954,-0.00469728,-0.00892753,-0.015716,-0.0236161,-0.0294206,-0.033388,-0.0369886,-0.0362971,-0.0299,-0.0211754,-0.0140708,-0.0110951,-0.00735397,-0.00478233,-0.00382546,-0.00255438,-0.00202768,-0.00108265,-0.000473388,-7.94755e-05,0.0,0.0,0.0,0.0,0.0,0.0,0.0,-0.000429597,-0.00113235,-0.00237971,-0.00379651,-0.00640932,-0.00861505,-0.0111092,-0.012223,-0.0125682,-0.0127544,-0.0116139,-0.00958314,-0.00757174,-0.00547006,-0.0034903,-0.00222425,-0.00122969,-0.000608798,-0.000168872,