{"max":0.0516827,"min":-0.045167,"acc":0.8279,"arr":[0.0,0.0,0.0,0.0,0.0,0.0,0.0,0.0,0.0,0.0,0.0,0.0,0.0,0.0,0.0,0.0,0.0,0.0,0.0,0.0,0.0,0.0,0.0,0.0,0.0,0.0,0.0,0.0,0.0,0.0,0.0,0.0,0.0,0.0,-1.70103e-05,-4.38667e-05,-7.60199e-05,-4.60141e-05,-6.28216e-05,-7.83794e-05,-0.000143333,-0.000169754,-0.000194782,-0.000135804,-0.000180788,-0.000139403,-7.20471e-05,-9.70932e-05,-5.56807e-05,-4.17216e-07,0.0,0.0,0.0,0.0,0.0,0.0,0.0,0.0,0.0,-3.89912e-06,-3.7233e-06,0.0,-2.27313e-05,-7.80397e-05,-0.000239961,-0.000422907,-0.000592564,-0.000968214,-0.00151271,-0.00178136,-0.00224349,-0.00262661,-0.00281332,-0.00227843,-0.00176602,-0.00132907,-0.000973421,-0.000510261,-0.000170992,-1.98409e-05,0.0,0.0,0.0,0.0,0.0,0.0,-2.16221e-06,-1.97937e-05,-1.88935e-05,-3.07624e-05,-0.000163804,-0.000379343,-0.000864443,-0.00178617,-0.00261779,-0.00410952,-0.0057913,-0.00740553,-0.00869624,-0.00941987,-0.00945525,-0.0086206,-0.00714054,-0.00484556,-0.00260316,-0.00143976,-0.000427714,-2.14928e-05,-7.84081e-05,-6.96723e-05,-8.65229e-06,0.0,0.0,0.0,-8.25571e-06,-2.13667e-05,-0.00015212,-0.000460538,-0.000952586,-0.0018061,-0.00285498,-0.00484685,-0.00766747,-0.0107223,-0.0127604,-0.0135057,-0.0139491,-0.0118381,-0.00989793,-0.00994277,-0.00974066,-0.00902334,-0.00580237,-0.00515051,-0.00277904,-0.00137672,-0.000614924,-0.000148071,-3.448e-05,0.0,0.0,0.0,-2.37622e-05,-0.000150599,-0.000422863,-0.00138331,-0.00293265,-0.00539253,-0.00689352,-0.00855557,-0.00994453,-0.00603657,0.00044615,0.00857068,0.0179059,0.0228208,0.0259484,0.0267173,0.019107,0.00960268,0.00546677,0.000615383,-0.00184091,-0.00226378,-0.000819614,0.000538896,0.000258348,0.0,0.0,0.0,-1.83679e-06,-0.00037548,-0.000981654,-0.00270287,-0.00490217,-0.00652588,-0.00655238,-0.00623,-0.00132296,0.00950227,0.0199934,0.0286394,0.0313032,0.0287298,0.0278574,0.028075,0.0266718,0.022686,0.015305,0.0110518,0.00242481,-0.00014239,0.00117995,0.00291132,0.000601773,-7.92317e-05,0.0,-1.45105e-05,-0.000160358,-0.000698022,-0.00171519,-0.00342316,-0.00575241,-0.00467024,-0.00220594,0.00176976,0.00842531,0.0161699,0.0231957,0.0191373,0.00620539,-0.00408726,-0.00509307,0.00072977,0.0104613,0.0167978,0.014496,0.0147823,0.00998882,0.00582975,0.00400158,0.00235171,0.000466728,-0.00012916,0.0,-4.58138e-05,-0.000352705,-0.00106192,-0.00206391,-0.00326261,-0.00404189,-0.00132983,0.00189418,0.00765139,0.0129824,0.0135147,0.0115304,-0.00477181,-0.0232918,-0.0318258,-0.0321684,-0.024402,-0.00274013,0.0149045,0.0186929,0.018852,0.0186528,0.0118322,0.00873422,0.0034731,0.00116362,-3.70188e-05,0.0,-5.97985e-05,-0.000373844,-0.00122119,-0.00115,-0.0024524,-0.00268214,0.000283179,0.00344952,0.00918965,0.0132449,0.0114856,0.00222597,-0.0150232,-0.0363977,-0.0438147,-0.0398247,-0.027294,-0.00392994,0.0149118,0.0230189,0.0207587,0.0199857,0.0145952,0.00996677,0.00390246,0.00116561,0.0,0.0,-3.19175e-05,-0.00022085,-0.000926544,-0.000569049,-0.00200972,-0.00133372,-0.000975642,0.000805236,0.00531363,0.0119535,0.0168099,0.00760658,-0.00943696,-0.0298155,-0.0337181,-0.0276891,-0.0129165,0.00767513,0.0236995,0.0243514,0.0233911,0.0178683,0.0113896,0.00557087,0.00232507,0.000553751,-2.58085e-05,0.0,-9.56108e-06,-0.000123657,-0.000740409,-0.000911979,-0.0027312,-0.00277241,-0.003963,-0.00539726,-0.000231817,0.00884847,0.0273781,0.0242129,0.00714198,-0.0133184,-0.0151814,-0.00253798,0.0136146,0.022264,0.0223789,0.0176838,0.0124043,0.00635193,0.00400531,0.00256622,0.000954511,5.98244e-06,-4.13038e-05,0.0,-1.15668e-05,-0.000109164,-0.000417694,-0.00138393,-0.0045756,-0.00751414,-0.0118872,-0.0173839,-0.0137834,0.00163816,0.0273868,0.043607,0.0259048,0.00661953,0.0104658,0.0192198,0.0202269,0.0107041,0.00311084,0.000267018,-0.00125898,-0.00308192,-0.00293705,-0.00111285,0.000459552,-3.41765e-05,-1.994e-05,0.0,0.0,-8.65127e-05,-0.000362095,-0.00171478,-0.00600896,-0.0132923,-0.0226624,-0.0318946,-0.0324912,-0.0131051,0.0198469,0.0493785,0.0414979,0.0276039,0.0285342,0.0196614,-0.00342799,-0.0171152,-0.0185526,-0.0150762,-0.011435,-0.00920764,-0.00609066,-0.00266168,0.000103406,-7.04352e-05,-5.37855e-06,0.0,-2.20039e-05,-6.80884e-05,-0.000302453,-0.00189532,-0.00732114,-0.0166636,-0.0302827,-0.0424287,-0.0451069,-0.0248912,0.0125726,0.0441108,0.0472543,0.0404771,0.0271266,0.00270889,-0.0219735,-0.0391037,-0.0367761,-0.0280969,-0.0176978,-0.0118105,-0.00742927,-0.00309718,-2.72861e-05,-7.55342e-05,0.0,0.0,-5.02312e-05,-9.67019e-05,-0.000303571,-0.00222324,-0.00846503,-0.0188148,-0.0310628,-0.042609,-0.0434747,-0.0197929,0.01765,0.0448133,0.0459147,0.0340376,0.0152228,-0.00882043,-0.0337787,-0.045167,-0.0429489,-0.0329464,-0.0215742,-0.0132327,-0.00690573,-0.00332902,-0.000564784,-0.000112604,-1.92008e-05,0.0,-3.06429e-05,-8.98377e-05,-0.000364318,-0.00261465,-0.0104704,-0.0200509,-0.0280791,-0.0311933,-0.0242611,0.00622,0.0404637,0.051016,0.0353145,0.0129421,0.00142054,-0.0126369,-0.0286909,-0.0386079,-0.0380986,-0.0302256,-0.0219494,-0.0141763,-0.00690314,-0.00330074,-0.00127596,-0.000364276,-3.9531e-05,0.0,-2.34377e-05,-9.81728e-05,-0.000738412,-0.00376651,-0.011812,-0.0202297,-0.0213654,-0.0137861,0.00686298,0.0357971,0.0516827,0.0463327,0.0182854,-0.00727876,-0.0138437,-0.00922445,-0.0183881,-0.0284496,-0.0324384,-0.0261521,-0.0196348,-0.0133499,-0.0068834,-0.00306439,-0.00124542,-0.000192559,-2.03302e-06,0.0,-7.02942e-06,-0.000243992,-0.00135902,-0.00479064,-0.0125477,-0.0188447,-0.0133449,0.00445944,0.0284792,0.0484308,0.0473162,0.0246979,-0.00663262,-0.0226606,-0.0198748,-0.00917792,-0.0118114,-0.0219575,-0.0249362,-0.0214855,-0.0177908,-0.0113963,-0.00679819,-0.00328046,-0.000825926,-9.21239e-05,0.0,0.0,0.0,-0.000362988,-0.00174992,-0.00578107,-0.01264,-0.0154141,-0.00692188,0.0153706,0.0315946,0.0406552,0.0226451,-0.00399773,-0.0264722,-0.0351329,-0.028321,-0.0144557,-0.0113001,-0.0182992,-0.0187259,-0.0182268,-0.0151571,-0.0093519,-0.00568087,-0.00250714,-0.00087513,-0.000175838,0.0,0.0,0.0,-0.000330573,-0.00173772,-0.00555102,-0.0102162,-0.012607,-0.000819973,0.0135672,0.0212358,0.0219286,-0.00266837,-0.0240504,-0.0363651,-0.0386509,-0.030346,-0.0140038,-0.00742664,-0.00976939,-0.0100922,-0.0125759,-0.0103814,-0.00591759,-0.00381433,-0.00205491,-0.000823756,-0.000101921,0.0,0.0,0.0,-0.000222567,-0.00146603,-0.00417697,-0.00661841,-0.00726523,-0.0012253,0.00997891,0.013997,0.0122329,-0.00244884,-0.0156409,-0.0190366,-0.0185895,-0.00967672,0.00159322,0.00301842,0.00208255,-0.00335914,-0.0069605,-0.00619116,-0.00310725,-0.00223689,-0.00176266,-0.000423764,-4.13218e-05,0.0,0.0,0.0,-8.35186e-05,-0.000972813,-0.002895,-0.00431055,-0.00242525,0.00154502,0.0069502,0.0193721,0.0222666,0.0237423,0.024406,0.0244652,0.0240655,0.0252174,0.0231036,0.0165987,0.00704629,3.72918e-05,-0.0013722,-0.00119731,-0.000601634,-0.000846065,-0.000866568,-0.00015981,-1.76622e-05,0.0,0.0,0.0,-7.63121e-06,-0.000313265,-0.0017665,-0.00250057,7.23644e-05,0.00371505,0.00907867,0.0209614,0.0292666,0.0367456,0.047036,0.0465781,0.0431912,0.0368644,0.0292507,0.0153056,0.00595888,0.00266419,0.00140917,0.000541422,0.00010579,-0.000351129,-0.000469882,-9.04489e-05,-2.1414e-05,0.0,0.0,0.0,0.0,-1.11864e-05,-0.00039787,-0.00126786,-0.000429183,0.00108928,0.00441023,0.0103677,0.0153576,0.0213357,0.0278931,0.0261093,0.0223787,0.0155968,0.00695205,0.00247461,0.00123,0.000407853,0.000750297,-0.00027289,-0.000312555,-0.000379863,-0.000201297,-3.54377e-05,0.0,0.0,0.0,0.0,0.0,0.0,-3.34517e-05,-0.000416244,-0.00146721,-0.00328592,-0.00509427,-0.00694009,-0.00926139,-0.010439,-0.0107079,-0.0104864,-0.00862529,-0.00824272,-0.00736264,-0.00505186,-0.00321078,-0.00193967,-0.00109337,-0.000685761,-0.000358192,-0.000137671,-2.61301e-05,0.0,0.0,0.0,0.0,0.0,0.0,0.0,-1.91131e-05,-0.000173317,-0.000530518,-0.00102171,-0.00217287,-0.00307311,-0.00418733,-0.00481678,-0.00487108,-0.00456422,-0.00407419,-0.00349868,-0.00275567,-0.00194848,-0.0012104,-0.000566916,-0.000278603,-0.000144511,-2.97513e-05,-5.45558e-06,0.0,0.0,0.0,0.0,0.0,0.0,0.0,0.0,0.0,0.0,-8.81008e-06,-0.0001018,-0.000183467,-0.000175423,-0.000253617,