{"max":0.0351762,"min":-0.0309858,"acc":0.7895,"arr":[0.0,0.0,0.0,0.0,0.0,0.0,0.0,0.0,0.0,0.0,0.0,0.0,0.0,0.0,0.0,0.0,0.0,0.0,0.0,0.0,0.0,0.0,0.0,0.0,0.0,0.0,0.0,0.0,0.0,0.0,0.0,0.0,0.0,0.0,-1.68413e-05,-3.72698e-05,-2.14832e-05,-2.7944e-05,-6.28216e-05,-7.83794e-05,-0.000132513,-8.8822e-05,-9.25322e-05,-7.66811e-05,-0.000102238,-3.98945e-05,-4.85912e-05,-9.70932e-05,-5.56807e-05,-4.17216e-07,0.0,0.0,0.0,0.0,0.0,0.0,0.0,0.0,0.0,-1.33872e-06,-2.8404e-06,0.0,-1.47082e-05,-5.05348e-05,-0.000160011,-0.000370785,-0.000518952,-0.000818675,-0.00119242,-0.00125104,-0.00152166,-0.00176706,-0.00183734,-0.00156562,-0.00130454,-0.00103865,-0.00077816,-0.00038895,-0.000137509,-1.59447e-05,0.0,0.0,0.0,0.0,0.0,0.0,0.0,-1.23774e-05,-1.64213e-05,-2.97183e-05,-0.00011799,-0.000261147,-0.00056543,-0.00133319,-0.00198608,-0.00284373,-0.00390363,-0.00494897,-0.00560996,-0.00617387,-0.00618981,-0.00530664,-0.00439074,-0.002985,-0.00170199,-0.000775089,-0.000140842,4.80091e-05,-5.27118e-05,-3.45108e-05,0.0,0.0,0.0,0.0,0.0,-2.13667e-05,-0.000110941,-0.000361061,-0.000677188,-0.00121741,-0.00201209,-0.0037669,-0.00546843,-0.00799644,-0.00952645,-0.00979706,-0.009368,-0.00784956,-0.00660382,-0.00669562,-0.00589214,-0.005065,-0.00294012,-0.00281216,-0.00133862,-0.00088241,-0.00052899,-0.000159005,-3.17186e-05,0.0,0.0,0.0,-1.67607e-05,-4.84453e-05,-0.000153175,-0.000799514,-0.00165318,-0.00308252,-0.00416917,-0.00541345,-0.00595073,-0.00415673,0.000341967,0.00860549,0.0149837,0.0161347,0.0177425,0.016458,0.0122189,0.00661743,0.00466236,0.00123133,-0.000445191,-0.00155379,-0.000840911,2.52517e-05,0.000176867,0.0,0.0,0.0,-1.83679e-06,-6.31118e-05,-0.000399422,-0.00142041,-0.00234665,-0.00369105,-0.00388821,-0.00317946,-0.000367051,0.00672156,0.016479,0.0213779,0.0222977,0.0196924,0.0191935,0.0190248,0.0175771,0.0165882,0.011281,0.00860105,0.00258688,3.55197e-05,0.000258233,0.00126667,0.000122467,-7.92317e-05,0.0,0.0,-9.0947e-05,-0.000322196,-0.000642183,-0.00142354,-0.00256404,-0.00276231,-0.00132161,0.00140235,0.00573256,0.0130839,0.0194102,0.0149487,0.00571899,-0.00318281,-0.00480341,0.000479312,0.00680887,0.0124359,0.011312,0.0109089,0.00778553,0.00441064,0.00258739,0.00160742,0.000209624,-0.00012916,0.0,-3.14405e-05,-0.000265266,-0.000507523,-0.000931064,-0.00110987,-0.00146232,-0.00134114,0.00102542,0.00588495,0.0099985,0.00933829,0.00955296,-0.00299628,-0.0164221,-0.023169,-0.0223815,-0.0150859,-0.000886488,0.011597,0.0150481,0.0133926,0.0126311,0.00809165,0.00551354,0.00244746,0.000485268,-3.70188e-05,0.0,-4.48134e-05,-0.000230692,-0.000645532,-0.000147628,-0.000579203,-0.00185744,-0.000317395,0.00137434,0.00547207,0.00795052,0.00752087,0.00217252,-0.00994289,-0.0247537,-0.0309858,-0.0262231,-0.0167611,-0.0020245,0.0118505,0.0183435,0.0130767,0.0133883,0.0102614,0.00647835,0.00241454,0.000106587,0.0,0.0,-1.73022e-05,-0.000129722,-0.000491319,0.000566685,-0.00113373,-0.00178126,-0.00068528,-0.00130525,0.0018823,0.00652394,0.0113341,0.00632622,-0.00667234,-0.0215924,-0.0235358,-0.0170087,-0.00664708,0.00678668,0.0175584,0.0170468,0.0146688,0.013122,0.00786802,0.00333247,0.00153561,0.000319413,-7.69234e-06,0.0,-3.2316e-06,-8.83729e-05,-0.000520111,-0.000212862,-0.00186841,-0.00263433,-0.00258347,-0.00555166,-0.00114581,0.00475747,0.0186483,0.0162014,0.00367672,-0.00942305,-0.00941046,0.00118553,0.0110466,0.0147261,0.014927,0.0105911,0.00703366,0.00398527,0.00205352,0.00133468,0.000721373,4.97593e-05,-1.9007e-05,0.0,-1.11065e-05,-0.000106057,-0.000326838,-0.000890255,-0.00363661,-0.0053177,-0.00855148,-0.0130697,-0.0100422,0.000967558,0.0167702,0.028351,0.0160455,0.00360338,0.00888411,0.0142474,0.0139172,0.00760644,0.00092141,-0.00178857,-0.00223387,-0.00262161,-0.00209768,-0.000726015,0.000521552,-7.96288e-06,-1.994e-05,0.0,0.0,-8.65127e-05,-0.000292177,-0.00105241,-0.00466038,-0.00951687,-0.0155302,-0.0213579,-0.0216354,-0.00820258,0.0125039,0.0307796,0.0253362,0.018607,0.018962,0.0130301,-0.00172154,-0.0112574,-0.0124637,-0.0111216,-0.00884786,-0.00670014,-0.00434845,-0.00185213,0.000167599,-3.62213e-05,-5.37855e-06,0.0,-2.20039e-05,-6.49123e-05,-0.000204254,-0.00122817,-0.00565526,-0.0118348,-0.0204742,-0.0273567,-0.0285806,-0.015068,0.00860834,0.0272945,0.02949,0.0277086,0.0188109,0.000520362,-0.0158129,-0.025345,-0.0244885,-0.0188118,-0.0128794,-0.00881625,-0.00552981,-0.00199301,0.000148828,-4.20416e-05,0.0,0.0,-5.02312e-05,-9.14449e-05,-0.000192556,-0.00142639,-0.00630012,-0.0135424,-0.0215827,-0.0288363,-0.0286018,-0.0115433,0.012206,0.0311928,0.0319574,0.025275,0.0130374,-0.00517064,-0.0225204,-0.0308653,-0.0298787,-0.0226256,-0.0153571,-0.010303,-0.00542737,-0.00247667,-0.000369035,-0.0001024,-1.92008e-05,0.0,-2.3782e-05,-8.97282e-05,-0.00018215,-0.001769,-0.00736606,-0.0144517,-0.0199058,-0.0219582,-0.0166636,0.00342104,0.0283036,0.0350966,0.0270255,0.0142442,0.00645772,-0.00560601,-0.018974,-0.0256586,-0.027086,-0.0220379,-0.0159029,-0.0105973,-0.00542908,-0.00247415,-0.000709659,-0.000212102,-3.9531e-05,0.0,-1.89352e-05,-9.49753e-05,-0.000422381,-0.00240971,-0.00819113,-0.0146675,-0.0164425,-0.0104845,0.0024008,0.0240373,0.0351762,0.0327244,0.0150412,-0.00167649,-0.00582812,-0.00385929,-0.0114584,-0.0178242,-0.022637,-0.0192706,-0.0145778,-0.00999943,-0.00529027,-0.00218503,-0.000627683,-8.21906e-05,-2.03302e-06,0.0,-7.02942e-06,-0.00014402,-0.000820014,-0.0029883,-0.00894495,-0.0142059,-0.0108375,0.00112581,0.0192885,0.0320542,0.0315688,0.0178736,-0.00347753,-0.0140557,-0.0111454,-0.00471056,-0.00669501,-0.0137453,-0.0159595,-0.0154764,-0.0130842,-0.00859668,-0.00538642,-0.00212157,-0.000457712,-2.20402e-05,0.0,0.0,0.0,-0.000178121,-0.000959025,-0.00334122,-0.00849761,-0.0108406,-0.00600662,0.01032,0.020953,0.0255753,0.0147802,-0.00196936,-0.0172988,-0.0249803,-0.0186783,-0.00710934,-0.0068775,-0.0121386,-0.011851,-0.0131907,-0.0109726,-0.00707201,-0.00447361,-0.00156312,-0.00046943,-9.97594e-05,0.0,0.0,0.0,-0.000159037,-0.00100013,-0.00347497,-0.00650806,-0.00904164,-0.000789458,0.010765,0.0132842,0.0130464,-0.00195524,-0.0159149,-0.0247114,-0.0274141,-0.0195571,-0.00636606,-0.00264263,-0.00620133,-0.00629284,-0.00920102,-0.0068871,-0.00393007,-0.00281333,-0.00141845,-0.00052475,-5.4474e-05,0.0,0.0,0.0,-0.000108029,-0.000873951,-0.00303743,-0.00497618,-0.00413543,8.75794e-05,0.00758255,0.00820234,0.00477655,-0.00232246,-0.00876411,-0.0123614,-0.0126611,-0.00546589,0.00366315,0.00354741,0.00240953,-0.00237886,-0.00493819,-0.00278829,-0.00131522,-0.00146603,-0.00123251,-0.000287589,-2.90344e-05,0.0,0.0,0.0,-2.10853e-05,-0.000673698,-0.00214629,-0.00318998,3.48424e-05,0.00325632,0.00596737,0.0121161,0.0116084,0.0146023,0.0179366,0.0177354,0.0188131,0.0192224,0.0185065,0.0129749,0.00547799,0.00074325,0.000936898,0.000931987,0.00022092,-0.000573013,-0.000549363,-7.68523e-05,-1.23686e-05,0.0,0.0,0.0,0.0,-0.000240762,-0.00134735,-0.00188169,0.000919319,0.00504849,0.00744064,0.014907,0.0192547,0.0247669,0.0320532,0.0322974,0.0310737,0.0270172,0.0222207,0.0120796,0.00554722,0.00354504,0.00262551,0.00122083,0.000247843,-0.000358197,-0.00025833,-5.57435e-05,0.0,0.0,0.0,0.0,0.0,-5.04447e-06,-0.000275617,-0.000885121,0.000135756,0.00256436,0.00447396,0.00831367,0.0106205,0.0143859,0.0198461,0.0204911,0.0189544,0.0137825,0.00627692,0.00269102,0.00150715,0.00100945,0.00107193,0.000109233,-0.000175114,-0.000312792,-0.000114738,-7.32258e-07,0.0,0.0,0.0,0.0,0.0,0.0,-1.02753e-05,-0.000216803,-0.000753476,-0.00191718,-0.0032959,-0.00450347,-0.00598417,-0.00606454,-0.00563041,-0.00609369,-0.0054527,-0.00541374,-0.0051733,-0.00381536,-0.00244769,-0.00150035,-0.000777891,-0.000439686,-0.000245366,-0.000125012,-2.23818e-05,0.0,0.0,0.0,0.0,0.0,0.0,0.0,-1.91131e-05,-0.000171874,-0.000432161,-0.000772985,-0.00158657,-0.00213515,-0.00293731,-0.00327796,-0.003248,-0.00319888,-0.00297965,-0.00241585,-0.0020557,-0.00156078,-0.000911786,-0.000365124,-9.10494e-05,-4.85238e-05,-2.73965e-05,-5.45558e-06,0.0,0.0,0.0,0.0,0.0,0.0,0.0,0.0,0.0,0.0,-8.52621e-06,-8.24972e-05,-0.000164363,