{"max":0.220097,"min":-0.1315,"acc":0.8983,"arr":[0.0,0.0,0.0,0.0,0.0,0.0,0.0,0.0,0.0,0.0,0.0,0.0,-1.06e-05,-2.97638e-05,-7.29278e-06,-3.03866e-07,0.0,0.0,0.0,0.0,0.0,0.0,0.0,0.0,0.0,0.0,0.0,0.0,0.0,0.0,0.0,0.0,-1.7528e-07,-5.51707e-07,-1.84741e-05,-5.14684e-05,-0.000158633,-0.000184281,-0.00030011,-0.000308984,-0.000363817,-0.000400635,-0.000510536,-0.000447446,-0.000549049,-0.000405391,-0.000262995,-0.000251787,-0.000168433,-9.38781e-05,-2.31642e-05,-3.98376e-06,0.0,0.0,0.0,0.0,0.0,0.0,-2.82439e-07,-3.89912e-06,-1.17114e-05,-5.75006e-06,-6.8033e-05,-0.000279928,-0.000686653,-0.00149362,-0.00253104,-0.00349263,-0.00511634,-0.00653382,-0.00833807,-0.00939875,-0.00913106,-0.0075674,-0.00603568,-0.0052674,-0.00305472,-0.00189042,-0.000932996,-0.000336287,-0.000168779,-6.18673e-05,0.0,0.0,0.0,0.0,-5.42917e-06,-3.24233e-05,-3.77337e-05,-0.000199278,-0.000643675,-0.00178701,-0.00356258,-0.00701374,-0.0108675,-0.0158425,-0.0214238,-0.0279712,-0.0361358,-0.0396691,-0.0408299,-0.0398077,-0.0338905,-0.0275831,-0.0173077,-0.00877082,-0.00412706,-0.00125222,-0.000751175,-0.000250151,-8.47701e-05,0.0,0.0,-3.92042e-06,1.63701e-05,-7.13973e-05,-0.00047583,-0.00209107,-0.00482123,-0.00890316,-0.0142861,-0.0210222,-0.0260998,-0.0307653,-0.0291703,-0.022197,-0.0107965,-0.0121081,-0.0241471,-0.0410817,-0.0555747,-0.057017,-0.0447612,-0.0352094,-0.0235384,-0.0127165,-0.00427136,-0.000122499,0.000295788,3.19281e-05,0.0,0.0,-3.91098e-05,-0.000567929,-0.00231465,-0.00701147,-0.0153646,-0.0240736,-0.0316533,-0.0319308,-0.029322,-0.00636514,0.0235368,0.0511365,0.0837849,0.102421,0.106208,0.0858955,0.0450165,0.00766144,-0.0169758,-0.0220895,-0.01981,-0.0162783,-0.00913384,-9.77797e-05,-3.7012e-05,-1.66953e-05,0.0,-1.503e-06,-0.000149295,-0.00177006,-0.0057174,-0.0128368,-0.0245688,-0.030143,-0.0245203,-0.0165087,-0.00253441,0.021439,0.0408611,0.0530614,0.0704147,0.0987845,0.097721,0.081966,0.0475531,0.0323933,0.0170997,0.0118737,0.00795018,0.00737295,7.02884e-05,0.00160246,-0.000249129,-0.000283299,0.0,-0.000134099,-0.000521986,-0.00264781,-0.0067693,-0.0148387,-0.0195288,-0.00877752,0.00494121,0.0174876,0.0291382,0.0250697,0.0184681,0.00323339,-0.0191797,-0.00968114,-0.00494436,-0.00709766,0.0118661,0.0118906,0.0297623,0.0420948,0.0460744,0.0449114,0.0248404,0.00348229,-0.000145245,-0.000209927,-2.06533e-06,-0.00019984,-0.00118426,-0.00315409,-0.00463304,-0.00590281,0.00348415,0.024302,0.0371857,0.0593475,0.0600887,0.0404599,0.0262282,-0.01053,-0.0680185,-0.079334,-0.0703095,-0.060986,-0.0187519,0.0244161,0.0443827,0.0692701,0.0865974,0.0727243,0.0395523,0.00691139,0.00132039,0.000194216,-2.6311e-05,-0.000244642,-0.00185676,-0.00358441,-0.00028068,0.00654468,0.0274802,0.0564929,0.084275,0.10449,0.0980812,0.0673011,0.0288023,-0.0256748,-0.0896144,-0.121875,-0.110432,-0.0767445,-0.0298339,0.0290193,0.0656212,0.0938906,0.105639,0.0839225,0.0404005,0.00589716,0.00245823,-0.00023411,-3.25979e-05,-0.000224746,-0.00171218,-0.00423159,0.0054158,0.014477,0.042117,0.078934,0.105989,0.118575,0.107744,0.0782123,0.0543331,0.00161931,-0.0666464,-0.110173,-0.106031,-0.066248,-0.0014814,0.0525396,0.0804411,0.11041,0.108364,0.0790936,0.0373845,0.00859452,0.00174412,0.000540293,-1.50853e-05,-0.000256333,-0.00138724,-0.00292052,0.00386974,0.0167168,0.040592,0.0733432,0.0960364,0.107882,0.0805011,0.0826803,0.104711,0.0853969,0.0110383,-0.0542566,-0.0519096,-0.0228247,0.0267367,0.0654565,0.0903939,0.0992253,0.0862261,0.0595811,0.0339447,0.00970422,0.00315045,8.92898e-05,-2.53012e-06,-0.000136917,-0.000842787,-0.000953315,-0.00018943,0.00534393,0.0112994,0.0231378,0.0329038,0.0373749,0.0203511,0.06391,0.150396,0.154041,0.0659112,0.0156535,0.0121477,0.0122611,0.0234899,0.044104,0.0610903,0.0628543,0.0458536,0.029206,0.0165124,0.00541437,0.0012078,-7.613e-05,-2.79137e-06,-4.34589e-05,-0.000368128,-0.000992553,-0.0056741,-0.01551,-0.0301113,-0.0426551,-0.0491434,-0.0541892,-0.0498406,0.0528198,0.177601,0.182692,0.098049,0.0748469,0.0364809,-0.0140561,-0.0233427,-0.0219015,-0.000140596,0.00222609,-0.000839933,-0.00310967,-0.00246118,0.000547358,-0.00016638,-0.000132293,-1.29539e-05,-5.06077e-05,-0.000196845,-0.00178982,-0.00904993,-0.0288753,-0.0605686,-0.0949196,-0.119468,-0.1315,-0.0835483,0.0512645,0.167942,0.178149,0.123766,0.0770985,0.0156676,-0.0470302,-0.0948272,-0.0981731,-0.0730924,-0.0470858,-0.0355038,-0.0250718,-0.0115968,-0.00147395,-0.000739369,-3.89762e-05,-4.62424e-06,-5.02312e-05,-0.000351869,-0.00215762,-0.0114506,-0.0382438,-0.0716772,-0.101682,-0.118504,-0.114067,-0.0573796,0.0577801,0.170143,0.170109,0.105379,0.0484482,-0.00560121,-0.0862502,-0.126768,-0.131426,-0.1071,-0.0728535,-0.0472182,-0.0301174,-0.0153887,-0.00346732,-0.00119416,-0.000136318,-2.18679e-06,-4.10385e-05,-0.000693836,-0.00276734,-0.0153107,-0.0429137,-0.0670012,-0.069459,-0.0542797,-0.0271621,0.0286459,0.119541,0.195469,0.128854,0.0330342,0.00306662,-0.0246565,-0.0758715,-0.117467,-0.117949,-0.0997317,-0.0770986,-0.0494612,-0.0252411,-0.0144019,-0.00658842,-0.00186876,-0.000164629,0.0,-6.88642e-05,-0.000727874,-0.00547555,-0.0207664,-0.0446528,-0.0555,-0.0264315,0.0235857,0.0811043,0.120958,0.180571,0.19208,0.0759528,-0.0217912,-0.0395492,-0.0287028,-0.062006,-0.0824917,-0.0786314,-0.0668824,-0.0582603,-0.0395531,-0.0186286,-0.0112298,-0.00799745,-0.00156595,-4.97193e-05,-1.33119e-05,-2.35128e-05,-0.00123271,-0.0102129,-0.0285222,-0.0418061,-0.0370308,0.00998884,0.0777708,0.130278,0.155492,0.167874,0.111993,-0.00452801,-0.0727923,-0.0564018,-0.0483902,-0.0589759,-0.0521013,-0.0443956,-0.0379,-0.041214,-0.0240635,-0.0157339,-0.0132665,-0.0076028,-0.000934337,-4.36112e-05,-2.14453e-06,-4.69495e-05,-0.0018226,-0.0146202,-0.0324864,-0.0360299,-0.0223469,0.0326217,0.086412,0.110511,0.104033,0.0617082,0.00724763,-0.0785941,-0.109197,-0.076804,-0.060778,-0.0561732,-0.0372087,-0.0253442,-0.0208072,-0.0231777,-0.00901924,-0.00932062,-0.013817,-0.00734206,-0.00123237,-1.70525e-05,0.0,-6.38573e-05,-0.0020706,-0.0163651,-0.0317267,-0.031753,-0.00983644,0.0391728,0.0502028,0.0381655,0.0228445,-0.0259819,-0.053215,-0.0951111,-0.10709,-0.0788507,-0.0728023,-0.0566087,-0.0258808,-0.00845692,-0.00697762,-0.0061108,-8.40344e-05,-0.00849868,-0.0134894,-0.00532788,-0.000939738,-1.73356e-05,-2.01812e-06,-4.36815e-05,-0.00212466,-0.0132169,-0.0287557,-0.0257695,-0.00657774,0.02219,0.0182857,0.00918933,0.00267072,-0.00659441,-0.0118348,-0.0172235,-0.0337601,-0.038118,-0.037954,-0.0216114,0.00967064,0.0134053,0.0112178,0.00309715,0.000995299,-0.0103633,-0.0110522,-0.00341526,-0.000462239,-4.20721e-06,-1.95505e-06,-2.28004e-06,-0.00165322,-0.00836899,-0.0239915,-0.0305649,-0.0160369,0.0019114,0.00370848,0.00427618,0.035587,0.0894687,0.128078,0.134028,0.111224,0.0764952,0.0534962,0.0505909,0.0525546,0.0350686,0.0217545,0.0111502,-0.000793554,-0.00709481,-0.00568428,-0.00131681,-0.000134029,-7.76716e-06,0.0,0.0,-0.000524663,-0.0038415,-0.0179422,-0.0344055,-0.0351695,-0.0286385,-0.00826414,0.0032698,0.042866,0.112919,0.185362,0.220097,0.192043,0.155377,0.123796,0.0901219,0.0638247,0.0425517,0.0248082,0.00908041,-0.000914863,-0.00200981,-0.00233733,-0.000611141,-0.000195379,0.0,0.0,0.0,-9.47739e-05,-0.00208882,-0.0101513,-0.0236053,-0.0337081,-0.0371484,-0.0254777,-0.01345,0.00755992,0.041236,0.0731915,0.091245,0.097348,0.0893154,0.0704275,0.039775,0.0337836,0.0248699,0.00964443,-0.000223685,-0.0027814,-0.00164441,-0.00096751,-0.000297554,-5.39025e-05,0.0,0.0,0.0,-1.3919e-05,-0.000475708,-0.00333463,-0.00791094,-0.0154097,-0.0263113,-0.0408006,-0.0504715,-0.0531404,-0.0526469,-0.0503406,-0.0403562,-0.0256693,-0.0142792,-0.0106207,-0.00819005,-0.00529117,-0.0048569,-0.00346866,-0.00325171,-0.00202123,-0.000641321,-0.000152659,-4.60216e-05,-4.41296e-05,0.0,0.0,0.0,0.0,0.0,-0.00081943,-0.00182277,-0.00389111,-0.00518127,-0.00802899,-0.011707,-0.014803,-0.015422,-0.0162176,-0.0167326,-0.0158208,-0.0137636,-0.0112093,-0.0077665,-0.00467401,-0.00296518,-0.00170833,-0.000900318,-0.000261296,-6.06754e-05,-2.57336e-06,-1.64235e-06,0.0,0.0,0.0,