{"max":0.147814,"min":-0.107223,"acc":0.8787,"arr":[0.0,0.0,0.0,0.0,0.0,0.0,0.0,0.0,0.0,0.0,0.0,0.0,-1.05174e-05,-2.79798e-05,-5.50875e-06,-2.29531e-07,0.0,0.0,0.0,0.0,0.0,0.0,0.0,0.0,0.0,0.0,0.0,0.0,0.0,0.0,0.0,0.0,0.0,-3.68202e-08,-1.77328e-05,-4.73481e-05,-0.000108132,-0.00011509,-0.000231911,-0.000236817,-0.000246216,-0.000253706,-0.000344852,-0.000269725,-0.0003517,-0.000277059,-0.000144828,-0.000176382,-0.000125504,-2.38852e-05,-1.51295e-05,-1.23339e-06,0.0,0.0,0.0,0.0,0.0,0.0,0.0,-3.89912e-06,-4.78868e-06,-3.52316e-06,-4.78552e-05,-0.000190461,-0.000487128,-0.000967237,-0.00163601,-0.00228829,-0.00329214,-0.00411528,-0.00546254,-0.00627312,-0.0061444,-0.00533959,-0.00423163,-0.00357382,-0.00208622,-0.00115296,-0.000464876,-0.000127233,-7.91514e-05,-3.89465e-05,0.0,0.0,0.0,0.0,-2.16221e-06,-2.01058e-05,-2.61416e-05,-0.000120456,-0.000395648,-0.00114279,-0.00240908,-0.00491223,-0.00757172,-0.0110321,-0.014911,-0.0191256,-0.0235805,-0.0254495,-0.0250834,-0.0249396,-0.021239,-0.0162918,-0.00970961,-0.00466634,-0.00182861,-0.000467061,-0.000191469,-7.15713e-05,-8.65229e-06,0.0,0.0,-3.8268e-06,3.69438e-05,-3.18531e-05,-0.000296627,-0.0012383,-0.00283858,-0.0054285,-0.00960695,-0.0151483,-0.0204061,-0.0263814,-0.0270219,-0.0232702,-0.0172937,-0.0121562,-0.0153541,-0.0215942,-0.0265555,-0.0297721,-0.0229418,-0.0172404,-0.0100455,-0.00573249,-0.00236615,-0.000271968,8.51029e-05,0.0,0.0,0.0,-2.51821e-05,-0.000291792,-0.00140059,-0.00392031,-0.00899085,-0.0158842,-0.0213171,-0.0222262,-0.0254215,-0.0130704,0.00935009,0.0335914,0.0580119,0.073139,0.0772441,0.0702632,0.0468835,0.018886,-0.00013071,-0.00850959,-0.00697936,-0.00816892,-0.00544338,-0.000216093,0.000211285,-6.87408e-06,0.0,0.0,-6.3119e-05,-0.000976021,-0.00335651,-0.00756807,-0.0144166,-0.0187945,-0.0166784,-0.0135154,-0.00176431,0.0227244,0.0432313,0.0561734,0.0659287,0.0719077,0.0701102,0.0671502,0.0507557,0.0368037,0.0230561,0.0140653,0.00674645,0.00346098,0.00194685,0.0028378,0.000575524,-0.000130117,0.0,-1.53335e-05,-0.000255623,-0.00156763,-0.00412058,-0.0081178,-0.0125102,-0.00819609,0.000418672,0.00962294,0.024572,0.0374939,0.0378193,0.0252097,-0.00313783,-0.00974049,-0.0110202,-0.00647961,0.00917871,0.0171187,0.025727,0.0277475,0.0247628,0.0218037,0.0130301,0.0034371,0.000580723,-0.000127247,0.0,-5.25489e-05,-0.000617363,-0.00155137,-0.00393292,-0.00557852,-0.00348776,0.0077857,0.0199074,0.0365421,0.0448427,0.037477,0.0254081,-0.0105874,-0.0558428,-0.0708283,-0.0720883,-0.0648455,-0.0217023,0.0176702,0.0368931,0.0468835,0.0496736,0.0410966,0.0239595,0.00676687,0.00162595,2.40928e-05,-2.59162e-05,-0.000120392,-0.000868006,-0.0018495,-0.00229739,0.00010361,0.00894818,0.0230495,0.0400968,0.0592627,0.0546212,0.0416354,0.0123737,-0.0277436,-0.0744917,-0.096318,-0.092145,-0.0648328,-0.0191876,0.0293607,0.0551049,0.0670689,0.0648335,0.0502105,0.0281493,0.00793865,0.00161906,0.00030523,-3.16384e-05,-0.000152088,-0.000792718,-0.00210332,0.000778696,0.00537586,0.0156567,0.0309322,0.0461399,0.0605166,0.0602795,0.0500499,0.0278433,-0.0115626,-0.0559893,-0.0783734,-0.0714296,-0.0372037,0.0107919,0.0513229,0.0694097,0.0797615,0.0664554,0.0459352,0.0235561,0.00712264,0.00142342,0.000569022,-1.22465e-05,-0.000145326,-0.000628333,-0.00181323,0.000279155,0.00488824,0.0125444,0.0232878,0.0346479,0.0489719,0.0488897,0.0614534,0.0660231,0.0373902,-0.0137802,-0.0420122,-0.0265987,0.00754425,0.0435057,0.0591822,0.0657954,0.0610534,0.0443689,0.0294402,0.0151976,0.00431943,0.00106624,0.000149778,-1.26703e-06,-5.7113e-05,-0.00045875,-0.000933898,-0.00185388,-0.00118502,-0.00212244,-0.00657338,-0.00286892,0.00325077,0.0227507,0.0660225,0.114027,0.0898629,0.0280004,0.00714036,0.0223691,0.0340139,0.034601,0.0336165,0.031909,0.0255881,0.0141288,0.00802365,0.00418599,0.00165499,0.000488604,-1.994e-05,-2.79137e-06,-2.47338e-05,-0.000216479,-0.000812231,-0.00386372,-0.01165,-0.0241471,-0.0417277,-0.0569474,-0.0580768,-0.0237906,0.0579692,0.133841,0.11814,0.0640067,0.05583,0.0409906,0.000920133,-0.018114,-0.0187406,-0.0139586,-0.0105699,-0.0101354,-0.00864513,-0.00388655,0.000910322,0.000252809,-2.08171e-05,0.0,-5.00677e-05,-0.000148001,-0.000826651,-0.00508908,-0.0179028,-0.0403039,-0.0691659,-0.0970527,-0.107223,-0.0597316,0.042439,0.122496,0.121452,0.0884873,0.0598084,0.0133592,-0.0393369,-0.0745262,-0.0711957,-0.0545333,-0.0356823,-0.0246227,-0.0165486,-0.00756864,-0.000491969,-0.00026528,-1.14686e-05,0.0,-5.02312e-05,-0.000185156,-0.000914161,-0.00630125,-0.0225157,-0.0460041,-0.0747486,-0.0999636,-0.100981,-0.048449,0.0455821,0.119461,0.117654,0.0801909,0.0359022,-0.0137652,-0.070027,-0.0963228,-0.0938519,-0.0707378,-0.047459,-0.0291842,-0.0173776,-0.00890366,-0.00195985,-0.000547164,-6.68632e-05,0.0,-3.06429e-05,-0.000294736,-0.0010749,-0.00799941,-0.025863,-0.0463811,-0.060507,-0.0625714,-0.0409754,0.01929,0.094246,0.132379,0.0964736,0.0305345,0.00372231,-0.0281971,-0.0665315,-0.087163,-0.0870223,-0.0715562,-0.049178,-0.0296013,-0.0142805,-0.0078999,-0.00349501,-0.00092944,-8.42929e-05,0.0,-4.14774e-05,-0.000303357,-0.0024618,-0.0115131,-0.0277611,-0.0410033,-0.036378,-0.00944158,0.0422155,0.0964528,0.138518,0.127724,0.0534992,-0.0121303,-0.0284082,-0.0272716,-0.0524915,-0.0637232,-0.0644826,-0.0557329,-0.0422584,-0.0248833,-0.0109625,-0.00662479,-0.00434599,-0.000745894,-2.54161e-05,-3.20507e-07,-1.80877e-05,-0.00058039,-0.00513548,-0.0165316,-0.0297836,-0.0322368,-0.0111075,0.0380995,0.0935742,0.127785,0.128685,0.0751199,-0.00672142,-0.0500642,-0.0430496,-0.0339872,-0.0451678,-0.0473055,-0.0447142,-0.0400937,-0.0342461,-0.0193144,-0.00951605,-0.00790682,-0.00364835,-0.000524763,-2.66573e-05,-1.60253e-06,-2.34779e-05,-0.0009957,-0.0076373,-0.0196628,-0.0294561,-0.023292,0.00870059,0.0556518,0.0932536,0.0998122,0.0613013,0.00210867,-0.059966,-0.0855626,-0.06028,-0.0416302,-0.0383222,-0.0370298,-0.0323114,-0.0294067,-0.0239849,-0.0124777,-0.00661002,-0.00714672,-0.00333303,-0.000532863,-8.87572e-06,0.0,-3.27197e-05,-0.00118218,-0.00877602,-0.0201436,-0.0255739,-0.0167581,0.0133775,0.0366984,0.047741,0.0448159,0.00160085,-0.0435645,-0.0858367,-0.091397,-0.0657526,-0.045032,-0.0287984,-0.0186365,-0.0183874,-0.0173815,-0.0134216,-0.00616511,-0.00717539,-0.00724328,-0.00287557,-0.000475334,0.0,0.0,-1.87223e-05,-0.0012455,-0.00707396,-0.0177128,-0.0188236,-0.0111032,0.00380412,0.0139106,0.0144369,0.0165888,0.00376664,-0.0190971,-0.0339917,-0.0388302,-0.025812,-0.0130517,0.00218831,0.0119056,0.00316728,-0.00304376,-0.00437655,-0.00279797,-0.00668072,-0.00591713,-0.00195152,-0.000304474,-4.20721e-06,0.0,0.0,-0.00102139,-0.0043737,-0.0129352,-0.0150615,-0.00978541,-0.00335195,-0.000398453,0.00829038,0.0330312,0.0681555,0.0840519,0.0832464,0.077553,0.0643812,0.0541805,0.0453399,0.035462,0.017826,0.00913663,0.00261802,-0.00204397,-0.0040963,-0.00301797,-0.000872135,-8.66864e-05,-7.76716e-06,0.0,0.0,-0.00040542,-0.00198527,-0.0076533,-0.0130849,-0.0116984,-0.00775143,0.00200996,0.0153819,0.0426059,0.0873305,0.133038,0.147814,0.133534,0.111318,0.0863763,0.0595132,0.0366158,0.0204119,0.00960157,0.00192446,-0.00160473,-0.00142799,-0.000993555,-0.000278704,-5.26268e-05,0.0,0.0,0.0,-6.13898e-05,-0.000802778,-0.00387043,-0.00871173,-0.012237,-0.0130566,-0.00523797,0.00382048,0.0177911,0.0385117,0.0613101,0.0693479,0.0665044,0.0532025,0.0336824,0.0178798,0.0122417,0.00663008,0.00259714,-0.000788996,-0.000852758,-0.000537945,-0.000414856,-4.87409e-05,0.0,0.0,0.0,0.0,-7.56189e-06,-6.6879e-05,-0.00106618,-0.00321578,-0.00691683,-0.0120985,-0.0190481,-0.022952,-0.0270005,-0.0304297,-0.0304171,-0.0262102,-0.0192596,-0.0140716,-0.0111257,-0.00781597,-0.00558477,-0.00417583,-0.00255317,-0.00174146,-0.000942668,-0.00042064,-5.87146e-05,0.0,0.0,0.0,0.0,0.0,0.0,0.0,-0.000394759,-0.000934827,-0.00173259,-0.00299385,-0.00557085,-0.00760634,-0.00980358,-0.0110891,-0.0113258,-0.0113343,-0.0104719,-0.00840793,-0.00645226,-0.00490378,-0.00330337,-0.00188951,-0.000952854,-0.000459929,-0.00014878,-5.08421e-05,-2.51509e-07,0.0,0.0,0.0,0.0,0.0,