{"max":0.174456,"min":-0.114126,"acc":0.8867,"arr":[0.0,0.0,0.0,0.0,0.0,0.0,0.0,0.0,0.0,0.0,0.0,0.0,-1.05174e-05,-2.79798e-05,-5.50875e-06,-2.29531e-07,0.0,0.0,0.0,0.0,0.0,0.0,0.0,0.0,0.0,0.0,0.0,0.0,0.0,0.0,0.0,0.0,-1.7528e-07,-5.51707e-07,-1.84071e-05,-4.95035e-05,-0.000113613,-0.000123868,-0.000242793,-0.000259416,-0.000299481,-0.00033952,-0.000407777,-0.000308883,-0.00039575,-0.000323916,-0.000190524,-0.000209528,-0.000141414,-2.60929e-05,-1.56467e-05,-1.23339e-06,0.0,0.0,0.0,0.0,0.0,0.0,-2.82439e-07,-3.89912e-06,-4.89823e-06,-3.8299e-06,-5.43388e-05,-0.000236244,-0.000553361,-0.00110613,-0.00189443,-0.00268265,-0.00401845,-0.00504866,-0.0064711,-0.0072547,-0.00712194,-0.0061103,-0.00502008,-0.00426013,-0.00245616,-0.00140667,-0.000632996,-0.000164608,-8.1977e-05,-3.89465e-05,0.0,0.0,0.0,0.0,-2.78446e-06,-2.01367e-05,-2.71024e-05,-0.0001629,-0.000525473,-0.00144991,-0.00276773,-0.00543149,-0.00860393,-0.0127277,-0.017596,-0.0227708,-0.0282085,-0.0309875,-0.0311966,-0.0305946,-0.0260766,-0.0199518,-0.0119825,-0.00613627,-0.00260215,-0.000768416,-0.000332605,-0.000112363,-4.41765e-05,0.0,0.0,-3.8268e-06,2.58713e-05,-3.90962e-05,-0.000334325,-0.00148203,-0.00327615,-0.00618002,-0.0109825,-0.0174861,-0.024448,-0.031711,-0.0331824,-0.0290894,-0.0198163,-0.0161302,-0.0206607,-0.0305724,-0.0364962,-0.0365349,-0.028984,-0.0234233,-0.0153187,-0.00862971,-0.00397124,-0.000617145,-1.63549e-05,-3.30084e-05,0.0,0.0,-2.89893e-05,-0.000390004,-0.00174531,-0.00509235,-0.0108397,-0.0186855,-0.0254596,-0.0277933,-0.0297223,-0.0167082,0.00853943,0.0364126,0.0653933,0.0835036,0.0873035,0.0762506,0.0458222,0.0160257,-0.00534698,-0.012139,-0.0109158,-0.0103631,-0.00666753,-0.000311403,0.000117326,-3.7048e-05,0.0,0.0,-8.05935e-05,-0.00121881,-0.00398113,-0.0094295,-0.0175251,-0.0231001,-0.0201167,-0.0163084,-0.0029298,0.0222582,0.0447899,0.0552873,0.0674153,0.082943,0.0804508,0.0694014,0.0477748,0.0360282,0.0214144,0.0122232,0.00688657,0.00434264,0.00167764,0.0025446,0.000395537,-0.00017712,0.0,-5.84964e-05,-0.000283719,-0.00200977,-0.00515712,-0.0104828,-0.014404,-0.00862653,0.000990018,0.0129793,0.0271172,0.0389853,0.0375318,0.0228726,-0.00174303,-0.00594463,-0.0118174,-0.0120782,0.0071673,0.0139382,0.0268355,0.0305574,0.0322436,0.0305721,0.0164057,0.00306165,0.000565374,-9.32894e-05,-2.06533e-06,-0.000133936,-0.000744452,-0.00244331,-0.00425637,-0.00562395,0.000637497,0.0143154,0.0263746,0.044552,0.052947,0.0453708,0.0328041,-0.00436566,-0.0532605,-0.0717793,-0.0770832,-0.0706741,-0.0250463,0.0166896,0.037927,0.0546042,0.0617201,0.0525046,0.0294294,0.00579018,0.00148954,0.000106835,-2.59162e-05,-0.000212561,-0.00104146,-0.00268134,-0.00151061,0.00207548,0.0166889,0.0342485,0.0532427,0.072608,0.0699384,0.0551013,0.0243309,-0.0238018,-0.077898,-0.105913,-0.103938,-0.0756997,-0.0249878,0.0269184,0.0586781,0.0783927,0.0800677,0.0625354,0.0328426,0.00757844,0.00181906,4.85331e-05,-3.16384e-05,-0.000198111,-0.000953771,-0.00277467,0.0016138,0.00766776,0.0243219,0.0468903,0.0651767,0.0774654,0.0768474,0.063172,0.0387567,-0.00608261,-0.0612935,-0.0907679,-0.0874595,-0.0508208,0.00376951,0.0517143,0.0742465,0.0934028,0.0846786,0.0572398,0.0289733,0.00856735,0.00164406,0.000510546,-1.34088e-05,-0.000191359,-0.00079509,-0.00192187,0.000982064,0.00782634,0.0216179,0.03961,0.0540372,0.0633078,0.0605213,0.071776,0.0795767,0.0539041,-0.00740019,-0.0491015,-0.0372942,-0.00283992,0.035649,0.0621221,0.0744773,0.0765384,0.0607236,0.0402597,0.021425,0.00637855,0.0021663,0.000145643,-2.53012e-06,-9.04875e-05,-0.000579507,-0.00088775,-0.00230411,0.000220077,0.0019878,0.00275971,0.00762129,0.0135533,0.0236492,0.0665292,0.125789,0.112039,0.0388608,0.00624796,0.0153759,0.0234019,0.0298739,0.036803,0.040416,0.0376273,0.0237164,0.0133281,0.00732033,0.00289566,0.000769557,-4.95953e-05,-2.79137e-06,-2.94579e-05,-0.000276392,-0.000780642,-0.00542115,-0.0134495,-0.0251845,-0.0411495,-0.0549608,-0.0577321,-0.0288939,0.0587149,0.147874,0.136965,0.0718186,0.0594276,0.0356528,-0.00843639,-0.0230713,-0.0212287,-0.0129097,-0.00836295,-0.00705152,-0.00656429,-0.00317414,0.000745939,-7.59115e-05,-8.05784e-05,0.0,-5.00677e-05,-0.000169005,-0.00111467,-0.00679529,-0.0220861,-0.0464459,-0.0753262,-0.102991,-0.113597,-0.0619076,0.0471301,0.137708,0.135792,0.0953087,0.0615574,0.00734174,-0.0511955,-0.0876552,-0.0807613,-0.0628639,-0.041062,-0.0279728,-0.018106,-0.00787986,-0.000682666,-0.000491216,-1.81088e-05,-3.82689e-07,-5.02312e-05,-0.000271259,-0.00133694,-0.00822159,-0.0282591,-0.0552952,-0.0827921,-0.105539,-0.105442,-0.0475808,0.0511294,0.132235,0.128037,0.0833744,0.0351726,-0.0190899,-0.0839725,-0.114126,-0.108687,-0.0825805,-0.0565936,-0.0350392,-0.0204348,-0.00953996,-0.00186184,-0.000780128,-6.68632e-05,-2.18679e-06,-4.04741e-05,-0.000502142,-0.00178071,-0.0104201,-0.0320577,-0.0535838,-0.0655019,-0.0611094,-0.0377306,0.0238792,0.103325,0.151448,0.107026,0.0344241,0.00585874,-0.0293238,-0.0757658,-0.102325,-0.100862,-0.080714,-0.058851,-0.0351364,-0.0163483,-0.00907373,-0.00385198,-0.00112704,-8.46315e-05,0.0,-5.57103e-05,-0.000519502,-0.00357922,-0.0145498,-0.033676,-0.0449527,-0.0340638,-0.000303977,0.0551162,0.105312,0.150676,0.149468,0.0602628,-0.0117987,-0.0297944,-0.0276931,-0.0576287,-0.0731304,-0.0729874,-0.0615744,-0.0494377,-0.0291945,-0.0118802,-0.00686302,-0.00505674,-0.000853116,-2.83506e-05,-3.25043e-06,-2.04875e-05,-0.000800227,-0.00664268,-0.0200662,-0.0336228,-0.03382,-0.00542581,0.0501448,0.105742,0.135943,0.138108,0.0850127,-0.00838055,-0.0561271,-0.048646,-0.0405717,-0.0491152,-0.0485992,-0.0478285,-0.04229,-0.0388408,-0.0214311,-0.0099739,-0.00794331,-0.00459615,-0.000583815,-2.66573e-05,-1.60253e-06,-3.889e-05,-0.00125185,-0.00958783,-0.0231847,-0.0320396,-0.0246553,0.0120196,0.0633087,0.0966428,0.0978899,0.0562524,-0.000871918,-0.0679241,-0.0918348,-0.0682724,-0.0487504,-0.0436833,-0.0354768,-0.030424,-0.0285664,-0.0253609,-0.0128885,-0.00635089,-0.00813436,-0.00445771,-0.000723396,-8.87572e-06,0.0,-4.97711e-05,-0.00146712,-0.0112337,-0.0232922,-0.0268352,-0.0177379,0.0150212,0.0363184,0.0400694,0.0326235,-0.0125939,-0.0494816,-0.0898095,-0.0981348,-0.0723345,-0.0531147,-0.0369167,-0.0186028,-0.0138993,-0.0146407,-0.0122449,-0.00604669,-0.00722407,-0.00849029,-0.00355705,-0.000537339,0.0,0.0,-2.92882e-05,-0.00152997,-0.00918405,-0.020701,-0.0205633,-0.0115404,0.00434906,0.0105991,0.0075017,0.00602904,-0.00445712,-0.017986,-0.031069,-0.0391476,-0.0301383,-0.0171369,-0.00137491,0.0147284,0.00871834,0.00158083,-0.00458102,-0.00324852,-0.0077078,-0.00720577,-0.00228215,-0.000312924,-4.20721e-06,0.0,-4.19399e-07,-0.00118974,-0.00588672,-0.0158929,-0.0184932,-0.0121367,-0.00417059,-0.00210557,0.00341953,0.0308075,0.0748117,0.0996309,0.0972837,0.0858714,0.069419,0.0582556,0.0500527,0.0417367,0.0234121,0.0110801,0.0028289,-0.00217074,-0.00493906,-0.00343406,-0.000947246,-8.77205e-05,-7.76716e-06,0.0,0.0,-0.000429166,-0.00282095,-0.0108542,-0.0188318,-0.0183737,-0.0142611,-0.00106025,0.0115919,0.0427537,0.0959809,0.152357,0.174456,0.156982,0.12873,0.100088,0.0681326,0.0444219,0.0272512,0.0129871,0.00388751,-0.00132142,-0.00165736,-0.00106007,-0.000319969,-5.26268e-05,0.0,0.0,0.0,-6.63453e-05,-0.00120883,-0.00575729,-0.0133582,-0.0184182,-0.0190328,-0.010565,-0.00227654,0.0157174,0.0397554,0.0683992,0.081561,0.0788401,0.0666682,0.0466363,0.0250359,0.0182585,0.0107575,0.00407802,-0.000107551,-0.00129187,-0.000900013,-0.00046024,-4.87409e-05,0.0,0.0,0.0,0.0,-7.56189e-06,-0.000245501,-0.00190295,-0.00511446,-0.00956433,-0.0166725,-0.0254488,-0.0320985,-0.0357684,-0.0381518,-0.0368851,-0.0300071,-0.0206828,-0.0146129,-0.0121241,-0.00830075,-0.00540494,-0.00403796,-0.00250308,-0.00205021,-0.00108926,-0.000490661,-8.98758e-05,0.0,0.0,0.0,0.0,0.0,0.0,0.0,-0.000429597,-0.00117846,-0.00262375,-0.00415201,-0.00687621,-0.00914772,-0.0116467,-0.0126024,-0.0129432,-0.0132655,-0.0120995,-0.0100374,-0.00798983,-0.0057059,-0.00363831,-0.00232894,-0.00127889,-0.000619494,-0.000171829,-5.4393e-05,