{"max":0.0472161,"min":-0.0389982,"acc":0.8238,"arr":[0.0,0.0,0.0,0.0,0.0,0.0,0.0,0.0,0.0,0.0,0.0,0.0,0.0,0.0,0.0,0.0,0.0,0.0,0.0,0.0,0.0,0.0,0.0,0.0,0.0,0.0,0.0,0.0,0.0,0.0,0.0,0.0,0.0,0.0,-1.68413e-05,-4.13331e-05,-6.66455e-05,-4.56763e-05,-6.28216e-05,-7.83794e-05,-0.000138087,-0.000130211,-0.000142324,-8.88588e-05,-0.000131058,-8.46774e-05,-5.7651e-05,-9.70932e-05,-5.56807e-05,-4.17216e-07,0.0,0.0,0.0,0.0,0.0,0.0,0.0,0.0,0.0,-1.33872e-06,-2.8404e-06,0.0,-1.47082e-05,-5.66729e-05,-0.000218594,-0.000415813,-0.000574536,-0.000882848,-0.00135011,-0.00155537,-0.00196472,-0.00227382,-0.00245189,-0.00205577,-0.00157874,-0.00117363,-0.000899417,-0.000441918,-0.000145487,-1.59447e-05,0.0,0.0,0.0,0.0,0.0,0.0,0.0,-1.23774e-05,-1.64213e-05,-2.97183e-05,-0.000129932,-0.000323578,-0.000769769,-0.00165434,-0.002383,-0.00352374,-0.00495071,-0.00646728,-0.00745098,-0.00774463,-0.00769621,-0.00696964,-0.0059229,-0.00415323,-0.00227459,-0.00107647,-0.000259605,-1.54913e-05,-7.84081e-05,-6.96723e-05,-8.65229e-06,0.0,0.0,0.0,0.0,-2.13667e-05,-0.000151887,-0.000435293,-0.00087421,-0.00159476,-0.0026349,-0.00462505,-0.00666288,-0.00930077,-0.0110365,-0.011266,-0.0110099,-0.00876808,-0.00746329,-0.00828864,-0.00770375,-0.0064618,-0.00390619,-0.00372382,-0.00210809,-0.00124064,-0.000621812,-0.000191957,-3.448e-05,0.0,0.0,0.0,-1.67607e-05,-4.84453e-05,-0.000244998,-0.00116435,-0.00244165,-0.00442124,-0.0057676,-0.00714323,-0.00808147,-0.00537339,6.66033e-05,0.00853465,0.0173182,0.020271,0.0232227,0.0234623,0.0173944,0.00936926,0.005899,0.00197876,-0.00100427,-0.00163164,-0.00106489,-0.000119223,0.000175247,0.0,0.0,0.0,-1.83679e-06,-0.0001504,-0.000638517,-0.00220382,-0.00380837,-0.00525505,-0.00533777,-0.00409545,-0.000307252,0.00877693,0.0189285,0.0268574,0.0293409,0.0271376,0.0261476,0.0250037,0.0242688,0.0212938,0.0151676,0.0116548,0.00334373,0.000214357,0.000708957,0.00163598,0.000116424,-7.92317e-05,0.0,-1.41488e-05,-0.000122856,-0.000481825,-0.00111112,-0.00248869,-0.00421676,-0.00368367,-0.00174096,0.0022571,0.00859547,0.0159526,0.0232236,0.0200231,0.00869972,-0.00114375,-0.00301189,0.00165148,0.0102881,0.0169238,0.0147943,0.0154363,0.0104525,0.00526306,0.00319165,0.00190218,0.000433945,-0.00012916,0.0,-3.95587e-05,-0.000300961,-0.000833293,-0.00139248,-0.00225604,-0.00281227,-0.00060749,0.000995201,0.00703686,0.0130885,0.0136948,0.0130676,-0.000998352,-0.0184583,-0.0269403,-0.0270208,-0.0198965,-0.000960591,0.0154811,0.0190777,0.0187761,0.0176729,0.0106754,0.00756235,0.00330997,0.00106832,-3.70188e-05,0.0,-4.48134e-05,-0.000335353,-0.00101202,-0.000590431,-0.00162286,-0.00216373,0.000840934,0.00168672,0.00772285,0.0123401,0.0114013,0.00436772,-0.0112949,-0.0315282,-0.0389982,-0.0339573,-0.0225302,-0.00270811,0.0148621,0.0221738,0.0194737,0.0191685,0.0134339,0.00869976,0.00358233,0.000749793,0.0,0.0,-1.73022e-05,-0.000183813,-0.000802572,-9.71495e-05,-0.00174674,-0.00133419,-8.05938e-05,4.31674e-05,0.00433684,0.0112574,0.0168784,0.00848235,-0.0080171,-0.0264974,-0.0294932,-0.022095,-0.0100913,0.00821941,0.022196,0.0229178,0.0222018,0.0173529,0.0101562,0.00513057,0.00210064,0.000338906,-2.58085e-05,0.0,-3.2316e-06,-0.000102915,-0.000646123,-0.000619037,-0.00257273,-0.00268244,-0.00201672,-0.0044554,0.000298103,0.00982488,0.0258155,0.0215314,0.0052244,-0.0116802,-0.0117796,-0.000106423,0.0143221,0.0211742,0.0219011,0.0178085,0.012086,0.00510299,0.00300365,0.0021295,0.000830426,2.74625e-05,-4.13038e-05,0.0,-1.11065e-05,-0.000106057,-0.000350006,-0.00117216,-0.00438273,-0.00655025,-0.00961429,-0.0143149,-0.0110444,0.00411029,0.0257762,0.0390982,0.0215988,0.00533104,0.0107722,0.0199233,0.0210508,0.0124026,0.00509174,0.00091245,-0.00138045,-0.00342,-0.00261522,-0.000907002,0.000497988,-7.96288e-06,-1.994e-05,0.0,0.0,-8.65127e-05,-0.000315591,-0.00143583,-0.00555189,-0.0117867,-0.0195124,-0.0262889,-0.0266003,-0.0080848,0.0202678,0.0430724,0.0359714,0.0254473,0.0268083,0.0201764,0.000510154,-0.0118805,-0.0147926,-0.0131642,-0.0100655,-0.00836354,-0.00582118,-0.00238524,0.000140672,-3.62213e-05,-5.37855e-06,0.0,-2.20039e-05,-6.49123e-05,-0.000242327,-0.0016186,-0.00666566,-0.014916,-0.0263443,-0.0355214,-0.0374612,-0.0193985,0.0132077,0.0391553,0.0419598,0.0383338,0.0272206,0.00434805,-0.0164753,-0.0324319,-0.031811,-0.0245436,-0.0159352,-0.0108418,-0.00702291,-0.00278454,9.88673e-05,-4.20416e-05,0.0,0.0,-5.02312e-05,-9.14449e-05,-0.000247994,-0.00189876,-0.00768901,-0.0169242,-0.027474,-0.036525,-0.0369938,-0.014839,0.0176829,0.0418199,0.0428516,0.0342795,0.0170475,-0.00645021,-0.0283574,-0.038601,-0.0376275,-0.0288824,-0.0193445,-0.0124119,-0.00660972,-0.00319154,-0.000437971,-0.00010499,-1.92008e-05,0.0,-2.3782e-05,-8.97282e-05,-0.000296722,-0.00227977,-0.00937275,-0.0183163,-0.0250622,-0.0272625,-0.0209898,0.00676766,0.0384477,0.0472161,0.034056,0.0161402,0.00481217,-0.00886478,-0.0248819,-0.0328524,-0.0326393,-0.026625,-0.0196914,-0.0133191,-0.00665219,-0.00326675,-0.00105892,-0.000348924,-3.9531e-05,0.0,-1.89352e-05,-9.81728e-05,-0.000648487,-0.00325225,-0.0105017,-0.0182279,-0.0193293,-0.0125084,0.00540112,0.0326017,0.0466682,0.0422309,0.0199707,-0.00243923,-0.00847989,-0.00534589,-0.0154697,-0.0244774,-0.0276134,-0.023349,-0.0177024,-0.0124009,-0.00665753,-0.00287778,-0.00106642,-0.000192559,-2.03302e-06,0.0,-7.02942e-06,-0.000224258,-0.0011533,-0.00396547,-0.0110826,-0.0168785,-0.0122639,0.00283587,0.0263961,0.043979,0.0421328,0.022979,-0.0023051,-0.0153957,-0.0148016,-0.00609588,-0.00897322,-0.019235,-0.0214194,-0.0194115,-0.0162237,-0.0106086,-0.0063518,-0.00282506,-0.000654559,-9.21239e-05,0.0,0.0,0.0,-0.000315495,-0.00134964,-0.00456518,-0.0110375,-0.0136322,-0.00666693,0.0140145,0.0295609,0.0375825,0.0202462,-0.00270091,-0.0200698,-0.027276,-0.0235179,-0.0105911,-0.00870374,-0.015915,-0.016415,-0.0163009,-0.0137957,-0.008487,-0.00505742,-0.00194476,-0.000673839,-0.000158151,0.0,0.0,0.0,-0.000296168,-0.00136962,-0.00441781,-0.00840543,-0.0109337,-0.000891942,0.0131923,0.0204271,0.021586,-0.00149884,-0.0196715,-0.0282155,-0.0308103,-0.0250104,-0.00967555,-0.00549876,-0.0079811,-0.00777502,-0.0110691,-0.0090922,-0.00495088,-0.00291154,-0.00168924,-0.000698587,-8.24552e-05,0.0,0.0,0.0,-0.000200175,-0.00126072,-0.00356754,-0.0056345,-0.00588206,-0.00017581,0.0105062,0.0143006,0.0124385,-0.000991736,-0.0113677,-0.0135281,-0.013473,-0.00665086,0.00252148,0.00273719,0.00267793,-0.0022591,-0.00601364,-0.0047889,-0.00190512,-0.00176853,-0.00158994,-0.000391148,-4.13218e-05,0.0,0.0,0.0,-8.35186e-05,-0.00091104,-0.00253404,-0.00320195,-0.00131626,0.00319094,0.00857018,0.0195327,0.0209257,0.021544,0.0225887,0.0223617,0.0220541,0.0222129,0.0203019,0.0150139,0.00707544,0.00137851,-9.72472e-05,7.05995e-05,0.000104957,-0.000680527,-0.000846168,-0.000157512,-1.76622e-05,0.0,0.0,0.0,-7.63121e-06,-0.0003085,-0.00161836,-0.0020867,0.0010343,0.00497987,0.00985175,0.0211222,0.0270614,0.033129,0.0413345,0.0406207,0.0381636,0.0328068,0.026577,0.0141613,0.00645664,0.00400235,0.00213269,0.00113156,0.000442699,-0.000308843,-0.000456795,-9.04489e-05,-2.1414e-05,0.0,0.0,0.0,0.0,-1.11864e-05,-0.000325047,-0.00104572,-0.000196604,0.00172208,0.00520986,0.010554,0.0151618,0.0201033,0.0254802,0.0245206,0.0212257,0.0153779,0.0069689,0.00312911,0.00168493,0.000349113,0.000619266,-2.74271e-05,-0.000178774,-0.000359026,-0.000201297,-3.54377e-05,0.0,0.0,0.0,0.0,0.0,0.0,-3.34517e-05,-0.000382017,-0.0012456,-0.00281066,-0.00432027,-0.00553018,-0.00732026,-0.00804596,-0.00816771,-0.00774612,-0.00621873,-0.00641942,-0.00658203,-0.00476244,-0.00315751,-0.00203419,-0.000999892,-0.000600178,-0.000330561,-0.000137671,-2.61301e-05,0.0,0.0,0.0,0.0,0.0,0.0,0.0,-1.91131e-05,-0.000173317,-0.00049257,-0.000890648,-0.00187632,-0.0025876,-0.00357315,-0.00415644,-0.00413931,-0.00398706,-0.00360064,-0.00301399,-0.00245548,-0.00173159,-0.00103403,-0.000442248,-0.000157351,-0.000108477,-2.92268e-05,-5.45558e-06,0.0,0.0,0.0,0.0,0.0,0.0,0.0,0.0,0.0,0.0,-8.52621e-06,-8.24972e-05,-0.000164363,-0.000157424,-0.000250209,