{"max":0.0192741,"min":-0.0172929,"acc":0.7665,"arr":[0.0,0.0,0.0,0.0,0.0,0.0,0.0,0.0,0.0,0.0,0.0,0.0,0.0,0.0,0.0,0.0,0.0,0.0,0.0,0.0,0.0,0.0,0.0,0.0,0.0,0.0,0.0,0.0,0.0,0.0,0.0,0.0,0.0,0.0,0.0,0.0,0.0,-2.57502e-05,-4.76781e-05,-3.02124e-05,-9.18534e-05,-4.08411e-05,-2.97297e-05,-5.4209e-05,-4.39169e-05,0.0,0.0,0.0,0.0,0.0,0.0,0.0,0.0,0.0,0.0,0.0,0.0,0.0,0.0,0.0,0.0,0.0,0.0,-1.47549e-05,-0.000125636,-0.000270298,-0.00023737,-0.00031188,-0.000587964,-0.000680382,-0.000934361,-0.00105147,-0.0010385,-0.000654974,-0.000573993,-0.000457296,-0.000459952,-0.000263256,-8.28988e-05,-7.49096e-06,0.0,0.0,0.0,0.0,0.0,0.0,0.0,0.0,0.0,-2.79722e-05,-8.47059e-05,-0.000157048,-0.000334747,-0.000742336,-0.000968007,-0.00126355,-0.00193074,-0.00270045,-0.00313199,-0.00348285,-0.00306879,-0.00225986,-0.00211467,-0.00153022,-0.000882695,-0.000273571,2.60823e-05,0.000109237,0.0,0.0,0.0,0.0,0.0,0.0,0.0,-1.05615e-05,-4.70677e-05,-0.000149047,-0.000352514,-0.000668278,-0.00114678,-0.00222348,-0.00316006,-0.00410486,-0.00540239,-0.0062274,-0.00567885,-0.00381685,-0.00308992,-0.00342439,-0.0030187,-0.0027031,-0.00119992,-0.000540298,-0.00018648,-0.000228427,-0.000158539,-3.62498e-05,-3.17186e-05,0.0,0.0,0.0,-1.67607e-05,-4.84453e-05,-4.97515e-05,-0.000419141,-0.000915449,-0.00167783,-0.00252744,-0.00308719,-0.0031196,-0.00297419,-0.00152926,0.00346164,0.00726839,0.00946986,0.0100705,0.0084276,0.0060166,0.00380437,0.00329031,0.0032088,0.00194239,0.000409658,-0.000158249,-4.05502e-05,-3.52857e-05,0.0,0.0,0.0,-1.83679e-06,-2.52559e-06,-0.000162344,-0.000612525,-0.00104392,-0.00176039,-0.00192381,-0.00206149,-0.000628401,0.0025573,0.00777563,0.0120926,0.0131738,0.0105689,0.0108649,0.0101785,0.0102027,0.0097577,0.00733612,0.00643067,0.00286671,0.00108645,0.000732698,0.000790518,-4.23284e-05,-1.01203e-05,0.0,0.0,-3.72832e-05,-0.000109304,-0.00011097,-8.77997e-05,-0.000263408,-0.000538278,-6.61295e-05,0.00105945,0.0029991,0.00737186,0.011471,0.00904079,0.00437922,-0.00241768,-0.00320495,0.00106063,0.00487062,0.00767381,0.00646233,0.00585423,0.00434228,0.00308696,0.00168236,0.00174719,0.000474556,-6.73796e-05,0.0,-3.12326e-05,-0.000145215,-0.000175997,-7.42206e-07,0.000760491,0.00140896,0.000717465,0.00143503,0.00387469,0.00522302,0.00582281,0.00714044,-0.000416707,-0.00803211,-0.0114982,-0.010961,-0.00661432,0.00025183,0.00544569,0.0066716,0.00656719,0.00574518,0.00428195,0.00285809,0.00194191,0.000666004,-3.70188e-05,0.0,-3.37926e-05,-0.000151389,-0.000221759,0.000876868,0.00126203,9.06867e-05,0.000558139,0.00120749,0.00240868,0.00375648,0.00444042,0.00262411,-0.00504042,-0.0147054,-0.016217,-0.0123958,-0.00665676,-0.000281425,0.00534201,0.00791358,0.00636715,0.00747911,0.005382,0.00337716,0.00151719,0.000166411,0.0,0.0,-1.7067e-06,-6.65253e-05,-0.000185963,0.00134284,0.000618195,-0.000133845,-0.000456256,-0.00137995,-0.00122079,0.00226445,0.00578549,0.00368896,-0.00400637,-0.0114545,-0.00990123,-0.00598891,-0.00213029,0.00263911,0.00751942,0.00786315,0.00767986,0.00663957,0.00464391,0.00211432,0.000848946,0.000371281,0.0,0.0,0.0,-4.35155e-06,-0.000266244,0.000360018,-0.000166166,-0.00107865,-0.00161901,-0.00331878,-0.00262839,0.00118624,0.00989146,0.00912774,0.00286625,-0.00256587,0.000717233,0.0038653,0.00491583,0.00520548,0.00599531,0.00510013,0.00345573,0.00202851,0.00145854,0.000630436,0.000242291,8.08727e-05,0.0,0.0,0.0,-4.14476e-06,-0.000122751,-0.000285972,-0.00182556,-0.00326405,-0.00458757,-0.00738966,-0.00629297,0.000210691,0.00980571,0.0167648,0.0101318,0.00540307,0.00823126,0.00832852,0.00518169,0.00114185,-0.000231414,-0.00199908,-0.0024859,-0.0021947,-0.00107013,-0.000703545,-5.41961e-05,0.0,0.0,0.0,0.0,-2.5523e-05,-0.000133972,-0.000412823,-0.0023937,-0.00598126,-0.00868771,-0.0115582,-0.0113638,-0.00528986,0.00680303,0.0192741,0.0153552,0.0115029,0.0116141,0.00660133,-0.00268167,-0.00749225,-0.00824763,-0.00697805,-0.00556434,-0.0041715,-0.00267549,-0.00137963,-0.000114701,0.0,0.0,0.0,0.0,-2.79226e-05,-9.49542e-05,-0.000569587,-0.00292619,-0.00694195,-0.0117461,-0.0150227,-0.0153061,-0.00894431,0.00421813,0.0165725,0.0178226,0.0167158,0.0110737,-0.000686403,-0.00851256,-0.0149535,-0.0144128,-0.0107408,-0.00812274,-0.00525883,-0.00335913,-0.00139925,-0.000156468,0.0,0.0,0.0,0.0,-2.20327e-05,-7.0536e-05,-0.000662031,-0.00343919,-0.00748154,-0.0121736,-0.0152752,-0.0149044,-0.00740069,0.0048484,0.0170468,0.019207,0.0149631,0.00790862,-0.00222667,-0.0112327,-0.0163418,-0.0172929,-0.0134659,-0.00930757,-0.00624642,-0.00309748,-0.00150492,-0.000219764,-2.72914e-05,-1.92008e-05,0.0,0.0,0.0,-5.09043e-05,-0.000936798,-0.00406167,-0.00839287,-0.0108275,-0.0109474,-0.00894193,-0.000115968,0.013415,0.0187233,0.0144314,0.00820471,0.00410005,-0.00253633,-0.00817746,-0.0131427,-0.0141882,-0.012122,-0.00930207,-0.00645345,-0.00280709,-0.00149159,-0.000487643,-0.00010113,-3.9531e-05,0.0,-1.07115e-05,0.0,-0.000174511,-0.00128318,-0.00441107,-0.00838492,-0.00926064,-0.00606083,0.00123704,0.0124924,0.0185254,0.0186189,0.00955145,-0.000352663,-0.00245604,-0.00191663,-0.00457054,-0.00839368,-0.0110757,-0.00987881,-0.00752161,-0.00606559,-0.00272218,-0.00121026,-0.000424961,-4.36944e-05,-2.03302e-06,0.0,-7.02942e-06,-5.52063e-05,-0.000490069,-0.00165818,-0.00460047,-0.00810932,-0.00724431,-0.000458592,0.010724,0.018558,0.0174304,0.0117868,0.000556818,-0.00631952,-0.00472526,-0.00286774,-0.00358402,-0.00684249,-0.00746845,-0.00691699,-0.0066138,-0.00464677,-0.0028,-0.000953439,-0.000136639,-1.17695e-05,0.0,0.0,0.0,-9.63997e-05,-0.000656323,-0.00197259,-0.00452611,-0.00691578,-0.00475924,0.00579431,0.0129397,0.0160851,0.00853098,0.00153139,-0.00763376,-0.0112351,-0.00800027,-0.0035048,-0.00329139,-0.00666293,-0.00566023,-0.00581182,-0.00478512,-0.00316404,-0.00216952,-0.000590106,-0.000156317,-3.48468e-05,0.0,0.0,0.0,-0.000113793,-0.000687554,-0.00202578,-0.00395427,-0.00653988,-0.00170166,0.00687537,0.0101052,0.0100449,0.000363264,-0.00671794,-0.0122993,-0.0129085,-0.00879246,-0.00299988,-0.00106241,-0.00449682,-0.00330779,-0.00414153,-0.00258905,-0.000889667,-0.000891405,-0.000485959,-0.00017948,0.0,0.0,0.0,0.0,-8.28283e-05,-0.000448886,-0.00168863,-0.00321716,-0.00405328,-0.00117439,0.00537826,0.00715879,0.00576741,4.44387e-05,-0.00346211,-0.00534098,-0.00640438,-0.00302771,0.00201245,0.00171499,0.00125635,-0.000958176,-0.00179509,-0.000475782,0.000617062,-0.000227323,-0.00048796,-5.56786e-05,0.0,0.0,0.0,0.0,-2.10853e-05,-0.000255809,-0.000972659,-0.00203932,-0.00123839,0.000939582,0.00294963,0.00817625,0.00765324,0.00710921,0.00846856,0.00924591,0.0103854,0.011009,0.0101501,0.00714188,0.00246226,0.000929251,0.00170886,0.00171586,0.00103865,-4.28632e-05,-0.000220071,-4.12322e-05,0.0,0.0,0.0,0.0,0.0,-0.000148485,-0.000496839,-0.000962708,0.000221177,0.00224683,0.00349208,0.00818954,0.00998028,0.011683,0.0146822,0.0158088,0.0169999,0.0151232,0.0131086,0.00751178,0.00377212,0.00279983,0.00257984,0.00158763,0.000765303,-4.48678e-05,-6.23119e-05,-1.61097e-05,0.0,0.0,0.0,0.0,0.0,-4.75021e-06,-0.000169595,-0.000421699,6.50841e-05,0.00129202,0.00259345,0.00567785,0.00677226,0.00731423,0.00964744,0.00986227,0.0100767,0.00716391,0.00446572,0.00256438,0.00115593,0.00107592,0.00111272,0.000406148,-1.1607e-06,-0.000116793,-4.107e-05,-7.32258e-07,0.0,0.0,0.0,0.0,0.0,0.0,-8.56288e-06,-9.94111e-05,-0.000300042,-0.000952846,-0.00195986,-0.00282765,-0.00368486,-0.00367643,-0.00294264,-0.00280871,-0.00208487,-0.00240699,-0.00245468,-0.00202823,-0.00151658,-0.000981242,-0.000568889,-0.000287465,-0.000144172,-6.77023e-05,0.0,0.0,0.0,0.0,0.0,0.0,0.0,0.0,-4.6527e-06,-5.96077e-05,-0.000182674,-0.000436133,-0.000977709,-0.00115662,-0.00174387,-0.00181382,-0.00160329,-0.00168362,-0.00163218,-0.00150465,-0.00140996,-0.00108238,-0.00051742,-0.000149841,-5.89625e-05,-1.86966e-05,0.0,0.0,0.0,0.0,0.0,0.0,0.0,0.0,0.0,0.0,0.0,0.0,-8.52621e-06,-8.24972e-05,-0.000145104,-0.000127161,-0.00012837,-0.000149066,-0.000103643,-0.000165096,-0.000262926,-0.00028644,-0.000299725,-0.000131077,0.0,-1.3198e-05,-4.17387e-05,