{"max":0.226583,"min":-0.137815,"acc":0.8983,"arr":[0.0,0.0,0.0,0.0,0.0,0.0,0.0,0.0,0.0,0.0,0.0,0.0,-1.06e-05,-2.97638e-05,-7.29278e-06,-3.03866e-07,0.0,0.0,0.0,0.0,0.0,0.0,0.0,0.0,0.0,0.0,0.0,0.0,0.0,0.0,0.0,0.0,-1.7528e-07,-5.51707e-07,-1.8571e-05,-5.17781e-05,-0.000161054,-0.00018856,-0.000301476,-0.000311951,-0.000379114,-0.000412299,-0.000518235,-0.000456391,-0.000558213,-0.00041578,-0.000270069,-0.000256101,-0.000169898,-9.48515e-05,-2.3402e-05,-3.98376e-06,0.0,0.0,0.0,0.0,0.0,0.0,-2.82439e-07,-4.29942e-06,-1.21688e-05,-6.16722e-06,-7.1989e-05,-0.000300705,-0.000726322,-0.00156434,-0.00265048,-0.00362655,-0.00536098,-0.00677613,-0.0085985,-0.00966221,-0.00936212,-0.00777346,-0.00639411,-0.00564367,-0.00320248,-0.0019881,-0.000998673,-0.000351949,-0.000170509,-6.19767e-05,0.0,0.0,0.0,0.0,-5.42917e-06,-3.3643e-05,-4.63401e-05,-0.000227848,-0.000690009,-0.00193097,-0.00375652,-0.00740424,-0.0114439,-0.0167767,-0.0227965,-0.0296054,-0.0378732,-0.0415613,-0.043322,-0.0424409,-0.0358879,-0.0290836,-0.0178351,-0.00905013,-0.0038633,-0.000718151,-0.000437557,-0.000185031,-8.47701e-05,0.0,0.0,-3.92042e-06,1.63701e-05,-8.13075e-05,-0.000562346,-0.0022908,-0.00516253,-0.00968316,-0.0149598,-0.0222202,-0.0280052,-0.031968,-0.0283332,-0.0209363,-0.00840798,-0.00950641,-0.021886,-0.0399664,-0.0550876,-0.0573902,-0.0453909,-0.0376207,-0.0257786,-0.0142725,-0.00469017,-0.00012193,0.000299826,3.19281e-05,0.0,0.0,-3.91965e-05,-0.000570331,-0.00251471,-0.00756301,-0.016036,-0.025102,-0.0332928,-0.033666,-0.0307375,-0.00379169,0.0313012,0.0580731,0.0897032,0.106577,0.109483,0.0913428,0.0486482,0.00914566,-0.0180801,-0.0248323,-0.0234088,-0.0194567,-0.00915258,0.000509106,1.57967e-05,-1.66953e-05,0.0,-1.503e-06,-0.000176177,-0.00181803,-0.00596702,-0.0133781,-0.0256262,-0.0318154,-0.0248144,-0.0163865,-0.00154569,0.0263416,0.0450847,0.0544322,0.0728664,0.102057,0.0992045,0.0811939,0.0464665,0.0350086,0.0188636,0.00997717,0.00679539,0.00760069,0.00068207,0.00225893,-0.000275311,-0.000283299,0.0,-0.000159446,-0.000553138,-0.00280802,-0.00700532,-0.0150002,-0.0191578,-0.00768644,0.00782556,0.01991,0.0304231,0.0228593,0.0147327,0.00142008,-0.0219997,-0.0115968,-0.0084849,-0.0125425,0.0105956,0.0121388,0.0316682,0.0416087,0.045839,0.0469019,0.0253545,0.00315115,-0.00028054,-0.000209927,-2.06533e-06,-0.000240072,-0.00125644,-0.00322441,-0.00474615,-0.00513168,0.00628348,0.0293308,0.0421,0.0637984,0.0615555,0.0387904,0.0260596,-0.0128335,-0.0727064,-0.0859724,-0.0747279,-0.0651386,-0.0186238,0.0253165,0.0444187,0.0687722,0.087003,0.0756109,0.0406653,0.00670395,0.00117058,0.000203916,-2.6311e-05,-0.000290729,-0.00191826,-0.0036581,-0.000300683,0.00826109,0.0314024,0.0618976,0.0899874,0.108255,0.0984629,0.068305,0.0300836,-0.0251719,-0.0923172,-0.128322,-0.112986,-0.077941,-0.0270781,0.030513,0.0665975,0.0951768,0.106296,0.086889,0.0416399,0.00628452,0.00300874,-0.000108161,-3.25979e-05,-0.000248567,-0.00176935,-0.00440977,0.00573025,0.0162806,0.0461157,0.0853778,0.111369,0.122608,0.110144,0.0797654,0.0544113,0.00298,-0.0672542,-0.112321,-0.106759,-0.066786,-0.00196555,0.0532257,0.0824225,0.113503,0.112504,0.0834597,0.0391475,0.00950755,0.00253898,0.000914549,-1.50853e-05,-0.000272971,-0.00146858,-0.0031994,0.00418551,0.0180233,0.0453424,0.0785841,0.10037,0.110814,0.0817655,0.0831883,0.104935,0.0876151,0.015778,-0.0524062,-0.0514575,-0.0244088,0.0253561,0.0653638,0.0921788,0.104623,0.0925324,0.0643142,0.0369548,0.0113795,0.0040375,0.000269433,-2.53012e-06,-0.00013971,-0.00087149,-0.00111088,-0.000611826,0.00595801,0.0133087,0.0254535,0.0350792,0.0382807,0.0172851,0.0619975,0.152485,0.161405,0.0713949,0.018139,0.0125105,0.0122559,0.0232873,0.045418,0.0652147,0.0680583,0.04973,0.0320048,0.0182383,0.00659671,0.00183464,-8.21355e-05,-3.5269e-06,-4.34589e-05,-0.000392384,-0.00112504,-0.00629445,-0.0168267,-0.0313418,-0.0441576,-0.0515933,-0.0549412,-0.0532175,0.0517599,0.18348,0.190934,0.100973,0.07909,0.0412587,-0.0127574,-0.0220451,-0.0179317,0.00358611,0.00372705,-0.000563489,-0.00323522,-0.00214988,0.000876274,-5.64672e-06,-0.000187233,-1.29539e-05,-7.96406e-05,-0.000230421,-0.00192807,-0.010052,-0.0311144,-0.064087,-0.0984849,-0.125229,-0.137815,-0.0878875,0.0500216,0.170399,0.184042,0.126227,0.0805317,0.0184687,-0.0462345,-0.0983659,-0.0989864,-0.0728742,-0.0492559,-0.0382165,-0.0260411,-0.0123398,-0.00178274,-0.000837079,-3.96434e-05,-4.62424e-06,-0.000116508,-0.000394821,-0.00235006,-0.0125099,-0.0409607,-0.0753129,-0.104439,-0.123154,-0.117048,-0.0581985,0.0568494,0.171257,0.1732,0.105167,0.0471016,-0.0064336,-0.0907897,-0.132854,-0.136963,-0.110507,-0.0760374,-0.0505211,-0.0322604,-0.0164666,-0.00388343,-0.00136493,-0.000138602,-2.18679e-06,-7.63378e-05,-0.00076148,-0.00290026,-0.0166186,-0.0459884,-0.0699364,-0.0709756,-0.0536596,-0.0247003,0.030927,0.119266,0.196065,0.13031,0.0307606,0.0010039,-0.0281712,-0.0818193,-0.124313,-0.124158,-0.104284,-0.0804745,-0.0514884,-0.0260678,-0.0155492,-0.00736723,-0.00222681,-0.000171692,0.0,-8.01318e-05,-0.000804701,-0.00573057,-0.0221262,-0.047336,-0.0570052,-0.0259198,0.0260478,0.0892198,0.125188,0.183334,0.194996,0.0784874,-0.0212349,-0.0406161,-0.0326029,-0.066339,-0.0893198,-0.0841749,-0.0701186,-0.0605802,-0.0411582,-0.0192302,-0.0114259,-0.00889181,-0.00199359,-5.10859e-05,-1.33119e-05,-2.43386e-05,-0.00129176,-0.0107493,-0.0302848,-0.0436532,-0.0369928,0.0119315,0.0801924,0.136509,0.159749,0.171277,0.113135,-0.00481174,-0.0742615,-0.0585396,-0.0541614,-0.0634067,-0.0557603,-0.0483414,-0.0385789,-0.0419656,-0.0256827,-0.015396,-0.0129428,-0.00816278,-0.00110077,-4.36112e-05,-2.14453e-06,-5.1648e-05,-0.00194832,-0.0154055,-0.0341202,-0.0371117,-0.0209593,0.0355709,0.0874389,0.115386,0.106679,0.058656,0.00613066,-0.080173,-0.112435,-0.0788821,-0.0637183,-0.0576491,-0.0403486,-0.0262865,-0.0196073,-0.0219684,-0.00918205,-0.00814672,-0.013784,-0.00780898,-0.0013549,-1.70525e-05,0.0,-6.39244e-05,-0.00222055,-0.0172079,-0.0337658,-0.0327519,-0.00832664,0.0405717,0.0488063,0.0394604,0.0241639,-0.02869,-0.0542312,-0.0961838,-0.109464,-0.079014,-0.0731163,-0.0592652,-0.027654,-0.007658,-0.0048978,-0.00328375,0.00117779,-0.00778651,-0.0141689,-0.0056809,-0.00104014,-1.73356e-05,-2.01812e-06,-4.39393e-05,-0.00219943,-0.0138787,-0.0304676,-0.0261411,-0.00428445,0.02186,0.0163737,0.0110424,0.00512559,-0.00558578,-0.0089369,-0.0147447,-0.0309912,-0.0378428,-0.0384712,-0.0247766,0.00982883,0.0158837,0.0145513,0.00459715,0.00120684,-0.0111499,-0.0119831,-0.00368447,-0.000485493,-4.20721e-06,-1.95505e-06,-2.28004e-06,-0.00172627,-0.00881696,-0.0248779,-0.0316705,-0.0154124,0.000805526,0.00292472,0.0071715,0.0382024,0.0957934,0.133719,0.140215,0.117118,0.0798626,0.054989,0.0500189,0.0551271,0.0380123,0.0234494,0.0114,-0.00156708,-0.0076231,-0.00614865,-0.00146071,-0.000141158,-7.76716e-06,0.0,0.0,-0.000592397,-0.00401976,-0.0187655,-0.0374958,-0.0391371,-0.0319079,-0.00803814,0.00658951,0.0442358,0.117695,0.192235,0.226583,0.196154,0.159061,0.126218,0.091681,0.0664875,0.0447316,0.0255503,0.00902079,-0.000547922,-0.00188337,-0.00247504,-0.000630087,-0.000195379,0.0,0.0,0.0,-9.48171e-05,-0.00209537,-0.0107013,-0.0260365,-0.0373657,-0.0397925,-0.0261631,-0.0141864,0.00709684,0.0424235,0.0743549,0.091646,0.0973682,0.0902849,0.0722089,0.0411127,0.0350236,0.0262125,0.00972409,-4.71269e-05,-0.00231506,-0.00160741,-0.000992947,-0.000301442,-5.39025e-05,0.0,0.0,0.0,-1.3919e-05,-0.000490993,-0.00371379,-0.00908916,-0.0170109,-0.027899,-0.0422732,-0.0526027,-0.0549356,-0.0543574,-0.0526221,-0.0424121,-0.0267831,-0.0147041,-0.0112901,-0.00822665,-0.00465815,-0.00429381,-0.00329845,-0.00341254,-0.0021127,-0.000693043,-0.000156199,-4.60216e-05,-4.41296e-05,0.0,0.0,0.0,0.0,0.0,-0.000851655,-0.0021166,-0.00416484,-0.00531385,-0.00832152,-0.0123598,-0.0157505,-0.0161274,-0.0169016,-0.0173323,-0.0160243,-0.0141505,-0.0114834,-0.00809598,-0.00496005,-0.00314971,-0.00187404,-0.000973217,-0.000270564,-6.07299e-05,-2.57336e-06,-1.64235e-06,0.0,0.0,0.0,0.0,0.0,