{"max":0.0311649,"min":-0.0263475,"acc":0.7951,"arr":[0.0,0.0,0.0,0.0,0.0,0.0,0.0,0.0,0.0,0.0,0.0,0.0,0.0,0.0,0.0,0.0,0.0,0.0,0.0,0.0,0.0,0.0,0.0,0.0,0.0,0.0,0.0,0.0,0.0,0.0,0.0,0.0,0.0,0.0,-7.4588e-06,-2.22009e-05,-1.99194e-05,-2.7944e-05,-6.28216e-05,-7.83794e-05,-0.000132513,-8.8822e-05,-9.25322e-05,-7.66811e-05,-0.000102238,-3.98945e-05,-3.74307e-05,-7.05999e-05,-3.6593e-05,0.0,0.0,0.0,0.0,0.0,0.0,0.0,0.0,0.0,0.0,0.0,-2.8404e-06,0.0,-1.84276e-06,-3.24805e-05,-0.00014807,-0.000318421,-0.000404314,-0.000689817,-0.00107902,-0.00110754,-0.00136011,-0.00153973,-0.00158096,-0.00136711,-0.00116203,-0.000898671,-0.00069017,-0.000384909,-0.000137509,-1.59447e-05,0.0,0.0,0.0,0.0,0.0,0.0,0.0,-1.97656e-06,-7.35923e-06,-2.79722e-05,-8.93538e-05,-0.000222139,-0.000502551,-0.00115864,-0.00169682,-0.00249139,-0.00337291,-0.00440135,-0.00502227,-0.00548397,-0.005125,-0.0042744,-0.00363188,-0.00245015,-0.00139703,-0.000677972,-7.65954e-05,0.000106701,0.0,0.0,0.0,0.0,0.0,0.0,0.0,-2.13667e-05,-0.000106946,-0.00034232,-0.000619272,-0.00109108,-0.00171757,-0.00319592,-0.0045439,-0.00667734,-0.00821544,-0.00845739,-0.00742025,-0.00574844,-0.00438805,-0.00456008,-0.0046417,-0.0040985,-0.00254529,-0.00224183,-0.000873689,-0.000528787,-0.000363923,-0.000119133,-3.17186e-05,0.0,0.0,0.0,-1.67607e-05,-4.84453e-05,-0.000123993,-0.000699045,-0.00145964,-0.0025985,-0.00316603,-0.00374831,-0.00393048,-0.0030785,-8.67276e-05,0.00697543,0.0120859,0.013572,0.0153804,0.0146852,0.0109011,0.00658156,0.00384087,0.0016028,0.000583165,-0.0007243,-0.00056514,7.76145e-05,0.000176867,0.0,0.0,0.0,-1.83679e-06,-5.48436e-05,-0.000314848,-0.001133,-0.00181053,-0.00262087,-0.00208214,-0.00125166,0.000693228,0.00559924,0.0138252,0.0182314,0.0196661,0.0172264,0.0165224,0.0161223,0.0161383,0.0158815,0.0105008,0.00701189,0.0027081,0.000538865,0.000445423,0.00136041,0.000172298,-2.20779e-05,0.0,0.0,-9.0947e-05,-0.000306055,-0.000538291,-0.00100105,-0.00153573,-0.00097229,0.000513467,0.00259184,0.00526261,0.0103471,0.0173246,0.0135999,0.00535286,-0.00329119,-0.00503072,0.00116263,0.00728853,0.0122948,0.0103963,0.00857261,0.00623022,0.00436453,0.00268612,0.00186967,0.000327607,-0.000107473,0.0,-3.12326e-05,-0.000254383,-0.000462064,-0.000755512,-0.000489726,7.30015e-05,0.000586722,0.00245136,0.00645898,0.00790071,0.00795146,0.00908423,-0.00228588,-0.0148544,-0.0199938,-0.0201059,-0.0117867,0.000582947,0.0113243,0.0125871,0.0110722,0.010261,0.00741672,0.00486555,0.00208664,0.000544182,-3.70188e-05,0.0,-3.37926e-05,-0.000203337,-0.000578756,7.67219e-05,6.41423e-05,-0.000754419,0.0010549,0.00269189,0.00493247,0.00588873,0.00644313,0.00215101,-0.00937052,-0.022293,-0.0263475,-0.0228065,-0.0136272,-0.000491583,0.0109416,0.0149026,0.0109857,0.0118519,0.00924578,0.00611464,0.00212124,0.000135447,0.0,0.0,-1.7067e-06,-0.000103418,-0.000433452,0.000804267,-0.000375858,-0.000797334,-0.000134592,-0.000642961,0.000485876,0.00465696,0.00906794,0.00511054,-0.00660929,-0.0185461,-0.0186696,-0.0134792,-0.00484469,0.00685567,0.0150387,0.0143006,0.0125917,0.0120484,0.00776456,0.00361138,0.00155181,0.000371147,0.0,0.0,-2.81572e-06,-8.0887e-05,-0.000474348,-2.40684e-06,-0.00112738,-0.00182411,-0.00188142,-0.00457412,-0.00243064,0.00269888,0.0150935,0.0126545,0.0026383,-0.00776469,-0.00553657,0.00258142,0.0107984,0.0127733,0.0125607,0.00940609,0.00731947,0.00505572,0.00248611,0.00131868,0.000662459,9.91639e-05,-1.71851e-05,0.0,-1.11065e-05,-7.6704e-05,-0.000288332,-0.000719976,-0.0029965,-0.00430057,-0.0070334,-0.0112008,-0.00992407,-8.84229e-05,0.0141776,0.024574,0.0135781,0.0038485,0.00904332,0.013526,0.0121851,0.00551569,0.0013532,-0.000522382,-0.000868864,-0.00173835,-0.00191457,-0.000961712,0.00026784,4.40573e-06,-1.994e-05,0.0,0.0,-7.44261e-05,-0.00028009,-0.000889039,-0.00402123,-0.00827193,-0.0131609,-0.0182654,-0.01909,-0.00787271,0.0105237,0.0279107,0.0228762,0.0171806,0.0172404,0.0113341,-0.00251312,-0.00929165,-0.00982501,-0.00891739,-0.00731108,-0.00579343,-0.0041595,-0.00204397,-0.000248838,-3.2671e-05,-5.37855e-06,0.0,-2.20039e-05,-6.49123e-05,-0.000201232,-0.00104967,-0.00493742,-0.0103646,-0.0177435,-0.0232654,-0.0247375,-0.0129051,0.00800954,0.0241814,0.0271134,0.025321,0.0170093,4.10777e-06,-0.0136413,-0.0207252,-0.0203163,-0.0161501,-0.0115526,-0.00794929,-0.00526553,-0.00215238,-0.000265985,-4.20416e-05,0.0,0.0,-5.02312e-05,-8.33981e-05,-0.000160377,-0.00121603,-0.00555855,-0.0119823,-0.018877,-0.0245123,-0.0240387,-0.00988567,0.0109095,0.0283691,0.0287073,0.0224777,0.0112839,-0.00490403,-0.018155,-0.0247946,-0.0255274,-0.0201965,-0.0140518,-0.00947237,-0.0049111,-0.0022053,-0.000342986,-0.0001024,-1.92008e-05,0.0,-2.3782e-05,-6.93403e-05,-0.0001283,-0.00153536,-0.0064566,-0.0126903,-0.0171601,-0.0182339,-0.0137238,0.0031232,0.0248174,0.0306449,0.0230952,0.0124405,0.00532931,-0.00496198,-0.0152427,-0.0209132,-0.0226234,-0.0194875,-0.0144892,-0.00984743,-0.00470122,-0.00223036,-0.000655322,-0.000212102,-3.9531e-05,0.0,-1.89352e-05,-6.64281e-05,-0.00036505,-0.00208444,-0.00706655,-0.0125914,-0.0138467,-0.00822095,0.00277127,0.0207303,0.0311649,0.0290339,0.013013,-0.000659733,-0.00356973,-0.00380143,-0.00971344,-0.0138572,-0.0184046,-0.0165403,-0.0128248,-0.00911818,-0.00463155,-0.00188638,-0.000534707,-8.21906e-05,-2.03302e-06,0.0,-7.02942e-06,-0.000119881,-0.000728529,-0.00260082,-0.00751441,-0.0121588,-0.00871131,0.00199385,0.0166458,0.0281052,0.0279038,0.0155634,-0.00317661,-0.0114135,-0.00788977,-0.00392026,-0.00579016,-0.0105375,-0.0124132,-0.0129877,-0.0114079,-0.00748932,-0.00458631,-0.0017153,-0.000261851,-2.11814e-05,0.0,0.0,0.0,-0.000131169,-0.000882317,-0.00292629,-0.00706074,-0.00895188,-0.00416583,0.00995085,0.0185934,0.0223241,0.0126066,-0.00203956,-0.0154626,-0.0209584,-0.0148438,-0.00516245,-0.00444829,-0.00935927,-0.00934845,-0.0110534,-0.00903825,-0.00586071,-0.00370339,-0.0011686,-0.000307419,-7.70265e-05,0.0,0.0,0.0,-0.000113793,-0.000907982,-0.00289855,-0.00559028,-0.00740803,0.000796994,0.0102523,0.0123922,0.0109524,-0.00173927,-0.013532,-0.0217521,-0.0238331,-0.0160845,-0.00437933,-0.000847935,-0.00380701,-0.00500408,-0.00727817,-0.00526464,-0.00276777,-0.0020267,-0.000990897,-0.000345809,-2.50986e-05,0.0,0.0,0.0,-8.28283e-05,-0.000774069,-0.00252576,-0.00405608,-0.00298867,0.00114117,0.00745247,0.00742565,0.0043372,-0.00213535,-0.00691403,-0.0103502,-0.0101316,-0.0038278,0.00360535,0.00430939,0.00356491,-0.00118235,-0.00325707,-0.00163888,-0.000466868,-0.000895355,-0.000854488,-0.000112539,-1.74296e-07,0.0,0.0,0.0,-2.10853e-05,-0.000553757,-0.00166815,-0.00260959,0.000482642,0.0033276,0.00549393,0.011548,0.0114047,0.0119425,0.0154946,0.0159537,0.0166873,0.0173489,0.0163141,0.012044,0.0059805,0.00190611,0.0018605,0.00150296,0.000551915,-0.000459899,-0.000486924,-5.47272e-05,0.0,0.0,0.0,0.0,0.0,-0.000208878,-0.00104964,-0.00155453,0.000856213,0.00440775,0.00592534,0.0128947,0.0168686,0.0213259,0.0263795,0.0270411,0.0272216,0.0241108,0.0203154,0.0116835,0.00585919,0.00422329,0.00321313,0.00160447,0.000430064,-0.000260832,-0.000168436,-1.88637e-05,0.0,0.0,0.0,0.0,0.0,-5.04447e-06,-0.00024599,-0.000746772,1.66384e-05,0.00182952,0.00294485,0.00610417,0.00837324,0.0112113,0.0160637,0.0170198,0.0167991,0.0119943,0.00588678,0.00308159,0.00187443,0.0014902,0.00137352,0.000300208,-0.000124459,-0.000218425,-0.00010014,-7.32258e-07,0.0,0.0,0.0,0.0,0.0,0.0,-1.02753e-05,-0.000179275,-0.000644462,-0.00166831,-0.00340611,-0.00450164,-0.00574851,-0.00565912,-0.00483106,-0.00500513,-0.00422983,-0.00422949,-0.00415468,-0.00323888,-0.00207028,-0.00123432,-0.000648759,-0.000389583,-0.000192823,-0.000110148,-2.23818e-05,0.0,0.0,0.0,0.0,0.0,0.0,0.0,-1.91131e-05,-0.000110946,-0.00032795,-0.000669381,-0.00147016,-0.00193685,-0.00268339,-0.00277494,-0.00274756,-0.00267533,-0.00253689,-0.00215222,-0.00194086,-0.00149589,-0.000792135,-0.000298965,-7.2183e-05,-4.62117e-05,-2.73965e-05,-5.45558e-06,0.0,0.0,0.0,0.0,0.0,0.0,0.0,0.0,0.0,0.0,-8.52621e-06,-8.24972e-05,-0.000164363,-0.000157424,-0.000190149,