{"max":0.00862254,"min":-0.00489056,"acc":0.5575,"arr":[0.0,0.0,0.0,0.0,0.0,0.0,0.0,0.0,0.0,0.0,0.0,0.0,0.0,0.0,0.0,0.0,0.0,0.0,0.0,0.0,0.0,0.0,0.0,0.0,0.0,0.0,0.0,0.0,0.0,0.0,0.0,0.0,0.0,0.0,0.0,0.0,0.0,0.0,0.0,0.0,0.0,0.0,0.0,-1.91372e-05,-3.67168e-05,0.0,0.0,0.0,0.0,0.0,0.0,0.0,0.0,0.0,0.0,0.0,0.0,0.0,0.0,0.0,0.0,0.0,0.0,0.0,0.0,-3.26182e-05,-0.000100992,-0.000110685,-0.000112004,-8.10542e-05,-0.000172087,-0.000283444,-0.000320528,-0.00016666,-0.000165759,-4.29971e-05,-6.221e-05,-2.97632e-05,0.0,0.0,0.0,0.0,0.0,0.0,0.0,0.0,0.0,0.0,0.0,0.0,0.0,0.0,-9.53012e-07,-0.000140848,-0.000292383,-0.000375659,-0.000465777,-0.000670268,-0.00092821,-0.00116169,-0.000994924,-0.000562025,-0.000389306,-8.38328e-05,3.92957e-05,0.000130644,-7.39482e-05,-4.17187e-05,0.0,0.0,0.0,0.0,0.0,0.0,0.0,0.0,0.0,-7.80184e-06,-5.78632e-05,-0.000226902,-0.000413511,-0.000760985,-0.00115282,-0.00142815,-0.00189399,-0.00252086,-0.00295155,-0.00257134,-0.00214866,-0.00203556,-0.0015341,-0.000836852,0.000139574,0.000566351,-3.75598e-05,-0.000100093,-1.56435e-05,-3.62498e-05,-3.17186e-05,0.0,0.0,0.0,0.0,0.0,0.0,-7.00289e-05,-0.00026268,-0.000619408,-0.00116251,-0.00150771,-0.00182143,-0.00158324,-0.00094198,0.000254172,0.00190981,0.00335294,0.00452135,0.0036357,0.00196228,0.000857529,0.000946955,0.00146266,0.00111515,0.000708472,0.000318172,0.000122031,-3.52857e-05,0.0,0.0,0.0,0.0,0.0,0.0,-0.000142907,-0.000541013,-0.00115096,-0.00149182,-0.0015957,-0.000747186,0.00119455,0.00313972,0.00506586,0.00595956,0.00558902,0.00501413,0.00472089,0.00409493,0.00337599,0.00224462,0.00259443,0.00135558,0.000576881,0.000632572,0.000739262,1.88475e-05,0.0,0.0,0.0,-1.62909e-05,-4.95018e-05,-8.59055e-05,-0.00032051,-0.000689832,-0.000775133,-0.000684378,0.000434478,0.00249961,0.00336355,0.00544926,0.0046224,0.00378019,0.00209679,0.000664459,0.0014637,0.00343737,0.00434567,0.00349195,0.00370563,0.00244866,0.000645608,0.00048965,0.000869906,0.000359087,0.0,0.0,0.0,-8.0775e-05,-0.00014965,-0.000141126,-0.000122583,-4.98799e-05,5.88705e-05,0.0013712,0.00401571,0.004054,0.00381058,0.00449652,0.00223384,-0.00037997,-0.00133763,-0.0014029,-0.000807266,0.00207045,0.00371233,0.00563492,0.00517013,0.00296762,0.00111248,0.000762904,0.000631385,0.000440764,0.0,0.0,0.0,-4.18549e-05,-0.000206654,0.000243158,0.000114349,0.000156862,0.000459016,0.00259912,0.00335784,0.0035378,0.00305308,0.00245669,-1.33788e-05,-0.0026051,-0.00263158,-0.00179063,5.84665e-05,0.00202921,0.00437404,0.00638721,0.00492595,0.00358189,0.00178399,0.000862807,0.000545211,0.000191207,0.0,0.0,0.0,0.0,-0.000211633,0.000356709,-4.69835e-05,8.65348e-05,0.000749766,0.00143482,0.00221368,0.00299571,0.00322599,0.00267451,0.000207813,-0.00202257,-0.00144827,-0.000935426,0.000498859,0.00307933,0.00540093,0.00521961,0.00409474,0.00382933,0.00157294,0.00043074,0.000172316,-4.11765e-06,0.0,0.0,0.0,0.0,-0.000156068,-0.000198612,-0.000175428,-0.000202439,0.000675527,0.000674303,0.00156977,0.00202491,0.00434455,0.00415289,0.00142072,-0.000723023,0.000710214,0.00171809,0.00356448,0.00482104,0.00503699,0.00343928,0.00234864,0.00172201,0.000649865,0.000256214,-2.32673e-07,0.0,0.0,0.0,0.0,0.0,-1.98039e-05,-0.000203045,-0.000636704,-0.00095194,-0.000819945,-0.000894801,0.00023416,0.00131803,0.00330545,0.00666315,0.00340487,0.00113974,0.00281189,0.00349954,0.00397299,0.00318191,0.00232979,0.000573163,-0.000230808,-0.000332703,9.13256e-05,0.000191902,-8.53451e-07,0.0,0.0,0.0,0.0,0.0,0.0,-0.000160441,-0.000789615,-0.00175043,-0.0019095,-0.00256698,-0.00194841,5.12003e-05,0.00272241,0.00687326,0.00539516,0.00363857,0.00514444,0.0044307,0.00195358,-0.000476732,-0.00147435,-0.00130053,-0.00126324,-0.000910344,-0.000621681,-0.000387701,-2.99969e-05,0.0,0.0,0.0,0.0,0.0,0.0,-0.00018055,-0.0008494,-0.00204889,-0.00307788,-0.00425685,-0.00434357,-0.00213543,0.00194436,0.00618431,0.00670729,0.0063536,0.0058616,0.0029911,-0.000575349,-0.00381737,-0.00332222,-0.00232695,-0.00231664,-0.00192254,-0.00131793,-0.000475743,-8.09125e-06,0.0,0.0,0.0,0.0,0.0,0.0,-0.0001585,-0.000843812,-0.00227185,-0.00365233,-0.00457822,-0.00489056,-0.00267162,0.00137046,0.00641355,0.00739525,0.00673557,0.00544084,0.00210501,-0.00233536,-0.00403056,-0.00459415,-0.00415014,-0.0030749,-0.00229319,-0.00149229,-0.000596267,-4.43456e-05,0.0,0.0,0.0,0.0,0.0,-8.36432e-06,-0.000252225,-0.00105534,-0.00270336,-0.00344527,-0.00383842,-0.00347998,-0.000381915,0.00470953,0.00774962,0.00719757,0.00529926,0.00364699,0.00185772,-0.000923971,-0.00318721,-0.00399141,-0.00398296,-0.00305763,-0.00209548,-0.0012872,-0.000631109,-0.000192173,0.0,0.0,0.0,0.0,0.0,-5.92576e-05,-0.000443883,-0.00110118,-0.00240347,-0.00296368,-0.00158627,0.000929062,0.00295475,0.00648156,0.00835755,0.00660791,0.00315894,0.000819336,0.0028248,0.00142903,-0.0018639,-0.00322063,-0.00327119,-0.0026439,-0.00200786,-0.00116392,-0.000521318,-0.000177841,0.0,0.0,0.0,0.0,-1.88235e-05,-0.000170906,-0.000605512,-0.00109401,-0.00184105,-0.0011443,0.000964035,0.00361003,0.00628122,0.00749731,0.0067801,0.00312494,0.0002363,-0.000695926,0.002062,0.00276457,-0.000378807,-0.00288578,-0.00273015,-0.00236929,-0.00145182,-0.00105154,-0.000495461,-0.000180877,0.0,0.0,0.0,0.0,-2.37255e-05,-0.000227524,-0.000575676,-0.00116401,-0.00140257,-0.000404026,0.00246954,0.0039319,0.00650724,0.00540369,0.00282745,-0.00136618,-0.00317665,-0.00236982,0.00176293,0.00326583,-0.000170914,-0.00269261,-0.00253808,-0.00174547,-0.000994456,-0.000503158,-0.000429071,-0.000102565,0.0,0.0,0.0,0.0,-7.45098e-06,-0.000185347,-0.00049859,-0.00111553,-0.00167813,0.000615439,0.00284366,0.00407471,0.00563165,0.00284579,-0.000813967,-0.00355744,-0.00465344,-0.002167,0.00273209,0.00349009,-0.00077204,-0.00206482,-0.00220311,-0.0011391,-0.000396371,-0.000239722,-0.000354062,-4.18082e-05,0.0,0.0,0.0,0.0,0.0,-5.95833e-05,-0.000358464,-0.00100258,-0.00156297,0.000217004,0.00300054,0.00406287,0.00425634,0.00159706,-4.06198e-05,-0.00189546,-0.00275156,0.00014622,0.0032284,0.00257662,0.000125244,-0.00114098,-0.000998248,-0.000618756,-4.15435e-05,-1.42165e-05,-0.000151319,-7.6376e-06,0.0,0.0,0.0,0.0,0.0,-5.11571e-07,-0.000227046,-0.000708328,-0.000849875,-0.000313572,0.00158599,0.00538399,0.00513361,0.00409969,0.00471989,0.00402671,0.00386534,0.00463425,0.00498475,0.00321394,0.00109118,0.000331469,0.000360982,-3.52821e-05,0.000258501,0.000156286,-5.7831e-05,-1.06605e-05,0.0,0.0,0.0,0.0,0.0,0.0,-0.000139498,-0.000379179,-0.000431462,-9.18123e-05,0.00124993,0.00509434,0.00637731,0.00707332,0.00847335,0.00862254,0.00856405,0.00707418,0.00591982,0.00311651,0.0016442,0.000621727,0.000488928,0.000268208,0.000104819,1.02106e-05,0.0,0.0,0.0,0.0,0.0,0.0,0.0,0.0,-5.21654e-05,-0.00010146,-6.91072e-05,5.1242e-06,0.000757083,0.00246021,0.00370943,0.00538178,0.0070911,0.0073075,0.00704632,0.00461906,0.00241329,0.00128921,0.000264424,0.000168551,6.91489e-05,-0.000219505,-0.000191165,-8.33489e-05,0.0,0.0,0.0,0.0,0.0,0.0,0.0,0.0,0.0,0.0,-4.1271e-06,-0.000133048,-0.000422033,-0.000632202,-0.0008546,-0.000592261,-0.000586912,-0.000657311,-0.000137667,-0.000191736,-0.000373954,-0.000577015,-0.000536543,-0.000340781,-0.000201318,-0.000160639,-0.000109083,-3.96747e-05,0.0,0.0,0.0,0.0,0.0,0.0,0.0,0.0,0.0,0.0,-2.29284e-07,-6.46668e-05,-0.000166006,-0.000147071,-0.000329621,-0.000301314,-0.000348725,-0.00046229,-0.000385067,-0.000338297,-0.000459595,-0.000461578,-0.0001428,-5.54902e-05,-1.70588e-05,0.0,0.0,0.0,0.0,0.0,0.0,0.0,0.0,0.0,0.0,0.0,0.0,0.0,0.0,-1.19538e-05,-5.51713e-05,-4.25279e-05,-4.59761e-06,0.0,-5.02768e-05,-2.75429e-05,0.0,-3.66201e-05,-0.000142006,-0.000128225,0.0,0.0,0.0,0.0,0.0,0.0,0.0,0.0,0.0,0.0]}