{"max":0.0327899,"min":-0.0291769,"acc":0.7844,"arr":[0.0,0.0,0.0,0.0,0.0,0.0,0.0,0.0,0.0,0.0,0.0,0.0,0.0,0.0,0.0,0.0,0.0,0.0,0.0,0.0,0.0,0.0,0.0,0.0,0.0,0.0,0.0,0.0,0.0,0.0,0.0,0.0,0.0,0.0,-7.4588e-06,-2.22009e-05,-1.99194e-05,-2.7944e-05,-6.28216e-05,-7.83794e-05,-0.000132513,-8.8822e-05,-9.25322e-05,-7.66811e-05,-0.000102238,-3.98945e-05,-3.74307e-05,-7.05999e-05,-3.6593e-05,0.0,0.0,0.0,0.0,0.0,0.0,0.0,0.0,0.0,0.0,-1.33872e-06,-2.8404e-06,0.0,-1.84276e-06,-3.24805e-05,-0.00014807,-0.000370785,-0.000511763,-0.000789535,-0.00115033,-0.00119216,-0.00145929,-0.00163613,-0.00165635,-0.00144193,-0.00126914,-0.00101372,-0.000764391,-0.000388429,-0.000137509,-1.59447e-05,0.0,0.0,0.0,0.0,0.0,0.0,0.0,-1.23774e-05,-1.64213e-05,-2.97183e-05,-0.000101926,-0.000243092,-0.000551939,-0.00132607,-0.00192905,-0.00273597,-0.00365908,-0.00464099,-0.00524207,-0.00572393,-0.0057187,-0.00504318,-0.00426597,-0.00289363,-0.00165474,-0.000767987,-0.000140842,4.80091e-05,-5.27118e-05,-3.45108e-05,0.0,0.0,0.0,0.0,0.0,-2.13667e-05,-0.000110941,-0.000361061,-0.000653348,-0.00113296,-0.00187109,-0.00355286,-0.00511145,-0.00737939,-0.00879495,-0.00907778,-0.00852355,-0.00683043,-0.00573755,-0.00612948,-0.0060063,-0.00540944,-0.00310327,-0.00257969,-0.00121285,-0.00084401,-0.000492994,-0.000153407,-3.17186e-05,0.0,0.0,0.0,-1.67607e-05,-4.84453e-05,-0.000133117,-0.000745776,-0.00154745,-0.00288049,-0.00382292,-0.00488951,-0.00519519,-0.00364899,-5.79617e-05,0.00766247,0.0132387,0.014485,0.0160103,0.0146094,0.0103529,0.00559325,0.00373925,0.00145379,-0.00018691,-0.00137084,-0.000725523,4.30506e-05,0.000176867,0.0,0.0,0.0,-1.83679e-06,-6.31118e-05,-0.000375316,-0.00134931,-0.00217201,-0.00335948,-0.00337956,-0.00277253,-0.00039057,0.00557582,0.0149268,0.0192781,0.0200076,0.0171286,0.0173444,0.0167542,0.0152682,0.0151208,0.00980743,0.00739091,0.00232585,-6.13084e-05,0.000261751,0.00130091,0.000172298,-2.20779e-05,0.0,0.0,-9.0947e-05,-0.000322196,-0.00060051,-0.00134272,-0.00236327,-0.00231665,-0.00119815,0.000898531,0.00473734,0.0110644,0.0174315,0.0127063,0.00318012,-0.00544161,-0.00583573,-0.000290798,0.00502992,0.01038,0.00951037,0.00823508,0.00614222,0.00369569,0.00234091,0.00166587,0.000282761,-0.000107473,0.0,-3.12326e-05,-0.000262666,-0.000505339,-0.000865526,-0.000987242,-0.00117631,-0.0011049,0.000513264,0.00498845,0.00812315,0.00760165,0.00771307,-0.00465666,-0.0172907,-0.0230945,-0.0219138,-0.0144236,-0.0021009,0.00961339,0.0125269,0.0107246,0.0102352,0.00700784,0.00490374,0.00235333,0.000514128,-3.70188e-05,0.0,-3.37926e-05,-0.000204387,-0.000620579,-5.92185e-05,-0.000430234,-0.00188243,-0.000537504,0.000929917,0.00466427,0.00647908,0.00552456,0.000927078,-0.0105131,-0.0243672,-0.0291769,-0.0250396,-0.0163822,-0.00262778,0.0101829,0.0162811,0.0111832,0.0117221,0.00924318,0.00613948,0.00227045,0.000135447,0.0,0.0,-1.7067e-06,-0.000103418,-0.000465014,0.000630192,-0.00093153,-0.00179675,-0.00118346,-0.00181187,0.000838639,0.00526861,0.00962806,0.00487125,-0.00707787,-0.0207149,-0.0218976,-0.0161778,-0.00675612,0.00577681,0.0159459,0.0157552,0.0130311,0.0120333,0.00762708,0.00339778,0.00155181,0.000371147,0.0,0.0,-2.81572e-06,-8.0887e-05,-0.000512625,-0.000159805,-0.00159684,-0.00257323,-0.00277801,-0.00545948,-0.00221647,0.0034411,0.016501,0.0142419,0.00312495,-0.00901872,-0.00831102,0.000855847,0.00998749,0.0131434,0.0134613,0.0093956,0.0065033,0.00418807,0.00208282,0.00122251,0.000662459,9.91639e-05,-1.71851e-05,0.0,-1.11065e-05,-0.000106057,-0.000326838,-0.000809124,-0.00330757,-0.00505717,-0.00832688,-0.0124921,-0.0103831,-0.000158688,0.0144249,0.0263386,0.0148085,0.00321621,0.00821969,0.0136599,0.0125926,0.00596027,0.000300809,-0.00183677,-0.00213371,-0.00264094,-0.0023174,-0.00105339,0.00026784,4.40573e-06,-1.994e-05,0.0,0.0,-8.65127e-05,-0.000292177,-0.000956686,-0.00428615,-0.0090701,-0.0148704,-0.0203521,-0.0209608,-0.00876036,0.0104821,0.0286215,0.023612,0.0174917,0.0178111,0.0117403,-0.00330625,-0.0118026,-0.0119897,-0.0103323,-0.0085872,-0.00665029,-0.0045038,-0.00215881,-0.000250517,-3.2671e-05,-5.37855e-06,0.0,-2.20039e-05,-6.49123e-05,-0.000201232,-0.00112223,-0.00527063,-0.0111646,-0.0196008,-0.0259832,-0.0273501,-0.014793,0.00763698,0.0250864,0.0272494,0.02563,0.0168628,-0.00167903,-0.0169274,-0.0244173,-0.0228215,-0.017837,-0.0125849,-0.00868298,-0.00563611,-0.00228605,-0.00026953,-4.20416e-05,0.0,0.0,-5.02312e-05,-8.33981e-05,-0.000160986,-0.00129272,-0.00593336,-0.0127966,-0.0206531,-0.027479,-0.0270631,-0.0108774,0.0119926,0.0292928,0.0292793,0.0226208,0.0104678,-0.00720271,-0.0224044,-0.0290413,-0.0284462,-0.0218462,-0.0150351,-0.0101149,-0.00529736,-0.00239301,-0.000354279,-0.0001024,-1.92008e-05,0.0,-2.3782e-05,-6.93403e-05,-0.00014823,-0.00167448,-0.00695033,-0.0138054,-0.0192552,-0.0209133,-0.015775,0.00357732,0.0268226,0.0324551,0.0241461,0.012075,0.00456652,-0.00704685,-0.01874,-0.024238,-0.0257659,-0.0214432,-0.0156523,-0.0102676,-0.00506669,-0.00234742,-0.000685755,-0.000212102,-3.9531e-05,0.0,-1.89352e-05,-6.64281e-05,-0.000409787,-0.00232817,-0.00773876,-0.0140026,-0.0157006,-0.010076,0.0024819,0.0222681,0.0327899,0.0303159,0.013244,-0.00253007,-0.00600457,-0.00483934,-0.0122523,-0.0167121,-0.0213101,-0.0186134,-0.0141073,-0.00961851,-0.00501261,-0.00203648,-0.000603779,-8.21906e-05,-2.03302e-06,0.0,-7.02942e-06,-0.000136295,-0.000794826,-0.00288799,-0.00843664,-0.0134857,-0.0103142,0.000597863,0.0172521,0.0294697,0.0294107,0.0160737,-0.00409714,-0.0140341,-0.0109637,-0.00551055,-0.00753735,-0.0132436,-0.0146323,-0.0147635,-0.0126611,-0.00826982,-0.00517592,-0.00194509,-0.000382549,-2.11814e-05,0.0,0.0,0.0,-0.000178121,-0.000959025,-0.00328226,-0.00804588,-0.0100682,-0.00578699,0.00876768,0.0186136,0.023161,0.012968,-0.00254398,-0.0170641,-0.0237649,-0.0178613,-0.00740936,-0.00667503,-0.0119003,-0.0106498,-0.0124849,-0.0105048,-0.00669373,-0.00419236,-0.00135459,-0.000401489,-7.70265e-05,0.0,0.0,0.0,-0.000159037,-0.00100013,-0.00340946,-0.00621401,-0.0086711,-0.000908232,0.00905641,0.0112198,0.0111459,-0.00269845,-0.0153934,-0.0238211,-0.0261056,-0.0188951,-0.00678661,-0.00302916,-0.00578774,-0.0054566,-0.0085515,-0.00647124,-0.00350807,-0.00253674,-0.00128739,-0.000476797,-2.50986e-05,0.0,0.0,0.0,-0.000108029,-0.000873951,-0.0030098,-0.00473831,-0.00402988,-0.00015335,0.0059628,0.00571179,0.00320487,-0.00281589,-0.00818376,-0.0121577,-0.0125253,-0.00579324,0.00259309,0.00297819,0.00278034,-0.00189625,-0.00455883,-0.00250686,-0.00103261,-0.00132898,-0.00119021,-0.00028129,-1.74296e-07,0.0,0.0,0.0,-2.10853e-05,-0.000673698,-0.00214629,-0.00298521,4.34316e-05,0.00275573,0.00438424,0.00978083,0.00933467,0.0121689,0.0161027,0.0156076,0.0162374,0.0174902,0.0165024,0.0119663,0.00560801,0.000995848,0.00106299,0.00109239,0.000370714,-0.000557634,-0.000548106,-7.50199e-05,0.0,0.0,0.0,0.0,0.0,-0.000240762,-0.00134735,-0.00176701,0.00087173,0.0045874,0.00621382,0.0125395,0.0160774,0.0216282,0.028274,0.0284872,0.0283371,0.0248189,0.0205008,0.0112829,0.00540902,0.00353798,0.00276739,0.00134659,0.000307636,-0.00035725,-0.00025833,-5.57435e-05,0.0,0.0,0.0,0.0,0.0,-5.04447e-06,-0.000275617,-0.000867322,0.000172387,0.00216123,0.00361101,0.0072026,0.00910205,0.0118658,0.0166664,0.0173803,0.0168813,0.0120509,0.00549897,0.002593,0.00141807,0.00115382,0.00118211,0.000153548,-0.000147172,-0.000312792,-0.000114738,-7.32258e-07,0.0,0.0,0.0,0.0,0.0,0.0,-1.02753e-05,-0.000201233,-0.000701093,-0.00186021,-0.00364149,-0.00486656,-0.00628315,-0.00637814,-0.00567596,-0.00603092,-0.0051447,-0.0050865,-0.00487018,-0.00363252,-0.0023402,-0.00140184,-0.000712667,-0.000397954,-0.000229181,-0.000125012,-2.23818e-05,0.0,0.0,0.0,0.0,0.0,0.0,0.0,-1.91131e-05,-0.000130979,-0.000379433,-0.000737072,-0.00156252,-0.00209455,-0.00284231,-0.0030891,-0.00310551,-0.00309699,-0.00287452,-0.00236876,-0.0020557,-0.00155534,-0.000854639,-0.000323376,-7.2183e-05,-4.62117e-05,-2.73965e-05,-5.45558e-06,0.0,0.0,0.0,0.0,0.0,0.0,0.0,0.0,0.0,0.0,-8.52621e-06,-8.24972e-05,-0.000164363,-0.000157424,