{"max":0.184334,"min":-0.121263,"acc":0.8897,"arr":[0.0,0.0,0.0,0.0,0.0,0.0,0.0,0.0,0.0,0.0,0.0,0.0,-1.05174e-05,-2.79798e-05,-5.50875e-06,-2.29531e-07,0.0,0.0,0.0,0.0,0.0,0.0,0.0,0.0,0.0,0.0,0.0,0.0,0.0,0.0,0.0,0.0,-1.7528e-07,-5.51707e-07,-1.84071e-05,-4.95035e-05,-0.000114219,-0.000128137,-0.000252964,-0.000270698,-0.000320586,-0.000355907,-0.000425489,-0.000327701,-0.000416968,-0.000345152,-0.000205118,-0.000214315,-0.000144361,-2.68933e-05,-1.56467e-05,-1.23339e-06,0.0,0.0,0.0,0.0,0.0,0.0,-2.82439e-07,-3.89912e-06,-5.60945e-06,-4.14016e-06,-5.70313e-05,-0.000240812,-0.000573383,-0.00117694,-0.00199848,-0.00282642,-0.00431637,-0.00551942,-0.00702944,-0.00787497,-0.00773122,-0.00654453,-0.00544135,-0.00456686,-0.00262575,-0.00153953,-0.000756921,-0.000251301,-0.000112848,-4.32828e-05,0.0,0.0,0.0,0.0,-4.20078e-06,-2.06356e-05,-3.53133e-05,-0.000174392,-0.000547073,-0.00150102,-0.00295477,-0.00585307,-0.00911702,-0.0135575,-0.0186648,-0.0240104,-0.0303243,-0.0334879,-0.0337586,-0.0329114,-0.0281652,-0.0220635,-0.013026,-0.0065613,-0.00281921,-0.000802397,-0.000411521,-0.000128232,-4.41765e-05,0.0,0.0,-3.8268e-06,2.10154e-05,-5.19125e-05,-0.000402591,-0.00166549,-0.00372314,-0.00721393,-0.0123997,-0.019333,-0.0262897,-0.0323201,-0.0331162,-0.0270753,-0.0182459,-0.0162071,-0.0230989,-0.0340464,-0.041614,-0.0418716,-0.0337401,-0.0265965,-0.0174118,-0.00903268,-0.00310034,-0.00017369,5.64645e-05,-3.30084e-05,0.0,0.0,-2.99329e-05,-0.000399586,-0.00185411,-0.00572285,-0.0123631,-0.0204005,-0.0268875,-0.0298719,-0.0300748,-0.0123942,0.0151315,0.0413973,0.0709962,0.0885621,0.0918726,0.0809214,0.0484271,0.015879,-0.00670122,-0.0134459,-0.0125308,-0.0109249,-0.00610898,-0.000131741,-3.58324e-05,-3.7048e-05,0.0,-7.96975e-07,-0.000103859,-0.00132792,-0.00451585,-0.0107824,-0.0198955,-0.0247566,-0.0206424,-0.0144996,0.00127172,0.0254334,0.0451104,0.0545932,0.0683421,0.0871364,0.0861706,0.0751516,0.050267,0.0341124,0.0197957,0.0152185,0.0105102,0.00727043,0.00269054,0.00226601,0.000192608,-0.000187036,0.0,-9.81767e-05,-0.000341207,-0.00217674,-0.00583936,-0.0124545,-0.0158403,-0.0080513,0.00449716,0.0177346,0.0303963,0.0336859,0.0319048,0.0178275,-0.00501149,-0.0052837,-0.00920999,-0.0106228,0.00758176,0.0131778,0.0249611,0.0366103,0.0404746,0.0360794,0.0192481,0.00304769,0.000387438,-9.188e-05,-2.06533e-06,-0.000163284,-0.000829769,-0.00251274,-0.0042144,-0.00559162,0.00185922,0.0176666,0.0320437,0.0513733,0.0552947,0.0431928,0.0309428,-0.00750758,-0.0568843,-0.0747874,-0.0730221,-0.0688829,-0.0251047,0.0183648,0.0394222,0.0613952,0.0715991,0.0572126,0.0312143,0.00580867,0.00147394,0.000144072,-2.59162e-05,-0.000218392,-0.00116863,-0.00273981,-0.00045047,0.0036972,0.0189456,0.0390913,0.0612617,0.0814316,0.0762957,0.0573501,0.0262375,-0.0237865,-0.0791281,-0.107005,-0.103275,-0.0764688,-0.026627,0.0269889,0.0625526,0.0845837,0.0866168,0.0679139,0.0342438,0.0064865,0.00219962,2.71507e-05,-3.16384e-05,-0.000199115,-0.00102042,-0.00291339,0.0031671,0.0100959,0.0283785,0.05241,0.074993,0.0865274,0.0826361,0.0686389,0.0441518,-0.00139679,-0.0584694,-0.0931326,-0.0909916,-0.0557385,0.0015282,0.052331,0.0776182,0.0960571,0.0897358,0.0628454,0.0312006,0.0075703,0.00176138,0.000543866,-1.34088e-05,-0.00019147,-0.000862156,-0.00224829,0.00179523,0.0108578,0.0273811,0.0458578,0.0622296,0.0715086,0.0638315,0.0747724,0.0884082,0.0636439,-0.000602345,-0.0478139,-0.0417532,-0.0101644,0.0326818,0.062837,0.0775214,0.0810385,0.0663773,0.0446405,0.0247487,0.00735675,0.00291748,0.000146327,-2.53012e-06,-0.00010189,-0.000621718,-0.00114695,-0.00195883,0.00210918,0.00568757,0.0085801,0.0106733,0.0147016,0.0202438,0.0665414,0.134637,0.125042,0.0483591,0.00943817,0.011546,0.0194795,0.0284456,0.0407948,0.0476688,0.0442474,0.0283564,0.0168203,0.0100078,0.00428804,0.00141267,-2.13191e-05,-2.79137e-06,-3.60935e-05,-0.000307656,-0.0010437,-0.00558152,-0.0136264,-0.0257096,-0.040255,-0.0547286,-0.0606048,-0.037729,0.0591422,0.161091,0.153457,0.0827514,0.0633763,0.0364794,-0.00736262,-0.0202608,-0.0182494,-0.00879116,-0.00497932,-0.00630265,-0.00645588,-0.00277485,0.00094283,0.000148832,-0.00011751,-1.29539e-05,-5.00812e-05,-0.000177165,-0.00130416,-0.00763353,-0.0235205,-0.0502725,-0.0800382,-0.109066,-0.121263,-0.0701544,0.0484589,0.150318,0.152634,0.106721,0.0676225,0.0139535,-0.0458309,-0.0874543,-0.0853757,-0.066337,-0.0434651,-0.0298839,-0.0201386,-0.00947436,-0.00122857,-0.000534722,-2.34375e-05,-4.62424e-06,-5.02312e-05,-0.000277298,-0.00158232,-0.00915629,-0.030372,-0.0605642,-0.0883528,-0.111725,-0.110866,-0.0508738,0.0571294,0.148513,0.145002,0.0924058,0.0416701,-0.0114163,-0.0821076,-0.115868,-0.114824,-0.0906221,-0.0624642,-0.0390188,-0.0230951,-0.011697,-0.00269753,-0.000959473,-8.76874e-05,-2.18679e-06,-4.04741e-05,-0.000507038,-0.00217854,-0.0116519,-0.0345094,-0.0581635,-0.0694883,-0.0629715,-0.0365195,0.0288623,0.113183,0.166127,0.115311,0.0350415,0.00486553,-0.0272185,-0.0747865,-0.105604,-0.104237,-0.0850148,-0.0651582,-0.0408448,-0.0192457,-0.0105149,-0.00467477,-0.00135479,-9.48362e-05,0.0,-5.57103e-05,-0.000538048,-0.00420596,-0.0159623,-0.0358842,-0.0483184,-0.0353806,0.00262713,0.0621577,0.114456,0.163442,0.163204,0.0667458,-0.0140021,-0.0354547,-0.0303738,-0.0585919,-0.0765825,-0.0724983,-0.0601139,-0.0511931,-0.0342574,-0.0149962,-0.00830884,-0.00585765,-0.00113665,-2.83506e-05,-1.11239e-05,-2.04875e-05,-0.000918174,-0.00788337,-0.0224057,-0.0352373,-0.0353652,-0.0049103,0.0543945,0.11398,0.148619,0.152177,0.0953885,-0.00547478,-0.0594593,-0.0524612,-0.0448092,-0.0532447,-0.0514086,-0.0450228,-0.0384968,-0.0392005,-0.0240617,-0.0126832,-0.00934138,-0.00535654,-0.000709688,-2.66573e-05,-1.60253e-06,-4.06544e-05,-0.00146072,-0.0110605,-0.0258583,-0.0329491,-0.0241876,0.0146393,0.0683267,0.103758,0.106038,0.0644966,0.00514356,-0.0694292,-0.0951829,-0.0706898,-0.0535362,-0.0516622,-0.0387933,-0.0270646,-0.0243675,-0.0245943,-0.0133319,-0.0080715,-0.00938495,-0.00492768,-0.000817391,-9.76471e-06,0.0,-5.43685e-05,-0.00169838,-0.0125921,-0.0260886,-0.0281857,-0.0161215,0.0208096,0.0385987,0.0423369,0.0331191,-0.0112318,-0.0485125,-0.0916258,-0.0987641,-0.0745516,-0.0603741,-0.0467346,-0.0225168,-0.00768403,-0.00963329,-0.00963481,-0.00523902,-0.00759574,-0.00942022,-0.00377241,-0.000632702,-1.02494e-05,-1.03719e-06,-3.55038e-05,-0.0016952,-0.0103799,-0.0230973,-0.0218949,-0.00863316,0.0105649,0.0126501,0.0100251,0.00877588,-0.00268226,-0.0137504,-0.0265723,-0.0374535,-0.0335264,-0.0247779,-0.00960655,0.0148918,0.0142804,0.00874065,-0.0016277,-0.00270314,-0.00811925,-0.00788896,-0.00240817,-0.000333592,-4.20721e-06,-1.00477e-06,-1.41529e-06,-0.00128809,-0.00664906,-0.0176753,-0.021264,-0.0109113,0.000205443,0.000494887,0.00711026,0.036413,0.0799652,0.107159,0.107395,0.0919003,0.0693812,0.0554722,0.050561,0.0482029,0.0293467,0.0165071,0.00513895,-0.00227132,-0.00524136,-0.00394588,-0.000992881,-8.80305e-05,-7.76716e-06,0.0,0.0,-0.000448708,-0.00301556,-0.0122936,-0.0222543,-0.0211505,-0.0163438,-0.00134772,0.0119003,0.0468429,0.103771,0.160595,0.184334,0.162553,0.132646,0.104016,0.0737637,0.0505934,0.0315523,0.0157103,0.00421918,-0.00131165,-0.00153395,-0.00149426,-0.000437288,-5.59592e-05,0.0,0.0,0.0,-7.96829e-05,-0.00126085,-0.00644774,-0.0151024,-0.0208017,-0.0212366,-0.0111969,-0.00206148,0.0163725,0.0438175,0.0701548,0.0811917,0.0809128,0.0701074,0.0520521,0.0298551,0.0225047,0.0136995,0.00459861,-0.00034991,-0.00131078,-0.000947309,-0.000594883,-9.15365e-05,-1.97672e-05,0.0,0.0,0.0,-9.62181e-06,-0.000286702,-0.00230765,-0.00581468,-0.0106146,-0.0179875,-0.0289523,-0.0368193,-0.0396678,-0.0413341,-0.0402623,-0.0331684,-0.0225756,-0.0144476,-0.0121359,-0.00878753,-0.00606084,-0.00467883,-0.00314686,-0.00251981,-0.00131266,-0.000568278,-0.000103233,-1.75485e-05,-2.09775e-05,0.0,0.0,0.0,0.0,0.0,-0.000467671,-0.00130627,-0.00293853,-0.00425173,-0.00682357,-0.00940084,-0.0122112,-0.0133036,-0.0137948,-0.0144126,-0.0133617,-0.011101,-0.0088711,-0.00640787,-0.00402512,