{"max":0.00735337,"min":-0.00427131,"acc":0.4222,"arr":[0.0,0.0,0.0,0.0,0.0,0.0,0.0,0.0,0.0,0.0,0.0,0.0,0.0,0.0,0.0,0.0,0.0,0.0,0.0,0.0,0.0,0.0,0.0,0.0,0.0,0.0,0.0,0.0,0.0,0.0,0.0,0.0,0.0,0.0,0.0,0.0,0.0,0.0,0.0,0.0,0.0,0.0,0.0,-1.91372e-05,-3.67168e-05,0.0,0.0,0.0,0.0,0.0,0.0,0.0,0.0,0.0,0.0,0.0,0.0,0.0,0.0,0.0,0.0,0.0,0.0,0.0,0.0,-1.30733e-05,-6.02926e-05,-0.000104326,-7.86137e-05,-3.33232e-05,-0.000127628,-0.000220115,-0.000255742,-0.000131316,-0.000115294,-3.89514e-05,-6.221e-05,-2.97632e-05,0.0,0.0,0.0,0.0,0.0,0.0,0.0,0.0,0.0,0.0,0.0,0.0,0.0,0.0,-9.53012e-07,-5.31785e-05,-0.000179107,-0.000306006,-0.000311369,-0.000439166,-0.00064976,-0.000768215,-0.000521986,-0.000266036,-0.000181336,-2.15306e-05,6.15912e-05,0.000130644,-7.39482e-05,-4.17187e-05,0.0,0.0,0.0,0.0,0.0,0.0,0.0,0.0,0.0,0.0,-3.57228e-05,-0.00016067,-0.000279539,-0.000542984,-0.000848757,-0.00112411,-0.0012883,-0.00167393,-0.00192421,-0.00176302,-0.00166213,-0.00153619,-0.00115407,-0.000686219,0.000196926,0.000569685,-3.75598e-05,-8.6515e-05,0.0,0.0,0.0,0.0,0.0,0.0,0.0,0.0,0.0,-3.65021e-05,-0.000139628,-0.0003731,-0.000780352,-0.00103859,-0.00114289,-0.000874167,-0.000417087,0.000180995,0.00132412,0.0023973,0.00324097,0.00223338,0.00128335,0.000602419,0.000487025,0.00101844,0.000949564,0.000617339,0.000338751,5.55656e-05,-9.79617e-06,0.0,0.0,0.0,0.0,0.0,0.0,-8.73822e-05,-0.000373694,-0.000771593,-0.000848298,-0.000632848,0.000240431,0.00180492,0.00317211,0.00456809,0.00486684,0.00430401,0.00382368,0.0036481,0.0029939,0.00290174,0.00206163,0.00210842,0.000985257,0.000403134,0.000372149,0.000509701,-2.89592e-05,0.0,0.0,0.0,0.0,-2.55944e-05,-7.27882e-05,-0.000288621,-0.00053065,-0.000447768,-0.000112525,0.00111971,0.00259462,0.00289196,0.00471879,0.00392979,0.0033584,0.00168801,0.000224971,0.000736591,0.00276793,0.00400168,0.00388192,0.00364868,0.00197994,0.000669449,0.000531797,0.000920303,0.000384706,0.0,0.0,0.0,-2.76711e-05,-9.5911e-05,-0.000162773,-0.000269314,-6.84455e-05,0.000303513,0.00160289,0.00387749,0.00365065,0.00364082,0.00380354,0.00174386,0.000157228,-0.00113584,-0.00189716,-0.00105245,0.0020462,0.0040346,0.0055969,0.00493711,0.0025316,0.00120633,0.000997285,0.000687283,0.000217059,0.0,0.0,0.0,-1.81591e-05,-0.000141959,-2.05277e-05,3.33246e-05,0.00031444,0.000869086,0.00291316,0.00331235,0.00362185,0.00338122,0.00293195,0.000150248,-0.00173591,-0.00246236,-0.00190403,0.000554688,0.00278985,0.00465254,0.0057349,0.00451016,0.00303638,0.00165072,0.000727986,0.000237094,-3.64706e-05,0.0,0.0,0.0,0.0,-0.000176064,2.95416e-06,-0.0001595,0.000214087,0.00121751,0.00205119,0.00222341,0.00313561,0.00389943,0.00316167,0.000192155,-0.00167332,-0.00101959,-0.00063472,0.000828479,0.00333837,0.00500425,0.00441038,0.00342975,0.00302391,0.00104543,0.000163963,-1.41176e-05,-4.11765e-06,0.0,0.0,0.0,0.0,-0.000146189,-0.000150918,-0.000198178,1.87208e-05,0.000821684,0.00106446,0.00147837,0.00227293,0.00466629,0.00359256,0.000800474,-0.000972725,0.000449254,0.00140067,0.00263775,0.00401438,0.00408852,0.00322943,0.00221838,0.00147611,0.000665001,0.000287664,0.0,0.0,0.0,0.0,0.0,0.0,-1.98039e-05,-0.000155477,-0.000395605,-0.000427815,-0.000336624,-0.000641917,-0.000103524,0.00139859,0.00353847,0.00544401,0.00223474,0.000378668,0.00216571,0.00245374,0.00292043,0.00261037,0.00231102,0.0013451,0.000216952,-5.94014e-05,0.00048064,0.000295179,-8.53451e-07,0.0,0.0,0.0,0.0,0.0,0.0,-0.000103409,-0.000468661,-0.00096311,-0.00084539,-0.00200487,-0.00189113,3.96083e-05,0.0021795,0.00555831,0.00452094,0.00308329,0.00419511,0.00333048,0.00162084,1.78675e-05,-0.000511727,-0.000536339,-0.000684741,-0.000280203,-0.000129518,-0.000212677,-2.6457e-05,0.0,0.0,0.0,0.0,0.0,0.0,-0.000125092,-0.000518015,-0.00121965,-0.0018855,-0.00296779,-0.0039918,-0.00233709,0.00107271,0.00483302,0.00564307,0.00546331,0.00501035,0.00225616,-0.00101676,-0.00309248,-0.00212874,-0.0013407,-0.00137454,-0.00117795,-0.000793207,-0.000236413,0.0,0.0,0.0,0.0,0.0,0.0,0.0,-7.71367e-05,-0.000551821,-0.0013773,-0.00239793,-0.00337488,-0.00427131,-0.00313801,0.000328213,0.0049669,0.00593654,0.00532623,0.00407898,0.00153955,-0.00188532,-0.00350924,-0.00322594,-0.00277978,-0.00206141,-0.00164275,-0.0010062,-0.00033011,-2.78722e-05,0.0,0.0,0.0,0.0,0.0,-4.53152e-06,-0.000150785,-0.000744442,-0.00189436,-0.00225507,-0.00296776,-0.00302307,-0.000177698,0.00370003,0.00562576,0.00557565,0.004535,0.00368814,0.00206784,-0.000515555,-0.00276849,-0.00303049,-0.00272856,-0.00207414,-0.00159817,-0.00083837,-0.000365583,-0.000109712,0.0,0.0,0.0,0.0,0.0,-4.62687e-05,-0.000302513,-0.00084284,-0.00173492,-0.00207743,-0.00133928,0.00075179,0.00276669,0.00508541,0.0062571,0.00545288,0.00303939,0.00133226,0.00334372,0.00161019,-0.00142283,-0.00247873,-0.00216699,-0.00179953,-0.00145798,-0.000734304,-0.00027059,-6.03751e-05,0.0,0.0,0.0,0.0,-1.88235e-05,-0.000140244,-0.000472877,-0.000850136,-0.00152331,-0.000965713,0.000913301,0.00312767,0.0055325,0.00533252,0.00505097,0.00266089,0.000452212,-0.00042634,0.00250431,0.00315381,0.000120717,-0.00216215,-0.00204827,-0.00171458,-0.000887868,-0.000662862,-0.000322267,-0.000105285,0.0,0.0,0.0,0.0,-2.37255e-05,-0.000214109,-0.000464122,-0.000956647,-0.00119505,-0.000368067,0.00236918,0.00356387,0.00523866,0.00405832,0.00255752,-0.000492388,-0.00214866,-0.00186308,0.0024283,0.00388981,0.000537928,-0.00227776,-0.00211975,-0.00141602,-0.000517651,-0.000197689,-0.00030255,-5.85692e-05,0.0,0.0,0.0,0.0,-7.45098e-06,-0.000185347,-0.000388743,-0.000930549,-0.00123004,0.000409435,0.00265032,0.00292167,0.00418829,0.00238693,-0.000179486,-0.00235993,-0.00366027,-0.0013677,0.00315597,0.0039317,-3.40306e-05,-0.0016819,-0.00187198,-0.000934055,-0.000196891,-2.41143e-05,-0.000195753,-3.3717e-05,0.0,0.0,0.0,0.0,0.0,-5.95833e-05,-0.000265476,-0.000858543,-0.00108813,0.000539895,0.00293353,0.00273835,0.00335188,0.0018441,0.000317588,-0.00144621,-0.00188402,0.00102508,0.00379485,0.00322131,0.00031347,-0.000972159,-0.000877704,-0.000458781,5.63627e-05,0.00017453,-9.74594e-05,-4.60339e-06,0.0,0.0,0.0,0.0,0.0,-5.11571e-07,-0.000144338,-0.00054619,-0.000494455,-2.44768e-06,0.00151052,0.00365633,0.00389409,0.0034789,0.00400211,0.00332041,0.00363558,0.00430913,0.00462564,0.00274412,0.000781703,0.000141428,7.8148e-05,1.00175e-05,0.000277072,0.000222347,-5.35325e-05,-1.06605e-05,0.0,0.0,0.0,0.0,0.0,0.0,-8.82898e-05,-0.000259865,-0.000218306,8.39813e-06,0.00101578,0.00352913,0.00453914,0.0054068,0.00662078,0.00699805,0.00735337,0.00591821,0.00465099,0.00242225,0.00121223,0.000109194,1.76163e-06,0.000214679,0.000210184,3.03011e-05,0.0,0.0,0.0,0.0,0.0,0.0,0.0,0.0,-1.22898e-05,-5.29054e-05,-5.12846e-06,7.67526e-05,0.000726366,0.00203053,0.00296957,0.0048864,0.00644128,0.0057672,0.0053551,0.00355647,0.00194441,0.000930442,-0.000236988,-0.000333086,3.60694e-06,-6.43087e-05,-8.13885e-05,-4.03862e-05,0.0,0.0,0.0,0.0,0.0,0.0,0.0,0.0,0.0,0.0,-4.1271e-06,-0.000103062,-0.00032315,-0.000452142,-0.000335406,-3.21132e-07,-3.60567e-06,-0.000241794,-3.76709e-05,-4.306e-05,-0.000205324,-0.000385784,-0.000435365,-0.000269731,-0.000106074,-5.0942e-05,-6.27451e-06,0.0,0.0,0.0,0.0,0.0,0.0,0.0,0.0,0.0,0.0,0.0,-2.29284e-07,-6.46668e-05,-0.000166006,-0.000147071,-0.000180008,-0.000115917,-0.000163289,-0.000429999,-0.000385067,-0.000302924,-0.000387974,-0.000396925,-0.000118349,-5.54902e-05,-1.70588e-05,0.0,0.0,0.0,0.0,0.0,0.0,0.0,0.0,0.0,0.0,0.0,0.0,0.0,0.0,-1.19538e-05,-5.51713e-05,-4.25279e-05,-4.59761e-06,0.0,-5.02768e-05,-2.75429e-05,0.0,-3.66201e-05,-0.000142006,-0.000128225,0.0,0.0,0.0,0.0,0.0,0.0,0.0,0.0,0.0,0.0]}