{"max":0.132444,"min":-0.0936602,"acc":0.8668,"arr":[0.0,0.0,0.0,0.0,0.0,0.0,0.0,0.0,0.0,0.0,0.0,0.0,-1.02624e-05,-2.2471e-05,0.0,0.0,0.0,0.0,0.0,0.0,0.0,0.0,0.0,0.0,0.0,0.0,0.0,0.0,0.0,0.0,0.0,0.0,0.0,-3.68202e-08,-1.77328e-05,-4.47734e-05,-8.10723e-05,-8.45858e-05,-0.000203987,-0.00017268,-0.000201799,-0.000234889,-0.000310199,-0.000217703,-0.000301693,-0.000248448,-0.000104773,-0.000131841,-0.000112476,-2.38852e-05,-1.51295e-05,-1.23339e-06,0.0,0.0,0.0,0.0,0.0,0.0,0.0,-3.89912e-06,-4.78868e-06,-1.64785e-06,-2.84328e-05,-0.000152262,-0.000415468,-0.00084808,-0.00143421,-0.00203282,-0.00294695,-0.00376093,-0.00493091,-0.00560777,-0.00549931,-0.00468429,-0.00359122,-0.00305919,-0.00187455,-0.00106221,-0.000412873,-6.35275e-05,0.0,0.0,0.0,0.0,0.0,0.0,-2.16221e-06,-2.01058e-05,-2.41415e-05,-0.000101076,-0.00033924,-0.000962222,-0.00210275,-0.00431785,-0.00658642,-0.00965756,-0.0130607,-0.0167943,-0.0201567,-0.0218036,-0.0224232,-0.0215916,-0.018212,-0.0142522,-0.00863812,-0.00457344,-0.00196044,-0.000704189,-0.000385151,-0.000106055,-8.65229e-06,0.0,0.0,-3.8268e-06,3.69438e-05,-2.72566e-05,-0.000233321,-0.000931821,-0.00245597,-0.004385,-0.00789135,-0.0129988,-0.018282,-0.0242663,-0.0278599,-0.0246171,-0.0188918,-0.0127358,-0.0152519,-0.0210188,-0.024149,-0.026633,-0.0220807,-0.0169536,-0.0102473,-0.00526226,-0.00216975,-0.000381331,8.51029e-05,0.0,0.0,0.0,-2.51821e-05,-0.000230126,-0.00105486,-0.00318355,-0.00736723,-0.0124975,-0.0167859,-0.0190023,-0.0204188,-0.0104086,0.00734353,0.0291132,0.0519322,0.0672249,0.0703129,0.0635935,0.0411341,0.0155157,-0.00199007,-0.00765381,-0.0065398,-0.00651603,-0.00432844,-8.87523e-05,0.000284484,0.0,0.0,0.0,-5.36234e-05,-0.000830014,-0.00256648,-0.00671064,-0.0114965,-0.0140237,-0.0130788,-0.0117047,0.0011299,0.024649,0.0447827,0.0609283,0.0691723,0.0697877,0.0654626,0.0625862,0.0484468,0.0356652,0.0171286,0.0111956,0.00632393,0.00405738,0.00276899,0.00283226,0.0006226,-7.96951e-05,0.0,-1.48884e-05,-0.000226208,-0.00135665,-0.00392896,-0.00752839,-0.0101023,-0.0058342,0.000109362,0.00935152,0.0241928,0.0382005,0.0407106,0.0312811,0.00726532,-0.0061486,-0.0116206,-0.00491264,0.012331,0.0231685,0.0228411,0.0232629,0.0224354,0.0188416,0.0121306,0.00354097,0.000740999,-0.000103017,0.0,-5.06174e-05,-0.000541359,-0.00213736,-0.00456039,-0.00580643,-0.0034826,0.00641695,0.0164208,0.0312155,0.0410407,0.0377425,0.0259926,-0.00612867,-0.0465746,-0.0666805,-0.0688072,-0.0563015,-0.01415,0.025316,0.0378169,0.0428587,0.0438615,0.0354168,0.0222598,0.00653121,0.00107399,-1.76173e-05,-2.47612e-05,-0.000117632,-0.000773853,-0.00264615,-0.00325986,-0.00169637,0.00519878,0.0173815,0.0323317,0.0493347,0.0469164,0.0398665,0.0158219,-0.0212702,-0.0688345,-0.0908664,-0.0843672,-0.0551729,-0.0119083,0.0324943,0.05334,0.0583762,0.0549046,0.0431202,0.024927,0.0075262,0.00155213,0.000278297,-2.88634e-05,-0.000147583,-0.000715793,-0.00249407,-0.00072967,0.0014769,0.00893845,0.0224366,0.0357017,0.0461819,0.0468155,0.0472615,0.0298836,-0.00782611,-0.0525797,-0.0708019,-0.0615048,-0.0282836,0.0133036,0.0488579,0.0603752,0.0648108,0.0533355,0.0365978,0.0192261,0.00636343,0.00167925,0.000569022,-1.14215e-05,-0.000106969,-0.000510818,-0.00166798,-0.000856983,0.000877486,0.00656482,0.0152158,0.0241539,0.0347423,0.0387177,0.0595974,0.063098,0.0328471,-0.0142003,-0.0362706,-0.0188289,0.0122547,0.0410969,0.0523277,0.0535997,0.0467872,0.0336155,0.0226007,0.0126727,0.00465713,0.00116619,0.000149778,-1.26703e-06,-5.03007e-05,-0.000348949,-0.000628676,-0.00222845,-0.00314331,-0.00483939,-0.00998336,-0.00743916,-0.00220558,0.0187707,0.0625486,0.101953,0.0786635,0.0270266,0.0131068,0.0278658,0.0335678,0.030047,0.0255933,0.0227865,0.0170799,0.00868821,0.00477761,0.00319658,0.00202839,0.000568089,-1.994e-05,-2.79137e-06,-2.47338e-05,-0.000199393,-0.00059221,-0.00305965,-0.0102066,-0.022529,-0.0385572,-0.0515658,-0.0528291,-0.0210671,0.0518998,0.116538,0.105738,0.0637901,0.0591899,0.0421864,0.000939994,-0.0185041,-0.0218336,-0.0169217,-0.01323,-0.011733,-0.00823699,-0.00292253,0.00137564,0.000297616,-2.08171e-05,0.0,-5.00677e-05,-0.000143019,-0.000594291,-0.00411719,-0.0148944,-0.0354587,-0.0600773,-0.0832345,-0.0936602,-0.0513894,0.0348737,0.105857,0.106965,0.0819652,0.0581601,0.0128713,-0.037301,-0.0684608,-0.0671681,-0.0509385,-0.0332835,-0.0227917,-0.0147112,-0.00581919,-1.50704e-05,-0.000188202,-1.14686e-05,0.0,-5.02312e-05,-0.000146177,-0.000614907,-0.00524769,-0.0192778,-0.0407646,-0.064586,-0.0846915,-0.0872099,-0.0415527,0.0389986,0.105568,0.104611,0.0722215,0.0333318,-0.0142446,-0.068321,-0.0891123,-0.0838487,-0.0651296,-0.043205,-0.0269768,-0.0158367,-0.00772777,-0.00140751,-0.000386634,-6.68632e-05,0.0,-3.06429e-05,-0.000238854,-0.00075303,-0.0067286,-0.022778,-0.0413864,-0.0546147,-0.0573052,-0.0389949,0.017011,0.0822137,0.117107,0.0865644,0.0293017,0.00456896,-0.0254546,-0.0614967,-0.0780278,-0.0765174,-0.0645287,-0.0447435,-0.0276283,-0.0136816,-0.00702175,-0.00271821,-0.000737909,-8.42929e-05,0.0,-2.34377e-05,-0.000233683,-0.00214379,-0.00977152,-0.0247039,-0.0383858,-0.0367107,-0.0158984,0.0303727,0.0824737,0.119819,0.112653,0.0480503,-0.00969813,-0.0238174,-0.0209192,-0.0435997,-0.0582336,-0.0579507,-0.0512212,-0.0393742,-0.0235852,-0.0107006,-0.0062939,-0.00364054,-0.000534651,-2.54161e-05,-3.20507e-07,-1.03193e-05,-0.000430399,-0.00421779,-0.0135995,-0.0276461,-0.0336105,-0.0156252,0.0257006,0.0773824,0.110589,0.111938,0.067131,-0.00589066,-0.044388,-0.0371503,-0.0257413,-0.0344854,-0.0422093,-0.0415705,-0.0386463,-0.0325718,-0.0184826,-0.00926921,-0.00737108,-0.00307655,-0.000365864,-2.66573e-05,-1.60253e-06,-1.14803e-05,-0.000690652,-0.0057437,-0.016097,-0.0284113,-0.025181,0.00242283,0.0438826,0.0784837,0.0867911,0.0547638,0.0014318,-0.0533885,-0.0761407,-0.052991,-0.0341466,-0.0288602,-0.0303547,-0.0290084,-0.030481,-0.024943,-0.0123163,-0.0062743,-0.00597565,-0.00274687,-0.000435735,-8.87572e-06,0.0,-1.00518e-05,-0.000856191,-0.00663493,-0.0165388,-0.0241918,-0.0189025,0.00828449,0.0305326,0.0442181,0.0403053,0.00169756,-0.0400794,-0.0780879,-0.0831163,-0.0595208,-0.0351327,-0.0183935,-0.0136603,-0.0168917,-0.0201818,-0.0149955,-0.00597048,-0.00580271,-0.00590668,-0.00248957,-0.000410893,0.0,0.0,-1.87223e-05,-0.000968706,-0.00562332,-0.0148366,-0.0159469,-0.0132369,0.000149628,0.0143473,0.018898,0.01827,0.00263628,-0.0211787,-0.036087,-0.0368242,-0.0179439,-0.00196944,0.00975928,0.0123277,-0.00027183,-0.00663979,-0.00564719,-0.00170937,-0.00440682,-0.00492526,-0.00160856,-0.000209723,-4.20721e-06,0.0,0.0,-0.000747831,-0.0035844,-0.0107883,-0.0123634,-0.00905329,-0.00451944,-0.000158059,0.0135502,0.032731,0.058762,0.0696793,0.0698209,0.0682087,0.0627337,0.0560284,0.0441254,0.0298887,0.0121277,0.00613805,0.00256298,0.000343748,-0.002244,-0.00236809,-0.000523456,-7.01923e-05,-7.76716e-06,0.0,0.0,-0.000316169,-0.00144833,-0.005988,-0.00984593,-0.00748071,-0.00474571,0.00264947,0.0185102,0.0434811,0.0798718,0.118869,0.132444,0.122663,0.103925,0.0800919,0.0498208,0.0281968,0.016577,0.008781,0.00317299,-0.000293791,-0.000774836,-0.000740254,-0.00019733,-5.26268e-05,0.0,0.0,0.0,-4.43815e-05,-0.000272454,-0.00240362,-0.00578245,-0.0075998,-0.00546247,0.000975789,0.0100113,0.0233609,0.0415026,0.0619878,0.0683313,0.0653362,0.0516712,0.0311921,0.0154507,0.0102462,0.00630523,0.00303649,0.000130469,-0.000376714,-0.000181255,-0.000259089,-4.87409e-05,0.0,0.0,0.0,0.0,-7.56189e-06,-1.36152e-05,-0.000695353,-0.00208422,-0.00502705,-0.00900833,-0.0144498,-0.018041,-0.0220514,-0.0251621,-0.0251753,-0.0211347,-0.0162695,-0.0128355,-0.0108703,-0.00786077,-0.00500144,-0.00337995,-0.00214218,-0.00156928,-0.000865151,-0.000373528,-5.36322e-05,0.0,0.0,0.0,0.0,0.0,0.0,0.0,-0.000360962,-0.000667803,-0.00136959,-0.00256011,-0.00477029,-0.00672464,-0.0088809,-0.0100212,-0.00997857,-0.00982356,-0.0090503,-0.00733636,-0.00567647,-0.00420968,-0.00285395,-0.00164202,-0.000818131,-0.000424006,-0.000141986,-5.08421e-05,-2.51509e-07,0.0,0.0,0.0,0.0,0.0,0.0,0.0,0.0,0.0,