{"max":0.0944737,"min":-0.0764162,"acc":0.8556,"arr":[0.0,0.0,0.0,0.0,0.0,0.0,0.0,0.0,0.0,0.0,0.0,0.0,0.0,0.0,0.0,0.0,0.0,0.0,0.0,0.0,0.0,0.0,0.0,0.0,0.0,0.0,0.0,0.0,0.0,0.0,0.0,0.0,0.0,0.0,-1.70103e-05,-4.38667e-05,-8.09112e-05,-8.45858e-05,-0.00019832,-0.000156953,-0.000167924,-0.000202229,-0.000281382,-0.000179027,-0.000218061,-0.00016516,-7.29703e-05,-0.000117995,-7.94065e-05,-4.17216e-07,0.0,0.0,0.0,0.0,0.0,0.0,0.0,0.0,0.0,-3.89912e-06,-4.70257e-06,-1.43124e-06,-2.6184e-05,-0.000135027,-0.000379792,-0.000714088,-0.00113729,-0.00157232,-0.00224548,-0.00278077,-0.00378353,-0.00435413,-0.00449965,-0.00374228,-0.00290294,-0.00249982,-0.00149998,-0.000875262,-0.000346917,-4.93205e-05,0.0,0.0,0.0,0.0,0.0,0.0,-2.16221e-06,-2.01058e-05,-2.40584e-05,-8.16283e-05,-0.000269555,-0.000759499,-0.00165785,-0.00332882,-0.00499406,-0.00743518,-0.0100272,-0.012919,-0.0158992,-0.0173412,-0.0172802,-0.0161987,-0.0137218,-0.0104172,-0.00596964,-0.00305924,-0.00131704,-0.000420616,-0.000204746,-6.96723e-05,-8.65229e-06,0.0,0.0,-3.8268e-06,3.69438e-05,-2.72566e-05,-0.000217738,-0.000779327,-0.00195515,-0.00366569,-0.00620408,-0.00986427,-0.014035,-0.0192772,-0.0219648,-0.020686,-0.0186685,-0.0145764,-0.0150244,-0.0170703,-0.0186119,-0.0183036,-0.0136871,-0.0113977,-0.00658962,-0.00306168,-0.00124926,-0.000229452,9.16895e-05,0.0,0.0,0.0,-2.51821e-05,-0.000226576,-0.00087409,-0.00268577,-0.006123,-0.0105409,-0.0139168,-0.0156649,-0.0162405,-0.00881175,0.00341251,0.0219704,0.0382973,0.0486513,0.0521373,0.0494554,0.0337567,0.0136242,0.0018658,-0.00312417,-0.00352123,-0.00248566,-0.00170583,0.000560595,0.000195101,0.0,0.0,0.0,-1.74041e-05,-0.000736377,-0.00215592,-0.00519883,-0.0100584,-0.0135429,-0.0137349,-0.0115705,-0.00192912,0.0184317,0.0362117,0.0500669,0.0555032,0.0528259,0.0504748,0.0494727,0.0397807,0.030351,0.0176414,0.0126788,0.0067216,0.0057303,0.00435915,0.00360828,0.000546757,-7.96951e-05,0.0,-1.45105e-05,-0.000201584,-0.00114924,-0.00300474,-0.00665769,-0.0111454,-0.00865779,-0.00390601,0.00493212,0.018109,0.0292039,0.0357559,0.0304628,0.00743471,-0.00893879,-0.0108728,-0.00233863,0.00896821,0.0197716,0.0193933,0.0207112,0.0188269,0.0153339,0.0100946,0.00328136,0.000851916,-0.000103017,0.0,-4.58138e-05,-0.000485432,-0.00174589,-0.00378393,-0.00608652,-0.00648039,-0.000169332,0.010125,0.0228687,0.0295789,0.0278699,0.0208875,-0.00581831,-0.0394296,-0.0575413,-0.0569394,-0.0461247,-0.0166066,0.0207122,0.0299677,0.0335588,0.0326242,0.024205,0.0154614,0.0058256,0.00146089,-5.62995e-05,-2.47612e-05,-0.000107804,-0.000674349,-0.00222665,-0.00257486,-0.00301673,-0.000679255,0.00841893,0.0198228,0.0316085,0.0307961,0.0253985,0.0106037,-0.0194816,-0.0584232,-0.0764162,-0.0683342,-0.0463519,-0.0107681,0.0249377,0.040147,0.0435505,0.0388688,0.0283254,0.0156244,0.00570492,0.00175314,0.000120703,-2.88634e-05,-0.000109647,-0.000591724,-0.00211566,-0.00115811,-0.000832213,0.00237065,0.0106475,0.0189606,0.0257275,0.0283318,0.0308099,0.0172402,-0.0109215,-0.0441452,-0.0571058,-0.0493792,-0.0213267,0.0158273,0.0422984,0.0481967,0.0467917,0.0363765,0.0216407,0.0105514,0.00342952,0.00108542,0.000268159,-1.14215e-05,-7.9252e-05,-0.000363285,-0.00163094,-0.00120989,-0.00214847,0.00011,0.0055148,0.00915732,0.0163297,0.0253939,0.0459009,0.0451372,0.0196468,-0.0144145,-0.029477,-0.0131197,0.0170368,0.0379478,0.0437142,0.0393625,0.0294753,0.0170938,0.0101451,0.00658307,0.00226643,0.000273067,-3.26151e-05,0.0,-3.49988e-05,-0.000252172,-0.000761997,-0.00174882,-0.00501654,-0.0080458,-0.0120719,-0.0146718,-0.0100235,0.0111407,0.0486938,0.0769192,0.0536833,0.0163377,0.0102608,0.0259344,0.0335267,0.0259121,0.0155231,0.0104481,0.00418987,-0.000614368,-0.00115476,0.000296775,0.000840644,0.000180505,-1.994e-05,-2.79137e-06,-2.33784e-05,-0.000161667,-0.000638042,-0.00256293,-0.00946012,-0.0209278,-0.0331853,-0.0466652,-0.0464045,-0.0188936,0.0370434,0.0852436,0.0753588,0.047347,0.0476403,0.0366239,0.00359888,-0.0164395,-0.0233604,-0.0208214,-0.0159958,-0.011677,-0.00809828,-0.0028318,0.000707837,-0.000132735,-2.08171e-05,0.0,-3.75127e-05,-0.000113512,-0.000538005,-0.00339127,-0.0122652,-0.028627,-0.0491141,-0.0681913,-0.0757257,-0.0445505,0.020934,0.0793762,0.0824291,0.0676169,0.0504767,0.00886635,-0.0327111,-0.0593755,-0.0562796,-0.0427877,-0.0280494,-0.0185494,-0.0114523,-0.0043634,0.000168042,-0.000203587,-1.14686e-05,0.0,-5.02312e-05,-0.000121076,-0.000536942,-0.00400321,-0.0148516,-0.032395,-0.051801,-0.0699486,-0.0734298,-0.035789,0.0303431,0.0828224,0.0825551,0.0599505,0.0266299,-0.0146978,-0.0576379,-0.0725887,-0.0673099,-0.0519091,-0.0346437,-0.0214691,-0.0121955,-0.0056951,-0.000811186,-0.000252042,-6.68632e-05,0.0,-3.06429e-05,-0.000208354,-0.000830884,-0.00485071,-0.0175989,-0.0334679,-0.0457909,-0.0497254,-0.0359653,0.013015,0.0678363,0.091601,0.0655347,0.0257553,0.00358468,-0.0233238,-0.052119,-0.0615708,-0.0585924,-0.0487637,-0.035199,-0.0224016,-0.0116996,-0.0061543,-0.00197477,-0.00054432,-8.42929e-05,0.0,-2.34377e-05,-0.000193804,-0.00167662,-0.00706406,-0.019744,-0.0326337,-0.0333808,-0.01808,0.0212606,0.0662433,0.0944737,0.085454,0.0339346,-0.0101562,-0.0212518,-0.0210128,-0.0363885,-0.0459107,-0.0460346,-0.0396734,-0.0290858,-0.019114,-0.00990262,-0.00605939,-0.00271691,-0.00038833,-1.80339e-05,0.0,-9.03725e-06,-0.000370792,-0.00304338,-0.00958786,-0.0220876,-0.0294256,-0.0179942,0.0158204,0.0581498,0.0892834,0.0871227,0.0452755,-0.00909343,-0.0381117,-0.0325399,-0.0224291,-0.0280346,-0.0355316,-0.0361227,-0.0312311,-0.0240886,-0.0151964,-0.00910445,-0.00641162,-0.00203382,-0.000230521,-1.02646e-05,0.0,0.0,-0.000576095,-0.00413031,-0.0119247,-0.0233006,-0.0228178,-0.00339707,0.0316876,0.0616188,0.0722615,0.0433346,-0.00571321,-0.0453004,-0.0625003,-0.0475355,-0.0295472,-0.024351,-0.0256782,-0.0258113,-0.0253671,-0.0196725,-0.0110121,-0.00666639,-0.00484175,-0.00186781,-0.000342319,-8.87572e-06,0.0,-9.92907e-07,-0.000653212,-0.00465184,-0.0119318,-0.0194209,-0.0170842,0.00144772,0.0241209,0.0361097,0.0345892,0.000873347,-0.0356389,-0.0626993,-0.0661982,-0.0521406,-0.0292161,-0.0170184,-0.0105438,-0.0122553,-0.0166542,-0.0137524,-0.00798422,-0.00551832,-0.00450521,-0.00183749,-0.000258291,0.0,0.0,-1.41298e-05,-0.000704201,-0.00411411,-0.0102573,-0.0129611,-0.011635,-0.00262563,0.0120658,0.0169248,0.0152724,0.00208721,-0.0208275,-0.0313372,-0.0316504,-0.0194427,-0.00232648,0.00766434,0.011068,0.000121158,-0.00794788,-0.00837581,-0.0053496,-0.00426361,-0.00392088,-0.0011642,-0.000146003,0.0,0.0,0.0,-0.000500833,-0.0025841,-0.00760865,-0.0096656,-0.00651538,-0.00197927,0.00371417,0.0168027,0.027797,0.0437951,0.0490558,0.0491014,0.0472414,0.0445268,0.0413342,0.0337927,0.0227016,0.00629948,0.000226584,-0.00230291,-0.00232875,-0.00268487,-0.00197084,-0.000328055,-5.6949e-05,0.0,0.0,0.0,-0.000180477,-0.00102869,-0.00462498,-0.00730684,-0.00211553,0.00282331,0.0089285,0.0224369,0.0401365,0.0648272,0.0901454,0.0941668,0.0859533,0.0736325,0.058252,0.0352709,0.0170794,0.00861261,0.00342843,0.000571634,-0.0013765,-0.00129839,-0.00073525,-0.000123322,-3.13666e-05,0.0,0.0,0.0,-2.15783e-05,-0.000192472,-0.0017264,-0.00412588,-0.00312219,0.000577333,0.00757488,0.0147777,0.023238,0.0351696,0.048545,0.0499599,0.0462228,0.0339209,0.0190904,0.00827808,0.00439009,0.00218318,0.00098219,-0.00066677,-0.000768249,-0.00063656,-0.000243393,-4.58551e-05,0.0,0.0,0.0,0.0,-5.88054e-06,-1.64474e-07,-0.000383269,-0.00107356,-0.00269808,-0.00516652,-0.00836088,-0.0110181,-0.015148,-0.0192855,-0.0202169,-0.0177239,-0.0137691,-0.0116718,-0.00999991,-0.00754996,-0.00476952,-0.00356685,-0.00210879,-0.00115609,-0.00061642,-0.000198824,-2.61301e-05,0.0,0.0,0.0,0.0,0.0,0.0,0.0,-0.000132041,-0.000333155,-0.000967715,-0.00190496,-0.00353324,-0.00494157,-0.00694386,-0.00800674,-0.00786757,-0.00773586,-0.00729754,-0.00605828,-0.00451283,-0.00331985,-0.00215606,-0.00115295,-0.000624197,-0.000324907,-9.2243e-05,-1.45892e-05,0.0,0.0,0.0,0.0,0.0,0.0,0.0,0.0,0.0,0.0,-2.71929e-05,-0.000127178,-0.000212665,-0.000216228,