{"max":0.0196985,"min":-0.0190305,"acc":0.7512,"arr":[0.0,0.0,0.0,0.0,0.0,0.0,0.0,0.0,0.0,0.0,0.0,0.0,0.0,0.0,0.0,0.0,0.0,0.0,0.0,0.0,0.0,0.0,0.0,0.0,0.0,0.0,0.0,0.0,0.0,0.0,0.0,0.0,0.0,0.0,0.0,0.0,0.0,-2.57502e-05,-6.28216e-05,-6.43859e-05,-0.000102038,-4.08411e-05,-2.97297e-05,-5.4209e-05,-4.39169e-05,0.0,0.0,0.0,0.0,0.0,0.0,0.0,0.0,0.0,0.0,0.0,0.0,0.0,0.0,0.0,0.0,0.0,0.0,-1.47549e-05,-0.000125636,-0.000270298,-0.000278958,-0.0004281,-0.000717297,-0.000749092,-0.00103454,-0.00125997,-0.00126009,-0.000867635,-0.0007072,-0.00049555,-0.000491791,-0.00031758,-0.000133833,-1.59447e-05,0.0,0.0,0.0,0.0,0.0,0.0,0.0,0.0,0.0,-2.79722e-05,-8.93538e-05,-0.000202017,-0.000409668,-0.000821477,-0.00114357,-0.00161205,-0.00232932,-0.00309932,-0.00358061,-0.00400865,-0.00358534,-0.00271347,-0.00245454,-0.00181101,-0.00110771,-0.000400339,-1.46597e-05,0.000106701,0.0,0.0,0.0,0.0,0.0,0.0,0.0,-1.05615e-05,-9.7084e-05,-0.000215823,-0.000420984,-0.000778485,-0.00126463,-0.00247108,-0.00371376,-0.0050684,-0.00650628,-0.00733794,-0.00704103,-0.00506969,-0.00400459,-0.00443885,-0.00414061,-0.00360595,-0.00175336,-0.0008352,-0.000304004,-0.000298681,-0.000218744,-4.6378e-05,-3.17186e-05,0.0,0.0,0.0,-1.67607e-05,-4.84453e-05,-0.000102142,-0.000547225,-0.00110636,-0.00192131,-0.00273022,-0.00349836,-0.00393434,-0.00391063,-0.00171528,0.00332477,0.00674584,0.00845785,0.00935272,0.00759066,0.00545304,0.00360297,0.00326491,0.00291849,0.00162603,0.000175436,-0.000227999,-8.41117e-05,-3.52857e-05,0.0,0.0,0.0,-1.83679e-06,-3.95376e-05,-0.000224412,-0.000801576,-0.00132331,-0.00190274,-0.00220223,-0.00257944,-0.00106539,0.00273724,0.00796464,0.0119635,0.0128937,0.0100547,0.00985194,0.00893125,0.00949932,0.00958444,0.0075082,0.00594522,0.00239903,0.00072868,0.000552409,0.0006858,-4.23284e-05,-1.01203e-05,0.0,0.0,-3.72832e-05,-0.000150737,-0.00020489,-0.000304734,-0.000546031,-0.000383317,-7.10328e-05,0.000751726,0.00321927,0.00741336,0.0111537,0.00828945,0.00310788,-0.00390189,-0.00532859,-0.00141116,0.00335894,0.00745947,0.00669597,0.00576362,0.0043245,0.00293723,0.0018249,0.0017062,0.000474556,-6.73796e-05,0.0,-3.12326e-05,-0.000145215,-0.000226881,-0.000153052,0.000527982,0.00119166,0.00114384,0.00180413,0.00437741,0.00564003,0.00540197,0.00557538,-0.00256389,-0.010324,-0.0139292,-0.013898,-0.00895911,-0.000650004,0.00584804,0.00737162,0.00674852,0.00576616,0.00471093,0.0035498,0.00232927,0.000666004,-3.70188e-05,0.0,-3.37926e-05,-0.000151891,-0.000333234,0.000706372,0.00101977,0.000230578,0.00114565,0.001816,0.00310042,0.00381371,0.00340855,0.000650861,-0.00725962,-0.0173502,-0.0189939,-0.0151521,-0.00833689,-0.000160834,0.00653724,0.0093029,0.00669126,0.00767623,0.00636754,0.00452849,0.00199995,0.000166411,0.0,0.0,-1.7067e-06,-7.33891e-05,-0.000291188,0.00124268,0.000501382,0.000307478,0.000153778,-0.000772512,-0.000304458,0.00266043,0.00543893,0.0023141,-0.00600626,-0.0138126,-0.0121039,-0.00809865,-0.00350182,0.00299559,0.00890803,0.00903124,0.00819226,0.00745559,0.00569905,0.00258968,0.000830095,0.000348976,0.0,0.0,0.0,-4.35155e-06,-0.000319731,0.000296482,-9.66623e-05,-0.00033591,-0.000823198,-0.0032551,-0.00244089,0.00153859,0.0101409,0.00849091,0.00158139,-0.00430515,-0.00176196,0.00192986,0.00446824,0.00603956,0.00687624,0.0057842,0.00409517,0.00282545,0.00167123,0.000707939,0.000189054,2.76351e-05,0.0,0.0,0.0,-4.14476e-06,-0.000164185,-0.000358651,-0.00186401,-0.00221969,-0.00401247,-0.00782693,-0.00746609,-0.000815873,0.00963801,0.01657,0.00893846,0.003635,0.00631981,0.0068113,0.00497941,0.00217507,0.000586174,-0.00177199,-0.00230242,-0.00256813,-0.0014289,-0.000852456,-0.000102804,-4.27164e-05,0.0,0.0,0.0,-2.5523e-05,-0.000175406,-0.000497756,-0.00271624,-0.00553336,-0.00849679,-0.0123722,-0.0128782,-0.00658405,0.0057511,0.0190135,0.0141142,0.00993587,0.00990377,0.00558749,-0.0031025,-0.00725702,-0.0079552,-0.00747123,-0.00627441,-0.00498144,-0.00319021,-0.00157409,-0.00015336,-1.89383e-06,0.0,0.0,0.0,-2.79226e-05,-0.000136388,-0.000673869,-0.00345115,-0.00724726,-0.0118826,-0.0159036,-0.0164187,-0.00969725,0.00345295,0.01575,0.0165059,0.0153161,0.0101911,-0.00132092,-0.00923055,-0.0154782,-0.0155063,-0.0120359,-0.00900798,-0.00607428,-0.00388588,-0.00161027,-0.000163849,-8.56525e-06,0.0,0.0,0.0,-2.20327e-05,-0.000119779,-0.000833228,-0.00403351,-0.00851691,-0.0130292,-0.0161903,-0.0158672,-0.00787543,0.0049366,0.0172079,0.0187535,0.0142835,0.00731868,-0.00320625,-0.0126027,-0.0184,-0.0190305,-0.0149691,-0.010265,-0.00671764,-0.00356135,-0.00170626,-0.000238996,-6.81783e-05,-1.92008e-05,0.0,0.0,0.0,-9.42353e-05,-0.00114199,-0.00464012,-0.00935801,-0.0125277,-0.0125262,-0.00983289,3.34552e-05,0.0144443,0.0192712,0.0146766,0.00771303,0.00327573,-0.00337785,-0.0100243,-0.0153172,-0.0166378,-0.0137773,-0.0103563,-0.00694523,-0.0032405,-0.00170565,-0.00052853,-0.000142017,-3.9531e-05,0.0,-1.07115e-05,0.0,-0.000227749,-0.0014853,-0.00507273,-0.00944483,-0.0107472,-0.00738636,0.000321249,0.0129853,0.0196985,0.0191474,0.00864763,-0.00178003,-0.00403284,-0.00303235,-0.00540703,-0.00951796,-0.0132882,-0.011716,-0.00866824,-0.00653698,-0.00314097,-0.00137808,-0.000460882,-5.84008e-05,-2.03302e-06,0.0,-7.02942e-06,-5.52063e-05,-0.000527832,-0.00184466,-0.00533277,-0.00923157,-0.00816371,-0.00146969,0.0105882,0.0196909,0.0185112,0.011634,-0.000900039,-0.00882682,-0.0074419,-0.00415218,-0.00351808,-0.00689191,-0.00876162,-0.00877775,-0.0077398,-0.0052126,-0.00327238,-0.00112684,-0.000136639,-1.17695e-05,0.0,0.0,0.0,-9.63997e-05,-0.000689478,-0.0022465,-0.00528701,-0.00773983,-0.00548096,0.00500771,0.0129666,0.016683,0.00897231,0.00060267,-0.0101112,-0.0148114,-0.0110483,-0.00499511,-0.00315219,-0.00645421,-0.0061974,-0.00737705,-0.00599751,-0.00394344,-0.00261686,-0.000705587,-0.000175838,-3.48468e-05,0.0,0.0,0.0,-0.000113793,-0.000727321,-0.00233115,-0.00448434,-0.0073367,-0.00247858,0.00584561,0.00923457,0.00954331,-0.000769877,-0.0086662,-0.0154013,-0.0167751,-0.0122153,-0.00435747,-0.00104985,-0.00388607,-0.00296372,-0.00475969,-0.00347777,-0.00160636,-0.00122426,-0.000593548,-0.000202533,0.0,0.0,0.0,0.0,-8.28283e-05,-0.00056008,-0.00187375,-0.00349413,-0.00471214,-0.00223606,0.00429906,0.00613199,0.00464055,-0.00168783,-0.00534223,-0.00787372,-0.00875128,-0.00483876,0.00116068,0.00178525,0.00219977,-0.000139612,-0.00175027,-0.000855763,0.000273641,-0.000397355,-0.000601026,-5.56786e-05,0.0,0.0,0.0,0.0,-2.10853e-05,-0.000360222,-0.00110149,-0.00207344,-0.00149571,0.000487137,0.00214742,0.00700325,0.00694225,0.00633436,0.00759186,0.0089145,0.0103073,0.0113597,0.0109831,0.00813499,0.00350441,0.00180149,0.00230302,0.0017411,0.000887978,-0.000163571,-0.000304971,-4.12322e-05,0.0,0.0,0.0,0.0,0.0,-0.000166809,-0.000578121,-0.000972175,0.000305603,0.00233042,0.00327318,0.00720692,0.00923518,0.0117866,0.0151679,0.0168089,0.018248,0.0161784,0.0144671,0.00868265,0.0048262,0.0040717,0.00292295,0.00154709,0.000682392,-0.000141975,-0.000144885,-1.61097e-05,0.0,0.0,0.0,0.0,0.0,-4.75021e-06,-0.000169595,-0.000453143,0.000198621,0.00150069,0.00268817,0.00534059,0.00607992,0.00708342,0.0100429,0.0104178,0.0107276,0.00787966,0.00513064,0.0035112,0.0021818,0.00144573,0.00102024,0.000384991,-6.55564e-06,-0.000135924,-5.23662e-05,-7.32258e-07,0.0,0.0,0.0,0.0,0.0,0.0,-8.56288e-06,-9.94111e-05,-0.000327817,-0.00104097,-0.0020923,-0.00300315,-0.00408504,-0.00411784,-0.00334193,-0.00341524,-0.00285043,-0.00302938,-0.00274825,-0.00216682,-0.0015618,-0.000981242,-0.000568889,-0.000287465,-0.000144172,-6.77023e-05,0.0,0.0,0.0,0.0,0.0,0.0,0.0,0.0,-4.6527e-06,-6.29987e-05,-0.000231944,-0.000494505,-0.00104523,-0.00123249,-0.00188042,-0.00200612,-0.00177214,-0.00188728,-0.00191338,-0.00163771,-0.00141478,-0.00110302,-0.00055854,-0.000149841,-5.89625e-05,-1.86966e-05,0.0,0.0,0.0,0.0,0.0,0.0,0.0,0.0,0.0,0.0,0.0,0.0,-8.52621e-06,-8.24972e-05,-0.000145104,-0.000127161,-0.000164165,-0.000201265,-0.000155291,-0.000208876,-0.000280671,-0.00028644,-0.000299725,-0.000131077,0.0,-1.3198e-05,-4.17387e-05,-1.05584e-05,