{"max":0.00471686,"min":-0.00112353,"acc":0.1251,"arr":[0.0,0.0,0.0,0.0,0.0,0.0,0.0,0.0,0.0,0.0,0.0,0.0,0.0,0.0,0.0,0.0,0.0,0.0,0.0,0.0,0.0,0.0,0.0,0.0,0.0,0.0,0.0,0.0,0.0,0.0,0.0,0.0,0.0,0.0,0.0,0.0,0.0,0.0,0.0,0.0,0.0,0.0,0.0,0.0,0.0,0.0,0.0,0.0,0.0,0.0,0.0,0.0,0.0,0.0,0.0,0.0,0.0,0.0,0.0,0.0,0.0,0.0,0.0,0.0,0.0,0.0,0.0,-1.2549e-05,-4.13726e-05,0.0,0.0,-1.76471e-05,-9.11765e-05,-0.000115686,-0.000115294,-2.43137e-05,0.0,0.0,0.0,0.0,0.0,0.0,0.0,0.0,0.0,0.0,0.0,0.0,0.0,0.0,0.0,0.0,0.0,0.0,-2.2549e-05,-6.76471e-05,-0.000102353,-8.92157e-05,-0.000163333,-0.000211176,-0.000180392,-0.000202549,-0.00012549,-6.72549e-05,-9.96079e-05,-5.45098e-05,-2.19608e-05,0.0,0.0,0.0,0.0,0.0,0.0,0.0,0.0,0.0,0.0,0.0,-2.70588e-05,-9.68628e-05,-0.000141569,-0.000241961,-0.000313333,-0.000421765,-0.000480196,-0.000540392,-0.000678824,-0.00080902,-0.000941765,-0.000922745,-0.000674902,-0.000466275,-0.000288235,-0.000152157,-8.17647e-05,-3.33333e-06,0.0,0.0,0.0,0.0,0.0,0.0,0.0,0.0,0.0,-1.82353e-05,-0.000117647,-0.000266275,-0.000452549,-0.000466275,-0.000394118,-3.07844e-05,0.00034098,0.000494902,0.000819608,0.00145706,0.00161098,0.00127902,0.000576274,-4.39216e-05,-8.15687e-05,0.000299804,0.000467059,0.000647451,0.000431765,7.62745e-05,0.0,0.0,0.0,0.0,0.0,0.0,0.0,-6.66667e-05,-0.00021451,-0.000475098,-0.000612549,-0.000397647,0.000388627,0.0013451,0.00235706,0.00330157,0.00348843,0.00287078,0.00292098,0.00271137,0.00233529,0.0018451,0.00125157,0.00130627,0.000877451,0.000638627,0.000746078,0.000705686,1.41176e-05,0.0,0.0,0.0,0.0,0.0,-4.2549e-05,-0.000153922,-0.000203529,-0.00025902,4.01961e-05,0.00127039,0.0022498,0.00233843,0.00360941,0.0034349,0.00315745,0.0023749,0.00179373,0.00160078,0.00214569,0.00258333,0.00304843,0.00242902,0.00161784,0.000953725,0.000898039,0.00108294,0.000384706,0.0,0.0,0.0,0.0,0.0,3.31373e-05,7.52941e-05,0.000244706,0.000354314,0.00121157,0.00310647,0.00286157,0.0026849,0.00373569,0.00277,0.00204549,0.000902549,0.000495882,0.000481568,0.00186824,0.00279412,0.00378627,0.00313667,0.0016949,0.0012149,0.00116235,0.000749608,0.000217059,0.0,0.0,0.0,0.0,-2.23529e-05,0.000258431,0.000334706,0.000686274,0.000661176,0.00220784,0.00322627,0.00312843,0.00274333,0.00291137,0.00152294,0.000297059,-0.000122353,8.0392e-05,0.00127725,0.00215235,0.00308765,0.00380706,0.00292353,0.00187196,0.00132274,0.000760392,0.000276863,-3.64706e-05,0.0,0.0,0.0,0.0,-4.66667e-05,0.000362941,0.000330784,0.000563922,0.000929608,0.0015502,0.00259882,0.00307,0.0031098,0.00244431,0.00142902,0.000429216,0.000554314,0.000397843,0.00115314,0.00285412,0.00384078,0.00344882,0.00225216,0.00170196,0.000460196,-3.09804e-05,-1.41176e-05,-4.11765e-06,0.0,0.0,0.0,0.0,-4.35294e-05,0.000126667,0.000235294,0.000338431,0.000662353,0.00112294,0.0019302,0.00281157,0.00390824,0.00267588,0.00160314,0.000546078,0.00120255,0.00137392,0.00218235,0.00373863,0.00348627,0.00250608,0.0015249,0.000613921,0.000324706,0.000107255,0.0,0.0,0.0,0.0,0.0,0.0,-1.98039e-05,-2.72549e-05,-4.17647e-05,0.000238039,0.000118235,0.000149216,0.00112706,0.00179922,0.00286627,0.00302961,0.00174647,0.00157843,0.00211765,0.00249039,0.00326255,0.00313725,0.0025102,0.00153686,0.000250392,5.66666e-05,0.000256863,0.000127647,0.0,0.0,0.0,0.0,0.0,0.0,0.0,-4.64706e-05,-0.000193137,-0.000190196,-4.78432e-05,-0.00040549,-6.05884e-05,0.00117118,0.00178725,0.0028651,0.0031598,0.00328412,0.00414941,0.0037198,0.00319176,0.00140216,0.000771961,0.000389608,4.70588e-05,2.60784e-05,-9.4902e-05,-4.98039e-05,0.0,0.0,0.0,0.0,0.0,0.0,0.0,-3.64706e-05,-0.000191765,-0.000318627,-0.000449216,-0.000881569,-0.00109196,-4.31389e-06,0.0010051,0.00205196,0.00389412,0.00471686,0.00471431,0.00356176,0.00174274,-1.09805e-05,5.60784e-05,0.00023098,-0.000127255,-0.000254706,-0.000280588,-9.66667e-05,0.0,0.0,0.0,0.0,0.0,0.0,0.0,-1.66667e-05,-0.000209412,-0.000222157,-0.000323529,-0.00057098,-0.00112353,-0.00107078,0.00126588,0.00334,0.00426588,0.0046349,0.00420882,0.00326137,0.00126961,-0.000222549,-0.000438039,-0.000796863,-0.000571569,-0.000472745,-0.000260196,-0.000117255,0.0,0.0,0.0,0.0,0.0,0.0,-3.52941e-06,-1.68627e-05,-0.000196863,-0.000449216,-0.000302353,-0.000433333,-0.000478039,0.000939608,0.00269941,0.00384784,0.00406647,0.00400961,0.00373686,0.0030451,0.00179176,-4.9608e-05,-0.000487451,-0.000673922,-0.000595686,-0.000425882,-0.000170784,-5.37255e-05,0.0,0.0,0.0,0.0,0.0,0.0,-3.23529e-05,-7.64706e-05,-0.000197647,-0.000463137,-0.000364902,0.000260588,0.00163824,0.00253569,0.00332569,0.00406078,0.00415961,0.00317,0.00201294,0.00263922,0.00185647,0.000564902,-0.00039353,-0.000247059,-0.000375882,-0.000387843,-0.000124902,-6.41177e-05,-2.66667e-05,0.0,0.0,0.0,0.0,-1.88235e-05,-8.92157e-05,-0.000143333,-0.000206275,-0.000421176,0.000146274,0.00170667,0.00284961,0.00321078,0.00338608,0.00367353,0.0026851,0.00166235,0.000903137,0.00211627,0.00237137,0.000788824,-0.000532157,-0.000382549,-0.000277843,-5.31372e-05,-0.000184314,-0.000122353,-4.13726e-05,0.0,0.0,0.0,0.0,-2.37255e-05,-0.000107843,-0.000169804,-0.000253333,-0.000216078,0.000535882,0.00232529,0.00288059,0.00333216,0.00307098,0.00192549,0.00110569,0.000460392,0.000437059,0.00201137,0.00273902,0.00106941,-0.000651177,-0.000740588,-0.000259804,0.000130392,8.47059e-05,-8.98039e-05,-2.54902e-06,0.0,0.0,0.0,0.0,-7.45098e-06,-6.33333e-05,-0.000178039,-0.000293922,-0.000247059,0.000534902,0.00213098,0.00263529,0.00314177,0.00236569,0.00100176,0.000192941,-0.000258628,0.000872157,0.00225843,0.00261098,0.000716274,-0.00063,-0.000704902,-0.000352549,0.00019098,0.000302157,-4.68628e-05,0.0,0.0,0.0,0.0,0.0,0.0,-7.84314e-06,-0.000117255,-0.000344314,-0.000367255,0.00050549,0.00226373,0.00242353,0.00279765,0.00203431,0.00115431,0.000755294,0.000407647,0.00184667,0.00282059,0.00223765,0.000583922,-0.000490392,-0.000392745,-0.000147451,0.000305686,0.00035902,-5.66667e-05,0.0,0.0,0.0,0.0,0.0,0.0,0.0,-6.7451e-05,-0.000280588,-0.000373333,7.92157e-05,0.00118314,0.00248529,0.00297902,0.00325549,0.00303824,0.0027151,0.0032251,0.00351451,0.00355255,0.00184196,0.000574706,-0.000105686,0.000211569,0.000324706,0.000443137,0.000315882,0.0,0.0,0.0,0.0,0.0,0.0,0.0,0.0,-2.43137e-05,-0.000136275,-0.000291569,-0.000194706,0.000746078,0.00230176,0.0027351,0.00379373,0.00423745,0.00438314,0.0045149,0.00382275,0.00283314,0.00115941,0.000348235,0.000151373,0.000287059,0.000346275,0.000293922,0.000100588,0.0,0.0,0.0,0.0,0.0,0.0,0.0,0.0,0.0,-2.82353e-05,-0.000137843,-0.000157451,0.00033098,0.00136118,0.00239157,0.00331725,0.00422902,0.00397157,0.00339294,0.00214745,0.000858431,0.000171373,-7.70589e-05,3.80392e-05,0.000108235,5.68626e-06,-2.33333e-05,0.0,0.0,0.0,0.0,0.0,0.0,0.0,0.0,0.0,0.0,0.0,0.0,0.0,-5.88235e-07,4.90196e-06,0.000148235,0.000405294,0.000421176,0.000285686,0.000154902,-0.000190392,-0.000338824,-0.000340588,-0.000240196,-8.01961e-05,-5.5098e-05,-4.68628e-05,-6.27451e-06,0.0,0.0,0.0,0.0,0.0,0.0,0.0,0.0,0.0,0.0,0.0,0.0,0.0,0.0,0.0,0.0,0.0,0.0,-5.15686e-05,-6.01961e-05,-8.90196e-05,-0.000189412,-0.000231176,-0.00011098,-5.54902e-05,-1.70588e-05,0.0,0.0,0.0,0.0,0.0,0.0,0.0,0.0,0.0,0.0,0.0,0.0,0.0,0.0,0.0,0.0,0.0,0.0,0.0,0.0,0.0,0.0,-1.11765e-05,-4.94118e-05,-4.62745e-05,0.0,0.0,0.0,0.0,0.0,0.0,0.0,0.0,0.0,0.0]}