{"max":0.0104787,"min":-0.00795825,"acc":0.5694,"arr":[0.0,0.0,0.0,0.0,0.0,0.0,0.0,0.0,0.0,0.0,0.0,0.0,0.0,0.0,0.0,0.0,0.0,0.0,0.0,0.0,0.0,0.0,0.0,0.0,0.0,0.0,0.0,0.0,0.0,0.0,0.0,0.0,0.0,0.0,0.0,0.0,0.0,0.0,0.0,0.0,0.0,0.0,0.0,-1.64427e-05,-3.1547e-05,0.0,0.0,0.0,0.0,0.0,0.0,0.0,0.0,0.0,0.0,0.0,0.0,0.0,0.0,0.0,0.0,0.0,0.0,0.0,0.0,-3.19988e-05,-9.81472e-05,-0.000142768,-0.000206953,-0.000133071,-0.000218862,-0.000353772,-0.000357065,-0.000167746,-0.000180982,-8.62454e-05,-9.38405e-05,-2.33061e-05,0.0,0.0,0.0,0.0,0.0,0.0,0.0,0.0,0.0,0.0,0.0,0.0,0.0,0.0,-4.52199e-05,-0.000233619,-0.000370926,-0.000483569,-0.000629696,-0.000819448,-0.0010352,-0.00120814,-0.00112,-0.000929593,-0.000757462,-0.00048015,-0.000423428,-0.000203161,-0.000108536,-3.28177e-05,0.0,0.0,0.0,0.0,0.0,0.0,0.0,0.0,0.0,-3.3768e-05,-7.26448e-05,-0.000232594,-0.000451432,-0.000809129,-0.00129655,-0.00159653,-0.00214453,-0.00276205,-0.0033256,-0.00362523,-0.00370605,-0.00360036,-0.00286942,-0.00203903,-0.00132156,-0.000741653,-0.000305282,-8.62855e-05,-1.46758e-05,-3.40027e-05,-2.97523e-05,0.0,0.0,0.0,0.0,0.0,0.0,-0.000115761,-0.000337312,-0.000738747,-0.00131604,-0.00185469,-0.00262725,-0.00361797,-0.00491929,-0.00572308,-0.00602177,-0.00634194,-0.00639371,-0.00607142,-0.00497421,-0.00384385,-0.00268135,-0.00173537,-0.00092311,-0.000407496,-0.000241803,-0.000127914,-5.79269e-05,0.0,0.0,0.0,0.0,0.0,0.0,-0.000186218,-0.000675598,-0.0014269,-0.00201863,-0.00282849,-0.00370928,-0.00397609,-0.00263975,-0.000536446,0.00124446,0.00125372,0.000616331,-0.000667322,-0.00310767,-0.00322837,-0.00195479,-0.00144593,-0.00132312,-0.00101148,-0.000732175,-0.000463166,-9.25224e-05,-7.96854e-06,0.0,0.0,-1.59723e-05,-4.278e-05,-0.000131514,-0.00036244,-0.000989031,-0.00169021,-0.00252723,-0.00362945,-0.00242077,0.000622651,0.00470894,0.00638194,0.0076844,0.00725435,0.00839982,0.0057196,0.000891261,-0.00270466,-0.00261563,-0.00140315,-0.00148255,-0.00104035,-0.000447489,-0.000499695,-0.000130913,-5.30537e-05,0.0,0.0,-9.68226e-05,-0.000163856,-0.000378675,-0.000889972,-0.00142776,-0.00200684,-0.0025179,-0.00151928,0.00278554,0.00664359,0.00778761,0.00727694,0.00576516,0.00407179,0.00374854,0.0047847,0.00430439,-0.00129901,-0.00246056,-0.000959267,-0.000908704,-0.00092104,-0.000459698,-0.000403192,-0.00016255,-2.91481e-05,0.0,0.0,-7.20096e-05,-0.000245659,-0.000590925,-0.000840866,-0.00133686,-0.00199488,-0.000511713,0.00297953,0.00717055,0.00864233,0.00532912,0.00123375,-0.000172412,-0.000821828,0.000659324,0.0038079,0.00448586,0.00148951,-0.000826296,-0.000280923,-0.00036327,-0.00095526,-0.000554863,-0.000294745,-0.000123035,0.0,0.0,0.0,-2.04596e-05,-0.000243267,-0.000660406,-0.000617561,-0.000848091,-0.000156427,0.00240543,0.00648613,0.00844628,0.00554648,0.000216896,-0.00262597,-0.00386885,-0.00308868,0.00083896,0.00361509,0.00482915,0.00207837,0.000395993,0.000161003,-0.000561589,-0.00106293,-0.000401685,-0.000101007,-6.84126e-06,0.0,0.0,0.0,0.0,-0.000159527,-6.92985e-05,-0.000103917,0.00014666,0.00135613,0.00457385,0.00827691,0.00702588,0.00168721,-0.00352494,-0.00464562,-0.00471793,-0.0025444,0.00214814,0.00465409,0.00677013,0.00327134,0.00103535,-0.000223244,-0.00143419,-0.00101852,-0.000305866,-9.81762e-07,0.0,0.0,0.0,0.0,-4.02135e-06,-0.000103774,0.000553351,0.000590448,0.00134949,0.00158989,0.00525992,0.00881576,0.0055445,-0.000880326,-0.00484695,-0.00517299,-0.00382246,-0.000858464,0.00364694,0.00745735,0.00753676,0.0042621,0.000286395,-0.000749841,-0.0013238,-0.000832718,-0.000358205,-2.82058e-06,0.0,0.0,0.0,0.0,-2.47631e-05,-8.6132e-05,0.000618464,0.00118698,0.00150992,0.00150268,0.00591295,0.0086261,0.0048508,-0.000338452,-0.00287104,-0.00315779,-0.0024316,0.00166773,0.00684852,0.00931868,0.00811714,0.0026261,-0.000464939,-0.00137734,-0.00152099,-0.000827148,-0.000421907,-4.93944e-05,0.0,0.0,0.0,0.0,-2.70912e-05,-2.43322e-05,0.000371363,0.00135164,0.000981541,0.00126086,0.00550394,0.00793771,0.00503612,0.00274637,0.0010711,0.000619479,0.00246622,0.00611523,0.00937303,0.0104787,0.00562426,-0.000375661,-0.0020459,-0.00232907,-0.00196531,-0.00104336,-0.000500074,-5.25656e-05,0.0,0.0,0.0,0.0,-2.13767e-05,0.0,-3.5026e-05,0.000880739,1.49656e-05,0.000564693,0.00373717,0.00575813,0.00709031,0.00720867,0.00642329,0.00486577,0.00431018,0.00654742,0.0103233,0.00972486,0.00282914,-0.00227299,-0.00345613,-0.00285629,-0.00200814,-0.00132219,-0.00059524,-8.65526e-05,0.0,0.0,0.0,0.0,0.0,-7.72142e-06,-0.00027414,4.71232e-06,-0.000572794,-0.000490818,0.00180466,0.00452554,0.00506443,0.00539512,0.00473463,0.00231127,0.00245176,0.00655974,0.00852396,0.006171,0.000169828,-0.00277609,-0.00337286,-0.00288082,-0.00174163,-0.00129901,-0.000643834,-0.00021648,0.0,0.0,0.0,0.0,0.0,-5.38882e-05,-0.000490717,-0.00112392,-0.00124671,-0.00215159,-0.00153449,-0.000525448,0.000149049,-0.000745123,-0.00153172,-0.00109257,0.00262439,0.00719499,0.0058755,0.00223487,-0.00060338,-0.0024527,-0.00357036,-0.00278744,-0.00199514,-0.00118148,-0.000566991,-0.000197378,0.0,0.0,0.0,0.0,-1.88235e-05,-0.00015329,-0.00063343,-0.00128351,-0.00190477,-0.00290236,-0.00360957,-0.00359497,-0.00371222,-0.00344137,-0.00253011,-0.000161567,0.00342552,0.00586175,0.00230143,0.000110872,-0.00102903,-0.00208695,-0.0034042,-0.00311377,-0.00195702,-0.000989266,-0.000597971,-0.000176386,0.0,0.0,0.0,0.0,-2.37255e-05,-0.000199415,-0.000603504,-0.00132615,-0.00239992,-0.00334475,-0.00515052,-0.00590034,-0.00585282,-0.00492164,-0.00295113,-0.000188282,0.00239868,0.00277808,-0.000557889,-0.00192857,-0.000911488,-0.00222262,-0.00319284,-0.00285075,-0.00160639,-0.000851968,-0.000444694,-9.30102e-05,0.0,0.0,0.0,0.0,-7.45098e-06,-0.000155412,-0.000525875,-0.00120253,-0.00263926,-0.00399063,-0.00580237,-0.00703559,-0.00727741,-0.00627886,-0.00346942,-0.000810438,0.000250156,-0.000259092,-0.00265375,-0.00285834,-0.00111609,-0.00216455,-0.00227831,-0.00223615,-0.00132547,-0.000718147,-0.000331524,-3.18025e-05,0.0,0.0,0.0,0.0,0.0,-4.70054e-05,-0.000366512,-0.00104791,-0.00240884,-0.00422667,-0.00631481,-0.00795825,-0.00785656,-0.00639191,-0.00364955,-0.00197894,-0.0011555,-0.00180556,-0.00262853,-0.00323011,-0.00115775,-0.000839026,-0.00118146,-0.00115192,-0.000954401,-0.00048325,-0.000135065,-6.12745e-06,0.0,0.0,0.0,0.0,0.0,-3.53251e-07,-0.000229976,-0.000783179,-0.00177327,-0.00331533,-0.00545134,-0.00690513,-0.00691426,-0.00512085,-0.00363162,-0.00222879,-0.00202012,-0.00203851,-0.00101595,-0.00112251,0.000433336,0.000358585,-0.000168901,-0.000211818,-0.000440859,-0.000169994,-4.59228e-05,-8.45167e-06,0.0,0.0,0.0,0.0,0.0,0.0,-0.000124215,-0.000449641,-0.00101813,-0.00162452,-0.00288763,-0.00461076,-0.0036588,-0.00192106,-0.00174793,-0.00113045,-0.000736132,-0.000469362,0.000975889,0.00103402,0.00203375,0.00189588,0.00101764,0.000627085,-1.68297e-05,-6.66069e-05,0.0,0.0,0.0,0.0,0.0,0.0,0.0,0.0,-4.54563e-05,-0.000112995,-5.92326e-05,0.000135183,-4.17456e-05,-0.000680058,0.000897239,0.00173612,0.00148836,0.00264328,0.00238404,0.00248572,0.00316667,0.00311279,0.00279602,0.00218242,0.00162337,0.000962461,0.000375757,0.000302589,0.0,0.0,0.0,0.0,0.0,0.0,0.0,0.0,0.0,-3.65502e-05,-5.90195e-05,0.000218481,0.000742953,0.000680058,0.00214697,0.00329366,0.00317292,0.00408177,0.00337918,0.00333396,0.00351519,0.00331115,0.00203345,0.00154146,0.00116138,0.000831334,0.000441529,0.000312684,0.0,0.0,0.0,0.0,0.0,0.0,0.0,0.0,0.0,0.0,-2.02244e-07,3.27258e-05,0.000261053,8.7442e-05,0.00039282,0.000791438,0.00110379,0.00207438,0.00134007,0.000757107,0.00133429,0.00138451,0.000403562,-5.54902e-05,-1.70588e-05,0.0,0.0,0.0,0.0,0.0,0.0,0.0,0.0,0.0,0.0,0.0,0.0,0.0,7.18336e-05,0.000398118,0.000324785,3.4124e-05,-3.8873e-06,0.0,-4.46337e-05,-2.7281e-05,-3.33012e-05,-7.51425e-05,-0.000148928,-0.000128518,0.0,0.0,0.0,0.0,0.0,0.0,0.0,0.0,0.0,0.0]}