{"max":0.273766,"min":-0.162758,"acc":0.8917,"arr":[0.0,0.0,0.0,0.0,0.0,0.0,0.0,0.0,0.0,0.0,0.0,0.0,-1.96001e-05,-5.3286e-05,-1.15381e-05,-4.80754e-07,0.0,0.0,0.0,0.0,0.0,0.0,0.0,0.0,0.0,0.0,0.0,0.0,0.0,0.0,0.0,0.0,-4.42115e-07,-1.689e-06,-6.0915e-05,-0.000148596,-0.000230081,-0.000195119,-0.000379982,-0.000487496,-0.000605301,-0.00054344,-0.000534738,-0.000430641,-0.000597585,-0.000475964,-0.000261294,-0.000251738,-0.000168803,-4.91627e-05,-2.50696e-05,-5.96709e-06,0.0,0.0,0.0,0.0,0.0,0.0,-4.91852e-07,-7.45312e-06,-1.15632e-05,-7.90403e-06,-0.00010604,-0.00046792,-0.000835078,-0.00125478,-0.00227839,-0.00337211,-0.00472006,-0.0057463,-0.00678248,-0.00727522,-0.00718035,-0.00584692,-0.00481069,-0.00369535,-0.00221277,-0.00127213,-0.000596792,-0.000142443,-2.79584e-05,-8.25778e-06,0.0,0.0,0.0,0.0,-1.86035e-06,-3.42204e-05,-3.88559e-05,-9.5362e-05,-0.000419269,-0.00121934,-0.00239334,-0.00443899,-0.0070858,-0.0102864,-0.0136732,-0.0175189,-0.0213273,-0.0236193,-0.0227079,-0.019927,-0.0164756,-0.0128769,-0.00843146,-0.00483661,-0.00236887,-0.00100536,-0.000348115,-6.44911e-05,-6.60273e-06,0.0,0.0,-1.14761e-06,-5.17415e-06,-4.44167e-05,-0.000230152,-0.000869614,-0.00205964,-0.00422841,-0.00814665,-0.0146257,-0.022788,-0.0335122,-0.0470393,-0.0593696,-0.0699976,-0.0757309,-0.0757981,-0.0670534,-0.0554273,-0.0430982,-0.0309517,-0.0209981,-0.0120318,-0.00613713,-0.00252892,-0.000709941,-0.000157326,-3.7071e-06,0.0,0.0,-1.78194e-05,-0.000204809,-0.00113653,-0.00410318,-0.00966654,-0.0174626,-0.0291007,-0.0462889,-0.0599047,-0.0731874,-0.0957407,-0.115528,-0.134132,-0.149211,-0.162758,-0.15725,-0.137257,-0.111253,-0.0854762,-0.0629341,-0.0449125,-0.0290901,-0.0139359,-0.00404388,-0.000722387,-8.47436e-06,0.0,-2.70499e-06,-0.00017808,-0.00100075,-0.00441107,-0.012644,-0.0257369,-0.0442797,-0.0637293,-0.0787858,-0.0842197,-0.0724725,-0.0469947,0.000812468,0.0488412,0.0697447,0.0535981,0.0106295,-0.0323624,-0.0704679,-0.0854651,-0.0860361,-0.074315,-0.0532644,-0.0294146,-0.0107965,-0.00258511,-0.000186126,0.0,-0.000164391,-0.000763689,-0.00348516,-0.0117896,-0.0282403,-0.0487845,-0.0729287,-0.0860002,-0.0867689,-0.0606327,-0.00601319,0.0691199,0.157232,0.240795,0.273766,0.235849,0.142357,0.0508519,-0.0203105,-0.0611929,-0.0828611,-0.0852264,-0.065774,-0.0392417,-0.0161577,-0.0035678,-0.000218007,-2.64352e-05,-0.000535263,-0.00260054,-0.00886315,-0.0204767,-0.0388516,-0.0559626,-0.0742205,-0.0667682,-0.0523868,-0.00305215,0.0537771,0.108431,0.153973,0.170944,0.166949,0.134095,0.0777068,0.0329095,-0.0161269,-0.0442045,-0.0599937,-0.0724289,-0.0607748,-0.0374011,-0.0158485,-0.00336227,-0.000199648,-7.30459e-05,-0.000826872,-0.00382955,-0.0110349,-0.0238698,-0.0330178,-0.0344047,-0.0331046,-0.0138136,0.0191786,0.0622723,0.0922711,0.0794386,0.0387168,0.00996184,-0.00259873,-0.00653333,0.00465158,0.0141349,0.0047488,-0.0108281,-0.0351743,-0.0505609,-0.0453828,-0.028914,-0.0124062,-0.00270194,-0.000229295,-0.000110915,-0.0010298,-0.00435334,-0.0100233,-0.0163206,-0.0104343,0.00503836,0.0257675,0.0624306,0.0819651,0.105914,0.0823486,0.00695191,-0.0621052,-0.0833391,-0.068016,-0.0283143,0.0179112,0.0509356,0.0598878,0.0403531,0.00471894,-0.0187483,-0.0237613,-0.0180189,-0.00784309,-0.00190862,-0.000234271,-9.10257e-05,-0.00102258,-0.00395352,-0.00602337,-0.000449975,0.0221311,0.0477833,0.0824876,0.11293,0.112614,0.0952594,0.0255901,-0.0607675,-0.095604,-0.0754245,-0.024798,0.0289191,0.0837429,0.122451,0.129042,0.0930617,0.0384292,0.00532543,-0.0118198,-0.0107341,-0.00423522,-0.00133921,-0.000118689,-7.18608e-05,-0.000696912,-0.00262148,-0.00108686,0.0162267,0.0450115,0.0751572,0.104418,0.117296,0.108432,0.0579598,-0.0231594,-0.0745865,-0.0545415,-0.00668209,0.0472845,0.0938955,0.142941,0.172176,0.155631,0.0958681,0.0410521,0.00838875,-0.00850497,-0.00952021,-0.00294591,-0.000882401,-5.62804e-05,-1.9898e-06,-0.000241967,-0.0016481,0.00216513,0.0258167,0.0551187,0.0788177,0.0986407,0.106174,0.0839737,0.0327927,-0.0183053,-0.0243233,0.00647409,0.0541052,0.0927169,0.139518,0.178013,0.173974,0.120301,0.0572901,0.0132234,-0.0110478,-0.0186256,-0.012843,-0.00348259,-0.000798556,-6.68984e-05,-2.83023e-05,-8.72542e-05,-0.000733801,0.00366761,0.0236842,0.0415886,0.0606745,0.0745079,0.086302,0.0697373,0.0359865,0.0181348,0.0215768,0.0269684,0.041578,0.070546,0.14096,0.169422,0.116357,0.0371285,-0.0113107,-0.0336247,-0.0369222,-0.0314781,-0.0177539,-0.00437264,-0.000463544,-5.25192e-06,-1.06434e-05,-3.8499e-05,-0.000504484,0.0023083,0.0151028,0.0203964,0.0277461,0.0468488,0.0669972,0.0658406,0.0559866,0.0430913,0.0253804,-0.0105295,-0.0301859,0.0316602,0.128366,0.132732,0.0431825,-0.0333786,-0.0597267,-0.0646922,-0.0537247,-0.0370907,-0.0198891,-0.00534069,-0.000769632,-6.87719e-05,-7.86439e-06,-6.17736e-05,-0.000468601,0.000242364,0.00398239,-0.000623127,-0.00458912,0.0140798,0.0437997,0.0565313,0.0621844,0.0465907,0.00569225,-0.0507805,-0.0544942,0.0295304,0.106439,0.0787006,-0.0090772,-0.0660891,-0.0752481,-0.0734393,-0.0539354,-0.0377904,-0.0195226,-0.00552324,-0.000956882,-6.20997e-05,0.0,-4.63053e-05,-0.000758466,-0.00249775,-0.00756475,-0.0207958,-0.0281536,-0.0194306,-0.00228405,0.0118652,0.0195438,0.00548598,-0.0272837,-0.0580589,-0.0278044,0.0526482,0.0688406,0.0254878,-0.0386593,-0.0679254,-0.0678159,-0.0644907,-0.0508714,-0.034134,-0.0177112,-0.00475722,-0.000729255,-3.8956e-05,3.89691e-05,-1.75996e-05,-0.0008913,-0.00507799,-0.0138998,-0.0321963,-0.0460925,-0.055235,-0.0551764,-0.053904,-0.0540167,-0.0614129,-0.073397,-0.0581179,-0.000431023,0.034399,0.0184401,-0.0219572,-0.0508903,-0.0572992,-0.0544374,-0.0545022,-0.0445517,-0.0292857,-0.0146783,-0.00359609,-0.000310308,-1.95994e-05,-2.0876e-07,-0.000132616,-0.00126725,-0.00666395,-0.0172523,-0.0365616,-0.0593451,-0.0795546,-0.100432,-0.119454,-0.128535,-0.125801,-0.105126,-0.0566947,-0.0125602,-0.00935775,-0.0296711,-0.0531958,-0.0544628,-0.0477294,-0.0437581,-0.0454259,-0.0345269,-0.0208234,-0.00916697,-0.00241559,-0.000429734,-2.46224e-06,0.0,-9.08958e-05,-0.00110122,-0.006994,-0.0167731,-0.0340846,-0.0625997,-0.0932022,-0.121067,-0.149053,-0.162585,-0.152572,-0.114199,-0.0593511,-0.0403039,-0.0533365,-0.0661601,-0.0635753,-0.0540138,-0.0384061,-0.032062,-0.0305121,-0.0218714,-0.0119763,-0.00430923,-0.000660137,-0.000338777,-1.29439e-06,-1.26415e-07,-4.0414e-05,-0.000880574,-0.00527841,-0.0130107,-0.0288865,-0.056912,-0.0887069,-0.117501,-0.140154,-0.149405,-0.136832,-0.101942,-0.0710136,-0.0713869,-0.0891708,-0.0822503,-0.0635136,-0.0442833,-0.0268652,-0.0154749,-0.0123902,-0.00828044,-0.0033242,-0.000175694,-0.000416133,-0.00031159,-2.05537e-07,-1.22464e-07,-1.33477e-06,-0.000747519,-0.00302908,-0.00847884,-0.0221089,-0.0447374,-0.071802,-0.0930775,-0.107658,-0.108655,-0.0968302,-0.0771294,-0.0748078,-0.0867022,-0.0988194,-0.0757939,-0.0437103,-0.0196846,-0.00531065,0.00532892,0.00738555,0.00676931,0.0052824,0.00206209,5.44595e-06,-9.22215e-05,-3.79453e-07,0.0,0.0,-0.00030262,-0.00114069,-0.00513353,-0.0122075,-0.0250351,-0.0410052,-0.0483393,-0.0550773,-0.0488353,-0.0463082,-0.0478168,-0.0593129,-0.0724853,-0.0743854,-0.0376754,0.000724028,0.0226731,0.0329837,0.0315361,0.0263568,0.0187758,0.0101006,0.00292746,-9.9271e-05,-5.25435e-05,0.0,0.0,0.0,-6.91697e-05,-0.000478418,-0.00103238,-0.00144225,-0.00217645,-0.0011594,0.00362006,0.0125207,0.0259659,0.030348,0.0245705,0.0105999,-0.0035433,0.00527094,0.037597,0.0696923,0.0763518,0.0692873,0.0552702,0.0370682,0.0210729,0.0109705,0.00200047,-0.000226574,-0.000127393,0.0,0.0,0.0,4.01534e-05,-0.000248764,0.000361611,0.0039285,0.00754397,0.0149153,0.0286742,0.0485955,0.0719552,0.0819167,0.0885429,0.0822006,0.0707967,0.067493,0.0853042,0.0969638,0.0901592,0.0731576,0.0512917,0.0299561,0.013152,0.00548779,0.000806625,-3.97691e-05,-0.00013493,0.0,0.0,0.0,0.0,0.0,0.000867865,0.00203501,0.00302352,0.00232563,0.00434414,0.00981026,0.0162258,0.0190286,0.023295,0.0225778,0.0231989,0.017099,0.0215905,0.024301,0.024274,0.0222419,0.0173006,0.00784346,0.00174986,0.000397984,