{"max":0.116457,"min":-0.0894662,"acc":0.8556,"arr":[0.0,0.0,0.0,0.0,0.0,0.0,0.0,0.0,0.0,0.0,0.0,0.0,0.0,0.0,0.0,0.0,0.0,0.0,0.0,0.0,0.0,0.0,0.0,0.0,0.0,0.0,0.0,0.0,0.0,0.0,0.0,0.0,0.0,0.0,-4.08558e-05,-0.000104889,-0.000185613,-0.00014121,-0.000275306,-0.000247938,-0.000240158,-0.000273597,-0.000323912,-0.000197459,-0.00034424,-0.000269549,-0.000104611,-0.000137101,-8.11131e-05,-5.45713e-07,0.0,0.0,0.0,0.0,0.0,0.0,0.0,0.0,0.0,-7.45312e-06,-6.6918e-06,-2.97052e-06,-5.64672e-05,-0.000278099,-0.000580053,-0.00083553,-0.0013681,-0.00189055,-0.00254292,-0.00318312,-0.00410192,-0.0044773,-0.00448767,-0.003589,-0.0030034,-0.00230728,-0.00140383,-0.000790702,-0.000307129,-3.79267e-05,0.0,0.0,0.0,0.0,0.0,0.0,-7.03637e-07,-3.18228e-05,-3.29634e-05,-4.13281e-05,-0.000210273,-0.000721451,-0.00146453,-0.0027361,-0.00416181,-0.00607553,-0.00817441,-0.0107054,-0.0129648,-0.0139001,-0.0133343,-0.0117812,-0.010068,-0.00798632,-0.00491067,-0.00258748,-0.00124854,-0.000426809,-0.00014006,-3.07872e-05,-4.99281e-06,0.0,0.0,-1.14761e-06,-4.25408e-06,-2.27367e-05,-0.000122525,-0.00041955,-0.0010485,-0.00236655,-0.00470602,-0.00872064,-0.0134988,-0.0197928,-0.027579,-0.0359646,-0.0418409,-0.0433427,-0.0425654,-0.0379548,-0.031768,-0.0245972,-0.0172068,-0.0111117,-0.00539296,-0.00238413,-0.00111516,-0.000387568,-8.18297e-05,0.0,0.0,0.0,-1.65345e-05,-8.26118e-05,-0.00049006,-0.00180501,-0.00419452,-0.00803059,-0.0142959,-0.0236256,-0.03113,-0.0417122,-0.0567014,-0.0704856,-0.0827147,-0.0894662,-0.0878751,-0.0802581,-0.0686785,-0.0541252,-0.0397916,-0.0276717,-0.0188515,-0.0125548,-0.00618154,-0.00172128,-0.000288467,0.0,0.0,0.0,-3.71875e-05,-0.000393852,-0.00173357,-0.00491655,-0.0101325,-0.0180651,-0.0288027,-0.0387669,-0.0472461,-0.0482183,-0.039564,-0.0223167,-0.00322558,0.0106822,0.00872167,-0.00574661,-0.02428,-0.0427198,-0.0447031,-0.0379432,-0.0300564,-0.0211043,-0.0125039,-0.00470187,-0.000887325,-8.23471e-05,0.0,-3.29444e-05,-0.000340791,-0.0016329,-0.0048329,-0.0115249,-0.0196474,-0.0300716,-0.0395502,-0.0436195,-0.0345938,-0.00581982,0.0306703,0.0708074,0.102858,0.116457,0.104431,0.0653368,0.0169927,-0.0201946,-0.0384842,-0.042283,-0.0353483,-0.0263525,-0.0154763,-0.00696795,-0.00151164,-0.000123901,0.0,-0.000103745,-0.00102376,-0.00406119,-0.00936741,-0.0174129,-0.0240914,-0.0315373,-0.0273853,-0.0204015,0.00641486,0.043371,0.0716159,0.0880892,0.0851628,0.0791536,0.0704141,0.0447306,0.0189177,-0.0132175,-0.0293744,-0.0332943,-0.0312798,-0.025493,-0.0156859,-0.00693777,-0.0015067,-5.95071e-05,-5.23567e-05,-0.000306819,-0.0016032,-0.00530347,-0.010817,-0.0146174,-0.0164001,-0.0172029,-0.00576363,0.0161755,0.0463776,0.0636329,0.0500269,0.0219476,0.000685585,-0.00285775,0.00422393,0.0144157,0.0144865,0.0062513,-0.00989677,-0.0206265,-0.0225222,-0.0183228,-0.0115901,-0.00460469,-0.00103403,-4.78886e-05,-6.12075e-05,-0.000381097,-0.00178505,-0.00451427,-0.00662467,-0.00544705,-0.00172074,0.00644507,0.0299048,0.0501382,0.0688374,0.0459299,-0.00049533,-0.0370499,-0.0520422,-0.0422832,-0.0102791,0.0203984,0.0360532,0.0328374,0.0120685,-0.00534281,-0.0115259,-0.0110087,-0.00652772,-0.00238459,-0.000682334,-0.000128025,-4.6774e-05,-0.000315404,-0.0013296,-0.00217943,-0.000797663,0.00575326,0.0133721,0.0319293,0.0549272,0.073666,0.0592817,0.0102572,-0.0397638,-0.0592335,-0.0530649,-0.0274863,0.0141534,0.049249,0.0683513,0.0592579,0.028323,0.0051703,-0.00535559,-0.00743329,-0.00405733,-0.000977601,-0.000339609,-7.90719e-05,0.0,-0.000157399,-0.000807306,0.000322087,0.00575211,0.0135554,0.0250788,0.0451856,0.0662059,0.0764031,0.0382195,-0.0187129,-0.0512353,-0.0485225,-0.0311255,0.00343525,0.0476611,0.0776312,0.0868439,0.0628597,0.02367,0.00606999,-0.00541284,-0.00710656,-0.00370055,-0.000700251,-0.000231198,-2.50084e-05,-1.9898e-06,-0.00010838,-0.000484969,0.000999099,0.00977806,0.0166099,0.0273377,0.0477113,0.0715122,0.0716688,0.0309327,-0.0079165,-0.0199429,-0.0144789,0.00465318,0.034841,0.0714341,0.0952779,0.0836951,0.0398688,0.00904183,-0.00455691,-0.0113864,-0.00990902,-0.00537359,-0.000906771,-0.000187387,-8.91888e-06,0.0,-7.8055e-05,-0.000277066,0.00104146,0.00791307,0.0116716,0.0198734,0.0354311,0.0631384,0.0718253,0.0478334,0.0281774,0.0189179,0.0155423,0.0201569,0.0369648,0.0792571,0.0937106,0.053768,0.00261128,-0.016282,-0.0223578,-0.0201869,-0.0135366,-0.00705883,-0.00131885,-0.000214105,-1.61438e-06,0.0,-3.8499e-05,-0.000166791,0.000878767,0.00425057,0.00419377,0.00467154,0.0153323,0.0434938,0.0591535,0.0625943,0.0526262,0.0384414,0.014529,-0.000425942,0.0274787,0.0773617,0.0742858,0.0170369,-0.0270389,-0.0362325,-0.033055,-0.025654,-0.0154487,-0.00761956,-0.00178177,-0.000278673,-6.23732e-05,0.0,-2.34516e-05,-0.000140742,0.000310781,0.000451116,-0.00406134,-0.0092223,-0.00334791,0.0172301,0.0339917,0.0422046,0.0384239,0.0171334,-0.0130273,-0.0162711,0.02919,0.0711479,0.0471432,-0.00968677,-0.0400551,-0.042867,-0.0355953,-0.0249435,-0.0150711,-0.00703003,-0.00207208,-0.000463394,-5.03633e-05,0.0,-2.80296e-05,-0.000131775,-0.000585668,-0.00391277,-0.0120234,-0.0187669,-0.0197914,-0.0142632,-0.00611704,-0.000809357,-0.0047924,-0.0201014,-0.0334763,-0.0115863,0.0373434,0.0535318,0.0185438,-0.0252454,-0.0439988,-0.0422042,-0.0324387,-0.0218375,-0.0132438,-0.00652136,-0.00203217,-0.00030057,-8.07822e-06,0.0,-1.30678e-05,-0.000266367,-0.00157229,-0.00594369,-0.0170069,-0.0251943,-0.0325101,-0.036462,-0.041643,-0.0442788,-0.0462231,-0.0477169,-0.0377473,-0.00149414,0.0277182,0.0244216,-0.00805714,-0.0340782,-0.0435808,-0.0370424,-0.0296544,-0.0187459,-0.0110632,-0.0053993,-0.00116762,-0.000121216,-2.34162e-06,0.0,0.0,-0.000418393,-0.00224684,-0.00748223,-0.0186533,-0.031699,-0.0432637,-0.0554609,-0.067361,-0.0740584,-0.0730285,-0.0621785,-0.0365682,-0.00563942,0.00685796,-0.00752959,-0.0229723,-0.0343788,-0.0402751,-0.0314735,-0.0247549,-0.0144721,-0.00769243,-0.00344292,-0.000737252,-0.000183012,-2.20015e-06,0.0,-5.27586e-07,-0.000230548,-0.00264867,-0.00745037,-0.0178825,-0.0332574,-0.0496754,-0.0669563,-0.0820688,-0.0889718,-0.0851351,-0.0638068,-0.0372549,-0.0170262,-0.018185,-0.0293233,-0.027694,-0.0303481,-0.0319386,-0.0225595,-0.0166299,-0.00965007,-0.00456009,-0.00180004,-8.90032e-05,-0.000118919,0.0,0.0,-7.50796e-06,-0.000335241,-0.00230481,-0.00633945,-0.0155992,-0.031076,-0.048858,-0.0675483,-0.0835327,-0.0875814,-0.0812541,-0.0598798,-0.0399911,-0.0360683,-0.0369196,-0.0347251,-0.0200448,-0.0204176,-0.0186207,-0.0127253,-0.00865863,-0.00484808,-0.00123949,-0.000221081,6.87504e-05,-8.99855e-05,0.0,0.0,0.0,-0.00032264,-0.00145045,-0.00440812,-0.011355,-0.0240772,-0.0396836,-0.0565416,-0.0705245,-0.0729193,-0.0650176,-0.0481315,-0.038993,-0.039841,-0.0377807,-0.022831,-0.00212383,-0.00170164,-0.00282457,-0.00226562,0.000127732,0.000407933,0.0019027,0.00135068,0.000423495,-2.29878e-05,0.0,0.0,0.0,-0.000106406,-0.000485729,-0.00222853,-0.00514124,-0.01311,-0.022236,-0.0319724,-0.0412056,-0.0399532,-0.0334421,-0.0228902,-0.0249562,-0.0240007,-0.0203024,0.000656752,0.0206715,0.0192514,0.0144725,0.00899715,0.00670183,0.00492317,0.0033267,0.00171239,7.59278e-05,-2.1114e-05,0.0,0.0,0.0,-9.51029e-06,-5.66422e-05,-0.000123636,0.000277134,-0.00126231,-0.00322235,-0.0047375,-0.00332385,0.00596451,0.0196985,0.0238628,0.0195544,0.0138466,0.0185743,0.0335118,0.0454045,0.0385093,0.0266275,0.0178109,0.0106014,0.00579738,0.00315157,0.00137137,-8.40852e-05,0.0,0.0,0.0,0.0,4.52181e-05,-1.91535e-07,0.000124532,0.000994733,0.00111171,0.00251925,0.00576296,0.0148245,0.0306749,0.045893,0.0486779,0.0473775,0.0385952,0.0347756,0.0438908,0.0492277,0.0370448,0.0271656,0.0176276,0.0101691,0.00376574,0.00137426,0.000294822,0.0,0.0,0.0,0.0,0.0,0.0,0.0,-1.09055e-05,0.000127946,0.000152449,-0.000656583,-0.00138882,-0.000441387,0.00641747,0.00977429,0.00811649,0.00880017,0.0109582,0.00986139,0.0116831,0.0151203,0.0120228,0.00770163,0.00591963,0.00325608,0.000838802,0.000128298,0.0,0.0,0.0,0.0,0.0,0.0,0.0,0.0,0.0,0.0,2.16739e-05,0.000258813,0.000106048,-0.000295338,-0.000686197,-0.000817449,