{"max":0.015891,"min":-0.0123567,"acc":0.6708,"arr":[0.0,0.0,0.0,0.0,0.0,0.0,0.0,0.0,0.0,0.0,0.0,0.0,0.0,0.0,0.0,0.0,0.0,0.0,0.0,0.0,0.0,0.0,0.0,0.0,0.0,0.0,0.0,0.0,0.0,0.0,0.0,0.0,0.0,0.0,0.0,0.0,0.0,-2.4569e-05,-4.54911e-05,-5.56642e-06,-4.27026e-05,-2.82651e-05,-2.58521e-05,-4.69401e-05,-3.78081e-05,0.0,0.0,0.0,0.0,0.0,0.0,0.0,0.0,0.0,0.0,0.0,0.0,0.0,0.0,0.0,0.0,0.0,0.0,0.0,0.0,-6.2902e-05,-0.000146709,-0.000183439,-0.000366156,-0.000332527,-0.00052545,-0.000776426,-0.000691077,-0.00025826,-0.000320608,-0.000227636,-0.000188432,-7.0727e-05,-4.49938e-05,-6.53437e-06,0.0,0.0,0.0,0.0,0.0,0.0,0.0,0.0,0.0,-2.46238e-05,-5.31306e-05,-6.27318e-05,-0.000123259,-0.000378859,-0.000667739,-0.000933999,-0.00127543,-0.00161892,-0.00195245,-0.00220101,-0.00214864,-0.00165415,-0.00140155,-0.000929153,-0.000656129,-0.000277252,-0.000178874,-5.60464e-05,0.0,0.0,0.0,0.0,0.0,0.0,0.0,0.0,0.0,-4.15853e-05,-0.000158925,-0.000395033,-0.000792325,-0.0014449,-0.00222359,-0.00298115,-0.00399204,-0.0051857,-0.00620799,-0.00653987,-0.00662763,-0.00595184,-0.00468581,-0.00328491,-0.0021814,-0.0011548,-0.000401229,-0.000112416,-1.46758e-05,-3.40027e-05,-2.97523e-05,0.0,0.0,0.0,0.0,0.0,0.0,-0.000182454,-0.000546194,-0.00114197,-0.00206878,-0.00330299,-0.00452386,-0.00568847,-0.00761554,-0.00908654,-0.0100388,-0.0109237,-0.0104393,-0.00900685,-0.00713206,-0.00582955,-0.00430131,-0.00274439,-0.00148298,-0.000624049,-0.000357946,-0.000189399,-5.79269e-05,0.0,0.0,0.0,0.0,0.0,-5.2574e-05,-0.000452067,-0.00115247,-0.00230548,-0.00326549,-0.0037031,-0.00469701,-0.00435544,-0.00226667,-0.000237777,0.00153467,0.00221786,0.000614608,-0.0011779,-0.00410587,-0.00451258,-0.00315316,-0.00276873,-0.00217171,-0.00155886,-0.00112981,-0.000664841,-0.000146928,-7.96854e-06,0.0,0.0,-1.59723e-05,-7.52976e-05,-0.00031242,-0.000798282,-0.00180247,-0.00295611,-0.00320838,-0.00376009,-0.00150466,0.00345721,0.00805627,0.0105235,0.0124693,0.011623,0.0128608,0.00795369,0.000684695,-0.00374483,-0.00362009,-0.00258173,-0.00246106,-0.00181329,-0.000892647,-0.00071358,-0.000241716,-5.30537e-05,0.0,0.0,-0.000101645,-0.00028568,-0.000672114,-0.00139863,-0.0022973,-0.00262833,-0.00205126,0.000815886,0.00696836,0.010668,0.0113435,0.0120222,0.0095674,0.00695518,0.00738127,0.00731482,0.00410182,-0.00361991,-0.00442484,-0.00204962,-0.00182402,-0.00179426,-0.000835655,-0.000531817,-0.000252332,-2.91481e-05,0.0,0.0,-0.000107377,-0.000418159,-0.00085217,-0.00128049,-0.00197634,-0.00173546,0.00203092,0.00763304,0.010809,0.0125993,0.00802539,0.00298658,0.00130893,0.00102283,0.00261639,0.00611774,0.00580624,0.000108616,-0.00256041,-0.00107215,-0.00120362,-0.00151066,-0.000889842,-0.000336369,-0.000139184,0.0,0.0,0.0,-3.55874e-05,-0.000349896,-0.000842522,-0.000929013,-0.00121782,0.00180242,0.00765798,0.0115947,0.0130765,0.00790051,-0.000177372,-0.00398014,-0.00396685,-0.00210936,0.00194942,0.00525442,0.00634884,0.00256746,0.00046876,0.000198895,-0.00108058,-0.00156578,-0.00063284,-0.000171455,-5.73001e-05,0.0,0.0,0.0,0.0,-0.000178759,-0.000227197,-0.000297308,0.000803189,0.00590151,0.0100282,0.0128394,0.00996712,0.0019215,-0.00545126,-0.00672015,-0.00570027,-0.00176546,0.00340633,0.00659896,0.0099865,0.00586804,0.00202777,5.18284e-05,-0.00183252,-0.00162753,-0.000542526,-9.19076e-05,-1.05765e-05,0.0,0.0,0.0,-4.02135e-06,-0.000103774,0.000456851,0.000678758,0.00305195,0.00665311,0.0102805,0.0131962,0.00725609,-0.00215041,-0.00738211,-0.00693522,-0.00447471,-0.000290788,0.00548099,0.011779,0.012026,0.00688375,0.000647788,-0.00100971,-0.00195546,-0.00148837,-0.000662515,-4.78339e-05,0.0,0.0,0.0,0.0,-2.47631e-05,-8.6132e-05,0.000609395,0.00155802,0.00332494,0.00680363,0.0112285,0.0135833,0.00752265,0.000970227,-0.00229225,-0.00305773,-0.00217899,0.00302692,0.0107765,0.0147792,0.0124453,0.00454218,-0.000352755,-0.00187397,-0.0022882,-0.00152015,-0.000800332,-0.00010046,0.0,0.0,0.0,0.0,-2.70912e-05,-2.43322e-05,0.000388819,0.00153924,0.00220065,0.00473687,0.0100937,0.0131646,0.00955881,0.00636978,0.00388334,0.0024905,0.00445787,0.0091971,0.0146425,0.015891,0.0091171,0.000511765,-0.00254477,-0.00303212,-0.00289968,-0.00178688,-0.000863136,-0.000129416,0.0,0.0,0.0,0.0,-2.13767e-05,0.0,-4.65813e-05,0.000848953,-7.14154e-05,0.00117508,0.00600122,0.00938463,0.0118404,0.0117384,0.00977297,0.00713209,0.00649965,0.0090473,0.0148929,0.0135413,0.00526336,-0.00212166,-0.004286,-0.00394342,-0.00325114,-0.00207838,-0.00096786,-0.000158607,-1.98565e-06,-1.6878e-05,0.0,0.0,0.0,-1.94661e-05,-0.0004474,-1.86482e-05,-0.00128394,-0.00148724,0.00116696,0.00563995,0.00759477,0.00809929,0.00666254,0.00300705,0.00288884,0.00878296,0.0127307,0.00980475,0.00224765,-0.0032371,-0.00471266,-0.00449702,-0.00298321,-0.00210739,-0.00116096,-0.000385158,-4.09044e-05,-3.47488e-05,0.0,0.0,0.0,-0.000117551,-0.000790547,-0.00147453,-0.00182411,-0.003418,-0.00324488,-0.00193167,-0.00076422,-0.00110724,-0.00225081,-0.00230152,0.00239958,0.00928375,0.00961064,0.00492144,0.00105105,-0.00329367,-0.00523461,-0.00422837,-0.0032755,-0.00188862,-0.00100719,-0.000320481,-1.05239e-05,-1.78708e-06,0.0,0.0,-3.58727e-05,-0.000294077,-0.00101245,-0.00210775,-0.00243909,-0.00402912,-0.00567617,-0.00595783,-0.00602772,-0.00557023,-0.00476854,-0.00215572,0.00341542,0.00755246,0.00462843,0.00134139,3.24958e-05,-0.00289823,-0.00477741,-0.0044794,-0.00325896,-0.0016454,-0.000892977,-0.000196627,0.0,0.0,0.0,0.0,-6.41974e-05,-0.000321545,-0.00103578,-0.00215403,-0.00345792,-0.00515169,-0.0082706,-0.00994104,-0.0103506,-0.00958191,-0.0070707,-0.00242971,0.0016664,0.00313742,0.000127721,-0.0014623,-9.98934e-05,-0.0032011,-0.00398664,-0.00421594,-0.00290482,-0.00137174,-0.000664589,-0.000116378,0.0,0.0,0.0,0.0,-4.0912e-05,-0.000285785,-0.000940793,-0.00191838,-0.00377777,-0.00610639,-0.0092524,-0.0118271,-0.0123567,-0.01123,-0.00841521,-0.00336288,-0.00100052,-0.00141569,-0.00354792,-0.00308468,0.000252888,-0.00328306,-0.00248381,-0.00302223,-0.00195275,-0.00106868,-0.000499757,-0.000111839,0.0,0.0,0.0,0.0,-1.05163e-05,-0.000124404,-0.000787453,-0.00167775,-0.00358219,-0.0064891,-0.00954967,-0.0120449,-0.0120847,-0.0114046,-0.00783323,-0.00509713,-0.00330125,-0.00329901,-0.00424403,-0.00272064,0.000801778,-0.000867093,-0.00064926,-0.00119484,-0.00119284,-0.00067189,-0.000220187,-3.40743e-05,0.0,0.0,0.0,0.0,0.0,-8.16964e-05,-0.000497043,-0.00129732,-0.00253626,-0.00480959,-0.00763913,-0.0097692,-0.0104952,-0.00906762,-0.00608223,-0.00413315,-0.00287172,-0.0027102,-0.00158099,0.000602734,0.00356881,0.00214502,0.00123537,0.000452247,-0.000209136,-0.000222205,-5.12302e-05,-8.45167e-06,0.0,0.0,0.0,0.0,0.0,-4.79031e-05,-0.000285472,-0.000893414,-0.00162689,-0.00230815,-0.00376992,-0.00621448,-0.00594432,-0.00326396,-0.00191808,-0.000925648,-0.000411907,-0.00073902,0.00103053,0.00395377,0.00614441,0.00565769,0.00295547,0.00151338,0.000371105,-6.75827e-05,0.0,0.0,0.0,0.0,0.0,0.0,0.0,0.0,-4.71162e-05,-0.000177086,-0.000139295,0.000476629,0.000257293,-0.000673902,0.00110083,0.00329905,0.00333914,0.00451065,0.00341432,0.00341777,0.00459854,0.00687973,0.00697619,0.00579561,0.00395722,0.00193777,0.000613412,0.000302589,0.0,0.0,0.0,0.0,0.0,0.0,0.0,0.0,0.0,-3.65502e-05,-1.98307e-05,0.00055823,0.00118887,0.00120739,0.00253835,0.00428735,0.00532219,0.00623162,0.00437146,0.00437347,0.00482727,0.00624846,0.00546619,0.00399194,0.00257704,0.0012562,0.000441529,0.000312684,0.0,0.0,0.0,0.0,0.0,0.0,0.0,0.0,0.0,0.0,-1.99483e-05,-3.83198e-05,5.6293e-05,-7.56366e-05,0.000425523,0.000722993,0.00112535,0.00211522,0.00156765,0.000646513,0.00163675,0.0023943,0.00177565,0.000327481,-1.70588e-05,-7.94758e-06,0.0,0.0,0.0,0.0,0.0,0.0,0.0,0.0,0.0,0.0,0.0,0.0,7.18336e-05,0.000398118,0.000324785,2.98096e-05,-6.1337e-05,-3.9965e-05,-4.80098e-05,-0.000134919,-0.000217966,-0.000214855,-0.000239591,-0.000128518,0.0,0.0,0.0,0.0,0.0,0.0,0.0,0.0,0.0,0.0]}