{"max":0.00374316,"min":-0.00372194,"acc":0.349,"arr":[0.0,0.0,0.0,0.0,0.0,0.0,0.0,0.0,0.0,0.0,0.0,0.0,0.0,0.0,0.0,0.0,0.0,0.0,0.0,0.0,0.0,0.0,0.0,0.0,0.0,0.0,0.0,0.0,0.0,0.0,0.0,0.0,0.0,0.0,0.0,0.0,0.0,0.0,0.0,0.0,0.0,0.0,0.0,-1.64427e-05,-3.1547e-05,0.0,0.0,0.0,0.0,0.0,0.0,0.0,0.0,0.0,0.0,0.0,0.0,0.0,0.0,0.0,0.0,0.0,0.0,0.0,0.0,0.0,-7.02726e-06,-4.65458e-05,-6.20745e-05,-1.76525e-05,-6.52476e-05,-0.000144146,-0.000188717,-0.000128411,-0.000115294,-3.53201e-05,-4.67772e-05,-2.23797e-05,0.0,0.0,0.0,0.0,0.0,0.0,0.0,0.0,0.0,0.0,0.0,0.0,0.0,0.0,-7.17733e-07,-1.08499e-05,-0.000106555,-0.000214172,-0.000243354,-0.000311121,-0.000459321,-0.000563048,-0.000376797,-0.000291231,-0.000286157,-0.00029909,-0.000307344,-0.000165987,-9.1938e-05,-2.47394e-05,0.0,0.0,0.0,0.0,0.0,0.0,0.0,0.0,0.0,0.0,-2.70588e-05,-9.68628e-05,-0.000161007,-0.00035644,-0.000544276,-0.000730171,-0.000858817,-0.00109394,-0.00140986,-0.00158348,-0.00170592,-0.00175509,-0.00147086,-0.00120829,-0.000822891,-0.000445954,-0.000186264,-2.67994e-05,0.0,0.0,0.0,0.0,0.0,0.0,0.0,0.0,0.0,-3.21184e-05,-0.000117647,-0.000269341,-0.00053695,-0.000726873,-0.00109884,-0.00162586,-0.00211911,-0.00261914,-0.00296294,-0.00312962,-0.00344619,-0.0034452,-0.00261334,-0.00174435,-0.000977202,-0.000641187,-0.000431835,-0.000165144,-9.0615e-05,-4.35534e-05,-1.08887e-05,0.0,0.0,0.0,0.0,0.0,0.0,-7.39736e-05,-0.000242004,-0.000568588,-0.00066799,-0.000694691,-0.000796771,-0.00125858,-0.00121738,-0.000642262,-9.31684e-05,-3.55704e-05,-0.000996023,-0.00193046,-0.00271571,-0.0022268,-0.00138903,-0.000667761,-0.000397122,-0.000330944,-0.000300338,-0.000240694,-4.04399e-05,0.0,0.0,0.0,0.0,-1.93402e-05,-6.17015e-05,-0.000216488,-0.000416376,-0.000535797,-0.000567451,-0.000779797,-0.000389985,0.000730817,0.0023061,0.00270299,0.00328583,0.0030562,0.0029061,0.00115948,-0.000827317,-0.00206748,-0.00165502,-0.00095906,-0.000281196,-0.000372309,-0.000298992,-0.000229328,-4.27451e-05,0.0,0.0,0.0,0.0,-4.73178e-05,-0.000156619,-0.000392687,-0.000595142,-0.000557986,-0.000437756,0.000175575,0.00174726,0.0026489,0.00301628,0.00321797,0.00316287,0.00272924,0.00202365,0.00226595,0.00119462,-0.000436744,-0.00122832,-0.000687429,-0.000271917,-0.000347952,-0.000264457,-0.000139863,-2.41177e-05,0.0,0.0,0.0,0.0,-6.96707e-05,-0.000178712,-0.000396819,-0.000475613,-0.000368221,0.00089685,0.00226055,0.00280076,0.0028438,0.00189582,0.0011835,0.000870989,0.000920911,0.0011559,0.00208995,0.00160349,0.000143884,-0.000926243,-0.000262853,-0.000207956,-0.000435442,-0.000213571,-0.000104263,-3.64706e-05,0.0,0.0,0.0,0.0,-0.000116893,-0.000285752,-0.000187657,6.35544e-05,0.00109672,0.00282937,0.00325077,0.00263974,0.00193803,0.000495679,-0.000863682,-0.00100619,-0.000820538,0.000633257,0.00191405,0.00175718,0.000341815,-0.000621508,0.000115377,-9.31178e-05,-0.000342582,-0.000139193,-1.41176e-05,-4.11765e-06,0.0,0.0,0.0,0.0,-0.000112561,-2.11875e-05,0.000113258,0.000642705,0.00196318,0.00344219,0.00274785,0.00170124,4.70229e-05,-0.00138664,-0.00183969,-0.00182825,-0.00145109,0.000755948,0.00238806,0.00265978,0.000966951,0.000121358,0.000142976,-6.04572e-05,-0.000266712,-0.000155879,0.0,0.0,0.0,0.0,0.0,0.0,-1.98039e-05,0.000320873,0.000361804,0.0013599,0.00177494,0.00302386,0.00284501,0.00104011,-0.00104772,-0.0018713,-0.00213701,-0.00164536,-0.000766332,0.00118729,0.00296459,0.00234045,0.00167302,-6.92558e-05,0.000173171,5.73259e-05,-0.0001422,-0.000176819,-7.73864e-07,0.0,0.0,0.0,0.0,0.0,0.0,0.000309622,0.000830377,0.00144202,0.00133406,0.00295871,0.00363577,0.00207709,-0.000242931,-0.000686151,-0.000839748,-0.000869263,0.000121508,0.00224745,0.00316437,0.00247333,0.00110518,-0.000262448,0.000255162,-0.000106144,-7.52469e-05,-0.000180415,-2.39898e-05,0.0,0.0,0.0,0.0,0.0,0.0,0.000140998,0.000972085,0.00104328,0.000550352,0.00227924,0.00374316,0.00265618,0.00205756,0.00141215,0.000612735,0.000632181,0.00147964,0.00254698,0.00315364,0.00184766,2.93077e-05,-0.000179523,-0.000220201,-0.000350223,-0.000184525,-0.000187495,0.0,0.0,0.0,0.0,0.0,0.0,0.0,-7.82572e-06,0.000603577,0.000248259,-0.000118639,0.000978145,0.00212051,0.0024558,0.00256549,0.00182447,0.000795112,0.000466021,0.00108083,0.00278601,0.0031921,0.00153878,-0.000336034,-0.000452759,-0.000464112,-0.000375088,-0.000288611,-0.000230071,-2.56475e-05,0.0,0.0,0.0,0.0,0.0,-4.23821e-06,-3.77761e-05,0.000219978,-3.61361e-05,-0.0007126,6.39313e-05,0.000606239,0.000518921,0.000261175,-0.00053226,-0.00152448,-0.00157281,0.000898944,0.00210939,0.00232528,0.00136044,2.32974e-05,-0.000554957,-0.00066723,-0.000347854,-0.000344054,-0.000170005,-5.90558e-05,0.0,0.0,0.0,0.0,0.0,-4.2084e-05,-0.00016924,-0.00029938,-0.000158835,-0.000701681,-0.000926009,-0.000960853,-0.000805363,-0.00132982,-0.00157275,-0.00186282,-0.000931093,0.00150491,0.00156457,0.00123355,0.00126854,0.000322612,-0.000960107,-0.000780305,-0.000620971,-0.000318984,-0.00011025,-3.15309e-05,0.0,0.0,0.0,0.0,-1.88235e-05,-0.000121196,-0.000273297,-0.000451316,-0.000645923,-0.000846984,-0.000984869,-0.00111808,-0.00145932,-0.00169346,-0.00170462,-0.00115737,0.000294388,0.00150308,0.000994271,0.000912757,0.00126902,0.000340601,-0.00110671,-0.00117115,-0.000677494,-0.000173199,-0.000139343,-4.13726e-05,0.0,0.0,0.0,0.0,-2.37255e-05,-0.000152706,-0.000255564,-0.00055379,-0.00103109,-0.00141269,-0.00215219,-0.00255038,-0.00263705,-0.00195167,-0.00143051,-0.00161211,8.07566e-05,0.000968055,0.000691749,0.000152245,0.00114643,-0.000177306,-0.00116859,-0.00111622,-0.000465893,-0.000173157,-0.00010496,-1.35033e-05,0.0,0.0,0.0,0.0,-7.45098e-06,-0.000108196,-0.000227333,-0.000522779,-0.00121239,-0.00165315,-0.00240143,-0.00314785,-0.00326813,-0.00276322,-0.00267916,-0.00226645,-0.000185013,0.000514689,-0.000270094,-0.000468737,0.00088175,-0.000621228,-0.000640254,-0.000688814,-0.000431467,-0.000279505,-8.93882e-05,-2.51949e-05,0.0,0.0,0.0,0.0,0.0,-2.62122e-05,-0.000161941,-0.00046914,-0.00108271,-0.00163908,-0.00255501,-0.00327338,-0.00343944,-0.00333198,-0.00358023,-0.00241816,-0.00037176,-0.000234012,-0.000793853,-0.000816106,0.000509058,-0.000279614,5.02037e-05,-0.000331188,-0.00032709,-0.000208901,-6.97891e-05,0.0,0.0,0.0,0.0,0.0,0.0,-3.53251e-07,-7.36329e-05,-0.000330789,-0.000696875,-0.00128808,-0.00207287,-0.00281645,-0.0032773,-0.00372194,-0.00367617,-0.00138383,-0.000463202,-0.000599865,-9.41103e-05,0.000336707,0.00107068,0.00028821,0.000436209,6.35576e-05,-8.36293e-05,-5.25031e-05,-5.38299e-07,0.0,0.0,0.0,0.0,0.0,0.0,0.0,-2.78007e-05,-0.000176625,-0.00035934,-0.000478627,-0.000950266,-0.00195171,-0.00245293,-0.00309919,-0.00249693,-0.00069371,0.000224166,-0.000140523,0.000782215,0.00134719,0.00177247,0.00113706,0.00078581,0.000447523,-5.11765e-05,-1.11765e-05,0.0,0.0,0.0,0.0,0.0,0.0,0.0,0.0,-3.67052e-07,-3.20893e-05,0.000103603,0.000190889,1.25121e-05,-0.000381416,-0.00046939,-0.000902448,-0.000527006,0.00143891,0.00160427,0.00107105,0.00212294,0.00251121,0.00181826,0.00120768,0.00104654,0.000659063,4.92157e-05,0.0,0.0,0.0,0.0,0.0,0.0,0.0,0.0,0.0,0.0,0.0,0.0,-1.73574e-05,-7.92004e-05,-0.000162,-0.000158044,0.000341327,0.00101468,0.00252978,0.00195682,0.00150071,0.00193692,0.00245301,0.00125974,0.000811956,0.000809007,0.000453557,5.64706e-05,0.0,0.0,0.0,0.0,0.0,0.0,0.0,0.0,0.0,0.0,0.0,0.0,-7.77461e-07,-4.39265e-05,-6.60145e-05,-0.000106162,4.85104e-05,0.000687023,0.00190499,0.00112306,0.000332777,0.000456084,0.000704457,0.000104111,-5.54902e-05,-1.70588e-05,0.0,0.0,0.0,0.0,0.0,0.0,0.0,0.0,0.0,0.0,0.0,0.0,0.0,0.0,-1.0107e-05,-4.66477e-05,-3.59576e-05,-3.8873e-06,0.0,-4.46337e-05,-2.44515e-05,0.0,-1.11765e-05,-4.94118e-05,-4.62745e-05,0.0,0.0,0.0,0.0,0.0,0.0,0.0,0.0,0.0,0.0]}