{"max":0.077541,"min":-0.0650427,"acc":0.8341,"arr":[0.0,0.0,0.0,0.0,0.0,0.0,0.0,0.0,0.0,0.0,0.0,0.0,0.0,0.0,0.0,0.0,0.0,0.0,0.0,0.0,0.0,0.0,0.0,0.0,0.0,0.0,0.0,0.0,0.0,0.0,0.0,0.0,0.0,0.0,-4.08558e-05,-0.000104889,-0.000185613,-0.000113003,-0.00014442,-0.000153605,-0.000214077,-0.000243649,-0.000247835,-0.000158977,-0.000301168,-0.00023496,-0.000103031,-0.000122772,-6.48482e-05,-5.45713e-07,0.0,0.0,0.0,0.0,0.0,0.0,0.0,0.0,0.0,-7.45312e-06,-4.65934e-06,0.0,-5.00504e-05,-0.000165875,-0.000492948,-0.000661465,-0.000889471,-0.00131058,-0.00191926,-0.00239848,-0.00309259,-0.00337072,-0.00339512,-0.00269578,-0.00216922,-0.00163915,-0.00112516,-0.000613522,-0.000200522,-2.72123e-05,0.0,0.0,0.0,0.0,0.0,0.0,-7.03637e-07,-3.12957e-05,-2.39928e-05,-2.8614e-05,-0.000189912,-0.000505156,-0.0011486,-0.00209589,-0.00300189,-0.0044269,-0.00616719,-0.00810425,-0.00979486,-0.010499,-0.0100777,-0.00880277,-0.00764662,-0.00596372,-0.00362664,-0.00187298,-0.000913471,-0.000317265,-9.83664e-05,-3.07872e-05,-4.99281e-06,0.0,0.0,-1.14761e-06,-2.68661e-06,-2.18145e-05,-9.76114e-05,-0.000310051,-0.000810214,-0.00169788,-0.00341923,-0.00647242,-0.0101512,-0.0149411,-0.0208276,-0.0267007,-0.0305572,-0.03229,-0.0320788,-0.0285335,-0.0234908,-0.0176251,-0.012145,-0.00745583,-0.00340316,-0.00154926,-0.00064507,-0.000168713,-4.01076e-05,0.0,0.0,0.0,-1.4885e-05,-6.61684e-05,-0.000349736,-0.0013251,-0.00274384,-0.00549377,-0.0104997,-0.0169652,-0.022469,-0.030658,-0.0413335,-0.0507513,-0.0586085,-0.0628946,-0.061675,-0.0560292,-0.0466962,-0.0367959,-0.0272698,-0.0191262,-0.0125993,-0.00784072,-0.00358266,-0.0011364,-0.00021419,0.0,0.0,0.0,-1.32403e-06,-0.000264844,-0.00115239,-0.00329024,-0.00676317,-0.0123186,-0.0196918,-0.027244,-0.0328345,-0.0337565,-0.0274011,-0.015751,-0.00204306,0.00713966,0.00562721,-0.00196749,-0.0147844,-0.0283557,-0.0318727,-0.0263333,-0.0199658,-0.0129721,-0.00772289,-0.00323414,-0.000627941,-8.23471e-05,0.0,-3.29444e-05,-0.000249152,-0.00101932,-0.00318866,-0.0076545,-0.013275,-0.0203811,-0.0264185,-0.0295479,-0.0233541,-0.00358504,0.0208996,0.0481079,0.0699412,0.077541,0.070006,0.046961,0.013669,-0.0131012,-0.0273474,-0.0299375,-0.0240558,-0.0164576,-0.0095713,-0.00474817,-0.00115462,-0.000123901,0.0,-0.000103745,-0.000680312,-0.0026457,-0.00632498,-0.01161,-0.0157472,-0.0215053,-0.0197284,-0.011883,0.00853589,0.0337611,0.0531946,0.0628844,0.0583443,0.0510681,0.046417,0.0322526,0.018916,-0.00704534,-0.0223515,-0.0255532,-0.0226543,-0.0165449,-0.00982367,-0.00423616,-0.00101979,-2.91481e-05,-5.23567e-05,-0.000220208,-0.000890612,-0.00325224,-0.00690245,-0.00932559,-0.0103463,-0.0128999,-0.00313462,0.0148854,0.0388507,0.0511093,0.0391341,0.0171227,-0.000312313,-0.00109883,0.00437922,0.0154324,0.0186371,0.00725591,-0.0101585,-0.0164821,-0.0162035,-0.0121616,-0.0077046,-0.00287618,-0.000620632,0.0,-6.08932e-05,-0.000254071,-0.000798929,-0.00247295,-0.00435984,-0.00227861,-0.00239134,0.00306639,0.0221723,0.0399814,0.0557642,0.034762,0.000239311,-0.0263516,-0.0369183,-0.027943,-0.00206817,0.0201864,0.0342042,0.0238823,0.00408613,-0.00485472,-0.00878761,-0.0077307,-0.00428265,-0.00128718,-0.000451703,-4.81735e-05,-6.54459e-06,-0.000132221,-0.000496883,-0.00106015,-0.000152886,0.00547899,0.00812702,0.0210927,0.0393783,0.0575387,0.0467255,0.00875462,-0.0281232,-0.0408091,-0.0374244,-0.0190846,0.0142951,0.0411191,0.0535762,0.0417113,0.0144303,0.00113084,-0.0047154,-0.0052226,-0.00290293,-0.000415304,-0.000208949,-7.67118e-05,0.0,-2.51491e-05,-0.000293986,8.47232e-05,0.00363466,0.00959922,0.0172469,0.0312833,0.0480216,0.0581252,0.0314096,-0.0099083,-0.0355111,-0.0343394,-0.0248889,0.000503172,0.0365364,0.0596581,0.064988,0.0444114,0.0111682,0.000190138,-0.00526173,-0.004813,-0.00254197,-0.000375267,-0.000154371,-2.50084e-05,0.0,-6.19908e-06,-0.000205965,0.000464619,0.00613914,0.011324,0.0184662,0.0325805,0.0519241,0.0539743,0.0271221,-0.000853676,-0.0120996,-0.0125076,-0.00164602,0.0227079,0.0537626,0.0699235,0.0620446,0.0268811,0.00165953,-0.00675592,-0.00929644,-0.00669784,-0.0036674,-0.000510427,-0.000123707,-6.74568e-06,0.0,-2.59566e-05,-0.000155731,0.000929565,0.00509633,0.00837093,0.0145622,0.0252966,0.0469415,0.053986,0.0371874,0.0242176,0.0159441,0.0108163,0.0141586,0.0306128,0.0604827,0.0700499,0.0399575,0.000143965,-0.0150977,-0.0175908,-0.0147179,-0.00947866,-0.00485231,-0.000846733,-0.000188637,0.0,0.0,-3.8499e-05,-0.000127104,0.000736175,0.00294037,0.00421052,0.00472962,0.0119331,0.0326075,0.0440757,0.0491588,0.0427343,0.0309881,0.0137027,0.00531172,0.0261032,0.0618166,0.0584414,0.0135639,-0.0201302,-0.027014,-0.0240109,-0.0183478,-0.0110701,-0.00517743,-0.000947312,-0.000208094,-1.92895e-05,0.0,-2.34516e-05,-9.93287e-05,0.000244472,0.000358186,-0.00192955,-0.00439925,-0.00191171,0.0116558,0.0248117,0.03248,0.0304964,0.0148858,-0.0062724,-0.0077015,0.0273039,0.0586019,0.0390273,-0.00560017,-0.0289727,-0.0310779,-0.0254455,-0.0180308,-0.0106108,-0.00496262,-0.00148552,-0.000429401,-3.73913e-05,0.0,-2.80296e-05,-9.05418e-05,-0.000537787,-0.00304167,-0.0086075,-0.0119065,-0.0138828,-0.0103892,-0.00378837,0.000601592,-0.00175821,-0.0129245,-0.0233758,-0.00503571,0.033334,0.0446012,0.0163929,-0.0186772,-0.0330883,-0.0302932,-0.0237135,-0.0166548,-0.00924156,-0.00467441,-0.00137189,-0.000241069,-1.78708e-06,0.0,-1.20082e-05,-0.000219389,-0.00127382,-0.00464924,-0.0124043,-0.017707,-0.02369,-0.0276824,-0.0299354,-0.0322361,-0.0338489,-0.0350295,-0.0281093,0.00224751,0.0248334,0.02309,-0.00350361,-0.0257419,-0.0328312,-0.0268616,-0.0215242,-0.0142657,-0.00766914,-0.00384683,-0.000838347,-8.92532e-05,0.0,0.0,0.0,-0.000355225,-0.00166227,-0.00572787,-0.0145829,-0.023824,-0.0321958,-0.0423081,-0.049819,-0.0547519,-0.0541515,-0.0486749,-0.0273086,-0.00202145,0.0105479,-0.00109066,-0.0151533,-0.0271683,-0.0296958,-0.0227302,-0.018044,-0.0114601,-0.00572818,-0.00272007,-0.00053376,-0.000161727,0.0,0.0,0.0,-0.000207956,-0.00174511,-0.00554861,-0.0136528,-0.0249866,-0.0370225,-0.0494501,-0.0598438,-0.0647039,-0.0635087,-0.0498996,-0.0276159,-0.00949376,-0.00734728,-0.0166399,-0.0185471,-0.0225048,-0.0228891,-0.016098,-0.0118083,-0.00788304,-0.00366209,-0.00182623,-0.000347934,-0.000112164,0.0,0.0,0.0,-0.000163451,-0.00124841,-0.00430814,-0.0113373,-0.0232114,-0.0365417,-0.049767,-0.0609727,-0.0650427,-0.0631146,-0.0460108,-0.0299271,-0.0213432,-0.021296,-0.0197697,-0.0124882,-0.014431,-0.0133155,-0.00890959,-0.00601521,-0.00417575,-0.00191244,-0.000439414,-1.78091e-05,-8.84667e-05,0.0,0.0,0.0,-6.45508e-05,-0.000738251,-0.00275468,-0.00780729,-0.0169227,-0.0284994,-0.0407688,-0.0518098,-0.0552986,-0.0496634,-0.0358236,-0.0263328,-0.0215781,-0.0191705,-0.00872089,0.00086387,-0.00166561,-0.00254162,-0.000749246,0.0007361,-9.71607e-05,0.000228506,0.00106455,0.00047727,-1.95466e-05,0.0,0.0,0.0,-3.74829e-05,-0.000265697,-0.00150114,-0.00361354,-0.0088377,-0.0154889,-0.0232535,-0.0305979,-0.0307327,-0.0240777,-0.0140956,-0.0116665,-0.0075796,-0.0044788,0.00721153,0.0170875,0.0130073,0.00957803,0.00659417,0.00555711,0.00326232,0.00181269,0.0012437,0.000175423,-2.02422e-05,0.0,0.0,0.0,-5.5081e-06,-2.22289e-05,9.46389e-05,-2.96942e-05,-0.00128634,-0.00283584,-0.00467308,-0.0046071,0.00423309,0.0155919,0.0208197,0.0209259,0.0181126,0.0207751,0.0282722,0.0320679,0.0249457,0.0154755,0.0118907,0.00844804,0.00419538,0.00209735,0.0012707,-4.75262e-05,0.0,0.0,0.0,0.0,0.0,0.0,0.00014285,0.000849143,0.000461712,0.00078327,0.00299922,0.00857681,0.0200964,0.0320594,0.0346499,0.0342975,0.0280035,0.0268491,0.0323708,0.0317545,0.0231115,0.0141354,0.0111883,0.00760357,0.00313375,0.000978235,0.000294822,0.0,0.0,0.0,0.0,0.0,0.0,0.0,2.33474e-05,0.000162275,-0.000439631,-0.00151113,-0.00152062,-0.00102811,0.00285296,0.00519681,0.00468685,0.00797967,0.00851653,0.0075551,0.00845317,0.00824216,0.00669957,0.00311267,0.00306777,0.0021665,0.00067331,7.38148e-05,0.0,0.0,0.0,0.0,0.0,0.0,0.0,0.0,0.0,0.0,2.16739e-05,0.000258813,0.000122587,-0.000218903,-0.000459844,-0.000708737,-0.000527204,