{"max":0.0194038,"min":-0.0196809,"acc":0.7665,"arr":[0.0,0.0,0.0,0.0,0.0,0.0,0.0,0.0,0.0,0.0,0.0,0.0,0.0,0.0,0.0,0.0,0.0,0.0,0.0,0.0,0.0,0.0,0.0,0.0,0.0,0.0,0.0,0.0,0.0,0.0,0.0,0.0,0.0,0.0,0.0,0.0,0.0,-2.4569e-05,-4.54911e-05,-3.44299e-05,-0.000100204,-4.26968e-05,-2.58521e-05,-4.69401e-05,-3.78081e-05,0.0,0.0,0.0,0.0,0.0,0.0,0.0,0.0,0.0,0.0,0.0,0.0,0.0,0.0,0.0,0.0,0.0,0.0,-1.45569e-05,-0.000130385,-0.000279792,-0.000233611,-0.000313409,-0.000602652,-0.000684687,-0.000903549,-0.00100868,-0.00100124,-0.000636741,-0.000548183,-0.000421845,-0.000415697,-0.000250866,-7.89699e-05,-6.53437e-06,0.0,0.0,0.0,0.0,0.0,0.0,0.0,0.0,0.0,-2.46238e-05,-7.20097e-05,-0.000137745,-0.00030236,-0.000696499,-0.000997541,-0.00131916,-0.00201764,-0.00280436,-0.00312623,-0.0032473,-0.00313941,-0.00260956,-0.00223026,-0.00168785,-0.00117166,-0.000564485,-0.000287425,-6.36097e-05,0.0,0.0,0.0,0.0,0.0,0.0,0.0,-7.61318e-06,-3.39283e-05,-0.000112596,-0.000298353,-0.000639737,-0.00135893,-0.00240651,-0.00344341,-0.0047655,-0.00673192,-0.00881881,-0.0100691,-0.0107218,-0.0104981,-0.00935962,-0.00775442,-0.00581531,-0.00380898,-0.00211553,-0.000915992,-0.000395499,-0.000135311,-3.40027e-05,-2.97523e-05,0.0,0.0,0.0,-1.20818e-05,-3.49213e-05,-3.98124e-05,-0.000375824,-0.00096819,-0.00197216,-0.00349164,-0.0055439,-0.00743779,-0.00994899,-0.0133606,-0.0164725,-0.0179266,-0.0190549,-0.0184732,-0.0163436,-0.0135793,-0.0107348,-0.00756077,-0.0052798,-0.00313363,-0.00164643,-0.00089526,-0.000294395,-5.79269e-05,0.0,0.0,0.0,-1.32403e-06,-1.82054e-06,-0.000153554,-0.00080592,-0.00199391,-0.00398786,-0.00598292,-0.00737292,-0.00923279,-0.00986777,-0.00845828,-0.00608692,-0.00380371,-0.00154316,-0.00287026,-0.00463171,-0.00757176,-0.00838063,-0.00680451,-0.00597209,-0.00486422,-0.00321776,-0.00214266,-0.000950047,-0.000202826,-7.96854e-06,0.0,0.0,-4.72488e-05,-0.000112043,-0.000690965,-0.00161898,-0.0032509,-0.0054044,-0.00624891,-0.00675629,-0.00402421,0.00040832,0.00633842,0.0127221,0.0168303,0.0149984,0.0146657,0.00864232,0.00032555,-0.00480083,-0.00625248,-0.00582571,-0.00510197,-0.00354508,-0.00197665,-0.00105588,-0.000307068,-5.30537e-05,0.0,-4.65334e-05,-0.000166232,-0.000586351,-0.00145633,-0.00259158,-0.00401832,-0.00498032,-0.00388939,-0.000405201,0.00612542,0.012356,0.0151054,0.017703,0.0140349,0.00986559,0.00870142,0.00760899,0.00542326,-0.00292718,-0.00567586,-0.00433369,-0.00388795,-0.00334315,-0.00200325,-0.000960234,-0.000315742,-2.91481e-05,0.0,-5.03477e-05,-0.000181685,-0.000794816,-0.00167187,-0.0023188,-0.00291819,-0.00282653,0.00183082,0.0088765,0.0136158,0.0153354,0.0108401,0.00337908,6.32629e-05,-0.000824579,-0.000358135,0.0038548,0.00669194,0.00139173,-0.00231494,-0.00223127,-0.00330825,-0.00295188,-0.00183634,-0.000661611,-0.000152208,0.0,0.0,-2.54281e-06,-8.64045e-05,-0.000608838,-0.00155148,-0.000873822,-0.00108874,0.00237454,0.0104842,0.0153063,0.0165767,0.00869884,-0.00312104,-0.00859176,-0.0090692,-0.00722595,-0.000931401,0.00330547,0.00749906,0.00442001,0.00144566,-0.000825108,-0.00218733,-0.0024776,-0.00138674,-0.000394519,-6.97472e-05,0.0,0.0,0.0,-7.43367e-06,-0.000280129,-0.000303183,0.000317663,0.00247036,0.00973861,0.0144146,0.0175352,0.0115685,-0.00106308,-0.0107922,-0.0117078,-0.0108061,-0.00623607,0.00192576,0.00846053,0.0130838,0.00964529,0.0045461,0.000337164,-0.00213196,-0.00215654,-0.00105839,-0.00013898,-1.19344e-05,0.0,0.0,0.0,-4.02135e-06,-0.00011839,0.00101061,0.00213644,0.00654655,0.0118473,0.0142732,0.0160649,0.00659576,-0.00556096,-0.0120196,-0.0119362,-0.00949337,-0.00288571,0.00747952,0.0155766,0.0156432,0.0118141,0.00343856,-7.61072e-05,-0.00183633,-0.00153858,-0.000891474,-4.85128e-05,0.0,0.0,0.0,0.0,-2.47631e-05,2.56478e-05,0.00129183,0.00331075,0.00709718,0.0116189,0.0149129,0.0163581,0.00778612,-0.00100234,-0.00525731,-0.00643724,-0.0043875,0.00271655,0.0140311,0.0185857,0.0153407,0.00691683,0.000991166,-0.00125996,-0.00229059,-0.00153319,-0.00110145,-0.000102203,0.0,0.0,0.0,0.0,-2.70912e-05,0.000133157,0.000942008,0.00299541,0.00509993,0.00828993,0.0137594,0.0154969,0.0106405,0.00620527,0.00251553,0.000725021,0.00232255,0.00884134,0.0177578,0.0194038,0.00993563,-0.000228385,-0.00409817,-0.00339717,-0.00351601,-0.00204168,-0.00117516,-0.00013203,0.0,0.0,0.0,0.0,-2.13767e-05,0.000103702,0.000302354,0.00188947,0.0015086,0.00309278,0.0088883,0.0117823,0.0141199,0.0131234,0.00906078,0.0034328,0.00289757,0.00856436,0.0181294,0.0156422,0.00408923,-0.00414628,-0.00641672,-0.00580787,-0.00436544,-0.00263386,-0.00130365,-0.000203121,-3.02026e-05,-1.6878e-05,0.0,0.0,0.0,-4.37506e-05,-0.000145725,0.00020282,-0.000711706,-0.00126545,0.0022349,0.00733884,0.00957319,0.00927151,0.00512211,0.000304172,0.0013568,0.00958537,0.0156776,0.00947798,-0.000626399,-0.00753004,-0.00775897,-0.00673411,-0.00411442,-0.00279383,-0.00153082,-0.00045139,-0.000102446,-3.47488e-05,0.0,-1.82983e-05,0.0,-0.000154012,-0.00108551,-0.00263909,-0.00304103,-0.00446163,-0.00414414,-0.00289315,-0.00258746,-0.00250549,-0.0043189,-0.00354273,0.00206043,0.0100484,0.0107601,0.00324712,-0.00410555,-0.00827203,-0.00854641,-0.00643567,-0.00461535,-0.00226613,-0.00135824,-0.00041829,-4.62816e-05,-1.78708e-06,0.0,-1.20082e-05,-4.70911e-05,-0.00038893,-0.00143379,-0.00384327,-0.00518913,-0.00701524,-0.00816873,-0.00874773,-0.00972375,-0.00962142,-0.0080642,-0.00430846,0.00146941,0.00589416,0.00414845,-0.00143242,-0.00566741,-0.00817316,-0.00813904,-0.00673573,-0.00446112,-0.00174288,-0.00100932,-0.000315082,-1.05235e-05,0.0,0.0,0.0,-6.99992e-05,-0.000506002,-0.00163514,-0.00403392,-0.00700125,-0.00973443,-0.013455,-0.0154522,-0.0161757,-0.0148119,-0.0112521,-0.00606044,-0.00215798,0.000599718,-0.00178472,-0.00573669,-0.00526966,-0.00796801,-0.00726488,-0.00615473,-0.00375084,-0.00130255,-0.000642116,-0.000234542,-3.11579e-05,0.0,0.0,0.0,-2.47725e-06,-0.000511924,-0.00161973,-0.00363391,-0.00706898,-0.0111098,-0.0155976,-0.018659,-0.0195148,-0.0177507,-0.0139213,-0.00879731,-0.00554282,-0.00518781,-0.00667217,-0.00710593,-0.00434707,-0.00709328,-0.00520482,-0.00419011,-0.00233204,-0.00078897,-0.000266749,-0.000123941,0.0,0.0,0.0,0.0,-5.16118e-05,-0.000336567,-0.0013111,-0.00313954,-0.00639509,-0.0110121,-0.015927,-0.0196809,-0.0193838,-0.0191974,-0.0137643,-0.0104618,-0.00797132,-0.00771378,-0.00834448,-0.00621794,-0.00291346,-0.00361512,-0.00276178,-0.00214751,-0.00123865,-0.000249449,0.000172527,1.22258e-05,0.0,0.0,0.0,0.0,-1.30539e-05,-0.000196415,-0.000768662,-0.00199272,-0.00425998,-0.00840386,-0.012902,-0.0160396,-0.0167179,-0.0153957,-0.0104212,-0.00879636,-0.00804823,-0.00732568,-0.00501209,-0.00130739,0.00150739,0.000130049,-0.000217808,-8.51227e-05,-0.000134163,0.000374758,0.000660062,0.000280407,0.0,0.0,0.0,0.0,0.0,-0.000116963,-0.000407109,-0.00100773,-0.00228075,-0.00415406,-0.00634058,-0.00953806,-0.00922729,-0.00518598,-0.00425765,-0.00341751,-0.00364406,-0.00346241,0.000307898,0.00420778,0.00606488,0.00508594,0.00234238,0.00121091,0.00041572,0.000675485,0.000576878,0.000152213,0.0,0.0,0.0,0.0,0.0,-3.80305e-06,0.000293515,9.58043e-05,-9.80068e-05,6.74172e-05,-0.000201271,-0.000648918,0.0024781,0.00652158,0.00533405,0.00558608,0.00336294,0.0044792,0.00668526,0.00904483,0.00851992,0.00641084,0.00419004,0.00203643,0.000578544,0.00033857,0.00033756,6.91877e-06,0.0,0.0,0.0,0.0,0.0,0.0,6.69935e-05,0.000127994,0.00028804,0.000700056,0.00116662,0.00301673,0.00581166,0.00907659,0.00925593,0.00845085,0.00538573,0.0060152,0.00789483,0.00959899,0.00814624,0.00508529,0.0035318,0.00164865,0.000526007,0.000269248,0.0,0.0,0.0,0.0,0.0,0.0,0.0,0.0,4.01645e-05,0.000311883,0.000230817,-0.000298978,-0.000318716,-0.000125873,0.000987129,0.000546758,0.0022275,0.00342885,0.00252435,0.00110357,0.00259978,0.00362699,0.00227678,0.000301465,-6.68205e-05,-2.12696e-05,0.0,0.0,0.0,0.0,0.0,0.0,0.0,0.0,0.0,0.0,0.0,0.0,7.18336e-05,0.000369671,0.000264855,-7.15678e-05,-0.00015462,-0.000185448,-0.000109791,-0.000184148,-0.000312328,-0.000343024,-0.000343456,-0.000132776,0.0,-1.5673e-05,-4.95658e-05,