{"max":0.196492,"min":-0.125906,"acc":0.8787,"arr":[0.0,0.0,0.0,0.0,0.0,0.0,0.0,0.0,0.0,0.0,0.0,0.0,-1.96001e-05,-5.3286e-05,-1.15381e-05,-4.80754e-07,0.0,0.0,0.0,0.0,0.0,0.0,0.0,0.0,0.0,0.0,0.0,0.0,0.0,0.0,0.0,0.0,0.0,-3.90288e-07,-4.85152e-05,-0.000118492,-0.000197459,-0.000162594,-0.000318062,-0.000382924,-0.00041603,-0.00036695,-0.000431384,-0.000336842,-0.000483274,-0.000388551,-0.000188912,-0.000214536,-0.00014647,-3.02978e-05,-1.93629e-05,-1.5785e-06,0.0,0.0,0.0,0.0,0.0,0.0,0.0,-7.45312e-06,-6.7874e-06,-5.51106e-06,-8.00284e-05,-0.00035427,-0.000692823,-0.00104206,-0.00187538,-0.00280651,-0.00365539,-0.00434102,-0.00544973,-0.00592764,-0.00585082,-0.00488218,-0.00402276,-0.00309723,-0.00188691,-0.00105765,-0.000441267,-8.86104e-05,-1.50176e-05,-4.81885e-06,0.0,0.0,0.0,0.0,-7.03637e-07,-3.18228e-05,-3.43609e-05,-7.50492e-05,-0.000324495,-0.000963359,-0.00191182,-0.00367912,-0.00584578,-0.00841397,-0.0109756,-0.013953,-0.0170295,-0.0189784,-0.0183246,-0.0161033,-0.0134033,-0.0106642,-0.00683472,-0.0038186,-0.0018633,-0.000784154,-0.00027935,-4.55754e-05,-4.99281e-06,0.0,0.0,-1.14761e-06,-4.25408e-06,-2.51646e-05,-0.000172013,-0.000614883,-0.0016112,-0.00330142,-0.00643268,-0.0117605,-0.0182543,-0.0269461,-0.0374957,-0.0478151,-0.0554422,-0.0589233,-0.0586054,-0.0526843,-0.0439226,-0.0346054,-0.0245894,-0.016172,-0.00896909,-0.00455726,-0.00191788,-0.000499539,-0.000102038,0.0,0.0,0.0,-1.65345e-05,-0.000138749,-0.000819133,-0.0028143,-0.00643643,-0.0120021,-0.0212917,-0.0339927,-0.0455046,-0.0594914,-0.079355,-0.097252,-0.112656,-0.122001,-0.125906,-0.119075,-0.102915,-0.0834848,-0.0619315,-0.0443475,-0.0313759,-0.020968,-0.0099992,-0.00267444,-0.000509438,-2.90488e-06,0.0,0.0,-9.78074e-05,-0.00062392,-0.00311921,-0.00868448,-0.0168715,-0.0299448,-0.0456443,-0.057401,-0.0673298,-0.0679293,-0.0496107,-0.0136573,0.0237751,0.041633,0.0321788,0.00192177,-0.0316929,-0.0591718,-0.0652285,-0.0604457,-0.0504253,-0.0356775,-0.0199779,-0.00725578,-0.00165929,-0.000106226,0.0,-4.60616e-05,-0.000460941,-0.002245,-0.00789006,-0.0189761,-0.0329679,-0.0509235,-0.0629113,-0.0658359,-0.0513442,-0.00974179,0.0530662,0.116273,0.172484,0.196492,0.173314,0.105783,0.0313547,-0.023322,-0.0507551,-0.0626588,-0.057605,-0.0430356,-0.0261398,-0.0113408,-0.00244591,-0.000132285,0.0,-0.000207502,-0.00166771,-0.00618538,-0.01448,-0.0277736,-0.0404857,-0.0546348,-0.0470241,-0.0359299,0.000675653,0.0556377,0.0991286,0.1287,0.131382,0.12661,0.10715,0.0644857,0.0273473,-0.0137493,-0.0363217,-0.0457709,-0.0488997,-0.0400939,-0.0245449,-0.0103062,-0.0023585,-8.07244e-05,-7.30459e-05,-0.000489996,-0.00261174,-0.0078554,-0.0170209,-0.0251302,-0.0291837,-0.0282872,-0.0099671,0.0195297,0.0599772,0.0840661,0.0734896,0.0353645,0.00711821,-0.00284401,0.00284534,0.0126013,0.0185592,0.0102299,-0.0068278,-0.0276436,-0.0355827,-0.0301485,-0.0181942,-0.00760667,-0.00161958,-0.000123418,-0.000110915,-0.000713227,-0.00306397,-0.00708594,-0.0119186,-0.0106691,-0.00174014,0.015574,0.0484605,0.0690823,0.0929949,0.0654476,0.00469912,-0.0481203,-0.0684088,-0.0531973,-0.0180669,0.0188237,0.0469248,0.0502852,0.0278526,-0.0011166,-0.0182015,-0.0171764,-0.0114571,-0.00472991,-0.00123,-0.00020342,-6.1552e-05,-0.000763398,-0.00273023,-0.00412794,-0.00137834,0.0111444,0.0297901,0.059046,0.0849654,0.0957819,0.0775526,0.0177013,-0.0467626,-0.0764724,-0.0639692,-0.0262455,0.0227357,0.0642925,0.0967044,0.0941161,0.0577192,0.0181339,-0.0037101,-0.0101706,-0.00684027,-0.0022559,-0.000698045,-0.000114354,-3.98327e-05,-0.00045913,-0.00163312,-0.000423422,0.0104223,0.0275574,0.049661,0.0769529,0.0939336,0.095204,0.0455979,-0.0207656,-0.0610693,-0.0507244,-0.0184007,0.025105,0.071345,0.109168,0.128485,0.108228,0.0541303,0.0175006,-0.00204051,-0.00874957,-0.00645348,-0.00158868,-0.000586593,-2.50084e-05,-1.9898e-06,-0.000142392,-0.000913799,0.0018329,0.0175439,0.0351899,0.0538546,0.0760739,0.0907508,0.0825955,0.0323451,-0.0113626,-0.0198509,-0.00241872,0.0307319,0.0638786,0.106161,0.136483,0.127529,0.077951,0.0269827,-0.00216906,-0.0149014,-0.0153667,-0.00916407,-0.00209423,-0.000492717,-8.91888e-06,0.0,-8.68323e-05,-0.000401273,0.00241097,0.0164114,0.0269144,0.0428245,0.0571851,0.0788257,0.0729452,0.0469677,0.0275122,0.0254334,0.0248876,0.0347517,0.0602457,0.114517,0.133016,0.0869674,0.0200902,-0.0196618,-0.0320375,-0.029078,-0.0220914,-0.0115022,-0.0025393,-0.000308927,-1.61438e-06,0.0,-3.8499e-05,-0.000264842,0.00144943,0.0100097,0.0124503,0.0183401,0.0330916,0.0597535,0.0673625,0.0646058,0.0524285,0.0362569,0.00677655,-0.00610192,0.0386174,0.10509,0.106311,0.0326806,-0.0310484,-0.0505688,-0.0489959,-0.0380205,-0.0247676,-0.0128595,-0.00333173,-0.000630054,-6.23732e-05,0.0,-2.34516e-05,-0.000282423,0.000191828,0.00111668,-0.00298081,-0.00606497,0.00666941,0.0331992,0.0488412,0.0564788,0.0481594,0.0205346,-0.0219215,-0.0240337,0.0351914,0.0902459,0.0667462,-0.00899051,-0.0536394,-0.0591349,-0.0521612,-0.0374438,-0.0255361,-0.0127092,-0.003709,-0.000709824,-5.03633e-05,0.0,-4.38219e-05,-0.000295727,-0.000914121,-0.00599004,-0.0175886,-0.0251058,-0.0225417,-0.0096391,0.00260553,0.0111506,0.00121047,-0.0214514,-0.0417311,-0.0162945,0.0440018,0.0633113,0.0277671,-0.0328001,-0.0578719,-0.0554573,-0.0453001,-0.0349101,-0.0221868,-0.0110269,-0.00325911,-0.000465413,-1.57295e-05,-4.1752e-08,-1.75151e-05,-0.000408352,-0.002512,-0.00935075,-0.0246454,-0.0366562,-0.0461225,-0.0490772,-0.0500289,-0.0515951,-0.0576977,-0.0631557,-0.048985,-0.00111635,0.0307788,0.0245948,-0.0140894,-0.0428121,-0.0535152,-0.048108,-0.0401069,-0.0294137,-0.0180077,-0.00872279,-0.00205385,-0.000246201,-1.93319e-05,-2.0876e-07,-3.41359e-05,-0.000625536,-0.00395966,-0.0117209,-0.0275432,-0.0454037,-0.0610834,-0.079366,-0.0953906,-0.1034,-0.0998456,-0.0823933,-0.0443576,-0.00757382,-0.00125934,-0.0163332,-0.0375596,-0.0450626,-0.0474902,-0.0401989,-0.0356809,-0.0224906,-0.0119986,-0.00519365,-0.000996004,-0.000257536,-2.20015e-06,0.0,-3.70881e-05,-0.000505153,-0.00458396,-0.0117979,-0.0263631,-0.0478315,-0.0713807,-0.0934644,-0.114725,-0.125128,-0.117043,-0.0855063,-0.0464377,-0.0289624,-0.0338521,-0.0464263,-0.0474078,-0.0436545,-0.0374296,-0.0276301,-0.0247445,-0.0150295,-0.00713555,-0.00222113,7.92987e-05,-0.000203665,0.0,0.0,-7.64303e-06,-0.000561145,-0.0035531,-0.0088114,-0.0227496,-0.0445352,-0.0683858,-0.0911321,-0.109067,-0.11908,-0.109755,-0.0809411,-0.0574745,-0.053201,-0.063361,-0.0595379,-0.043273,-0.0329737,-0.0224157,-0.0130591,-0.0109822,-0.00662996,-0.001742,2.56894e-05,-3.38032e-05,-0.000176257,-2.05537e-07,0.0,0.0,-0.000571541,-0.0019667,-0.00572969,-0.0161392,-0.033907,-0.0544367,-0.0744472,-0.088278,-0.0938214,-0.0834202,-0.0657295,-0.0561351,-0.0645549,-0.0690689,-0.0506658,-0.0228905,-0.00800881,-0.00189384,0.00200443,0.00304869,0.00173368,0.00327472,0.00181273,0.000266516,-8.06943e-05,-3.79453e-07,0.0,0.0,-0.000249367,-0.000668056,-0.00304857,-0.0073562,-0.0173966,-0.0295399,-0.0395192,-0.0510759,-0.0484077,-0.0425599,-0.0374981,-0.0425454,-0.0501491,-0.0499015,-0.0179778,0.0156995,0.0245612,0.0253121,0.0192579,0.0139487,0.00943567,0.00543539,0.00252892,-1.03686e-05,-5.1949e-05,0.0,0.0,0.0,-4.73669e-05,-0.000188392,-0.000151069,-5.46965e-05,-0.000272178,0.000457841,0.00120089,0.00294395,0.0157266,0.0254828,0.0251073,0.0149289,0.00631301,0.0103778,0.0373175,0.0626383,0.0601344,0.0469205,0.0330046,0.0215803,0.0110335,0.00556877,0.00182373,-8.82675e-05,0.0,0.0,0.0,0.0,4.26675e-05,-4.30207e-05,0.000628888,0.0027605,0.00565132,0.0111564,0.0179272,0.0295846,0.0509733,0.0652943,0.0695702,0.0655821,0.0538694,0.0503165,0.0639267,0.0725236,0.0635326,0.0480423,0.0326281,0.0188973,0.00729006,0.00310085,0.00068611,0.0,0.0,0.0,0.0,0.0,0.0,0.0,0.000863651,0.00116475,0.00132903,0.00102535,0.0012163,0.00387142,0.0117388,0.0151814,0.0153396,0.0143342,0.0164978,0.0124911,0.0161686,0.0203909,0.0184016,0.0151316,0.0105473,0.00530857,0.00150874,0.000231174,-9.46136e-07,0.0,0.0,0.0,0.0,0.0,0.0,0.0,0.0,0.0,-2.08475e-06,0.000162241,-4.63969e-05,