{"max":0.0311916,"min":-0.0280592,"acc":0.7992,"arr":[0.0,0.0,0.0,0.0,0.0,0.0,0.0,0.0,0.0,0.0,0.0,0.0,0.0,0.0,0.0,0.0,0.0,0.0,0.0,0.0,0.0,0.0,0.0,0.0,0.0,0.0,0.0,0.0,0.0,0.0,0.0,0.0,0.0,0.0,0.0,0.0,0.0,-2.4569e-05,-7.01744e-05,-0.000104541,-0.000133865,-6.42709e-05,-6.26294e-05,-7.32099e-05,-0.00010297,-2.01898e-05,-2.43819e-06,-3.39605e-05,-3.98818e-05,0.0,0.0,0.0,0.0,0.0,0.0,0.0,0.0,0.0,0.0,0.0,0.0,0.0,0.0,-1.45569e-05,-0.000130385,-0.000317349,-0.000428722,-0.000685978,-0.00107776,-0.00109466,-0.00125761,-0.00148058,-0.00143479,-0.00103167,-0.000839923,-0.000695873,-0.000572881,-0.000335148,-0.00012059,-1.30259e-05,0.0,0.0,0.0,0.0,0.0,0.0,0.0,-1.42503e-06,0.0,-2.46238e-05,-7.71834e-05,-0.000198314,-0.000438232,-0.00100657,-0.0016201,-0.0022911,-0.00312867,-0.0040806,-0.00455822,-0.00475119,-0.00450867,-0.00383665,-0.00330631,-0.00260673,-0.00179984,-0.000891666,-0.000353998,-6.55571e-05,0.0,0.0,0.0,0.0,0.0,0.0,0.0,-1.54033e-05,-6.39704e-05,-0.000193961,-0.000430218,-0.000874442,-0.00168688,-0.00317483,-0.00495613,-0.00722154,-0.009958,-0.0125655,-0.0144147,-0.0153794,-0.0151119,-0.0134769,-0.0110918,-0.00834002,-0.00568651,-0.00322821,-0.00136668,-0.000600191,-0.000266671,-6.38583e-05,-2.97523e-05,0.0,0.0,0.0,-1.20818e-05,-3.49213e-05,-7.64818e-05,-0.000525565,-0.00126497,-0.0025119,-0.00462682,-0.00780807,-0.010823,-0.0144987,-0.0189587,-0.0226851,-0.0255679,-0.02753,-0.0270935,-0.024356,-0.0201804,-0.0157604,-0.0113704,-0.00810257,-0.00475578,-0.00261092,-0.00146489,-0.000557893,-8.82115e-05,0.0,0.0,0.0,-1.32403e-06,-7.28156e-05,-0.000309546,-0.00127805,-0.00282198,-0.00533557,-0.00855783,-0.0116483,-0.0149637,-0.0154898,-0.0128776,-0.00871113,-0.00404269,-0.000624168,-0.00240638,-0.00519581,-0.00884237,-0.011539,-0.0105489,-0.00959123,-0.00798649,-0.00508938,-0.00330974,-0.00154383,-0.0002658,-2.24691e-05,0.0,0.0,-0.000129445,-0.000400974,-0.00121547,-0.00285597,-0.00489421,-0.00825933,-0.010687,-0.0123398,-0.00908447,-4.86704e-05,0.00859211,0.019078,0.0262625,0.0268122,0.0262759,0.0172802,0.00361424,-0.00671377,-0.00953211,-0.0103312,-0.0086415,-0.00621683,-0.00353089,-0.00174153,-0.000464525,-0.000101673,0.0,-4.65334e-05,-0.00033735,-0.00100219,-0.00236686,-0.0042699,-0.00625587,-0.00798612,-0.00721611,-0.00291128,0.00798725,0.0177843,0.0229736,0.0278876,0.0243329,0.0192582,0.0175526,0.0139285,0.00977844,-0.00371793,-0.00831532,-0.0075008,-0.00750108,-0.00592045,-0.00328288,-0.00139004,-0.00035883,-2.91481e-05,0.0,-5.03477e-05,-0.000234668,-0.00123769,-0.00258995,-0.00374218,-0.00443956,-0.00516118,0.000978773,0.0109723,0.0201747,0.0235763,0.0189818,0.0096397,0.00282543,0.000203474,0.00095967,0.00735805,0.0113397,0.00390879,-0.00337267,-0.00527359,-0.00660132,-0.00492411,-0.00289619,-0.00112306,-0.000180688,0.0,0.0,-2.54281e-06,-0.000115445,-0.000899212,-0.00216964,-0.00141004,-0.0018449,0.00236047,0.0134112,0.0213122,0.0254848,0.0163293,0.000987525,-0.00935935,-0.0136558,-0.0114652,-0.000886927,0.00767756,0.0151377,0.00988622,0.00245168,-0.00285745,-0.00491454,-0.00406484,-0.00204004,-0.000571038,-0.000162191,0.0,0.0,0.0,-0.000123696,-0.0005725,-0.000442308,0.0010235,0.00276817,0.0110549,0.0196978,0.0268178,0.0207486,0.00332715,-0.0129444,-0.0180969,-0.0162916,-0.00832455,0.00588386,0.0160158,0.0239296,0.0177623,0.00565435,-0.00176012,-0.00410011,-0.0031943,-0.00152198,-0.000233642,-8.86204e-05,-2.15533e-05,0.0,0.0,-9.46069e-05,-0.000357723,0.00127756,0.00303166,0.00782203,0.0139945,0.0211032,0.0260765,0.014358,-0.00485879,-0.0166961,-0.0168053,-0.0118025,-0.00209534,0.0158242,0.0261153,0.0278592,0.0194098,0.00319691,-0.00231379,-0.00331256,-0.00241796,-0.00143372,-0.000202335,-9.28388e-05,-2.50084e-05,0.0,0.0,-6.22263e-05,-0.000131048,0.00200236,0.00415824,0.00865888,0.0139431,0.0215019,0.025397,0.0144307,0.0020836,-0.00472473,-0.00510835,-0.00277215,0.00692389,0.0240216,0.0308645,0.0254102,0.0102749,-0.000939194,-0.00422672,-0.00378757,-0.00237481,-0.00166151,-0.000253477,-4.06884e-05,-6.74568e-06,0.0,-1.68646e-05,-3.88453e-05,6.2249e-05,0.0014298,0.00343884,0.00654819,0.00993494,0.0191726,0.0241462,0.0183291,0.0134183,0.00765164,0.00418449,0.0049155,0.0134713,0.0280566,0.0311916,0.0153369,-0.00131524,-0.00839018,-0.00695322,-0.00547997,-0.00314248,-0.00163511,-0.000226953,-5.09391e-05,0.0,0.0,-3.8499e-05,-4.33518e-05,2.7102e-05,0.000585,0.00172717,0.00133274,0.00350325,0.0116572,0.0174766,0.0211336,0.0191956,0.0116862,0.00451024,0.00337722,0.0139629,0.0293422,0.025153,0.00599541,-0.00832376,-0.0122338,-0.00949985,-0.00682038,-0.00399772,-0.00176818,-0.000304209,-0.000124129,-1.6878e-05,0.0,-1.82274e-05,-3.81583e-05,-0.000108254,-0.000326828,-0.000677828,-0.00217638,-0.00215957,0.00225696,0.00942751,0.0125081,0.0124123,0.00660198,0.000101632,0.00223724,0.0160578,0.0272192,0.0167821,-0.00219083,-0.0122151,-0.0131007,-0.0105066,-0.00703842,-0.00436151,-0.0021547,-0.000637074,-0.000259641,-3.47488e-05,0.0,-2.46012e-05,-4.03728e-05,-0.00028748,-0.00176657,-0.00426362,-0.00551771,-0.00731791,-0.00662965,-0.00428262,-0.00246647,-0.00220939,-0.00502966,-0.00433377,0.00471265,0.0177533,0.0202247,0.00759277,-0.00684391,-0.0142408,-0.0138603,-0.0100617,-0.00735477,-0.00380593,-0.0019242,-0.000550378,-0.00010761,-1.78708e-06,0.0,-1.20082e-05,-5.62899e-05,-0.000556012,-0.00216165,-0.00599673,-0.00863527,-0.0111002,-0.0125567,-0.0133453,-0.0146697,-0.0141051,-0.0115548,-0.00684027,0.00452254,0.0124093,0.0110953,-0.000238548,-0.0102272,-0.015328,-0.013143,-0.00995656,-0.00663622,-0.00259024,-0.00147618,-0.000372319,-1.50897e-05,0.0,0.0,0.0,-6.99992e-05,-0.000628961,-0.00239278,-0.00635801,-0.0108108,-0.0142889,-0.0192583,-0.022867,-0.0247463,-0.0224086,-0.0178702,-0.00811346,-8.44652e-05,0.00493442,0.000768526,-0.00678407,-0.0108889,-0.0149695,-0.0119673,-0.00893172,-0.00544632,-0.0020827,-0.000967845,-0.000286814,-5.16211e-05,0.0,0.0,0.0,-2.47725e-06,-0.000629291,-0.0023311,-0.00581119,-0.0110106,-0.0166118,-0.0226032,-0.0267288,-0.0279947,-0.0265015,-0.0209905,-0.0111406,-0.00553587,-0.00327524,-0.00604326,-0.00870518,-0.0101076,-0.0126431,-0.00836576,-0.00594804,-0.00350457,-0.00149628,-0.000617382,-0.000186684,-1.21764e-05,0.0,0.0,0.0,-5.16118e-05,-0.000541599,-0.00189221,-0.00478484,-0.00992707,-0.0165091,-0.0231949,-0.0280434,-0.0280592,-0.027495,-0.0201484,-0.0134073,-0.00917229,-0.00860836,-0.00859057,-0.00676642,-0.00677213,-0.00682262,-0.00435396,-0.00287777,-0.00172595,-0.000733923,-9.16178e-05,6.00977e-06,-8.45586e-08,0.0,0.0,0.0,-1.30539e-05,-0.000374592,-0.00121911,-0.00329851,-0.00697659,-0.0129118,-0.0187421,-0.0229164,-0.023634,-0.0219268,-0.0161826,-0.0110769,-0.0086553,-0.00836702,-0.00436659,-7.9526e-05,0.000102364,-0.00141311,-0.000209662,0.000512796,0.000203485,0.000138427,0.000521279,0.000280407,0.0,0.0,0.0,0.0,0.0,-0.000159439,-0.000704233,-0.00171057,-0.00380828,-0.00659864,-0.00918381,-0.0130287,-0.0126518,-0.00929987,-0.00646965,-0.0040603,-0.00329328,-0.00247855,0.00351011,0.00755333,0.00768546,0.00525066,0.00273079,0.00209546,0.00155043,0.00118975,0.00060814,0.000152213,0.0,0.0,0.0,0.0,0.0,-3.96049e-06,0.000252593,-5.58338e-05,-0.000573329,-0.000106742,-0.000251789,-0.000230718,0.00404269,0.00799192,0.00820855,0.00897241,0.00722769,0.00817987,0.0115444,0.0129968,0.0112299,0.00702771,0.00450573,0.00284111,0.00161111,0.00126009,0.000848609,6.91877e-06,0.0,0.0,0.0,0.0,0.0,0.0,6.50021e-05,8.50663e-05,0.00034728,0.00141935,0.00271547,0.00473273,0.00982252,0.0131337,0.012588,0.0144212,0.0105128,0.00936537,0.0111026,0.0126069,0.0100262,0.00593609,0.0041566,0.0025129,0.0010732,0.000773427,0.00024988,0.0,0.0,0.0,0.0,0.0,0.0,0.0,2.33474e-05,0.000252221,4.21689e-05,-0.0005201,-0.000489953,-0.000170527,0.00207369,0.00125531,0.00286277,0.00504321,0.00381167,0.00191876,0.00363924,0.00549792,0.00338158,0.000475899,-2.33167e-06,0.000351014,0.000370679,7.38148e-05,0.0,0.0,0.0,0.0,0.0,0.0,0.0,0.0,0.0,0.0,7.18336e-05,0.000369671,0.000228355,-0.000128926,-0.000252701,-0.000269754,9.55449e-05,-0.000282213,-0.000215259,-0.000374021,