{"max":0.1861,"min":-0.120178,"acc":0.8761,"arr":[0.0,0.0,0.0,0.0,0.0,0.0,0.0,0.0,0.0,0.0,0.0,0.0,-1.96001e-05,-5.3286e-05,-1.15381e-05,-4.80754e-07,0.0,0.0,0.0,0.0,0.0,0.0,0.0,0.0,0.0,0.0,0.0,0.0,0.0,0.0,0.0,0.0,0.0,-3.90288e-07,-4.85152e-05,-0.000115023,-0.000197459,-0.000162594,-0.000311468,-0.000351075,-0.000379732,-0.000356899,-0.000425033,-0.000330976,-0.000472784,-0.000358863,-0.000166131,-0.000169079,-0.000124108,-3.02978e-05,-1.93629e-05,-1.5785e-06,0.0,0.0,0.0,0.0,0.0,0.0,0.0,-7.45312e-06,-6.7874e-06,-5.51106e-06,-7.71113e-05,-0.000335793,-0.000666249,-0.00102918,-0.00184002,-0.00271539,-0.00352995,-0.00425341,-0.00533298,-0.00575576,-0.00564952,-0.0047366,-0.00389055,-0.00294726,-0.0018193,-0.00102222,-0.000416031,-7.24865e-05,-9.33898e-06,-4.21495e-06,0.0,0.0,0.0,0.0,-7.03637e-07,-3.18228e-05,-3.43609e-05,-7.48784e-05,-0.000316865,-0.000937201,-0.0018803,-0.0036309,-0.00567999,-0.00815187,-0.0106363,-0.0135668,-0.0165046,-0.0183576,-0.0177785,-0.015661,-0.0130535,-0.0103728,-0.00654953,-0.00361867,-0.00179268,-0.000754425,-0.000265944,-4.3183e-05,-4.99281e-06,0.0,0.0,-1.14761e-06,-4.25408e-06,-2.28046e-05,-0.00014613,-0.000585896,-0.00157248,-0.00322631,-0.00624569,-0.0114635,-0.0177318,-0.0260323,-0.0359792,-0.045739,-0.0528823,-0.0560995,-0.0561306,-0.0505885,-0.0423886,-0.0333034,-0.0235959,-0.0152502,-0.00840094,-0.00422027,-0.00179176,-0.000495003,-0.000102038,0.0,0.0,0.0,-1.65345e-05,-9.70603e-05,-0.000657336,-0.00250713,-0.00603296,-0.0113062,-0.0202373,-0.0322722,-0.0429629,-0.0565185,-0.0756041,-0.0923098,-0.106657,-0.116838,-0.120178,-0.113179,-0.0971998,-0.0784146,-0.0578864,-0.0418125,-0.0298041,-0.0199524,-0.00955148,-0.00260875,-0.000501367,-2.90488e-06,0.0,0.0,-9.78074e-05,-0.000539537,-0.00268342,-0.00780047,-0.015412,-0.0276239,-0.0428536,-0.0540452,-0.0638581,-0.0643153,-0.0467033,-0.0116561,0.023919,0.0385866,0.0282624,-0.000500445,-0.0319938,-0.0573877,-0.0629571,-0.0580121,-0.0474024,-0.0336869,-0.0189322,-0.00698241,-0.0015785,-9.59488e-05,0.0,-4.57332e-05,-0.000458261,-0.00205126,-0.00711751,-0.0173692,-0.030076,-0.0474592,-0.0590483,-0.0615878,-0.0481957,-0.00770029,0.0531136,0.115258,0.166487,0.1861,0.163105,0.0990422,0.0274602,-0.0240235,-0.0500979,-0.0605773,-0.0540837,-0.0408094,-0.0248886,-0.0107321,-0.00234456,-0.000129716,0.0,-0.000205203,-0.00155822,-0.00563625,-0.0132653,-0.0255065,-0.0376,-0.0504142,-0.0431389,-0.0322216,0.00383752,0.0586168,0.101397,0.126862,0.127461,0.12242,0.102584,0.0616666,0.0261846,-0.0135691,-0.0353383,-0.0438744,-0.0457329,-0.0382472,-0.023299,-0.00995018,-0.00220824,-8.07244e-05,-5.23567e-05,-0.0004522,-0.00251603,-0.00739093,-0.0156023,-0.0233457,-0.0271766,-0.0261717,-0.00792812,0.021649,0.0628744,0.0860325,0.071606,0.033208,0.00594835,-0.00266413,0.00241801,0.0140909,0.0212363,0.0125858,-0.0065626,-0.0267718,-0.0333121,-0.0288685,-0.017321,-0.00728613,-0.00151149,-0.000123418,-6.12075e-05,-0.000644979,-0.00292688,-0.00660705,-0.011036,-0.0105742,-0.00230962,0.0151879,0.048633,0.0707918,0.0931383,0.0616488,0.0016064,-0.0479444,-0.0669988,-0.0523608,-0.0175159,0.0215485,0.0505651,0.0514493,0.0260804,-0.00111073,-0.0158692,-0.0161757,-0.0108998,-0.00464117,-0.00113795,-0.00020342,-4.6774e-05,-0.000733305,-0.0025806,-0.00379265,-0.00157808,0.00916882,0.0265734,0.0563866,0.0836817,0.0951704,0.0754959,0.0136372,-0.0478023,-0.0747032,-0.0639123,-0.0278581,0.0204576,0.0642302,0.0972834,0.0931691,0.0543595,0.0170773,-0.00288953,-0.00921913,-0.00630808,-0.0020761,-0.000682159,-0.000114354,-3.98327e-05,-0.00045913,-0.00158418,-0.000775949,0.00897831,0.0241967,0.0457651,0.0734321,0.0922516,0.0934564,0.0442357,-0.0230973,-0.0612384,-0.0512451,-0.0216868,0.0203511,0.067512,0.107404,0.128264,0.104549,0.0499596,0.0152636,-0.00251503,-0.00793175,-0.00590822,-0.00147736,-0.000557514,-2.50084e-05,-1.9898e-06,-0.000142392,-0.000884278,0.00132467,0.0159912,0.0323961,0.0500092,0.0723854,0.0895251,0.081427,0.0316814,-0.0115631,-0.0196287,-0.00415561,0.0279189,0.0603227,0.101306,0.135335,0.127216,0.0745903,0.0249311,-0.00352974,-0.0148377,-0.0140762,-0.00862214,-0.00193386,-0.000436841,-8.91888e-06,0.0,-8.68323e-05,-0.000397236,0.00176489,0.0152468,0.0256193,0.0403601,0.0549325,0.0787932,0.0750058,0.0477939,0.0274414,0.0241251,0.0237554,0.03476,0.0589401,0.11171,0.131853,0.0870318,0.0204244,-0.0186737,-0.0309805,-0.0282006,-0.0205384,-0.0109157,-0.00252514,-0.000308704,-1.61438e-06,0.0,-3.8499e-05,-0.00022943,0.000957729,0.00950431,0.0119585,0.0174238,0.032562,0.0595216,0.0702768,0.0672737,0.0542119,0.0388667,0.0105252,-0.00184031,0.0397749,0.103725,0.103835,0.0344516,-0.0273186,-0.0488775,-0.0475352,-0.0367694,-0.0232333,-0.0120411,-0.00325901,-0.000628672,-6.23732e-05,0.0,-2.34516e-05,-0.000195645,4.04335e-05,0.00108435,-0.00245043,-0.00665819,0.0057115,0.0324041,0.0496163,0.0570035,0.0486009,0.0212107,-0.0182846,-0.021064,0.0346651,0.0860779,0.0656227,-0.00500608,-0.0488159,-0.0572523,-0.0504859,-0.0360011,-0.0237873,-0.0116178,-0.00349551,-0.000703495,-5.03633e-05,0.0,-4.38219e-05,-0.000195261,-0.000940353,-0.00599929,-0.0163851,-0.023559,-0.0218846,-0.00852089,0.00334203,0.0113572,0.00231465,-0.0187017,-0.0378209,-0.0145379,0.0410859,0.0589519,0.0283853,-0.027365,-0.0533963,-0.0533337,-0.0441238,-0.0334334,-0.020589,-0.0101395,-0.00304715,-0.000450972,-1.57295e-05,-4.1752e-08,-1.75151e-05,-0.00035571,-0.00220652,-0.00891907,-0.0235269,-0.0345628,-0.0440063,-0.0466304,-0.0476265,-0.0492278,-0.0545453,-0.0581149,-0.0457347,-0.00138278,0.0257607,0.0220706,-0.00978978,-0.0373363,-0.0495607,-0.0462411,-0.0385885,-0.0278525,-0.0165276,-0.00797581,-0.00223257,-0.000215486,-1.93319e-05,-2.0876e-07,-3.41359e-05,-0.00056164,-0.00340499,-0.0108195,-0.0261507,-0.0434564,-0.0581064,-0.0753474,-0.0907068,-0.0979163,-0.0938783,-0.0769275,-0.0413241,-0.00746987,-0.00310744,-0.015992,-0.0328843,-0.0407796,-0.0448058,-0.0389597,-0.033699,-0.021313,-0.0112561,-0.00481479,-0.00126362,-0.000221944,-2.20015e-06,0.0,-3.70881e-05,-0.000443675,-0.00409808,-0.0108551,-0.0247648,-0.0450226,-0.0675102,-0.0885791,-0.108645,-0.118118,-0.1096,-0.0810459,-0.0453216,-0.028409,-0.033843,-0.0446704,-0.0420597,-0.0392761,-0.0347367,-0.0264517,-0.0231209,-0.014373,-0.00691434,-0.00221422,-0.000143961,-0.000168299,0.0,0.0,-7.64303e-06,-0.000529299,-0.00327442,-0.00821037,-0.0213475,-0.0419076,-0.0649796,-0.0862202,-0.103839,-0.11253,-0.104983,-0.0789189,-0.0560595,-0.0522668,-0.0614583,-0.0566195,-0.0370541,-0.0286009,-0.0192346,-0.0127559,-0.0102191,-0.00624365,-0.00201104,5.8242e-05,-5.73416e-06,-0.000145167,-2.05537e-07,0.0,0.0,-0.000561605,-0.00189912,-0.00550544,-0.0152849,-0.0322494,-0.0519845,-0.0721104,-0.0852131,-0.089853,-0.0808023,-0.0651931,-0.0560877,-0.0624943,-0.0656329,-0.046212,-0.0166913,-0.00456368,0.000212561,0.00163518,0.00311818,0.00191261,0.00303636,0.0018472,0.00027296,-7.88788e-05,-3.79453e-07,0.0,0.0,-0.000249268,-0.000634166,-0.00293263,-0.00672895,-0.0162112,-0.0280483,-0.0386145,-0.0494665,-0.0482539,-0.0421216,-0.0380662,-0.0413457,-0.0469341,-0.0450803,-0.0132893,0.0200528,0.025655,0.0251616,0.0184132,0.0137695,0.00887904,0.00520019,0.00258375,5.86642e-06,-5.1949e-05,0.0,0.0,0.0,-4.73669e-05,-0.00018756,-0.000106534,0.000388944,0.0003595,0.00039229,0.000917462,0.00165404,0.0131667,0.023173,0.0241953,0.0158007,0.00729738,0.0131003,0.0385557,0.0623226,0.0578214,0.0448606,0.0309344,0.0201827,0.0105467,0.00555556,0.00179482,-8.82675e-05,0.0,0.0,0.0,0.0,4.26675e-05,-3.23737e-05,0.000681362,0.00287559,0.00569378,0.0107343,0.0167883,0.0275249,0.0487502,0.0621369,0.0661483,0.0624892,0.0509006,0.0480374,0.0618708,0.0702548,0.0597144,0.0440556,0.0298201,0.0177884,0.0071972,0.00310085,0.00068611,0.0,0.0,0.0,0.0,0.0,0.0,0.0,0.000863651,0.00116475,0.00130602,0.00116743,0.000953984,0.00294725,0.0107439,0.013954,0.0143227,0.0137667,0.0152666,0.0114636,0.0160754,0.0198939,0.0179388,0.0143894,0.0100122,0.00512223,0.00150874,0.000231174,-9.46136e-07,0.0,0.0,0.0,0.0,0.0,0.0,0.0,0.0,0.0,5.9789e-06,0.00017421,