{"max":0.108202,"min":-0.0858775,"acc":0.8503,"arr":[0.0,0.0,0.0,0.0,0.0,0.0,0.0,0.0,0.0,0.0,0.0,0.0,0.0,0.0,0.0,0.0,0.0,0.0,0.0,0.0,0.0,0.0,0.0,0.0,0.0,0.0,0.0,0.0,0.0,0.0,0.0,0.0,0.0,0.0,-4.08558e-05,-0.000104889,-0.000185613,-0.00014098,-0.000260612,-0.000207323,-0.000215739,-0.000262454,-0.000313735,-0.000179306,-0.000313451,-0.00025348,-0.000103031,-0.000137101,-8.11131e-05,-5.45713e-07,0.0,0.0,0.0,0.0,0.0,0.0,0.0,0.0,0.0,-7.45312e-06,-6.6918e-06,-2.97052e-06,-5.56099e-05,-0.000268576,-0.000555917,-0.000796073,-0.00127715,-0.0017865,-0.00244566,-0.00309274,-0.00397972,-0.00426534,-0.00431781,-0.00342909,-0.00288422,-0.00222918,-0.00138507,-0.000781513,-0.000305196,-3.79267e-05,0.0,0.0,0.0,0.0,0.0,0.0,-7.03637e-07,-3.18228e-05,-3.29634e-05,-3.94826e-05,-0.000203795,-0.000690658,-0.00138466,-0.00254433,-0.00387924,-0.00573804,-0.0077937,-0.0102572,-0.0124007,-0.0132752,-0.0127938,-0.0113405,-0.00977228,-0.00776011,-0.00473344,-0.00245959,-0.00120359,-0.000391029,-0.000130528,-3.07872e-05,-4.99281e-06,0.0,0.0,-1.14761e-06,-2.68661e-06,-2.27367e-05,-0.000121113,-0.000399857,-0.00102583,-0.00224703,-0.00451266,-0.00828543,-0.0127876,-0.0187864,-0.0261831,-0.0343484,-0.0400487,-0.041533,-0.040815,-0.0362892,-0.0305199,-0.0236685,-0.0162321,-0.0104347,-0.00507289,-0.00224149,-0.00105885,-0.000366856,-7.88435e-05,0.0,0.0,0.0,-1.4885e-05,-7.65625e-05,-0.000483984,-0.00175009,-0.00407377,-0.00775713,-0.0136434,-0.0222466,-0.0295737,-0.039692,-0.0543824,-0.0674217,-0.0788315,-0.0858775,-0.0845724,-0.0774904,-0.0660379,-0.0521607,-0.0382994,-0.0268365,-0.018145,-0.0118514,-0.00589863,-0.00166476,-0.000284704,0.0,0.0,0.0,-8.07008e-06,-0.000335568,-0.00159365,-0.00462444,-0.00957342,-0.0173389,-0.0274911,-0.0377131,-0.0459199,-0.0473467,-0.0393699,-0.0226947,-0.0040925,0.0102077,0.00912731,-0.00426048,-0.0224808,-0.0404804,-0.0426994,-0.0365475,-0.0290812,-0.0201955,-0.0118877,-0.00449935,-0.000880792,-8.23471e-05,0.0,-3.29444e-05,-0.000296314,-0.0015192,-0.00452166,-0.0107805,-0.0184527,-0.028627,-0.0388762,-0.0435687,-0.0353488,-0.00889522,0.0260555,0.0647884,0.0956954,0.108202,0.0975034,0.0614635,0.016493,-0.019044,-0.0371071,-0.0412514,-0.0342548,-0.0252852,-0.0146025,-0.00664388,-0.00146941,-0.000123901,0.0,-0.000103745,-0.000902147,-0.0037979,-0.00876945,-0.0163778,-0.0225244,-0.0300554,-0.0277112,-0.0216813,0.00292244,0.0396635,0.0673675,0.0836351,0.0802071,0.0724364,0.0637824,0.0418013,0.0192683,-0.0106764,-0.0280105,-0.0335302,-0.0311193,-0.0243535,-0.0146655,-0.00641013,-0.00139664,-5.95071e-05,-5.23567e-05,-0.000286872,-0.00141899,-0.00500751,-0.0102784,-0.0137514,-0.0149574,-0.0172937,-0.00764918,0.0121108,0.0433398,0.0616365,0.048479,0.0212779,-9.20979e-05,-0.00352078,0.00348999,0.0137658,0.015754,0.00806294,-0.00916163,-0.0208614,-0.0225791,-0.0173539,-0.0108818,-0.00422476,-0.00093613,-4.78886e-05,-6.12075e-05,-0.000343596,-0.00159011,-0.00413653,-0.00621499,-0.00505944,-0.00195508,0.00452273,0.0257153,0.0460564,0.0665405,0.0435047,-0.000440503,-0.0355921,-0.0500406,-0.0409707,-0.00938566,0.0191702,0.0358299,0.032213,0.010919,-0.00607651,-0.0120043,-0.0104439,-0.00609957,-0.00217579,-0.000660375,-0.000128025,-4.6774e-05,-0.000275588,-0.0011369,-0.00185499,-0.000380847,0.0060973,0.0123508,0.0287122,0.0491836,0.06834,0.0554665,0.00967711,-0.037466,-0.0554935,-0.0492789,-0.0259751,0.0141844,0.046939,0.0659395,0.0558611,0.0255935,0.00329157,-0.00575582,-0.00718366,-0.00376258,-0.000896871,-0.000339609,-7.90719e-05,0.0,-0.000123527,-0.000571455,0.00054064,0.00594788,0.0135805,0.0232448,0.0415047,0.0606576,0.0693738,0.0343531,-0.0171971,-0.0470541,-0.0450405,-0.0294122,0.00345265,0.0455658,0.0734673,0.0825709,0.0579991,0.0200129,0.0040278,-0.00585846,-0.00666871,-0.00340418,-0.000676586,-0.000231198,-2.50084e-05,0.0,-9.44497e-05,-0.000334133,0.00100836,0.00986573,0.0163164,0.0253783,0.0441216,0.0655471,0.0645028,0.0275377,-0.00692818,-0.0183411,-0.0142711,0.00357904,0.0329305,0.0679941,0.0897089,0.0773869,0.0339554,0.00631991,-0.00529581,-0.0112364,-0.00947541,-0.00506137,-0.000813157,-0.000154719,-8.91888e-06,0.0,-7.7259e-05,-0.000237279,0.00123372,0.00797853,0.0116444,0.0182449,0.0330483,0.0583082,0.0653992,0.0438523,0.0258221,0.016916,0.0129766,0.0179229,0.0350144,0.0743393,0.0861227,0.0462737,-0.0015605,-0.0172677,-0.0218242,-0.0192812,-0.0128111,-0.00662261,-0.00117662,-0.000201389,-1.61438e-06,0.0,-3.8499e-05,-0.000165669,0.00103507,0.00457964,0.00482488,0.00407484,0.0132974,0.0400135,0.0535281,0.0565901,0.0470893,0.0322999,0.0102851,-0.00150393,0.0260473,0.0728797,0.0674272,0.0113836,-0.0287657,-0.0354701,-0.0317052,-0.0241326,-0.0144844,-0.00704964,-0.00151781,-0.000211958,-1.92895e-05,0.0,-2.34516e-05,-0.000108,0.000414578,0.000832305,-0.00302924,-0.00833298,-0.00424684,0.0137886,0.0308193,0.0386537,0.0344333,0.0145144,-0.0136697,-0.0156666,0.02844,0.0676177,0.0404474,-0.0128312,-0.0396357,-0.0410091,-0.0336669,-0.0233006,-0.0140321,-0.00654289,-0.00189084,-0.000450011,-3.93572e-05,0.0,-2.80296e-05,-9.06134e-05,-0.000497882,-0.00364524,-0.0112599,-0.0176715,-0.0188815,-0.0148531,-0.00720208,-0.00138338,-0.00491984,-0.0189963,-0.0315393,-0.00990955,0.0366731,0.0499577,0.01347,-0.0258811,-0.0432844,-0.0403597,-0.0306511,-0.0209353,-0.0124313,-0.00615283,-0.00193727,-0.000283873,-5.06204e-06,0.0,-1.30678e-05,-0.000257315,-0.00147853,-0.00552228,-0.0159271,-0.0240556,-0.0315381,-0.0356635,-0.0400041,-0.0424656,-0.0445252,-0.044851,-0.0347352,0.00056429,0.0273865,0.0211599,-0.0110888,-0.0344358,-0.0429546,-0.035576,-0.0278611,-0.0181883,-0.010548,-0.00511888,-0.00109743,-0.000109764,-2.34162e-06,0.0,0.0,-0.000410837,-0.00217837,-0.00711067,-0.0176111,-0.0301855,-0.0416934,-0.0538118,-0.0647886,-0.0703937,-0.0687871,-0.0579576,-0.033042,-0.00426155,0.00634766,-0.00938482,-0.0242536,-0.0347288,-0.0396901,-0.030586,-0.0234542,-0.0140929,-0.00790994,-0.00351225,-0.000718574,-0.000182367,-2.20015e-06,0.0,-5.27586e-07,-0.000219545,-0.00257866,-0.00717991,-0.0171908,-0.0317528,-0.0472563,-0.0640526,-0.078582,-0.0849105,-0.080507,-0.0609853,-0.0352152,-0.016404,-0.0184691,-0.0297741,-0.0285177,-0.0301501,-0.0314122,-0.0221129,-0.0158394,-0.00939345,-0.00474423,-0.00230347,-0.000468781,-0.000118638,0.0,0.0,-7.50796e-06,-0.000328513,-0.00221835,-0.00614219,-0.0150329,-0.0296465,-0.0463189,-0.0641726,-0.079711,-0.0836818,-0.0781019,-0.0579764,-0.0388727,-0.0358925,-0.0362472,-0.0345062,-0.0199608,-0.0198346,-0.0184684,-0.012792,-0.00818144,-0.00451455,-0.00128557,-0.00040628,-0.000105305,-8.99855e-05,0.0,0.0,0.0,-0.000294699,-0.00137629,-0.00423214,-0.0108469,-0.0228625,-0.0373963,-0.0535684,-0.0681674,-0.0703818,-0.063253,-0.0474955,-0.0381432,-0.0394751,-0.0360775,-0.0222765,-0.00217428,-0.00211857,-0.00397194,-0.00290517,3.78401e-05,0.000625604,0.00195714,0.00139031,0.000424025,-2.29878e-05,0.0,0.0,0.0,-9.38437e-05,-0.000459021,-0.00212898,-0.00480553,-0.0124444,-0.0207965,-0.0302713,-0.0396076,-0.038641,-0.0328146,-0.0234755,-0.0249171,-0.0236306,-0.0190069,0.000570429,0.0200763,0.0172158,0.0125421,0.00779244,0.00631153,0.00493764,0.00335295,0.00172156,7.59278e-05,-2.1114e-05,0.0,0.0,0.0,-9.51029e-06,-5.4862e-05,-0.000102978,0.000129884,-0.00133547,-0.00345623,-0.00478294,-0.00300768,0.00618893,0.0185403,0.0221192,0.01806,0.0127269,0.0182101,0.0322489,0.0430567,0.0356605,0.0237154,0.016086,0.0101584,0.00561796,0.00318317,0.00137137,-8.40852e-05,0.0,0.0,0.0,0.0,4.52181e-05,-1.91535e-07,0.000147172,0.000940593,0.000934151,0.00136003,0.00484044,0.014353,0.030021,0.0443583,0.046018,0.0447281,0.0356442,0.032674,0.0418034,0.0462774,0.0341272,0.0246115,0.0164223,0.0099749,0.00365691,0.0013881,0.000294822,0.0,0.0,0.0,0.0,0.0,0.0,0.0,1.81054e-05,0.000147514,-3.67586e-05,-0.000921632,-0.00157251,-0.000480026,0.00615142,0.0085285,0.0068134,0.00858629,0.00905371,0.00812561,0.0113397,0.0141655,0.0106121,0.00675525,0.00555267,0.00331554,0.00090501,0.000139894,0.0,0.0,0.0,0.0,0.0,0.0,0.0,0.0,0.0,0.0,2.16739e-05,0.000258813,0.000108995,-0.000283596,-0.000644355,