{"max":0.0631403,"min":-0.0565658,"acc":0.8291,"arr":[0.0,0.0,0.0,0.0,0.0,0.0,0.0,0.0,0.0,0.0,0.0,0.0,0.0,0.0,0.0,0.0,0.0,0.0,0.0,0.0,0.0,0.0,0.0,0.0,0.0,0.0,0.0,0.0,0.0,0.0,0.0,0.0,0.0,0.0,-4.08558e-05,-0.000104889,-0.000178348,-7.49444e-05,-7.01744e-05,-0.000104541,-0.000176817,-0.000243559,-0.000243613,-0.000151289,-0.000293509,-0.000230407,-0.00010279,-0.000122772,-6.48482e-05,-5.45713e-07,0.0,0.0,0.0,0.0,0.0,0.0,0.0,0.0,0.0,-7.45312e-06,-4.65934e-06,0.0,-4.99377e-05,-0.000161383,-0.000419658,-0.000528705,-0.00068251,-0.00111018,-0.00174165,-0.00221095,-0.00278032,-0.00305317,-0.00309861,-0.00235714,-0.00183941,-0.00145194,-0.0010128,-0.000519812,-0.000177195,-2.72123e-05,0.0,0.0,0.0,0.0,0.0,0.0,-7.03637e-07,-3.12957e-05,-2.39928e-05,-2.71992e-05,-0.000179981,-0.000441366,-0.00100103,-0.00181126,-0.0026089,-0.00390664,-0.00554085,-0.00743481,-0.0088918,-0.00951047,-0.00909681,-0.00786311,-0.00672597,-0.00531824,-0.00330913,-0.00165004,-0.000751238,-0.000236406,-4.42054e-05,-3.07872e-05,-4.99281e-06,0.0,0.0,0.0,-2.68661e-06,-1.54033e-05,-9.43116e-05,-0.000284731,-0.000705069,-0.00149741,-0.00304493,-0.00569858,-0.00892459,-0.0132006,-0.0183585,-0.0236138,-0.0273922,-0.0289529,-0.0286194,-0.0249033,-0.0202877,-0.015456,-0.0107781,-0.00662342,-0.00301402,-0.00129,-0.000515288,-0.00015172,-4.01076e-05,0.0,0.0,0.0,-1.4885e-05,-6.36239e-05,-0.000254483,-0.00110763,-0.00238305,-0.00479152,-0.00898756,-0.0147771,-0.0197331,-0.0268734,-0.0358745,-0.04435,-0.0521602,-0.0564555,-0.0552985,-0.0492132,-0.0409349,-0.0321109,-0.0239121,-0.0165648,-0.0105079,-0.00631603,-0.00306461,-0.00104895,-0.000191268,0.0,0.0,0.0,-1.32403e-06,-0.000226781,-0.000972424,-0.00283696,-0.00596618,-0.0107797,-0.0169618,-0.0231919,-0.0284832,-0.0300441,-0.0247869,-0.014794,-0.00379848,0.00444453,0.00257399,-0.00187829,-0.012375,-0.0246531,-0.028007,-0.0230012,-0.0164203,-0.0102897,-0.00630446,-0.00287965,-0.000570001,-7.81291e-05,0.0,-3.29444e-05,-0.000249152,-0.000968503,-0.00291878,-0.00688126,-0.0120168,-0.0181795,-0.0218507,-0.0245902,-0.0211206,-0.00541564,0.0142575,0.0372408,0.0567214,0.0631403,0.0572961,0.0386467,0.0121311,-0.0109766,-0.023127,-0.0259773,-0.0204232,-0.0133995,-0.00779211,-0.00395447,-0.000955118,-0.000118573,0.0,-0.000103745,-0.000640228,-0.00239367,-0.00570365,-0.0102553,-0.0137055,-0.0177069,-0.0160042,-0.0114878,0.00380427,0.0243559,0.0414142,0.0520739,0.0493896,0.042163,0.0370325,0.0245536,0.0153721,-0.00488371,-0.0181524,-0.0210879,-0.0191284,-0.0137846,-0.00793201,-0.00338736,-0.000853458,-2.91481e-05,0.0,-0.000175534,-0.000729683,-0.0028874,-0.00602754,-0.00761231,-0.00818124,-0.011174,-0.0047418,0.00932421,0.0280231,0.0408521,0.0340277,0.0153988,0.00026135,-0.00157435,0.00205721,0.0111455,0.0143732,0.00603938,-0.00906395,-0.0144616,-0.014653,-0.0106137,-0.00622104,-0.00229878,-0.000572856,0.0,0.0,-0.000187024,-0.000588719,-0.0021245,-0.00368066,-0.00112848,-0.00160388,0.00199715,0.015639,0.028815,0.0443259,0.0307415,0.00182077,-0.0210392,-0.029473,-0.023075,-0.00313366,0.0160895,0.0276452,0.019472,0.00304361,-0.00581627,-0.00921737,-0.00722871,-0.00360725,-0.00095761,-0.000449343,-4.81735e-05,0.0,-7.62718e-05,-0.00036822,-0.000891633,-4.32664e-05,0.00507137,0.00756426,0.0163171,0.0289039,0.0450082,0.039513,0.00968643,-0.0220884,-0.033679,-0.0312298,-0.016739,0.0104825,0.0340917,0.0452128,0.035402,0.0121906,-0.000933033,-0.00608213,-0.00545927,-0.00257142,-0.000290249,-0.000208612,-7.67118e-05,0.0,-2.51491e-05,-0.000216987,4.92181e-05,0.00319953,0.00826137,0.0138496,0.0236323,0.0370727,0.0493232,0.0294081,-0.0068898,-0.0308331,-0.0302232,-0.0229582,-0.00240393,0.029603,0.0514517,0.0565038,0.0376656,0.00853261,-0.00148148,-0.00607311,-0.00485387,-0.00227076,-0.000319832,-0.000154371,-2.50084e-05,0.0,-6.19908e-06,-0.000193205,0.000339179,0.00524281,0.00905978,0.0133576,0.0252953,0.0429553,0.0478155,0.0260241,0.000429868,-0.0104627,-0.0113994,-0.00370724,0.0170182,0.0447907,0.0590395,0.0519537,0.0223716,-0.000246786,-0.00700568,-0.00871363,-0.00589938,-0.00328756,-0.00045607,-0.000121507,-6.74568e-06,0.0,-2.59566e-05,-0.000155731,0.000846728,0.00383213,0.00580819,0.00984278,0.019869,0.0405568,0.0464096,0.0324906,0.0220978,0.0142009,0.00826739,0.01071,0.0260434,0.0502706,0.0579018,0.0321406,-0.00122866,-0.0150472,-0.0152066,-0.0127745,-0.00826501,-0.004048,-0.000658649,-0.000114541,0.0,0.0,-3.8499e-05,-0.000127104,0.000725219,0.00179722,0.0015078,0.00105729,0.00802106,0.0292137,0.0391177,0.0420009,0.0361687,0.0252588,0.0102847,0.00387039,0.023047,0.0534505,0.0485934,0.00977151,-0.0185637,-0.0240588,-0.0200967,-0.0153841,-0.00925415,-0.00406641,-0.000676591,-0.000138779,-1.6878e-05,0.0,-2.34516e-05,-9.93287e-05,0.00027257,-3.51906e-05,-0.00296099,-0.00635558,-0.00380157,0.00923878,0.022183,0.028067,0.0250069,0.0117629,-0.00612483,-0.00525693,0.0263175,0.0521529,0.0322177,-0.00746745,-0.0276238,-0.0276073,-0.0214446,-0.015411,-0.0091777,-0.00409698,-0.00130831,-0.000396698,-3.47488e-05,0.0,-2.80296e-05,-8.76322e-05,-0.000469585,-0.00286988,-0.00824522,-0.0118331,-0.0131385,-0.0102205,-0.00403024,5.4899e-05,-0.00124895,-0.0112786,-0.0191525,6.56662e-05,0.0322069,0.0394134,0.0112905,-0.0183932,-0.0313417,-0.0275264,-0.0208537,-0.0148197,-0.00818606,-0.00402061,-0.00113883,-0.000204943,-1.78708e-06,0.0,-1.20082e-05,-0.000203599,-0.0011869,-0.00412446,-0.0111986,-0.0168125,-0.0220511,-0.0250136,-0.0266415,-0.0280198,-0.0291228,-0.0294877,-0.0214517,0.00607415,0.0232308,0.0181006,-0.0060379,-0.0244132,-0.0308634,-0.0249231,-0.0193673,-0.0128273,-0.00653076,-0.00328414,-0.000615602,-6.2899e-05,0.0,0.0,0.0,-0.000321631,-0.00151571,-0.00502851,-0.0127663,-0.0213262,-0.0290756,-0.0383864,-0.0447346,-0.0480288,-0.0461223,-0.040113,-0.0206864,-8.91955e-06,0.00755391,-0.00397871,-0.0162559,-0.02546,-0.0274662,-0.0217935,-0.01634,-0.0101642,-0.00485458,-0.00227052,-0.000370511,-0.000119045,0.0,0.0,0.0,-0.000174247,-0.00153681,-0.00498813,-0.0119657,-0.0220425,-0.0328534,-0.0440497,-0.0531783,-0.0564259,-0.0549612,-0.0429732,-0.023371,-0.00932433,-0.00895264,-0.0181007,-0.0190733,-0.0216785,-0.0218374,-0.015793,-0.0106898,-0.00662358,-0.00316617,-0.0013958,-0.000258503,-7.93444e-05,0.0,0.0,0.0,-0.000121584,-0.0010665,-0.00378851,-0.00995049,-0.0204642,-0.0320779,-0.043958,-0.0538382,-0.0565658,-0.0551076,-0.0405297,-0.0261906,-0.0210677,-0.0215218,-0.0205672,-0.0128663,-0.0129541,-0.012061,-0.00796874,-0.00518366,-0.00343399,-0.00186715,-0.00057985,-4.34604e-06,-5.8628e-05,0.0,0.0,0.0,-4.48585e-05,-0.000628981,-0.00245873,-0.00684145,-0.0147414,-0.0248478,-0.0359067,-0.045414,-0.0482729,-0.043806,-0.0308225,-0.0230472,-0.0206786,-0.019498,-0.00999158,0.000315963,-0.000249179,-0.00230369,-0.000288244,0.00081114,7.18441e-05,-2.79461e-05,0.000723877,0.000181955,-1.95466e-05,0.0,0.0,0.0,-6.44506e-06,-0.000208344,-0.00129423,-0.00311947,-0.00739432,-0.0131104,-0.0199129,-0.0264228,-0.0269118,-0.0211258,-0.0125591,-0.0106491,-0.00814689,-0.00643131,0.00526553,0.0150125,0.0130002,0.00866649,0.00598263,0.00490308,0.00321507,0.00176814,0.00101982,8.46226e-05,-2.02422e-05,0.0,0.0,0.0,0.0,-7.32748e-06,0.000186684,0.000234705,-0.000884013,-0.00190493,-0.0031017,-0.00301837,0.00386498,0.0133437,0.0171693,0.0172469,0.0141676,0.0155312,0.0231371,0.0276948,0.0219601,0.0134833,0.0103668,0.00732188,0.00393725,0.00213738,0.00127674,-4.75262e-05,0.0,0.0,0.0,0.0,0.0,0.0,0.000173996,0.000904172,0.000838809,0.00153276,0.00401498,0.00875256,0.0181528,0.0285738,0.0297158,0.0299607,0.0221737,0.0208659,0.0250676,0.0258043,0.0196274,0.0127067,0.0100656,0.00620215,0.00268845,0.000978235,0.000294822,0.0,0.0,0.0,0.0,0.0,0.0,0.0,2.33474e-05,0.000179644,-0.000305278,-0.00114888,-0.00114291,-0.000674185,0.00208601,0.00362065,0.00436028,0.00644075,0.00599996,0.00508427,0.00568999,0.0072048,0.00591097,0.00273022,0.00265552,0.0017144,0.000409926,7.38148e-05,0.0,0.0,0.0,0.0,0.0,0.0,0.0,0.0,0.0,0.0,2.55953e-05,0.000281516,0.0001521,-0.000183631,-0.000401708,-0.000591624,-0.000323992,-0.000570354,