{"max":0.019181,"min":-0.0171913,"acc":0.7828,"arr":[0.0,0.0,0.0,0.0,0.0,0.0,0.0,0.0,0.0,0.0,0.0,0.0,0.0,0.0,0.0,0.0,0.0,0.0,0.0,0.0,0.0,0.0,0.0,0.0,0.0,0.0,0.0,0.0,0.0,0.0,0.0,0.0,0.0,0.0,0.0,0.0,0.0,-2.4569e-05,-4.54911e-05,-3.44299e-05,-0.000100204,-4.26968e-05,-2.58521e-05,-4.69401e-05,-3.78081e-05,0.0,0.0,0.0,0.0,0.0,0.0,0.0,0.0,0.0,0.0,0.0,0.0,0.0,0.0,0.0,0.0,0.0,0.0,-1.45569e-05,-7.87626e-05,-0.000192984,-0.000227837,-0.000302539,-0.000553493,-0.000593377,-0.00076048,-0.000927956,-0.000912527,-0.000599773,-0.000548183,-0.000404539,-0.000391724,-0.000250866,-7.89699e-05,-6.53437e-06,0.0,0.0,0.0,0.0,0.0,0.0,0.0,0.0,0.0,-2.46238e-05,-7.20097e-05,-0.000129679,-0.00023158,-0.000600947,-0.00099142,-0.00126689,-0.00182691,-0.00244824,-0.00274229,-0.00293097,-0.00285591,-0.0023893,-0.0019944,-0.001446,-0.00104068,-0.000522773,-0.000274641,-6.36097e-05,0.0,0.0,0.0,0.0,0.0,0.0,0.0,-7.61318e-06,-3.39283e-05,-0.000112596,-0.00028578,-0.000614123,-0.00124269,-0.00223799,-0.00321415,-0.00431766,-0.00597557,-0.00775788,-0.00885335,-0.00936806,-0.00924989,-0.00823762,-0.00668672,-0.0048097,-0.0031531,-0.00183642,-0.000826214,-0.000356804,-0.00012059,-3.40027e-05,-2.97523e-05,0.0,0.0,0.0,-1.20818e-05,-3.49213e-05,-2.37751e-05,-0.000264886,-0.000759779,-0.00173462,-0.00313264,-0.00506601,-0.00667876,-0.00885287,-0.0117851,-0.0142531,-0.0154681,-0.0163289,-0.0159006,-0.0140612,-0.0115604,-0.00918077,-0.00630316,-0.00431053,-0.00268799,-0.00142191,-0.000801457,-0.000271425,-5.79269e-05,0.0,0.0,0.0,-1.32403e-06,-1.82054e-06,-7.31256e-05,-0.000557113,-0.00164246,-0.00351124,-0.00524964,-0.00624034,-0.00769353,-0.00811294,-0.00652844,-0.00411144,-0.0015345,-7.22014e-06,-0.00128298,-0.00346512,-0.00643348,-0.00663222,-0.00521261,-0.00469686,-0.00408756,-0.00274252,-0.00185683,-0.000908586,-0.000202826,-7.96854e-06,0.0,0.0,-1.59723e-05,-8.02576e-05,-0.000484145,-0.00123796,-0.00284871,-0.00478322,-0.00560773,-0.00569028,-0.00325901,0.00130921,0.00715346,0.0121979,0.0159859,0.0142462,0.0144631,0.0086633,0.000427682,-0.00429031,-0.00487949,-0.00449593,-0.00427255,-0.00297021,-0.0017416,-0.00103743,-0.000307068,-5.30537e-05,0.0,0.0,-0.000101645,-0.00048774,-0.00117063,-0.00214463,-0.00362606,-0.004471,-0.00340117,-0.000115812,0.00656243,0.0118655,0.0138144,0.0160701,0.0124655,0.0083322,0.00779893,0.00715719,0.00504415,-0.00315409,-0.00528886,-0.00360314,-0.00298994,-0.00276018,-0.00174378,-0.000897951,-0.000315742,-2.91481e-05,0.0,0.0,-0.000107377,-0.000675531,-0.00137228,-0.00196831,-0.00270179,-0.002597,0.00191065,0.00892078,0.0128859,0.0144435,0.00980543,0.00286953,0.000127862,-0.000608609,1.80451e-05,0.00435781,0.00606009,0.00100159,-0.00244234,-0.00198082,-0.00238696,-0.00230417,-0.00143745,-0.000543326,-0.000152208,0.0,0.0,0.0,-3.55874e-05,-0.000511716,-0.00120064,-0.000997134,-0.00102478,0.0022234,0.00966527,0.0139187,0.015458,0.00790961,-0.00242632,-0.00734194,-0.00755751,-0.00596091,-0.000309489,0.0042104,0.00716211,0.00444782,0.00160036,-0.000703421,-0.00173732,-0.00213154,-0.000971131,-0.000286912,-6.97472e-05,0.0,0.0,0.0,0.0,-0.00018388,-2.7291e-05,0.000293564,0.00265533,0.00857213,0.0122724,0.015381,0.0109704,0.000190129,-0.00907566,-0.010041,-0.00907324,-0.00435932,0.00284512,0.00868069,0.0123429,0.00904672,0.00401445,0.0002412,-0.00241001,-0.00224227,-0.000815677,-0.00013898,-1.19344e-05,0.0,0.0,0.0,-4.02135e-06,-9.17106e-05,0.00112496,0.00212782,0.00599396,0.00987819,0.0119144,0.0149424,0.00759433,-0.00380383,-0.010233,-0.0099082,-0.00778125,-0.001715,0.00781236,0.0154536,0.0147204,0.00999829,0.00209187,-0.000877669,-0.00218687,-0.00176812,-0.000888637,-4.85128e-05,0.0,0.0,0.0,0.0,-2.47631e-05,3.77331e-05,0.00128532,0.00307126,0.00576572,0.00940366,0.0126659,0.0156261,0.00883104,0.000589965,-0.00360126,-0.00470212,-0.00291998,0.00373284,0.0143786,0.0184333,0.0143367,0.00537818,-0.000278907,-0.00205621,-0.00270781,-0.0017252,-0.00103285,-0.00010046,0.0,0.0,0.0,0.0,-2.70912e-05,0.000138402,0.000966805,0.00283509,0.00379516,0.00636174,0.0115698,0.0140068,0.0109884,0.00726009,0.00409667,0.00258653,0.00408107,0.0102573,0.0181563,0.019181,0.00904898,-0.00100582,-0.00422477,-0.00379331,-0.00348721,-0.00200926,-0.00108003,-0.000129416,0.0,0.0,0.0,0.0,-2.13767e-05,0.000103702,0.000389871,0.00195131,0.000941638,0.00209931,0.00668374,0.00984742,0.0130612,0.0128356,0.00968792,0.00473467,0.00408335,0.00916177,0.0176058,0.0146058,0.00296387,-0.00464393,-0.00610458,-0.00508342,-0.00387072,-0.00243235,-0.0012236,-0.000203121,-3.02026e-05,-1.6878e-05,0.0,0.0,0.0,-4.37506e-05,-3.08211e-05,0.000328513,-0.00114199,-0.00138768,0.00135956,0.00571384,0.00789313,0.00813566,0.00457761,-3.38868e-05,0.00118063,0.00924835,0.0147238,0.00844014,-0.00138043,-0.00700751,-0.00675521,-0.00560068,-0.00334848,-0.00239386,-0.00145969,-0.00045139,-0.000102446,-3.47488e-05,0.0,0.0,0.0,-0.000154012,-0.000978844,-0.00232389,-0.00289535,-0.00468725,-0.00446527,-0.00338267,-0.00304866,-0.00325221,-0.00487256,-0.00391311,0.00180852,0.0103287,0.0103431,0.00246552,-0.00389306,-0.0075209,-0.00723113,-0.00521225,-0.00376328,-0.00190458,-0.00121231,-0.00041025,-4.62816e-05,-1.78708e-06,0.0,0.0,-4.70911e-05,-0.000358578,-0.00128656,-0.00337402,-0.00454229,-0.00643606,-0.0077401,-0.00843774,-0.00918259,-0.0087466,-0.00681865,-0.00315904,0.00249949,0.0068108,0.00394719,-0.00193381,-0.0052412,-0.00710479,-0.00663457,-0.00549972,-0.00385082,-0.00149856,-0.000934347,-0.000279327,-1.05235e-05,0.0,0.0,0.0,-6.41974e-05,-0.000436382,-0.00136027,-0.00336001,-0.00586707,-0.0083021,-0.0116341,-0.0136159,-0.0141879,-0.0129187,-0.00952766,-0.0043582,-0.000973205,0.00142232,-0.00175599,-0.00531261,-0.0046653,-0.00662701,-0.00568642,-0.00513932,-0.00332824,-0.00115296,-0.000642116,-0.000234542,-3.11579e-05,0.0,0.0,0.0,2.57256e-05,-0.000403011,-0.00129902,-0.00308172,-0.00595928,-0.00940006,-0.0133259,-0.0161118,-0.0165281,-0.0149967,-0.0117069,-0.00718227,-0.00424134,-0.00454982,-0.00609867,-0.00600341,-0.00359157,-0.00580802,-0.00394152,-0.0034569,-0.0019514,-0.000648156,-0.000242609,-0.000123941,0.0,0.0,0.0,0.0,-1.05163e-05,-0.000204055,-0.00107661,-0.00265944,-0.00540303,-0.00937807,-0.0136953,-0.0171913,-0.016509,-0.0163294,-0.0119669,-0.00923668,-0.00688598,-0.00688299,-0.00703938,-0.00490615,-0.00206365,-0.00260189,-0.00186662,-0.00164758,-0.00090534,-9.07051e-05,0.000203452,1.22258e-05,0.0,0.0,0.0,0.0,0.0,-0.000154775,-0.000638823,-0.00164741,-0.00351732,-0.00696208,-0.01104,-0.0139712,-0.0144691,-0.0133701,-0.00941948,-0.00782294,-0.00714283,-0.00628062,-0.00372022,-0.000783249,0.00169523,0.000812587,0.000458347,0.000315993,0.000144655,0.000475175,0.000660062,0.000280407,0.0,0.0,0.0,0.0,0.0,-0.00011158,-0.000349716,-0.000861692,-0.00184643,-0.00323063,-0.0050224,-0.0079604,-0.00776462,-0.00488083,-0.0044424,-0.00360253,-0.00327748,-0.00209827,0.000862681,0.00400557,0.00577341,0.0053957,0.00280128,0.0015069,0.000644026,0.000720398,0.000576878,0.000152213,0.0,0.0,0.0,0.0,0.0,-8.33424e-07,0.00033342,0.000158372,3.203e-05,0.000350569,0.000359023,-0.000257527,0.00216967,0.0053117,0.00401229,0.00444302,0.00300509,0.00433639,0.00634302,0.00858794,0.00814667,0.00657094,0.00447592,0.0021547,0.000657435,0.000374081,0.00033756,6.91877e-06,0.0,0.0,0.0,0.0,0.0,0.0,6.69935e-05,0.000127994,0.00028804,0.000757185,0.00128269,0.00246631,0.00429596,0.00702286,0.00748758,0.00729372,0.00480275,0.00576119,0.00726516,0.00882819,0.00762887,0.00503354,0.00360861,0.0016922,0.000560438,0.000312684,0.0,0.0,0.0,0.0,0.0,0.0,0.0,0.0,4.01645e-05,0.000311883,0.000230817,-0.000226385,-0.000334986,-0.000505144,0.000557528,0.000337958,0.00150628,0.00283007,0.00192727,0.00112276,0.00247643,0.00325523,0.00205264,0.000295772,-1.70588e-05,-7.94758e-06,0.0,0.0,0.0,0.0,0.0,0.0,0.0,0.0,0.0,0.0,0.0,0.0,7.18336e-05,0.000398118,0.000324785,2.98096e-05,-0.000124307,-0.000185448,-0.000109791,-0.000184148,-0.000279523,-0.000225477,-0.000239591,-0.000128518,0.0,0.0,0.0,0.0,0.0,0.0,0.0,0.0,0.0,0.0]}