{"max":0.0442547,"min":-0.0389896,"acc":0.7964,"arr":[0.0,0.0,0.0,0.0,0.0,0.0,0.0,0.0,0.0,0.0,0.0,0.0,0.0,0.0,0.0,0.0,0.0,0.0,0.0,0.0,0.0,0.0,0.0,0.0,0.0,0.0,0.0,0.0,0.0,0.0,0.0,0.0,0.0,0.0,-4.05508e-05,-8.96966e-05,-5.16505e-05,-2.98422e-05,-7.01744e-05,-0.000104541,-0.000159164,-0.000146749,-0.000113259,-8.03342e-05,-0.000142524,-6.36284e-05,-6.81582e-05,-0.000122772,-6.48482e-05,-5.45713e-07,0.0,0.0,0.0,0.0,0.0,0.0,0.0,0.0,0.0,-1.69976e-06,-2.67542e-06,0.0,-3.54491e-05,-0.000100694,-0.000237188,-0.000391549,-0.000547457,-0.000898509,-0.00136124,-0.00144513,-0.0017091,-0.00194891,-0.00202432,-0.0016765,-0.00138132,-0.00104214,-0.000738577,-0.000380511,-0.000126486,-1.30259e-05,0.0,0.0,0.0,0.0,0.0,0.0,0.0,-1.46308e-05,-1.84378e-05,-2.56046e-05,-0.000123346,-0.000292232,-0.000646757,-0.00130745,-0.00197968,-0.00286824,-0.00405582,-0.00536134,-0.00605837,-0.0064409,-0.00641197,-0.00555138,-0.0047556,-0.00369948,-0.00236963,-0.00110199,-0.000494068,-0.000173168,-2.50615e-05,-1.04973e-05,0.0,0.0,0.0,0.0,0.0,-1.54033e-05,-6.73845e-05,-0.000209537,-0.000548554,-0.00114255,-0.0022657,-0.00425268,-0.00648342,-0.00949643,-0.0132207,-0.016829,-0.0192205,-0.0205781,-0.0203542,-0.0181839,-0.0149417,-0.0110871,-0.00715269,-0.0039942,-0.00190996,-0.00100494,-0.000414274,-0.000109793,-2.97523e-05,0.0,0.0,0.0,-1.20818e-05,-3.49213e-05,-0.000156567,-0.000733258,-0.00169032,-0.00339203,-0.00630402,-0.0105686,-0.014138,-0.018769,-0.0249839,-0.0307152,-0.0358271,-0.0389896,-0.0382869,-0.0343447,-0.0282352,-0.0213817,-0.0153339,-0.0106555,-0.007204,-0.00442466,-0.00203661,-0.000633492,-8.88833e-05,0.0,0.0,0.0,-1.32403e-06,-0.000116045,-0.000482283,-0.00176073,-0.00382298,-0.00705817,-0.0114238,-0.0154002,-0.0192748,-0.0205065,-0.0171658,-0.010389,-0.00169984,0.00399287,0.00173594,-0.00246696,-0.00852785,-0.0148891,-0.0155733,-0.0133657,-0.0107169,-0.00692962,-0.00420142,-0.00180951,-0.000314635,-6.26e-05,0.0,-3.07111e-05,-0.000196319,-0.000565115,-0.00163201,-0.00400185,-0.00712984,-0.0113165,-0.0147547,-0.0158244,-0.0123273,-0.000440513,0.0127909,0.0292119,0.0398155,0.043103,0.0416844,0.029621,0.0111252,-0.00570308,-0.0126345,-0.0147713,-0.0121947,-0.00815489,-0.00456781,-0.00220198,-0.000696056,-0.000116901,0.0,-6.46148e-05,-0.000409845,-0.00134651,-0.00321909,-0.00627847,-0.0089231,-0.0110554,-0.0101809,-0.0051172,0.00785151,0.022377,0.0331196,0.0399773,0.035655,0.0282643,0.0237133,0.0201265,0.0151691,-0.00202466,-0.00997138,-0.0116416,-0.0111941,-0.00821619,-0.00475042,-0.00195359,-0.000606007,-2.91481e-05,0.0,-7.47381e-05,-0.000398642,-0.00165286,-0.00358517,-0.00497875,-0.00532283,-0.00667031,-0.000660396,0.0108237,0.0254614,0.0347453,0.0288759,0.0128596,-0.000772809,-0.002702,-0.00219392,0.00807188,0.0161604,0.00866865,-0.00321259,-0.00727776,-0.00947808,-0.00722923,-0.00432198,-0.00153264,-0.00035806,0.0,0.0,-3.70576e-05,-0.000242116,-0.00128496,-0.00264862,-0.00046601,-0.00152938,0.00209506,0.0150998,0.0260887,0.0360219,0.0247346,0.00224164,-0.0159848,-0.0219812,-0.0184157,-0.00449821,0.00906832,0.022068,0.0177641,0.00618758,-0.0016108,-0.00708137,-0.0058172,-0.00287653,-0.000722214,-0.000218266,-4.15715e-06,0.0,-6.53774e-06,-0.000163723,-0.000698459,-0.000148403,0.00319772,0.0047475,0.0135138,0.0261941,0.0372207,0.0295408,0.00671484,-0.0175953,-0.0256514,-0.0243801,-0.0124676,0.00610452,0.0214101,0.0340528,0.0282002,0.0118773,0.000339217,-0.00533452,-0.00463484,-0.0020019,-0.000282805,-0.000131323,-2.25378e-05,0.0,-2.21573e-05,-0.000196793,-0.000242827,0.0022766,0.0053281,0.0103147,0.0195464,0.0302898,0.0361318,0.019074,-0.00602909,-0.022285,-0.0230599,-0.0175573,-0.00268238,0.0205795,0.036428,0.0419544,0.0305819,0.0084936,-0.00132335,-0.00494756,-0.00390905,-0.00194971,-0.000238727,-0.000108572,-2.50084e-05,0.0,0.0,-0.000143199,-3.06797e-05,0.00318536,0.00640881,0.0112808,0.0214221,0.0321434,0.0342062,0.0180793,0.00137944,-0.00684028,-0.00764471,-0.00302757,0.0116662,0.0336405,0.0441813,0.0391111,0.0191147,0.0009575,-0.00537295,-0.0060171,-0.00402283,-0.00235925,-0.000325604,-4.52043e-05,-6.74568e-06,0.0,-1.68646e-05,-8.14918e-05,-1.87287e-05,0.00196726,0.00520799,0.0101337,0.0170256,0.0304194,0.0342236,0.0260648,0.0192766,0.0129076,0.00835292,0.00952416,0.0204511,0.0386044,0.0442547,0.0261602,0.00195387,-0.00973719,-0.0100204,-0.00825578,-0.00490426,-0.00243367,-0.000325692,-5.09391e-05,0.0,0.0,-3.8499e-05,-0.000115039,-0.000114746,0.000318435,0.00186512,0.00282172,0.0073736,0.0220548,0.0308395,0.034591,0.0296073,0.0207998,0.0104107,0.00679135,0.0191958,0.041206,0.0376321,0.0112711,-0.00955644,-0.0152329,-0.0131532,-0.00965353,-0.00575667,-0.00262935,-0.000428316,-0.000124129,-1.6878e-05,0.0,-1.82274e-05,-9.90773e-05,-0.000265643,-0.000766233,-0.00178741,-0.00333017,-0.00251882,0.00609747,0.0176362,0.0224731,0.0203893,0.0107743,0.00014512,0.00111217,0.0223202,0.0408605,0.0260428,-0.00209363,-0.0159851,-0.017452,-0.0140138,-0.00954811,-0.00617053,-0.00291861,-0.000859319,-0.000299888,-3.47488e-05,0.0,-2.46012e-05,-8.71374e-05,-0.00045806,-0.00248796,-0.00653414,-0.00814478,-0.00951304,-0.00776214,-0.00272804,-0.000315714,-0.00134429,-0.00736508,-0.00865217,0.00473914,0.0270395,0.030768,0.0105355,-0.0106091,-0.0201017,-0.0184381,-0.0134668,-0.00960988,-0.00552464,-0.00281174,-0.00075605,-0.000132859,-1.78708e-06,0.0,-1.20082e-05,-0.000151966,-0.00080137,-0.00302927,-0.00869877,-0.0125931,-0.015886,-0.0177069,-0.0178872,-0.019299,-0.0195297,-0.0179702,-0.011159,0.0072346,0.0199752,0.0156729,-0.00233585,-0.0154539,-0.0210742,-0.0171174,-0.0129744,-0.00838569,-0.00413464,-0.00230057,-0.000389178,-2.72539e-05,0.0,0.0,0.0,-0.000200597,-0.000911712,-0.00339543,-0.00922836,-0.0155932,-0.020982,-0.0274156,-0.0313994,-0.0335083,-0.0310311,-0.0254956,-0.012317,0.00324298,0.00828175,-0.000724194,-0.0106993,-0.0168748,-0.0195172,-0.0148619,-0.0111527,-0.00672847,-0.00302639,-0.0014697,-0.000178075,-8.6518e-05,0.0,0.0,0.0,-0.000110664,-0.00103433,-0.00347711,-0.00826936,-0.0156926,-0.0237263,-0.0313895,-0.0366749,-0.0382794,-0.0371509,-0.0286222,-0.0146226,-0.00345339,-0.0049545,-0.0107091,-0.0130872,-0.0147208,-0.0156783,-0.00994884,-0.00690108,-0.00439018,-0.00200951,-0.000843791,-5.80042e-05,-4.9121e-05,0.0,0.0,0.0,-0.000103211,-0.00080051,-0.00276467,-0.00674875,-0.0139446,-0.0225026,-0.0308059,-0.0373199,-0.0387319,-0.0376105,-0.0272471,-0.016492,-0.0113113,-0.0136214,-0.0132933,-0.00878416,-0.00914453,-0.00799165,-0.00425572,-0.00287318,-0.00183723,-0.000930629,-0.000133836,0.000117426,-3.67951e-05,0.0,0.0,0.0,-2.20214e-05,-0.000497335,-0.00173679,-0.00452278,-0.00976667,-0.0173106,-0.0249305,-0.0311712,-0.0320444,-0.0287519,-0.0195707,-0.012688,-0.0120005,-0.0122932,-0.00645989,0.00102152,0.000276842,-0.000865511,0.000992003,0.00156065,0.000872548,0.000351786,0.000782262,0.000225216,-1.57331e-05,0.0,0.0,0.0,0.0,-0.000180209,-0.000936703,-0.00213062,-0.0048533,-0.00877581,-0.0131018,-0.0179344,-0.016562,-0.0113411,-0.00533381,-0.00373411,-0.00465797,-0.00363363,0.00438321,0.0111318,0.00997372,0.00709813,0.00524182,0.00452677,0.00316144,0.00178481,0.000904171,8.46894e-05,0.0,0.0,0.0,0.0,0.0,-6.79979e-06,0.000257151,0.000367907,-0.000228497,-0.000406984,-0.00125449,-0.000540668,0.00505554,0.0127203,0.0141822,0.0139242,0.0105724,0.0114588,0.0167819,0.01948,0.0147695,0.00920212,0.0077502,0.00606126,0.00334363,0.00211226,0.00119378,-4.75262e-05,0.0,0.0,0.0,0.0,0.0,0.0,6.50021e-05,0.000444144,0.000636191,0.00159,0.00320883,0.00741322,0.0142476,0.020837,0.0210831,0.0204081,0.0143452,0.0141043,0.0165517,0.0172083,0.0125898,0.00831508,0.00695724,0.0048606,0.00209884,0.000978235,0.000294822,0.0,0.0,0.0,0.0,0.0,0.0,0.0,2.33474e-05,0.000181517,-0.000104481,-0.000789806,-0.000776342,-0.000228114,0.00235463,0.00292397,0.00351943,0.00542322,0.00404751,0.00196219,0.00378293,0.00582415,0.00390316,0.000913368,0.00078184,0.00115373,0.000400452,7.38148e-05,0.0,0.0,0.0,0.0,0.0,0.0,0.0,0.0,0.0,0.0,7.18336e-05,0.000369671,0.000228355,-0.000128926,-0.000371758,-0.000443521,-8.14801e-05,