{"max":0.332098,"min":-0.19992,"acc":0.9007,"arr":[0.0,0.0,0.0,0.0,0.0,0.0,0.0,0.0,0.0,0.0,0.0,0.0,-1.97623e-05,-5.67891e-05,-1.50412e-05,-6.26719e-07,0.0,0.0,0.0,0.0,0.0,0.0,0.0,0.0,0.0,0.0,0.0,0.0,0.0,0.0,0.0,0.0,-4.42115e-07,-1.689e-06,-6.87703e-05,-0.000168171,-0.000259874,-0.000234073,-0.000450028,-0.000605234,-0.000761411,-0.000644812,-0.000637191,-0.000629938,-0.000977409,-0.000701566,-0.000338647,-0.00029564,-0.000190541,-7.16791e-05,-3.5636e-05,-9.39561e-06,0.0,0.0,0.0,0.0,0.0,0.0,-4.91852e-07,-9.24813e-06,-1.58862e-05,-9.3075e-06,-0.000121235,-0.000561308,-0.000977429,-0.00148713,-0.00273166,-0.00399246,-0.00562426,-0.00679159,-0.00789347,-0.00850577,-0.00848462,-0.00681345,-0.00558484,-0.00422745,-0.00249754,-0.00148154,-0.000726499,-0.000183793,-3.69372e-05,-9.78655e-06,0.0,0.0,0.0,0.0,-1.91194e-06,-4.18408e-05,-4.72309e-05,-0.000110313,-0.000502725,-0.00145782,-0.00285553,-0.00522558,-0.0083901,-0.0121083,-0.0160065,-0.0206262,-0.0254632,-0.028659,-0.0274788,-0.0238029,-0.0192257,-0.0149933,-0.00996127,-0.00576848,-0.00281135,-0.00121355,-0.000412598,-7.56991e-05,-7.32065e-06,0.0,0.0,-1.15327e-06,-5.58985e-06,-5.73897e-05,-0.000292543,-0.00103559,-0.00253735,-0.00518503,-0.0098438,-0.0175405,-0.0267368,-0.0389635,-0.0551595,-0.0702679,-0.0844802,-0.0929945,-0.0931975,-0.0812847,-0.0664513,-0.0516333,-0.0375502,-0.0261516,-0.0150677,-0.00758993,-0.0031328,-0.000892192,-0.000191786,-3.86355e-06,0.0,0.0,-1.8351e-05,-0.000279613,-0.00146633,-0.00532096,-0.0126892,-0.0229468,-0.0369741,-0.0576749,-0.0707633,-0.0808163,-0.10491,-0.125053,-0.151161,-0.176163,-0.19992,-0.193932,-0.169179,-0.137138,-0.106378,-0.0801642,-0.0584743,-0.0378392,-0.0180363,-0.0053387,-0.000949537,-1.06399e-05,0.0,-5.59535e-06,-0.00028309,-0.0014542,-0.00619121,-0.0181958,-0.0358254,-0.059981,-0.0837673,-0.0968045,-0.0939199,-0.0698362,-0.0356805,0.0223125,0.0757132,0.0932678,0.0724865,0.0210868,-0.0258128,-0.0753679,-0.10086,-0.108897,-0.0988376,-0.0724303,-0.0404394,-0.0148388,-0.00369773,-0.000250878,0.0,-0.000245176,-0.00105269,-0.00474893,-0.0167543,-0.0398255,-0.0666168,-0.0974177,-0.109271,-0.10001,-0.0631182,0.0015589,0.0863037,0.186068,0.289334,0.332098,0.286798,0.172631,0.0710216,-0.00975349,-0.0660338,-0.101512,-0.112946,-0.0908787,-0.0551066,-0.0228574,-0.00511271,-0.000294457,-6.35995e-05,-0.000724364,-0.00358872,-0.0121059,-0.028683,-0.0535377,-0.0723781,-0.0945893,-0.0769668,-0.0606452,-0.00606986,0.0462,0.103594,0.164067,0.198001,0.196774,0.155769,0.0798677,0.0358449,-0.0138084,-0.0462021,-0.0697509,-0.0949279,-0.0837951,-0.0520577,-0.0227943,-0.00482565,-0.000305124,-0.00011005,-0.00112832,-0.00532455,-0.0152055,-0.0338656,-0.0444454,-0.0390715,-0.0368416,-0.0116553,0.0196614,0.0599169,0.0924971,0.082648,0.0435022,0.0226918,0.00815779,-0.00929313,-0.0014143,0.0113041,0.00223942,-0.00883825,-0.0430431,-0.0673876,-0.0642086,-0.0413965,-0.0180934,-0.00419235,-0.00041472,-0.000172726,-0.00137544,-0.0063019,-0.0147258,-0.0231288,-0.0114081,0.0147973,0.0391578,0.0811707,0.0899103,0.116883,0.0987541,0.0153019,-0.0636039,-0.0815903,-0.0693885,-0.0280377,0.0234808,0.0589663,0.0680115,0.052137,0.00911636,-0.0227403,-0.0321281,-0.02733,-0.0124051,-0.00330677,-0.000518669,-0.000135719,-0.00146959,-0.006018,-0.010159,0.000527837,0.0365363,0.0722751,0.110316,0.137677,0.124785,0.11513,0.0414576,-0.0634946,-0.10296,-0.0709438,-0.0126026,0.0453548,0.114407,0.152835,0.159684,0.127216,0.0606639,0.01538,-0.0133551,-0.0163549,-0.00688512,-0.00223113,-0.000249194,-8.50491e-05,-0.00117582,-0.00417199,-0.00288025,0.0251581,0.0694359,0.105897,0.130199,0.131713,0.120653,0.0766754,-0.0150499,-0.0780542,-0.043748,0.0235764,0.0807912,0.12614,0.183438,0.216068,0.199412,0.136335,0.0688955,0.0225381,-0.00636581,-0.0143062,-0.00519368,-0.00167769,-7.50683e-05,-2.58683e-06,-0.000498351,-0.00286118,0.00198082,0.0392144,0.0814357,0.108243,0.119013,0.114909,0.0895428,0.0373382,-0.0206458,-0.024725,0.0251167,0.0891971,0.127606,0.179789,0.222742,0.215123,0.158761,0.0885216,0.0326608,-0.00612593,-0.0228332,-0.0194357,-0.00620797,-0.00146189,-0.000105265,-6.17086e-05,-0.000200071,-0.001438,0.00439133,0.0340659,0.0594075,0.0833463,0.0867044,0.0895438,0.0666827,0.027705,0.00576761,0.0146664,0.0288755,0.0459249,0.0861869,0.176996,0.208167,0.139818,0.0525042,-0.000839343,-0.0342173,-0.0449667,-0.0423108,-0.0260289,-0.00688969,-0.000741228,-7.43485e-06,-2.15817e-05,-4.24162e-05,-0.00106594,0.00287004,0.0204058,0.0302084,0.0380332,0.0537272,0.0714125,0.0639154,0.0546895,0.0361205,0.0143121,-0.0298546,-0.0513444,0.0364428,0.156239,0.160483,0.0510393,-0.0347018,-0.0649923,-0.0807082,-0.0709429,-0.0512258,-0.0281705,-0.00775023,-0.00113057,-8.04053e-05,-7.86439e-06,-0.000107616,-0.000878686,-0.000341238,0.00645748,0.00152154,-0.00438145,0.0180263,0.0543179,0.0660579,0.0782306,0.0573184,0.000255892,-0.0721376,-0.0732458,0.03155,0.12491,0.0886791,-0.0111517,-0.0757073,-0.0885779,-0.0957443,-0.0726637,-0.0542137,-0.0285235,-0.00812787,-0.00157691,-8.25883e-05,0.0,-6.15043e-05,-0.00135396,-0.00416122,-0.0101669,-0.0267097,-0.0346,-0.017704,0.00578261,0.0239133,0.0351595,0.0173215,-0.0271851,-0.0700864,-0.0361069,0.0613509,0.0713082,0.0219338,-0.0464441,-0.0773569,-0.0806968,-0.0837515,-0.0704904,-0.0508562,-0.026942,-0.00721759,-0.00115621,-5.28247e-05,2.78249e-05,-2.15272e-05,-0.00145084,-0.00818981,-0.0198315,-0.0428128,-0.0570764,-0.0654801,-0.0615415,-0.0560819,-0.0512311,-0.0613808,-0.0850888,-0.0717762,-0.00104495,0.0371144,0.00896254,-0.0324161,-0.0599171,-0.0617765,-0.0609527,-0.069829,-0.0622105,-0.0448334,-0.0227969,-0.00559267,-0.000436732,-2.92225e-05,-2.48921e-07,-0.000247251,-0.00198173,-0.0102605,-0.0241521,-0.0477152,-0.0738145,-0.0968274,-0.120132,-0.140734,-0.150016,-0.148606,-0.129687,-0.0749236,-0.0202313,-0.0171034,-0.0410985,-0.0685168,-0.0621268,-0.0486633,-0.0470945,-0.0585684,-0.047984,-0.0316185,-0.0140706,-0.00372458,-0.00062858,-2.59509e-06,0.0,-0.000159976,-0.00165004,-0.0101628,-0.0224226,-0.0432626,-0.078596,-0.115271,-0.146208,-0.179447,-0.195175,-0.186789,-0.146653,-0.0752779,-0.0504518,-0.0635114,-0.0789333,-0.079018,-0.0676383,-0.0417317,-0.0357983,-0.0404706,-0.0310745,-0.0179674,-0.00622324,-0.00123071,-0.000459607,-2.06758e-06,-2.35424e-07,-5.55642e-05,-0.00120008,-0.00737715,-0.0171952,-0.0366028,-0.070507,-0.108695,-0.139962,-0.162561,-0.17365,-0.164757,-0.127046,-0.0853067,-0.0810042,-0.0999481,-0.0985572,-0.0856155,-0.0631305,-0.0346436,-0.0188659,-0.015887,-0.0121758,-0.00528637,9.83211e-05,-0.000793634,-0.000484531,-2.09506e-07,-2.28067e-07,-1.96416e-06,-0.00107674,-0.00435149,-0.0115239,-0.0291384,-0.056471,-0.0889247,-0.107979,-0.12052,-0.119698,-0.109177,-0.0882794,-0.0863423,-0.0961518,-0.116104,-0.098865,-0.0702313,-0.0375308,-0.0144153,0.00617968,0.0115983,0.00949887,0.00762685,0.00357852,0.000112039,-0.000116828,-3.86781e-07,0.0,0.0,-0.000523813,-0.0017949,-0.00754605,-0.0163733,-0.0329112,-0.050222,-0.0530898,-0.0594384,-0.0497027,-0.0528341,-0.0578985,-0.0706677,-0.0866664,-0.0991217,-0.0631192,-0.0185894,0.0164781,0.035665,0.0420306,0.0397652,0.0274818,0.0147573,0.00458742,-0.000225707,-6.08112e-05,0.0,0.0,0.0,-0.000115198,-0.000787631,-0.00104994,-0.0014346,-0.00227274,0.00234123,0.00985272,0.0192112,0.0312307,0.0294561,0.0184041,0.00192301,-0.0168654,-0.00729568,0.0307566,0.0765945,0.0935265,0.0901052,0.0791371,0.0555021,0.0311917,0.0155571,0.00241401,-0.000666791,-0.000256771,0.0,0.0,0.0,6.17888e-05,-0.000478443,0.000733642,0.00628803,0.0119739,0.0232424,0.0414219,0.0630665,0.0868619,0.091557,0.102205,0.097367,0.0845596,0.0790315,0.104596,0.123898,0.119777,0.102415,0.0746177,0.0451597,0.0193363,0.00760311,0.00104071,-0.000154444,-0.000272013,0.0,0.0,0.0,0.0,0.0,0.00140987,0.00352448,0.00564396,0.00496844,0.00800221,0.0161142,0.0247619,0.026958,0.0342437,0.0340481,0.0370962,0.0253453,0.0299785,0.032868,0.0344129,0.0325956,0.0250739,0.0115844,0.00245266,0.00054865,6.83948e-05,-4.43679e-06,0.0,0.0,0.0,0.0,0.0,0.0,-9.13402e-06,-3.22194e-05,