{"max":0.153037,"min":-0.106086,"acc":0.8668,"arr":[0.0,0.0,0.0,0.0,0.0,0.0,0.0,0.0,0.0,0.0,0.0,0.0,-1.9066e-05,-4.17479e-05,0.0,0.0,0.0,0.0,0.0,0.0,0.0,0.0,0.0,0.0,0.0,0.0,0.0,0.0,0.0,0.0,0.0,0.0,0.0,0.0,-4.08558e-05,-0.000104889,-0.000185613,-0.00014121,-0.000282519,-0.000271318,-0.000304799,-0.000330034,-0.00035001,-0.00022872,-0.000377585,-0.000333112,-0.000165593,-0.000159546,-0.000111853,-2.86685e-05,-1.93629e-05,-1.5785e-06,0.0,0.0,0.0,0.0,0.0,0.0,0.0,-7.45312e-06,-6.7874e-06,-3.06282e-06,-5.77013e-05,-0.000297676,-0.00061996,-0.000946871,-0.0015961,-0.002336,-0.00312843,-0.00381422,-0.00478839,-0.00517284,-0.00504271,-0.00411922,-0.00345864,-0.00266772,-0.00162692,-0.00089709,-0.000354219,-4.70819e-05,0.0,0.0,0.0,0.0,0.0,0.0,-7.03637e-07,-3.18228e-05,-3.30557e-05,-5.49519e-05,-0.000250757,-0.000807555,-0.00167857,-0.00328522,-0.00505217,-0.00730072,-0.00960349,-0.0123094,-0.0149109,-0.0163788,-0.0159624,-0.013977,-0.0116184,-0.00917721,-0.00563937,-0.00300945,-0.00150956,-0.000579485,-0.000198038,-4.03579e-05,-4.99281e-06,0.0,0.0,-1.14761e-06,-4.25408e-06,-2.27367e-05,-0.00013321,-0.000464926,-0.00133574,-0.00281741,-0.00561,-0.0102706,-0.0158384,-0.023165,-0.0323461,-0.0420286,-0.0491371,-0.051499,-0.0504935,-0.0452717,-0.037727,-0.0289907,-0.0203386,-0.0132344,-0.0069548,-0.00341311,-0.00155473,-0.000434222,-0.000102038,0.0,0.0,0.0,-1.65345e-05,-8.64277e-05,-0.000587653,-0.00214143,-0.00520792,-0.00984372,-0.0174827,-0.0282326,-0.0379581,-0.0505165,-0.0671818,-0.0827301,-0.0968617,-0.105817,-0.106086,-0.0971776,-0.084303,-0.0677399,-0.0499868,-0.0351785,-0.0245399,-0.0163625,-0.00769355,-0.00211096,-0.000439763,0.0,0.0,0.0,-5.62076e-05,-0.000444819,-0.00236778,-0.00671621,-0.0129163,-0.0228567,-0.0352486,-0.0459504,-0.0553743,-0.056228,-0.0428682,-0.0160931,0.0115952,0.025564,0.0214216,-0.000458575,-0.0288898,-0.0524059,-0.0551524,-0.0487405,-0.0386809,-0.0272814,-0.0154821,-0.00579075,-0.00121233,-8.23471e-05,0.0,-3.58471e-05,-0.000380385,-0.00183711,-0.00596506,-0.0145988,-0.0249201,-0.038107,-0.0485201,-0.050508,-0.0387782,-0.00466876,0.0429537,0.0949756,0.137497,0.153037,0.135849,0.0866656,0.0232384,-0.0247195,-0.0460127,-0.0513569,-0.0435889,-0.0324705,-0.0193925,-0.0085585,-0.00187801,-0.000123901,0.0,-0.000118824,-0.00119922,-0.00476978,-0.0109978,-0.0214846,-0.0312263,-0.0410948,-0.0329779,-0.0231441,0.00694817,0.0500271,0.086463,0.108841,0.106354,0.0995326,0.0867984,0.0564243,0.0235736,-0.0149025,-0.034651,-0.0390855,-0.0367665,-0.0306632,-0.0188066,-0.00800812,-0.00183014,-5.95071e-05,-5.23567e-05,-0.000354835,-0.00202497,-0.00621067,-0.0132097,-0.0194071,-0.0217995,-0.0205111,-0.00346466,0.0214544,0.0540621,0.0755517,0.0643101,0.0296127,0.00293868,-0.00572192,0.00383617,0.0189643,0.0213797,0.00916877,-0.0109989,-0.025133,-0.0273865,-0.0229082,-0.0137776,-0.00558736,-0.00120808,-4.78886e-05,-6.12075e-05,-0.000548405,-0.00249259,-0.00543492,-0.00892409,-0.00793736,-0.000418887,0.0128077,0.0438327,0.0619198,0.0805426,0.0555031,0.00345827,-0.0418203,-0.0620209,-0.0507819,-0.0124668,0.0253248,0.0488247,0.0430325,0.0164344,-0.00603387,-0.0141407,-0.0131296,-0.00812819,-0.00322799,-0.000829057,-0.000128025,-4.6774e-05,-0.000567565,-0.00227121,-0.00308981,-0.000731134,0.00876629,0.0220913,0.046998,0.0734356,0.0856066,0.0681738,0.0147513,-0.0441088,-0.0696754,-0.0615232,-0.0311185,0.0173317,0.0593794,0.087198,0.078947,0.0410602,0.00985502,-0.00411558,-0.00815086,-0.00483565,-0.00130148,-0.000462068,-7.90719e-05,-3.98327e-05,-0.000410856,-0.00151628,-0.000239595,0.00820743,0.0202288,0.0377176,0.0627785,0.081418,0.0834082,0.0403577,-0.0201312,-0.0588939,-0.0539963,-0.0296991,0.0110244,0.0576282,0.0952895,0.111534,0.087223,0.0381667,0.0114375,-0.00388862,-0.00741221,-0.00470651,-0.000959668,-0.000280254,-2.50084e-05,-1.9898e-06,-0.000142392,-0.000723608,0.00158545,0.0134898,0.0259287,0.0418719,0.0640603,0.0814859,0.0754661,0.0310133,-0.0090868,-0.0212593,-0.0114503,0.0160053,0.0503589,0.0909724,0.119822,0.109673,0.060822,0.0178903,-0.00436044,-0.0133165,-0.0117861,-0.00700268,-0.00134569,-0.000207513,-8.91888e-06,0.0,-8.68323e-05,-0.000383851,0.00187608,0.0118421,0.0203106,0.0322721,0.0477863,0.0728661,0.0752469,0.0501906,0.0308637,0.0236687,0.0213621,0.0309178,0.0514429,0.0980008,0.116077,0.0742459,0.014021,-0.0184594,-0.0276132,-0.0247122,-0.0168967,-0.00896165,-0.00175121,-0.000217915,-1.61438e-06,0.0,-3.8499e-05,-0.000221709,0.00112467,0.00727251,0.00820353,0.0111808,0.0259166,0.0547264,0.069536,0.0703104,0.0585929,0.0428999,0.0156422,0.00158381,0.0347706,0.0914853,0.091335,0.0302619,-0.025164,-0.0439961,-0.0413875,-0.0320289,-0.0198486,-0.00975863,-0.00239181,-0.000320301,-6.23732e-05,0.0,-2.34516e-05,-0.000187044,0.000217344,0.00118834,-0.00305307,-0.0077106,0.00180368,0.0270988,0.0447501,0.0526312,0.0453842,0.0211106,-0.0128612,-0.0155837,0.0332351,0.0790009,0.0587679,-0.00497819,-0.0438039,-0.0502315,-0.0438983,-0.0308907,-0.0196572,-0.00933795,-0.00262611,-0.000545407,-5.03633e-05,0.0,-2.80296e-05,-0.000153079,-0.000893834,-0.00507561,-0.0145692,-0.0211729,-0.0213022,-0.0118304,-0.000557695,0.00805144,0.00090223,-0.0168352,-0.0311842,-0.00981725,0.0397155,0.0560083,0.0245696,-0.0250767,-0.0476485,-0.0475443,-0.0389175,-0.0281512,-0.0170111,-0.00828669,-0.00253805,-0.000359968,-1.57295e-05,-4.1752e-08,-1.32349e-05,-0.00028772,-0.00212014,-0.00772002,-0.0208743,-0.0312222,-0.0391594,-0.0432735,-0.0456819,-0.0468364,-0.0503566,-0.0515797,-0.0396962,0.00131732,0.0265671,0.0225287,-0.00787994,-0.0350249,-0.0457319,-0.041293,-0.0348479,-0.0234569,-0.0140341,-0.00684291,-0.00186909,-0.000187496,-1.93319e-05,-2.0876e-07,-2.09705e-05,-0.000456543,-0.00315794,-0.00937782,-0.0227687,-0.0389676,-0.0519044,-0.066408,-0.0810295,-0.0874322,-0.0845941,-0.0708255,-0.0384655,-0.00509467,0.000239563,-0.0136421,-0.0275303,-0.0366429,-0.0424708,-0.0349033,-0.0294545,-0.0178837,-0.00950377,-0.0040124,-0.000954831,-0.000200652,-2.20015e-06,0.0,-4.57581e-06,-0.000295613,-0.00354596,-0.00939403,-0.0212584,-0.0396619,-0.0592867,-0.0783274,-0.0962595,-0.105103,-0.0992229,-0.0737401,-0.0407441,-0.0236721,-0.030409,-0.0392766,-0.0340015,-0.0332514,-0.0346644,-0.0237199,-0.0195977,-0.0118461,-0.00540967,-0.00163096,4.54529e-05,-0.000147202,0.0,0.0,-7.64303e-06,-0.000404583,-0.00265211,-0.00716565,-0.01846,-0.0364981,-0.0570244,-0.0778244,-0.0957667,-0.101995,-0.0950787,-0.0710337,-0.0491162,-0.0469152,-0.0551449,-0.0472985,-0.0273473,-0.0244986,-0.0211946,-0.013113,-0.0091793,-0.0052227,-0.00113323,0.000439903,0.000148163,-0.000106664,-2.05537e-07,0.0,0.0,-0.00041705,-0.00138787,-0.00462396,-0.013241,-0.028114,-0.0459791,-0.0651689,-0.0798783,-0.0833105,-0.0754318,-0.0580077,-0.0500033,-0.0546248,-0.0562937,-0.034975,-0.00789452,-0.00380154,-0.00275991,-0.000567451,0.00220259,0.00232333,0.00294969,0.00178397,0.000395788,-2.73441e-05,-3.79453e-07,0.0,0.0,-0.000188809,-0.00037952,-0.00209888,-0.00554366,-0.0141256,-0.0250755,-0.0366773,-0.0461806,-0.0447022,-0.0382504,-0.0307856,-0.0357483,-0.0378959,-0.0354024,-0.0045026,0.0229923,0.0233712,0.0200052,0.0139917,0.0115056,0.00817043,0.00478408,0.00210262,6.948e-05,-2.59436e-05,0.0,0.0,0.0,-4.41021e-05,-0.000109311,9.09596e-05,0.000840214,0.000445244,-0.00235175,-0.00271833,-0.000313296,0.0103453,0.0232005,0.0233593,0.0167736,0.0114528,0.0165272,0.0385592,0.0566663,0.0506577,0.0378377,0.0256363,0.0173853,0.00975892,0.0050104,0.00146343,-8.40852e-05,0.0,0.0,0.0,0.0,4.26675e-05,-2.05959e-05,0.000564345,0.00228515,0.00359627,0.00589463,0.0104353,0.0225591,0.041268,0.0543589,0.0571223,0.0550476,0.0458134,0.0432762,0.0542353,0.0607732,0.0500149,0.036538,0.0244495,0.0160756,0.0069307,0.00308145,0.000702734,0.0,0.0,0.0,0.0,0.0,0.0,0.0,0.000670895,0.00106812,0.000889787,0.000111844,-0.000833598,0.00147245,0.00950067,0.011297,0.00888674,0.00920631,0.0116141,0.0104932,0.0139379,0.0173305,0.0158178,0.01146,0.00758967,0.00446657,0.00158378,0.000231174,-9.46136e-07,0.0,0.0,0.0,0.0,0.0,0.0,0.0,0.0,0.0,5.9789e-06,0.000179274,