{"max":0.322945,"min":-0.194225,"acc":0.8983,"arr":[0.0,0.0,0.0,0.0,0.0,0.0,0.0,0.0,0.0,0.0,0.0,0.0,-1.97623e-05,-5.67891e-05,-1.50412e-05,-6.26719e-07,0.0,0.0,0.0,0.0,0.0,0.0,0.0,0.0,0.0,0.0,0.0,0.0,0.0,0.0,0.0,0.0,-4.42115e-07,-1.689e-06,-6.36171e-05,-0.000158964,-0.000257912,-0.000232831,-0.000421399,-0.000551384,-0.00074053,-0.000624432,-0.000613995,-0.000602559,-0.00093703,-0.000644687,-0.000315517,-0.000290357,-0.000178827,-6.12318e-05,-2.6543e-05,-5.96709e-06,0.0,0.0,0.0,0.0,0.0,0.0,-4.91852e-07,-9.21284e-06,-1.58856e-05,-9.30685e-06,-0.000118106,-0.000535883,-0.000962138,-0.00146059,-0.00261595,-0.003816,-0.0054249,-0.0065418,-0.00765108,-0.00828892,-0.00820709,-0.00659784,-0.00543916,-0.00413658,-0.00246239,-0.00145432,-0.000694325,-0.000170477,-3.28657e-05,-8.34922e-06,0.0,0.0,0.0,0.0,-1.91135e-06,-4.15665e-05,-4.69914e-05,-0.000106663,-0.000490798,-0.00140701,-0.00276726,-0.00505514,-0.0081046,-0.0117469,-0.0155367,-0.0200395,-0.0245937,-0.0276216,-0.026533,-0.0232123,-0.0189725,-0.0146765,-0.00968157,-0.00558597,-0.00271556,-0.00116781,-0.000399317,-7.39923e-05,-7.32065e-06,0.0,0.0,-1.15327e-06,-5.43857e-06,-5.73429e-05,-0.000291731,-0.00102354,-0.00248285,-0.0050276,-0.00952839,-0.0170166,-0.0258518,-0.0378542,-0.0535588,-0.0679459,-0.0815619,-0.0896103,-0.0902474,-0.0793191,-0.064611,-0.0502287,-0.0366141,-0.0252343,-0.0145179,-0.00737338,-0.00306029,-0.000878673,-0.00018911,-3.7071e-06,0.0,0.0,-1.83158e-05,-0.000276771,-0.00142717,-0.00519602,-0.0123134,-0.0221226,-0.035461,-0.0556686,-0.0690878,-0.0788474,-0.104057,-0.125026,-0.14977,-0.172281,-0.194225,-0.188159,-0.162662,-0.131673,-0.101774,-0.0770067,-0.0563326,-0.0363381,-0.0170678,-0.00497499,-0.000918176,-1.02595e-05,0.0,-5.59535e-06,-0.000280763,-0.00126874,-0.00578656,-0.0171203,-0.0335293,-0.0559954,-0.0793224,-0.0926121,-0.0901007,-0.0696919,-0.0401378,0.0158597,0.0692551,0.0907945,0.0719027,0.0194669,-0.0271109,-0.0754363,-0.0971459,-0.10441,-0.0947954,-0.0694346,-0.0381171,-0.0136512,-0.00335043,-0.000245449,0.0,-0.000242058,-0.00102081,-0.00439938,-0.0158241,-0.0376464,-0.0620951,-0.0898428,-0.10195,-0.0949645,-0.0617177,-0.000164016,0.0816211,0.180578,0.280085,0.322945,0.280539,0.169987,0.0681092,-0.0132061,-0.0660567,-0.0996189,-0.109127,-0.0869095,-0.0518959,-0.0215284,-0.00483812,-0.000272953,-2.64352e-05,-0.000699491,-0.00338042,-0.0115357,-0.0277529,-0.0503315,-0.0674996,-0.0891204,-0.071111,-0.0550761,-0.004074,0.04892,0.10546,0.163335,0.194739,0.195006,0.151102,0.0784279,0.0368608,-0.0144585,-0.0499715,-0.0699611,-0.0915202,-0.0803542,-0.0494321,-0.0215457,-0.00446369,-0.000223872,-8.80714e-05,-0.00104281,-0.00509691,-0.0147933,-0.0321962,-0.0414445,-0.036823,-0.0329368,-0.00512989,0.0234223,0.0609617,0.0930013,0.0807878,0.0410044,0.0209123,0.00748853,-0.0112942,-0.00134232,0.0126686,0.00199558,-0.0112814,-0.0408241,-0.0633729,-0.0610502,-0.0400016,-0.0172695,-0.003944,-0.000404954,-0.000147164,-0.00127337,-0.00607213,-0.014329,-0.0223467,-0.0102352,0.0161644,0.0419051,0.0836925,0.0905164,0.11697,0.0955209,0.0102412,-0.0663044,-0.0828698,-0.0669894,-0.0298929,0.0222266,0.060188,0.0673655,0.050512,0.0110906,-0.0211692,-0.0315441,-0.0261884,-0.0118974,-0.00308701,-0.000512151,-0.000120835,-0.00138745,-0.00579129,-0.00956794,0.000117244,0.035703,0.0710301,0.108423,0.136408,0.122736,0.114932,0.0367005,-0.0656728,-0.102666,-0.0711814,-0.0119732,0.0399988,0.107723,0.148482,0.156774,0.122781,0.0574609,0.0132148,-0.0141997,-0.015698,-0.00651781,-0.00203218,-0.000245732,-7.18608e-05,-0.00104831,-0.00385409,-0.00255471,0.0237102,0.0661402,0.102087,0.127294,0.130165,0.120534,0.0747505,-0.0192661,-0.0784147,-0.0452467,0.0203744,0.0748423,0.116764,0.176072,0.211396,0.196756,0.131773,0.0633851,0.0188693,-0.00683745,-0.0131814,-0.00451647,-0.00145258,-6.04158e-05,-2.58683e-06,-0.000323852,-0.00254862,0.00210088,0.0361314,0.0770571,0.102929,0.11713,0.115216,0.0889048,0.0353074,-0.0222616,-0.0239617,0.0218786,0.0842891,0.121913,0.173066,0.216313,0.21366,0.159909,0.0868169,0.0290105,-0.00772146,-0.0220066,-0.0175797,-0.00520323,-0.00129619,-9.78689e-05,-2.83023e-05,-9.97596e-05,-0.00123095,0.00419306,0.0322219,0.0564222,0.0778859,0.0848,0.0908741,0.0686184,0.0262849,0.00307006,0.0113063,0.025612,0.044061,0.0825536,0.172773,0.203563,0.141434,0.0557434,-0.000375679,-0.0348154,-0.0454699,-0.041343,-0.0239817,-0.00628643,-0.000668617,-6.61311e-06,-1.06434e-05,-4.24162e-05,-0.00103224,0.00283146,0.0198745,0.0288957,0.0362465,0.0519806,0.0716288,0.0668834,0.0540722,0.0329307,0.014397,-0.0268729,-0.0466653,0.0385008,0.153764,0.159212,0.0532333,-0.0329854,-0.0655974,-0.0795315,-0.0699247,-0.0487302,-0.0262074,-0.00717916,-0.0010156,-8.04053e-05,-7.86439e-06,-0.000107335,-0.000869965,-0.00020509,0.00639243,0.00242368,-0.00360003,0.0179741,0.052965,0.0667356,0.078523,0.0575753,0.00440313,-0.0634013,-0.0645602,0.0325523,0.12452,0.0904758,-0.00815753,-0.0721291,-0.0864508,-0.0923929,-0.0698909,-0.0512832,-0.0266109,-0.00777627,-0.00150956,-8.25883e-05,0.0,-5.94963e-05,-0.00133565,-0.00381235,-0.00916765,-0.024085,-0.0316589,-0.0149306,0.00726228,0.0242725,0.0365714,0.0177773,-0.0242948,-0.0623418,-0.030849,0.0599813,0.0723614,0.0260118,-0.042025,-0.0732716,-0.0770817,-0.0794727,-0.0669439,-0.0476468,-0.0251345,-0.00687223,-0.00114166,-5.28108e-05,2.78249e-05,-2.03307e-05,-0.00137413,-0.00770038,-0.0183976,-0.0400381,-0.0533305,-0.0605874,-0.0571505,-0.0519902,-0.0471587,-0.0585934,-0.0797774,-0.0649133,-5.67576e-05,0.0372431,0.0125556,-0.0290007,-0.0575608,-0.0600685,-0.0572691,-0.0648438,-0.0586856,-0.0415529,-0.021482,-0.00527632,-0.000414931,-2.92225e-05,-2.48921e-07,-0.000228842,-0.00183367,-0.00973031,-0.0229182,-0.045201,-0.0702374,-0.0915682,-0.114353,-0.135149,-0.145003,-0.142311,-0.122346,-0.068944,-0.0171039,-0.0141281,-0.0357101,-0.064066,-0.0607177,-0.047089,-0.0453405,-0.0539838,-0.0452163,-0.0294665,-0.0133043,-0.00363072,-0.000617495,-2.59509e-06,0.0,-0.000116052,-0.00155325,-0.00960578,-0.0214826,-0.0417891,-0.0751487,-0.109177,-0.13962,-0.172975,-0.189421,-0.180015,-0.138687,-0.0712663,-0.0491673,-0.059974,-0.0757344,-0.0744811,-0.0651903,-0.0404737,-0.0337698,-0.0363921,-0.0287836,-0.0167807,-0.00592342,-0.00125523,-0.000456246,-2.06758e-06,-2.35424e-07,-5.55642e-05,-0.00112983,-0.00684041,-0.0164327,-0.0350836,-0.0673494,-0.10343,-0.134215,-0.158039,-0.169476,-0.159942,-0.121713,-0.0852686,-0.0827714,-0.0982673,-0.0955613,-0.0810174,-0.0591514,-0.0325238,-0.0161858,-0.0127493,-0.0105273,-0.0047423,-7.84138e-05,-0.000838239,-0.000346651,-2.05537e-07,-2.28067e-07,-1.96416e-06,-0.00102974,-0.00395632,-0.0109427,-0.0273175,-0.0536491,-0.0843714,-0.104681,-0.118656,-0.11939,-0.109215,-0.0895328,-0.0895605,-0.100215,-0.115188,-0.0955189,-0.0636822,-0.0326126,-0.0112786,0.00736013,0.0127796,0.0104809,0.00766253,0.00361938,0.000141962,-0.000102609,-3.79453e-07,0.0,0.0,-0.000509214,-0.00160144,-0.00695755,-0.0152793,-0.0308361,-0.0472042,-0.0515388,-0.0592995,-0.0518968,-0.0545199,-0.0608308,-0.0721152,-0.088216,-0.096259,-0.0568602,-0.0111591,0.0199328,0.0363258,0.0413848,0.0389466,0.0273186,0.014545,0.00492592,-0.000186251,-6.07525e-05,0.0,0.0,0.0,-0.0001086,-0.000766601,-0.00114577,-0.00127236,-0.00218289,0.00154569,0.00738514,0.0171421,0.0288176,0.0259428,0.0155188,-0.000216495,-0.0181714,-0.0040622,0.036368,0.0794809,0.0928362,0.0869353,0.0756359,0.0531939,0.0296973,0.015001,0.0026011,-0.000666791,-0.000256771,0.0,0.0,0.0,6.28381e-05,-0.000459584,0.000539941,0.00533956,0.0106267,0.0209412,0.0383877,0.0598479,0.0842851,0.0887877,0.0975115,0.093011,0.0788496,0.0764028,0.102831,0.120762,0.115521,0.0982953,0.0718073,0.0424919,0.0182114,0.00749003,0.00121533,-0.000154444,-0.000272013,0.0,0.0,0.0,0.0,0.0,0.00144609,0.00304443,0.00518392,0.00466967,0.00700002,0.0142643,0.0228405,0.0253739,0.0319008,0.0309437,0.0333127,0.022479,0.0288837,0.0323197,0.033408,0.0312778,0.0239967,0.0105961,0.00229967,0.000598629,6.89986e-05,-3.5613e-06,0.0,0.0,0.0,0.0,0.0,0.0,-8.83079e-06,-3.07211e-05,