{"max":0.132807,"min":-0.097855,"acc":0.8564,"arr":[0.0,0.0,0.0,0.0,0.0,0.0,0.0,0.0,0.0,0.0,0.0,0.0,0.0,0.0,0.0,0.0,0.0,0.0,0.0,0.0,0.0,0.0,0.0,0.0,0.0,0.0,0.0,0.0,0.0,0.0,0.0,0.0,0.0,0.0,-4.08558e-05,-0.000104889,-0.000185613,-0.00014121,-0.000275306,-0.000261485,-0.000271349,-0.000280099,-0.000327777,-0.000210317,-0.000374913,-0.000302475,-0.00014807,-0.00015368,-8.11131e-05,-5.45713e-07,0.0,0.0,0.0,0.0,0.0,0.0,0.0,0.0,0.0,-7.45312e-06,-6.6918e-06,-2.97052e-06,-5.7261e-05,-0.000282663,-0.000588341,-0.000892231,-0.00151368,-0.00211106,-0.00282377,-0.00340921,-0.00441267,-0.00492222,-0.00484188,-0.00389301,-0.00323128,-0.00245042,-0.00152015,-0.000841836,-0.000315657,-3.79267e-05,0.0,0.0,0.0,0.0,0.0,0.0,-7.03637e-07,-3.18228e-05,-3.29634e-05,-5.41879e-05,-0.000233928,-0.000754832,-0.00155797,-0.00304554,-0.00466251,-0.00669182,-0.00882897,-0.0113983,-0.0138757,-0.0151397,-0.0145236,-0.0127737,-0.0108753,-0.00855628,-0.00527692,-0.00279897,-0.00138912,-0.000532787,-0.000174713,-3.7188e-05,-4.99281e-06,0.0,0.0,-1.14761e-06,-4.25408e-06,-2.27367e-05,-0.000132661,-0.000452808,-0.00110128,-0.00246384,-0.00506789,-0.00957305,-0.0149027,-0.0216952,-0.0301262,-0.0390548,-0.0455081,-0.0472559,-0.046503,-0.0416846,-0.0345917,-0.0265938,-0.0186064,-0.0121763,-0.00620699,-0.00300034,-0.00144225,-0.000406021,-8.46211e-05,0.0,0.0,0.0,-1.65345e-05,-8.62779e-05,-0.00055369,-0.00196396,-0.00445408,-0.00854468,-0.0153896,-0.0253991,-0.0338856,-0.0455678,-0.0615492,-0.0759899,-0.0889753,-0.0959308,-0.0952744,-0.0881523,-0.0761306,-0.0608836,-0.044645,-0.0315533,-0.0218491,-0.0143448,-0.00686753,-0.00186263,-0.000364505,0.0,0.0,0.0,-3.71875e-05,-0.000398821,-0.0019066,-0.00553021,-0.0110371,-0.0200002,-0.0313095,-0.0416863,-0.051721,-0.0518208,-0.0409568,-0.0196894,0.00339416,0.0171792,0.0148428,-0.00218191,-0.0256191,-0.0471045,-0.0496289,-0.0429724,-0.0344451,-0.0237357,-0.0134621,-0.00499227,-0.0010107,-8.23471e-05,0.0,-3.35345e-05,-0.000343963,-0.00168674,-0.00526076,-0.0128499,-0.0220878,-0.0338387,-0.0435822,-0.0482057,-0.03805,-0.00661319,0.0347365,0.0806678,0.117573,0.132807,0.120396,0.0769926,0.0210065,-0.0225669,-0.0427962,-0.0471766,-0.0397834,-0.0293816,-0.0166695,-0.00738036,-0.00168838,-0.000123901,0.0,-0.000118571,-0.00108411,-0.00437476,-0.0102448,-0.0194431,-0.0276049,-0.0360597,-0.0304083,-0.0219953,0.00588641,0.0447815,0.0771911,0.096104,0.0942621,0.0867191,0.0744142,0.0480564,0.0194046,-0.0158059,-0.0339929,-0.0365769,-0.0344893,-0.0276996,-0.01655,-0.00700538,-0.00156959,-5.95071e-05,-5.23567e-05,-0.000327922,-0.00175098,-0.00570454,-0.0118299,-0.0168131,-0.0193966,-0.0189313,-0.00511277,0.0194723,0.0503865,0.0688326,0.0552156,0.0255625,-0.000260913,-0.00671381,9.0087e-05,0.0116695,0.0146944,0.00566637,-0.0128024,-0.0234216,-0.0255137,-0.0201816,-0.0122619,-0.00499742,-0.00112802,-4.78886e-05,-6.12075e-05,-0.000483268,-0.00205055,-0.0050422,-0.00757309,-0.00652876,-0.0014248,0.00870528,0.0365739,0.0571893,0.0749027,0.0491146,0.000407552,-0.0403794,-0.0575494,-0.0469556,-0.0131015,0.0204888,0.0411385,0.037183,0.0125884,-0.00685091,-0.013372,-0.0118353,-0.00694925,-0.00283374,-0.00077693,-0.000128025,-4.6774e-05,-0.000341673,-0.00153138,-0.0027284,-0.000799866,0.00630906,0.0165404,0.0381126,0.0638281,0.0803193,0.064245,0.0116976,-0.0423795,-0.0642365,-0.0580947,-0.0290984,0.0151346,0.0527346,0.0752921,0.0672299,0.0323789,0.00619462,-0.00537806,-0.00797439,-0.00437369,-0.00120745,-0.000376705,-7.90719e-05,0.0,-0.000157399,-0.000936162,-1.01488e-05,0.00656273,0.0151016,0.0298347,0.0518181,0.0730396,0.0800816,0.0412658,-0.0182789,-0.0534648,-0.0503661,-0.0302603,0.00734144,0.0503726,0.0839818,0.0955948,0.0725636,0.0294599,0.00785418,-0.00511682,-0.00771274,-0.00399021,-0.000740738,-0.000231198,-2.50084e-05,-1.9898e-06,-0.00010838,-0.000584878,0.00121825,0.011073,0.019338,0.0324087,0.0531241,0.0752312,0.0734377,0.033013,-0.00684978,-0.0195458,-0.0126463,0.00920376,0.0401463,0.0767324,0.104536,0.0947986,0.0484817,0.0127143,-0.00467422,-0.012295,-0.0105881,-0.005962,-0.00105486,-0.000187387,-8.91888e-06,0.0,-7.8055e-05,-0.000349203,0.001265,0.00923369,0.0143961,0.0232155,0.0394739,0.0662316,0.0728173,0.0494575,0.0286862,0.0205498,0.0161941,0.0210651,0.0403842,0.0873017,0.104133,0.0631782,0.0069843,-0.0173396,-0.0250283,-0.0223122,-0.0146245,-0.00776854,-0.00148901,-0.000215623,-1.61438e-06,0.0,-3.8499e-05,-0.000201709,0.000746367,0.00469993,0.00487085,0.00589512,0.0188673,0.0482786,0.0627325,0.0643468,0.05325,0.0383692,0.0112641,-0.00393466,0.0277014,0.0828124,0.0826127,0.023047,-0.0266625,-0.0402565,-0.0371307,-0.028865,-0.0174193,-0.00854527,-0.00205454,-0.000304663,-6.23732e-05,0.0,-2.34516e-05,-0.000144076,0.000118792,-0.000229391,-0.00494512,-0.0101889,-0.00278939,0.0211953,0.0380259,0.0437161,0.0375642,0.0156335,-0.0157068,-0.0174992,0.0299365,0.0737826,0.0524585,-0.00798043,-0.042523,-0.0474619,-0.0400253,-0.0274286,-0.0169651,-0.00806831,-0.00225722,-0.000500366,-5.03633e-05,0.0,-2.80296e-05,-0.000133436,-0.00074026,-0.00486748,-0.013988,-0.0215286,-0.0227867,-0.0149993,-0.00409007,0.00255091,-0.00358038,-0.0192336,-0.0316763,-0.0116031,0.0373091,0.0545754,0.0212775,-0.025513,-0.0467489,-0.0459873,-0.0362282,-0.0243914,-0.014861,-0.00762543,-0.00233896,-0.000311034,-8.07822e-06,-4.1752e-08,-1.32349e-05,-0.000267938,-0.00176658,-0.00705315,-0.0191363,-0.0285474,-0.0367369,-0.0408768,-0.0434797,-0.0455027,-0.0484278,-0.0486024,-0.0390852,-0.00306057,0.0248423,0.0223506,-0.00787107,-0.0341919,-0.0452018,-0.0396076,-0.0324463,-0.0206798,-0.012391,-0.00630722,-0.00159981,-0.000142976,-2.34162e-06,-2.0876e-07,-1.14122e-06,-0.000418571,-0.00253322,-0.00868746,-0.020857,-0.0352521,-0.0479598,-0.0613901,-0.0746591,-0.0808439,-0.0787192,-0.0665339,-0.0394075,-0.00841735,0.00124348,-0.0108772,-0.023904,-0.0349017,-0.0411828,-0.0338414,-0.0272604,-0.0154418,-0.00815958,-0.00358769,-0.000681393,-0.000192733,-2.20015e-06,0.0,-5.27586e-07,-0.000230618,-0.00295127,-0.00848582,-0.0198425,-0.0365716,-0.0541417,-0.0730051,-0.0895795,-0.097855,-0.0931483,-0.0697796,-0.0408438,-0.0216363,-0.0245127,-0.03386,-0.0299492,-0.0307419,-0.0329237,-0.0236371,-0.0183655,-0.0104295,-0.00466479,-0.00162744,0.000262802,-0.000119517,0.0,0.0,-7.50796e-06,-0.000335301,-0.00246346,-0.00701655,-0.017252,-0.0338584,-0.0525505,-0.0724007,-0.0896209,-0.0942915,-0.0875962,-0.0655627,-0.0450174,-0.0418202,-0.0456069,-0.0415881,-0.0235508,-0.0214475,-0.0191176,-0.0131628,-0.00965449,-0.00471115,-0.00106706,0.00010932,0.000288145,-9.00009e-05,0.0,0.0,0.0,-0.000322641,-0.00151627,-0.00469824,-0.0124563,-0.0261272,-0.0422922,-0.0602069,-0.0741705,-0.0767913,-0.06904,-0.0529538,-0.0441223,-0.0470355,-0.046779,-0.0302606,-0.00485336,-0.0014215,-0.00206807,-0.0019118,0.00046808,0.00149432,0.00213674,0.00130773,0.00041065,-2.29878e-05,0.0,0.0,0.0,-0.000106406,-0.000515119,-0.00233726,-0.00565647,-0.0136487,-0.0234367,-0.0331913,-0.042529,-0.0405823,-0.034944,-0.0271105,-0.0303695,-0.0306498,-0.0276762,-0.0020111,0.0227042,0.0219662,0.0174878,0.0108534,0.0080482,0.00626967,0.00375293,0.00165329,7.59278e-05,-2.44713e-05,0.0,0.0,0.0,-9.51029e-06,-6.89802e-05,-0.000173228,0.000551204,-0.000467841,-0.00247739,-0.00273379,-0.000753503,0.00900128,0.0215881,0.0221191,0.0168565,0.0121811,0.0178345,0.0371819,0.05221,0.0451096,0.0325178,0.0210397,0.0126043,0.00719389,0.00390058,0.00145042,-8.40852e-05,0.0,0.0,0.0,0.0,4.52181e-05,-1.91535e-07,0.000260266,0.00149737,0.00195128,0.00481516,0.00905225,0.0191675,0.0351996,0.0487463,0.0512165,0.0490003,0.0410645,0.0379252,0.0482749,0.0540678,0.0431215,0.031754,0.0197538,0.0116444,0.00472987,0.00203114,0.000478273,0.0,0.0,0.0,0.0,0.0,0.0,0.0,0.000392141,0.000423044,0.00015465,-0.000298595,-0.00093473,0.000839256,0.00835561,0.0107057,0.00847554,0.00852254,0.0113181,0.00970957,0.0121427,0.0157958,0.0135536,0.00900604,0.00604627,0.00323634,0.000822718,9.29754e-05,-9.46136e-07,0.0,0.0,0.0,0.0,0.0,0.0,0.0,0.0,0.0,2.16739e-05,0.000250811,8.95509e-05,-0.000309483,