{"max":0.0381822,"min":-0.0354734,"acc":0.7895,"arr":[0.0,0.0,0.0,0.0,0.0,0.0,0.0,0.0,0.0,0.0,0.0,0.0,0.0,0.0,0.0,0.0,0.0,0.0,0.0,0.0,0.0,0.0,0.0,0.0,0.0,0.0,0.0,0.0,0.0,0.0,0.0,0.0,0.0,0.0,-4.05508e-05,-8.96966e-05,-5.16505e-05,-2.98422e-05,-7.01744e-05,-0.000104541,-0.000153322,-0.000107751,-0.000101733,-7.79468e-05,-0.00011718,-5.66496e-05,-6.81582e-05,-0.000122772,-6.48482e-05,-5.45713e-07,0.0,0.0,0.0,0.0,0.0,0.0,0.0,0.0,0.0,-1.69976e-06,-2.67542e-06,0.0,-3.54491e-05,-0.000100694,-0.000212744,-0.000382693,-0.000547457,-0.000898509,-0.00133128,-0.00135931,-0.00154916,-0.00179093,-0.00181963,-0.00149182,-0.001263,-0.00101541,-0.000720996,-0.000356353,-0.00012168,-1.30259e-05,0.0,0.0,0.0,0.0,0.0,0.0,0.0,-1.46308e-05,-1.84378e-05,-2.56046e-05,-0.000122977,-0.000280401,-0.000573162,-0.00122686,-0.00191804,-0.00274758,-0.00377835,-0.00487347,-0.00547493,-0.00585415,-0.00580769,-0.00501395,-0.00429986,-0.00334574,-0.00222745,-0.00101569,-0.000422421,-9.94309e-05,-1.60335e-05,-1.04973e-05,0.0,0.0,0.0,0.0,0.0,-1.54033e-05,-6.73845e-05,-0.000204488,-0.000508026,-0.00104794,-0.00206756,-0.00391235,-0.00606777,-0.00887704,-0.0121733,-0.015382,-0.017519,-0.0187444,-0.0185619,-0.0166578,-0.0137876,-0.0102951,-0.00672069,-0.00380032,-0.00175852,-0.000892487,-0.000405246,-0.000109793,-2.97523e-05,0.0,0.0,0.0,-1.20818e-05,-3.49213e-05,-0.000147596,-0.00066452,-0.00153209,-0.00304177,-0.00573344,-0.00978624,-0.01356,-0.0181888,-0.0239662,-0.0287344,-0.032897,-0.0354734,-0.0347283,-0.0312483,-0.0253674,-0.0193516,-0.013769,-0.00948582,-0.00605781,-0.00371963,-0.00179117,-0.000609822,-8.82115e-05,0.0,0.0,0.0,-1.32403e-06,-7.73271e-05,-0.000434903,-0.0016163,-0.00344753,-0.0064226,-0.0104904,-0.0142905,-0.0186072,-0.0195894,-0.0166919,-0.0107022,-0.00390346,0.000703816,-0.00125364,-0.00568234,-0.0104738,-0.0141209,-0.0136332,-0.0115466,-0.00927707,-0.00596096,-0.00378554,-0.00165837,-0.00031094,-6.26e-05,0.0,0.0,-0.000129445,-0.000433167,-0.00140285,-0.00353013,-0.00624169,-0.0102859,-0.0132679,-0.0146544,-0.0115046,-0.00179001,0.00937156,0.0236728,0.0334296,0.0362753,0.0351289,0.0227272,0.0050359,-0.0074118,-0.0123389,-0.0132104,-0.0104174,-0.00712708,-0.00419499,-0.00206424,-0.000645803,-0.000116901,0.0,-4.69936e-05,-0.000361357,-0.00111584,-0.00279649,-0.00542724,-0.0082634,-0.0102872,-0.00949687,-0.00492563,0.006152,0.0186836,0.0279247,0.0347448,0.030489,0.0243047,0.0203338,0.0146437,0.00878462,-0.00501205,-0.0104665,-0.010794,-0.00956666,-0.00709565,-0.00419888,-0.00170961,-0.000473037,-2.91481e-05,0.0,-7.47381e-05,-0.000324674,-0.00145564,-0.00317751,-0.00471005,-0.00515723,-0.00622269,-0.000666545,0.00932468,0.0210128,0.0290736,0.0242087,0.0105326,-0.00112282,-0.00345118,-0.00241346,0.00470386,0.0106015,0.00400505,-0.00441389,-0.00700937,-0.00847019,-0.00628316,-0.00377526,-0.00124544,-0.000222805,0.0,0.0,-3.70576e-05,-0.000205728,-0.00106956,-0.00259901,-0.00108965,-0.00150844,0.00172736,0.0132542,0.0232639,0.0312299,0.0209555,-1.98383e-06,-0.0154726,-0.0203355,-0.0175293,-0.00484584,0.00591223,0.0170769,0.0135175,0.00475524,-0.00196258,-0.00632386,-0.00523617,-0.00251129,-0.000650785,-0.000211263,-4.15715e-06,0.0,-6.53774e-06,-0.000163723,-0.000684631,-0.000502591,0.00241925,0.00415076,0.0121592,0.0226133,0.0330265,0.0259748,0.00400027,-0.0174542,-0.0243925,-0.023045,-0.0130129,0.00414033,0.0174623,0.0283271,0.0238458,0.00978426,-0.000619693,-0.00508677,-0.00411454,-0.00185351,-0.000273285,-0.000131323,-2.25378e-05,0.0,-2.21573e-05,-0.000196793,-0.000475757,0.00179061,0.00474571,0.00930866,0.0168594,0.0255206,0.032597,0.0163488,-0.00745054,-0.0215103,-0.0223731,-0.0174394,-0.00404144,0.0168908,0.0314119,0.035121,0.025761,0.00653293,-0.00207463,-0.00458006,-0.00343942,-0.00182932,-0.000230116,-0.000108572,-2.50084e-05,0.0,0.0,-0.000143199,-0.00026361,0.00285914,0.00575114,0.00988682,0.0173526,0.0267687,0.0307314,0.0152812,-8.26589e-05,-0.00761971,-0.00837901,-0.00458746,0.00888332,0.0282511,0.0380069,0.0328339,0.0149689,-0.00040504,-0.00507076,-0.00541452,-0.00356458,-0.00220259,-0.000316993,-4.52043e-05,-6.74568e-06,0.0,-1.68646e-05,-8.14918e-05,-6.22119e-05,0.00185265,0.00477226,0.00835104,0.0134414,0.024834,0.0303556,0.0222197,0.0163179,0.0104509,0.00657879,0.00773147,0.0159845,0.0324533,0.0381822,0.0213933,-1.09182e-05,-0.0102282,-0.00911237,-0.00737234,-0.00444132,-0.00220761,-0.000310398,-5.09391e-05,0.0,0.0,-3.8499e-05,-0.000115039,-8.94e-05,0.000468597,0.00205778,0.00240223,0.00533947,0.0177162,0.0262297,0.0296319,0.0251729,0.0169783,0.0077525,0.00409814,0.014853,0.0346913,0.0326975,0.00955575,-0.00973789,-0.0150514,-0.0123451,-0.00870505,-0.00521858,-0.00236873,-0.000410472,-0.000124129,-1.6878e-05,0.0,-1.82274e-05,-9.90773e-05,-0.000214031,-0.000616913,-0.00124018,-0.0029311,-0.00310964,0.00413624,0.0150991,0.019521,0.0175887,0.00886561,-0.0012503,-0.000683449,0.0177767,0.0347672,0.0235314,-0.00174414,-0.0152387,-0.0170349,-0.0132405,-0.00863053,-0.00536376,-0.00256024,-0.000754895,-0.000259641,-3.47488e-05,0.0,-2.46012e-05,-8.62021e-05,-0.000384843,-0.00221347,-0.00563705,-0.00730778,-0.00951488,-0.00840024,-0.00412661,-0.00188459,-0.00261633,-0.00775173,-0.00901518,0.00276373,0.0226807,0.0269102,0.0100276,-0.00891674,-0.0185265,-0.0179922,-0.012876,-0.00878751,-0.0046777,-0.00233383,-0.000622897,-0.00010761,-1.78708e-06,0.0,-1.20082e-05,-0.000128623,-0.000703493,-0.00267687,-0.00775851,-0.0114669,-0.0149697,-0.0173271,-0.0177343,-0.0188198,-0.0187628,-0.0172973,-0.0119083,0.0044741,0.0164792,0.0139251,-0.00145729,-0.0136982,-0.01943,-0.0165538,-0.0125143,-0.00794353,-0.00353244,-0.00196149,-0.000346538,-1.54798e-05,0.0,0.0,0.0,-0.000144488,-0.000761266,-0.00295458,-0.0082438,-0.0140814,-0.0189677,-0.0250707,-0.0289814,-0.0311645,-0.0290681,-0.0247079,-0.0130905,0.00115382,0.00661515,-0.000982997,-0.0104055,-0.0152446,-0.0182693,-0.0142173,-0.0109415,-0.0064382,-0.00281483,-0.00131105,-0.000121456,-7.98355e-05,0.0,0.0,0.0,-4.45063e-05,-0.000750997,-0.002974,-0.00737768,-0.014134,-0.0214008,-0.0284805,-0.0334018,-0.0348943,-0.0341586,-0.0276916,-0.0152071,-0.00442597,-0.00481434,-0.0102545,-0.0127844,-0.0133324,-0.0149616,-0.00936057,-0.00696659,-0.00419676,-0.00210269,-0.00082723,-1.94408e-05,-4.9121e-05,0.0,0.0,0.0,-7.3839e-05,-0.000643409,-0.00235234,-0.00603619,-0.0126497,-0.0206901,-0.0284095,-0.034252,-0.0352628,-0.0351063,-0.0267949,-0.0167394,-0.0106243,-0.0121329,-0.0128573,-0.00876387,-0.00869018,-0.00780156,-0.00419646,-0.00293709,-0.00188063,-0.00109562,-0.000234347,0.00017622,-3.67951e-05,0.0,0.0,0.0,-1.30539e-05,-0.000462736,-0.00158269,-0.00410269,-0.00877694,-0.0159744,-0.0231361,-0.0287792,-0.0297478,-0.0284506,-0.0208191,-0.0131813,-0.0109618,-0.0115994,-0.00677987,0.000222536,-0.000208266,-0.00110645,0.000543868,0.00131028,0.000767727,8.86107e-05,0.000495353,0.000291491,-1.57331e-05,0.0,0.0,0.0,0.0,-0.00017367,-0.000873595,-0.0019529,-0.00438719,-0.0079917,-0.0119238,-0.0166286,-0.0164473,-0.0133085,-0.00804549,-0.00468658,-0.00431724,-0.00387044,0.00322187,0.00939537,0.00915233,0.00626455,0.0042788,0.00372412,0.00254577,0.0011883,0.000574283,0.000139134,0.0,0.0,0.0,0.0,0.0,-3.96049e-06,0.00027226,0.000403952,-0.000108707,-0.000256319,-0.000915975,-0.000681739,0.00354498,0.00840825,0.0108842,0.011728,0.00973,0.0101316,0.0142032,0.0167994,0.0135946,0.00837518,0.00655614,0.00480847,0.00272338,0.00151713,0.00084375,6.91877e-06,0.0,0.0,0.0,0.0,0.0,0.0,6.50021e-05,0.000444144,0.000643948,0.00144686,0.00291549,0.0061063,0.0116164,0.0158857,0.0174845,0.0189836,0.0133013,0.0121359,0.0140172,0.0152693,0.0119801,0.00789436,0.00596099,0.00366577,0.00166903,0.000886413,0.00024988,0.0,0.0,0.0,0.0,0.0,0.0,0.0,2.33474e-05,0.000181517,-9.11169e-05,-0.00073415,-0.000844221,-0.000482105,0.00196595,0.0019285,0.00316333,0.00556678,0.00417558,0.00179558,0.00361085,0.00572934,0.00398203,0.000932949,0.000300795,0.000388161,0.000370679,7.38148e-05,0.0,0.0,0.0,0.0,0.0,0.0,0.0,0.0,0.0,0.0,7.18336e-05,0.000369671,0.000228355,-0.000128926,-0.00031557,