{"max":0.0272698,"min":-0.0269485,"acc":0.7766,"arr":[0.0,0.0,0.0,0.0,0.0,0.0,0.0,0.0,0.0,0.0,0.0,0.0,0.0,0.0,0.0,0.0,0.0,0.0,0.0,0.0,0.0,0.0,0.0,0.0,0.0,0.0,0.0,0.0,0.0,0.0,0.0,0.0,0.0,0.0,0.0,0.0,0.0,-2.4569e-05,-7.01744e-05,-0.000104541,-0.000133865,-6.42709e-05,-6.26294e-05,-6.9386e-05,-6.94729e-05,0.0,-2.43819e-06,-3.39605e-05,-3.98818e-05,0.0,0.0,0.0,0.0,0.0,0.0,0.0,0.0,0.0,0.0,0.0,0.0,0.0,0.0,-1.45569e-05,-0.000130385,-0.00030355,-0.000387967,-0.000624478,-0.00101578,-0.000997816,-0.0011809,-0.00141227,-0.00135767,-0.000953987,-0.000776311,-0.000684994,-0.000572881,-0.000335148,-0.00012059,-1.30259e-05,0.0,0.0,0.0,0.0,0.0,0.0,0.0,-1.42503e-06,0.0,-2.46238e-05,-7.71834e-05,-0.000198314,-0.000434611,-0.000963652,-0.00153233,-0.0021526,-0.00297818,-0.00385044,-0.00423899,-0.00446117,-0.0042154,-0.00355574,-0.00305876,-0.002433,-0.00165302,-0.000836468,-0.000327988,-6.55571e-05,0.0,0.0,0.0,0.0,0.0,0.0,0.0,-1.54033e-05,-5.9863e-05,-0.000152598,-0.000387821,-0.000833692,-0.00160611,-0.0030046,-0.00468044,-0.00680614,-0.00931582,-0.0117106,-0.0133123,-0.0142777,-0.0140871,-0.0123994,-0.0100597,-0.00763893,-0.00513178,-0.00294687,-0.00129137,-0.000588784,-0.000262213,-6.14439e-05,-2.97523e-05,0.0,0.0,0.0,-1.20818e-05,-3.49213e-05,-6.73812e-05,-0.000482795,-0.00119713,-0.0023531,-0.00435099,-0.00726515,-0.0101002,-0.0136997,-0.0179974,-0.0214836,-0.0239889,-0.0259423,-0.0252959,-0.0225569,-0.0188325,-0.0148349,-0.0106364,-0.00745881,-0.00434396,-0.00237168,-0.00131086,-0.000480042,-5.79269e-05,0.0,0.0,0.0,-1.32403e-06,-5.86807e-05,-0.000247912,-0.00111826,-0.00251454,-0.00492361,-0.00794009,-0.0106085,-0.0135433,-0.0142163,-0.0119628,-0.00827938,-0.0042697,-0.00128195,-0.00345929,-0.00612255,-0.00933407,-0.0111108,-0.00967663,-0.0084815,-0.00710399,-0.00458239,-0.00286742,-0.00125121,-0.000212394,-7.96854e-06,0.0,0.0,-0.000124992,-0.000306901,-0.00103548,-0.00241669,-0.00434675,-0.00736664,-0.00945802,-0.0110241,-0.00818174,-0.000581566,0.0079582,0.0170581,0.023547,0.0234632,0.0229465,0.0142884,0.0019113,-0.00663048,-0.00875666,-0.00905381,-0.00758772,-0.0054592,-0.00300911,-0.00139882,-0.000348095,-5.30537e-05,0.0,-4.65334e-05,-0.00028866,-0.000854432,-0.00207763,-0.0037038,-0.0054261,-0.00709059,-0.00629928,-0.00274021,0.00667646,0.015621,0.0202955,0.0243116,0.0206199,0.0164599,0.0147752,0.0118758,0.0081892,-0.00342754,-0.0075864,-0.00679968,-0.00691687,-0.00539605,-0.00289411,-0.00125426,-0.000351742,-2.91481e-05,0.0,-5.03477e-05,-0.000229918,-0.00113116,-0.00237053,-0.00344228,-0.00420131,-0.00453324,0.000870888,0.00948189,0.0175181,0.0211271,0.0160014,0.00683222,0.00158274,-0.000625723,-0.000764762,0.00535562,0.00902219,0.00314325,-0.00293881,-0.00460213,-0.00623896,-0.00479597,-0.00267102,-0.00103056,-0.000180688,0.0,0.0,-2.54281e-06,-9.63169e-05,-0.000840675,-0.00203135,-0.00144075,-0.00186182,0.00207394,0.01189,0.0188728,0.0227705,0.0143433,-0.000513699,-0.00976037,-0.0128303,-0.0115161,-0.00266811,0.00538945,0.0133576,0.00866472,0.00257171,-0.00289582,-0.0048115,-0.00398091,-0.00188945,-0.000516376,-0.000156838,0.0,0.0,0.0,-7.43133e-05,-0.000523312,-0.000667658,0.000387018,0.00233999,0.010152,0.0180939,0.0237872,0.0181527,0.0017813,-0.0133405,-0.0167605,-0.0154057,-0.00868487,0.00367542,0.0135231,0.0215429,0.016501,0.00555516,-0.00164337,-0.00399705,-0.00294044,-0.00138732,-0.000200612,-8.2615e-05,-2.15533e-05,0.0,0.0,-7.9187e-05,-0.00030834,0.000749944,0.00235719,0.00712442,0.0129902,0.0194683,0.0232465,0.0119099,-0.00572978,-0.0161516,-0.0160813,-0.0120399,-0.00317561,0.0123746,0.0231208,0.0252432,0.018108,0.00299223,-0.00238703,-0.00313273,-0.0021701,-0.0012894,-0.000169958,-8.69639e-05,-2.50084e-05,0.0,0.0,-6.02744e-05,-0.000109773,0.0014597,0.00344103,0.00791774,0.012972,0.019465,0.0233166,0.012146,0.00024463,-0.00552118,-0.00593686,-0.003599,0.00487148,0.0200984,0.0272698,0.0234714,0.00975065,-0.00069643,-0.00396581,-0.0034997,-0.00216675,-0.00154943,-0.000251156,-3.92114e-05,-6.74568e-06,0.0,-1.68646e-05,-3.88453e-05,6.2249e-05,0.00111122,0.00267623,0.0056621,0.00913651,0.0173546,0.021652,0.0158827,0.010983,0.00604614,0.00307697,0.00439203,0.011612,0.0237918,0.0271401,0.0147721,-0.00110215,-0.00770639,-0.00627124,-0.00503489,-0.00286063,-0.00156008,-0.000183488,-1.80239e-05,0.0,0.0,-3.8499e-05,-4.33518e-05,2.7102e-05,0.00037565,0.00128751,0.000811327,0.00332905,0.010341,0.0156458,0.018964,0.017013,0.0103986,0.00382255,0.00277752,0.0114654,0.0251379,0.0221008,0.00620185,-0.00744116,-0.0110253,-0.00870048,-0.00622094,-0.00367303,-0.00168994,-0.000251038,-8.40399e-05,-1.6878e-05,0.0,-1.82274e-05,-3.81583e-05,-0.000108254,-0.000341348,-0.000722541,-0.00223319,-0.00183037,0.00191025,0.00861486,0.0116293,0.0112859,0.00628564,7.48896e-05,0.0014494,0.0136828,0.0233545,0.0148721,-0.000932674,-0.0116106,-0.0120245,-0.00973011,-0.00634654,-0.0039631,-0.00204934,-0.000602893,-0.000256687,-3.47488e-05,0.0,-2.46012e-05,-4.03728e-05,-0.00028748,-0.00167655,-0.00406537,-0.00495909,-0.00632924,-0.00585702,-0.00376149,-0.00215887,-0.00211961,-0.00469898,-0.00463402,0.00316442,0.0153703,0.017313,0.00685271,-0.00563106,-0.0134475,-0.0128185,-0.00928642,-0.00669349,-0.00347272,-0.00184624,-0.000550378,-0.00010761,-1.78708e-06,0.0,-1.20082e-05,-5.62899e-05,-0.000543547,-0.002071,-0.00552486,-0.00787925,-0.0101039,-0.0112002,-0.0117398,-0.0131142,-0.0132,-0.0112387,-0.00782125,0.00296457,0.0110491,0.00977894,-0.000123757,-0.00934728,-0.0139937,-0.0121559,-0.00929656,-0.00635918,-0.00273916,-0.00143138,-0.000372319,-1.50897e-05,0.0,0.0,0.0,-6.99992e-05,-0.000612791,-0.00229639,-0.0058897,-0.00985331,-0.0133308,-0.0180034,-0.0211931,-0.0227096,-0.0206106,-0.0175243,-0.00893412,-0.000625505,0.00450157,0.000553477,-0.00659777,-0.0102535,-0.0136741,-0.0111171,-0.00862427,-0.00546421,-0.00215109,-0.000920241,-0.000286814,-5.16211e-05,0.0,0.0,0.0,-2.47725e-06,-0.000622651,-0.00224275,-0.00543732,-0.0101859,-0.0154848,-0.0212925,-0.0252775,-0.0264119,-0.0250187,-0.0207498,-0.0116599,-0.00520746,-0.00311694,-0.00584686,-0.00897821,-0.00946645,-0.0117079,-0.00806147,-0.00598693,-0.00353717,-0.0014256,-0.000544401,-0.000184793,-1.21764e-05,0.0,0.0,0.0,-5.16118e-05,-0.000515328,-0.00180615,-0.00446262,-0.00920995,-0.0153232,-0.0216812,-0.0262393,-0.0264893,-0.0269485,-0.0199688,-0.0130378,-0.00830949,-0.00790797,-0.00820649,-0.00734557,-0.006681,-0.00670393,-0.00441205,-0.00307971,-0.00156419,-0.000576929,-4.04579e-05,7.63099e-06,-8.45586e-08,0.0,0.0,0.0,-1.30539e-05,-0.000349533,-0.00114667,-0.00303212,-0.00640381,-0.0119364,-0.0172753,-0.0212854,-0.0229677,-0.0219684,-0.0152825,-0.0105879,-0.00801322,-0.00727353,-0.00441643,-0.00108149,-0.000316721,-0.00156217,-0.000631953,3.85232e-05,0.000160255,0.000223446,0.000560271,0.000280407,0.0,0.0,0.0,0.0,0.0,-0.000153464,-0.000623789,-0.00154315,-0.00349202,-0.00598216,-0.00823052,-0.0124976,-0.0129203,-0.00934507,-0.00625039,-0.00379303,-0.00305177,-0.00197862,0.00230607,0.00596472,0.00649601,0.00475594,0.00229864,0.00172816,0.00118581,0.00112785,0.00060814,0.000152213,0.0,0.0,0.0,0.0,0.0,-3.80305e-06,0.000257946,-9.33985e-06,-0.000445651,0.000168075,3.30162e-05,-0.000808106,0.00263896,0.00706946,0.00735965,0.00853609,0.00672787,0.00731514,0.00995187,0.0114562,0.0100235,0.0066779,0.00432991,0.00243746,0.00120673,0.00108678,0.000848609,6.91877e-06,0.0,0.0,0.0,0.0,0.0,0.0,6.50021e-05,8.50663e-05,0.000413958,0.00151818,0.00239478,0.00337641,0.00791827,0.0115469,0.011894,0.0132811,0.00979966,0.00875265,0.0103844,0.0120505,0.00959802,0.00572706,0.0039891,0.00210852,0.000668824,0.000600123,0.00024988,0.0,0.0,0.0,0.0,0.0,0.0,0.0,2.33474e-05,0.000252221,4.21689e-05,-0.000528342,-0.000702187,-0.000279863,0.00195684,0.00108055,0.0023478,0.00477924,0.00372887,0.00131134,0.00330949,0.00515448,0.00309151,0.000250729,-6.68205e-05,-2.12696e-05,0.0,0.0,0.0,0.0,0.0,0.0,0.0,0.0,0.0,0.0,0.0,0.0,7.18336e-05,0.000369671,0.000228355,-0.000128926,-0.000229369,-0.000267801,-0.000232847,-0.000303461,-0.000215259,-0.000374021,-0.000343456,