{"max":0.0938862,"min":-0.148406,"acc":0.8564,"arr":[0.0,0.0,0.0,0.0,0.0,0.0,0.0,0.0,0.0,0.0,0.0,0.0,0.0,0.0,0.0,0.0,0.0,0.0,0.0,0.0,0.0,0.0,0.0,0.0,0.0,0.0,0.0,0.0,0.0,0.0,0.0,0.0,0.0,0.0,-3.53427e-05,-7.9214e-05,-0.000103653,-0.000100689,-0.000278271,-0.000200176,-0.000192626,-0.000231604,-0.000332112,1.29773e-05,0.000176895,-3.15508e-05,-0.000160313,-0.000140921,-8.50665e-05,-7.00381e-07,0.0,0.0,0.0,0.0,0.0,0.0,0.0,0.0,0.0,3.5589e-05,5.39429e-06,-4.36615e-07,-5.08755e-05,-1.97595e-05,-0.000468002,-0.00115134,-0.00178288,-0.00225668,-0.00308195,-0.00388941,-0.00502311,-0.00570923,-0.00546306,-0.00440465,-0.00390305,-0.00324753,-0.00205532,-0.00106063,-0.000427095,-5.41799e-05,0.0,0.0,0.0,0.0,0.0,0.0,-6.63196e-07,7.61541e-05,-2.23748e-05,-0.000306486,-0.00058306,-0.000814363,-0.00171637,-0.00329273,-0.00546353,-0.00675767,-0.00913808,-0.0118464,-0.0140711,-0.0135835,-0.0126441,-0.0124745,-0.0136662,-0.0114681,-0.00765273,-0.00406427,-0.0023762,-0.00071269,-0.000237782,-8.51906e-05,-1.3051e-05,0.0,0.0,-1.23786e-06,-3.3243e-06,-5.85583e-05,-0.000166845,-0.000952335,-0.00214899,-0.00360455,-0.00518553,-0.00790746,-0.011286,-0.0111019,-0.0090655,-0.00588873,-0.00144608,0.00412925,0.00372361,0.00390593,0.00335785,0.00257588,-0.00111184,-0.00386069,-0.00377731,-0.00314079,-0.00147342,-0.000420175,-0.000103306,0.0,0.0,0.0,-2.47068e-05,-8.79762e-05,-0.000550627,-0.00264107,-0.00523995,-0.00941137,-0.0139564,-0.0174334,-0.0178739,-0.0142164,-0.00659055,0.00785074,0.0244164,0.0337417,0.0413751,0.0376561,0.0307008,0.0215275,0.00526453,-0.00311987,-0.00862445,-0.00929409,-0.00590614,-0.00182032,-0.000363394,0.0,0.0,0.0,-1.23005e-05,-0.000368427,-0.00145573,-0.00345546,-0.00813799,-0.0144172,-0.0210398,-0.0227483,-0.0172558,-0.00843258,0.00356599,0.017261,0.0321184,0.0424364,0.0514163,0.0559043,0.0521002,0.038803,0.0196367,0.00485396,-0.00298342,-0.0102254,-0.00972735,-0.00408088,-0.000761283,-6.27568e-05,0.0,-1.49652e-05,-0.000153227,-0.000891074,-0.0029249,-0.00534491,-0.0116506,-0.0184003,-0.0220419,-0.0170393,-0.0113446,-0.000648479,0.0113963,0.0199431,0.0281273,0.0372356,0.0433714,0.0541228,0.0582637,0.0513371,0.039083,0.0225639,0.0105892,-0.00505548,-0.010201,-0.00580473,-0.00123933,-0.000108596,0.0,-4.25637e-05,-0.000448136,-0.00209555,-0.00524267,-0.00988567,-0.0146997,-0.016976,-0.0150264,-0.010279,-0.00152112,0.0094632,0.0204263,0.0255589,0.0282335,0.0262232,0.0289229,0.0365493,0.050631,0.0598839,0.0609156,0.0460073,0.0273615,0.0091569,-0.00508377,-0.00553043,-0.0012214,-4.34165e-05,-9.49659e-06,-0.000112339,-0.00069051,-0.00277282,-0.00633397,-0.0110965,-0.0137724,-0.0100526,-0.00525236,0.00253389,0.0142134,0.0238574,0.0350536,0.0368577,0.024388,0.009593,0.00126529,0.00328455,0.0236333,0.050771,0.0697518,0.066469,0.0495571,0.0269761,0.0034675,-0.0040899,-0.00100938,-1.46098e-05,-1.11447e-05,-0.000223348,-0.000786694,-0.0027205,-0.00535647,-0.00756753,-0.00476742,0.00281776,0.00683127,0.0176517,0.0256335,0.0353052,0.0394693,0.025825,-0.00078976,-0.0226566,-0.0379166,-0.0348251,-0.0089106,0.031288,0.0688899,0.0831788,0.072567,0.0461154,0.0114042,-0.00229426,-0.000662342,-4.03299e-05,-1.3956e-05,-0.00016338,-0.000687378,-0.00238006,-0.00468547,-0.00218947,0.00767428,0.0164793,0.0216987,0.0281626,0.036266,0.0361557,0.0203671,-0.00653229,-0.0376989,-0.06356,-0.0776109,-0.0723278,-0.0427297,0.0125927,0.0645038,0.0938862,0.0888754,0.0600169,0.0194433,-0.000395925,-0.000304547,-6.21836e-05,0.0,-7.74281e-05,-0.000595653,-0.00222418,-0.00355719,0.00567842,0.0207645,0.0333664,0.036017,0.0389673,0.0387963,0.0174877,-0.0144737,-0.0513354,-0.0836269,-0.103988,-0.114138,-0.105106,-0.0677559,-0.00281156,0.0605741,0.0924925,0.093214,0.0661321,0.0243544,0.000214603,-0.000194708,-4.15083e-05,-4.419e-07,-4.7177e-05,-0.000358959,-0.00189803,-0.00134069,0.0154834,0.0382711,0.0521698,0.0498829,0.0472965,0.0272244,-0.0122087,-0.0532951,-0.0934884,-0.118896,-0.133617,-0.139241,-0.125345,-0.079071,-0.010084,0.0605092,0.0904499,0.0885633,0.0649414,0.0256438,0.000258784,-0.000130618,-1.98163e-05,0.0,-5.45005e-05,-0.000195432,-0.00128013,0.00141516,0.0284324,0.0546889,0.0662308,0.0614761,0.0510378,0.0127872,-0.0362283,-0.0830269,-0.119891,-0.139478,-0.148406,-0.144045,-0.120954,-0.0704602,-0.00262484,0.0594117,0.0819635,0.078253,0.0577006,0.0251868,0.000877354,-0.000141315,-6.40337e-06,0.0,-6.07375e-05,-0.000175688,-0.00109643,0.00557447,0.0414219,0.0671677,0.0771354,0.0713711,0.0491511,0.000292904,-0.0551574,-0.0993576,-0.128672,-0.144221,-0.147064,-0.133518,-0.099728,-0.0449067,0.0147665,0.0582177,0.0705409,0.0647788,0.0469526,0.0208446,0.000785533,-0.000183069,-3.80119e-05,0.0,-2.99951e-05,-0.000140986,-0.00129979,0.00889511,0.0486572,0.0765341,0.0838887,0.0771857,0.0456296,-0.0105263,-0.0645456,-0.100381,-0.120557,-0.131288,-0.128883,-0.107538,-0.0677575,-0.0145517,0.033157,0.0575035,0.0595135,0.0484517,0.0346045,0.0145537,0.000576911,-0.000358125,-4.72589e-05,0.0,-1.99577e-05,-0.000161082,-0.00227724,0.0103405,0.051728,0.0790607,0.0894819,0.0811843,0.0458279,-0.0122053,-0.0603893,-0.0878448,-0.102402,-0.109084,-0.0960609,-0.0692766,-0.0276469,0.0107632,0.0414089,0.0503883,0.045336,0.0340032,0.0222524,0.00709263,-0.000100619,-0.000236379,-1.07627e-05,-1.49147e-08,-6.33657e-06,-0.000321514,-0.00373793,0.00836691,0.0448151,0.0733463,0.0899846,0.08566,0.052574,-0.00130649,-0.0419013,-0.0640088,-0.0743873,-0.0758894,-0.0572573,-0.0303928,0.00103003,0.024685,0.0385428,0.0357398,0.0285713,0.0204398,0.0105659,0.0021004,-0.000766453,-0.000147963,-2.67413e-05,-7.45734e-08,-4.07668e-07,-0.000533404,-0.00442916,0.00564655,0.0330514,0.0620853,0.0817319,0.0859246,0.0665895,0.0193963,-0.0167294,-0.0361396,-0.0426327,-0.0381918,-0.0221306,-0.00281153,0.0171162,0.0261139,0.0262545,0.0206645,0.0162321,0.0114245,0.0028052,-0.00143754,-0.00081598,-0.000269227,-2.50831e-05,0.0,-1.76275e-06,-0.000600949,-0.00435258,0.00259082,0.0211418,0.0467201,0.0666621,0.0809338,0.0781007,0.0518628,0.0200365,5.54135e-05,-0.00724142,-0.00809131,0.0032079,0.0141438,0.0204214,0.0175447,0.0152451,0.00999208,0.00850402,0.0012446,-0.00314303,-0.00244429,-0.000869408,-0.00017305,0.0,0.0,-2.50852e-05,-0.000456272,-0.00304808,-0.000256272,0.00999508,0.0272954,0.0465257,0.0668442,0.0792073,0.0715004,0.0531574,0.0352158,0.02373,0.0205485,0.0239384,0.0198577,0.0145976,0.00819286,0.00311937,0.000123367,-0.0026322,-0.00591721,-0.00426437,-0.00195463,-0.000453917,-7.17575e-05,0.0,0.0,0.0,-0.000224131,-0.00185185,-0.0023276,0.00278158,0.0109949,0.0253462,0.0444037,0.061675,0.0685896,0.0652492,0.0576513,0.0503652,0.0383778,0.0279934,0.0137748,0.00124966,-0.00503334,-0.00667951,-0.00873904,-0.00803171,-0.00506764,-0.00259361,-0.00112335,-0.000244049,-1.39646e-05,0.0,0.0,0.0,-6.17425e-05,-0.000661286,-0.0019167,-0.00184566,-0.000548172,0.00431538,0.0135112,0.0260833,0.0359005,0.0397172,0.0377878,0.0302341,0.0203841,0.00348658,-0.00928964,-0.0141812,-0.0132041,-0.0124028,-0.0100458,-0.00610463,-0.00349003,-0.00157882,-0.000575497,-0.000115012,-8.56819e-06,0.0,0.0,0.0,-2.37706e-06,-5.56231e-05,-0.000519846,-0.00163504,-0.00397031,-0.00750472,-0.0099409,-0.0128463,-0.015127,-0.0169807,-0.0160762,-0.0168857,-0.0203593,-0.0219837,-0.0209457,-0.0177338,-0.0138624,-0.00984559,-0.00607023,-0.00340323,-0.00191868,-0.000797425,-0.000266424,-3.575e-05,0.0,0.0,0.0,0.0,-3.55203e-06,-1.3121e-07,-0.000104087,-0.000673871,-0.00209937,-0.0045472,-0.0077488,-0.0116892,-0.0155094,-0.0182444,-0.0187749,-0.0177346,-0.0158144,-0.0139357,-0.0127611,-0.0104786,-0.00734968,-0.00448844,-0.00284713,-0.0018894,-0.000900834,-0.000325129,-4.98904e-05,0.0,0.0,0.0,0.0,0.0,0.0,0.0,-4.75042e-05,-0.0002588,-0.000754057,-0.00146515,-0.00299188,-0.0042883,-0.00545852,-0.0063589,-0.00633615,-0.00643052,-0.00627745,-0.00539447,-0.00442194,-0.00361399,-0.00264621,-0.00144948,-0.000966892,-0.00075004,-0.000279692,-6.07346e-05,-1.50319e-07,0.0,0.0,0.0,0.0,0.0,0.0,0.0,0.0,0.0,-4.02434e-05,-0.000153041,-0.00029404,-0.000397625,-0.000429176,-0.000543323,-0.000636205,