{"max":0.0289063,"min":-0.031878,"acc":0.7665,"arr":[0.0,0.0,0.0,0.0,0.0,0.0,0.0,0.0,0.0,0.0,0.0,0.0,0.0,0.0,0.0,0.0,0.0,0.0,0.0,0.0,0.0,0.0,0.0,0.0,0.0,0.0,0.0,0.0,0.0,0.0,0.0,0.0,0.0,0.0,0.0,0.0,0.0,-2.424e-05,-4.48819e-05,-2.65041e-05,-7.60646e-05,-3.31461e-05,-2.17428e-05,-4.18936e-05,-3.64315e-05,0.0,0.0,0.0,0.0,0.0,0.0,0.0,0.0,0.0,0.0,0.0,0.0,0.0,0.0,0.0,0.0,0.0,0.0,-1.75794e-05,-0.000142526,-0.000283007,-0.000220309,-0.000274911,-0.000534245,-0.000636313,-0.000798148,-0.000906988,-0.000927344,-0.00056628,-0.000492057,-0.00040989,-0.000420342,-0.00026606,-9.54622e-05,-8.04722e-06,0.0,0.0,0.0,0.0,0.0,0.0,0.0,0.0,0.0,-2.53204e-05,-7.36005e-05,-0.000145546,-0.00031339,-0.000685979,-0.000985497,-0.00130646,-0.00199175,-0.002246,-0.00216151,-0.00217427,-0.00212344,-0.001878,-0.00173797,-0.00122551,-0.000728965,-0.00036968,-0.000301631,-6.15034e-05,0.0,0.0,0.0,0.0,0.0,0.0,0.0,-8.74085e-06,-3.89538e-05,-0.000113149,-0.000297683,-0.000649922,-0.00100574,-0.00102428,-0.00179073,-0.0023092,-0.00177894,-0.000784362,0.00182496,0.00438086,0.00392174,0.00408388,0.002288,0.00311565,0.00238764,0.000993228,0.000117156,-0.000237178,-0.000112966,-2.72792e-05,-2.38693e-05,0.0,0.0,0.0,-1.38714e-05,-4.00939e-05,-4.31827e-05,-0.000346829,-0.00089125,-0.00176399,-0.00189685,-0.00162727,-0.00196384,-0.00136403,0.000803711,0.00337291,0.00748996,0.00979665,0.0128948,0.0116496,0.00912897,0.00659374,0.0033097,0.000922791,-0.00104366,-0.000757044,-0.000693736,-0.000240328,-4.89718e-05,0.0,0.0,0.0,-1.52015e-06,-2.0902e-06,-0.000141709,-0.000395553,-0.00118045,-0.00225354,-0.00223123,-0.00221777,-0.00112794,0.0021242,0.00432899,0.00605708,0.00879863,0.00940025,0.0122782,0.0147822,0.0151319,0.0126076,0.007069,0.00359892,0.000158179,-0.00171814,-0.00163284,-0.000865511,-0.000185701,-7.56471e-06,0.0,0.0,-3.34915e-05,-8.47352e-05,-0.000451217,-0.000456698,-0.00179841,-0.00166137,-0.00100237,0.000195048,0.00140268,0.00372224,0.00571413,0.00596703,0.00567094,0.0081652,0.00913165,0.010871,0.0133184,0.0150591,0.0151942,0.0103398,0.0049001,-0.000464996,-0.00148355,-0.000979799,-0.000283092,-5.03651e-05,0.0,-2.79589e-05,-0.000126724,-0.000442709,-0.00071177,-0.00105152,-0.00192657,-0.000366465,0.000637268,0.00115036,0.00450575,0.00576535,0.00673186,0.00449184,0.00455088,0.00424197,0.00405961,0.00476872,0.00901877,0.0158532,0.0203069,0.0173333,0.010928,0.00321774,-0.000144025,-0.000854097,-0.000291719,-2.76709e-05,0.0,-3.02507e-05,-0.000129309,-0.000589838,-0.00106384,-0.0015075,-0.0014465,0.00149674,0.00288979,0.00517143,0.00797983,0.00807797,0.00777186,0.00598778,0.00277665,-0.00123094,-0.00368295,-0.00391187,0.00056396,0.00888685,0.0190341,0.0208355,0.0162542,0.00908898,0.00199641,-0.000462803,-0.000137266,0.0,0.0,-1.52781e-06,-5.78268e-05,-0.000469111,-0.000505107,-0.00075603,0.00167746,0.00522416,0.00663461,0.0107973,0.0102503,0.00837099,0.00635219,0.00332383,-0.00221899,-0.00795471,-0.0125091,-0.0131457,-0.0076331,0.00255429,0.0162542,0.0224731,0.0209921,0.0134954,0.00399049,-9.25862e-05,-6.69922e-05,0.0,0.0,0.0,-3.73789e-06,-0.000237025,-0.000282816,0.00114461,0.00578126,0.00857185,0.0120769,0.0135917,0.0110449,0.00557575,0.00202859,-0.00217039,-0.00776326,-0.0139503,-0.0191376,-0.018703,-0.0136516,-0.000986252,0.0150912,0.024686,0.0247848,0.0167375,0.0064809,0.000332527,-1.16368e-05,0.0,0.0,0.0,-3.79182e-06,-0.000120784,-0.00018207,0.00387095,0.0090357,0.0137976,0.0169207,0.0145681,0.0083077,0.000239376,-0.00566182,-0.0116421,-0.0166371,-0.0217722,-0.0245823,-0.0242872,-0.0176008,-0.00352187,0.0158393,0.025027,0.0258325,0.0179204,0.00750708,0.000371043,0.0,0.0,0.0,0.0,-2.33496e-05,-0.000124602,0.000482804,0.00530409,0.013384,0.0187672,0.01927,0.0136944,0.00266729,-0.0077149,-0.0136907,-0.0197701,-0.0248314,-0.0279844,-0.0297984,-0.0284417,-0.0196616,-0.00416357,0.0160207,0.0251408,0.0249541,0.018465,0.00735736,0.000408335,0.0,0.0,0.0,0.0,-2.55449e-05,-8.60505e-05,0.000851603,0.00785705,0.0172729,0.0225039,0.0211839,0.0110863,-0.00290626,-0.0131289,-0.0192661,-0.0263638,-0.0302115,-0.031878,-0.031145,-0.0283518,-0.0182036,-0.00293833,0.0150342,0.0243971,0.02376,0.0170531,0.00756053,0.000831026,0.0,0.0,0.0,0.0,-2.01565e-05,-6.10304e-05,0.00115706,0.0104583,0.0217566,0.0263187,0.0223608,0.00917714,-0.00640402,-0.016911,-0.0234086,-0.0284903,-0.0310567,-0.031799,-0.0292514,-0.0241482,-0.0120764,0.00169997,0.0165527,0.024088,0.0216921,0.0137926,0.00640973,0.000655197,-1.82793e-05,-1.734e-05,0.0,0.0,0.0,-4.78323e-05,0.0016163,0.0118582,0.0243968,0.0282404,0.0229341,0.00936248,-0.00806481,-0.0167501,-0.0225759,-0.0256997,-0.0275054,-0.0278559,-0.0247725,-0.0174581,-0.00508851,0.0065438,0.0202855,0.0226861,0.0180576,0.0104662,0.00499213,0.000831065,-7.74424e-05,-3.56999e-05,0.0,-9.20096e-06,0.0,-0.000169936,0.00242851,0.0131952,0.0243667,0.0289063,0.0234653,0.00960428,-0.00756837,-0.0151115,-0.0193416,-0.0219578,-0.0232655,-0.0221129,-0.016641,-0.00826847,6.69944e-05,0.0102798,0.0194848,0.0188251,0.0136708,0.00693611,0.00328999,0.000476661,-3.13911e-05,-1.836e-06,0.0,-6.03813e-06,-4.74009e-05,-0.000443626,0.00288153,0.0123717,0.0227216,0.0285244,0.0251745,0.0107289,-0.00416097,-0.0108036,-0.0143174,-0.0161749,-0.0168337,-0.0138119,-0.00923933,-0.00330433,0.00528799,0.0137025,0.0160789,0.0138273,0.00869367,0.00401215,0.00191873,0.000194973,-8.16868e-06,0.0,0.0,0.0,-8.42892e-05,-0.000576865,0.00240062,0.0100611,0.020631,0.0255717,0.0241823,0.0146455,0.00177321,-0.00446522,-0.0082876,-0.0103007,-0.00963632,-0.00647929,-0.00424187,0.00195059,0.00849626,0.014296,0.0135992,0.0095343,0.00533852,0.00230135,0.00048576,0.00013063,-2.41857e-05,0.0,0.0,0.0,-9.19709e-05,-0.000600709,0.00199381,0.00617587,0.0164579,0.0219268,0.0227307,0.0184401,0.0115608,0.00564901,0.000409199,-0.00146899,-0.00256655,-0.0020561,0.00110542,0.00652762,0.0105384,0.0127896,0.00981411,0.0066631,0.00209002,-0.000128155,-0.000134901,-6.79703e-05,0.0,0.0,0.0,0.0,-6.25136e-05,-0.000378139,0.000811558,0.00366501,0.00894957,0.0166282,0.0196471,0.0205048,0.0165183,0.012608,0.00912779,0.0068917,0.00486619,0.00558576,0.00696943,0.0102306,0.0104926,0.00833198,0.00560664,0.00198518,-0.000275481,-0.000627825,-0.000209993,-2.13365e-05,0.0,0.0,0.0,0.0,-1.54242e-05,-0.000189099,0.000118069,0.00208379,0.00344773,0.00809313,0.0129893,0.014733,0.0155792,0.0135327,0.0119935,0.0104363,0.00733639,0.00715704,0.0063122,0.00564617,0.00465124,0.00365683,0.000661999,-0.000708822,-0.000532595,-0.000268955,-0.000169412,-4.89494e-05,0.0,0.0,0.0,0.0,0.0,-9.79102e-05,-0.000312824,0.000167503,0.000824852,0.00210051,0.00397546,0.00574079,0.00648078,0.00559175,0.00498484,0.00369028,0.0023672,3.45575e-05,-0.000604432,-0.000863032,-0.00130704,-0.00149103,-0.00156218,-0.000973099,-0.000624852,-0.00024548,-7.94797e-05,-2.19494e-05,0.0,0.0,0.0,0.0,0.0,-3.18463e-06,-0.000116941,-0.00015146,-0.000254475,-0.00105347,-0.0017551,-0.0028677,-0.00472639,-0.00597088,-0.00591336,-0.00574936,-0.00550637,-0.00486522,-0.00432016,-0.00331308,-0.00244226,-0.00169616,-0.00114363,-0.000712117,-0.000382576,-0.000141608,-4.31279e-05,-9.97699e-07,0.0,0.0,0.0,0.0,0.0,0.0,-5.73016e-06,-7.59556e-05,-0.000232716,-0.000752634,-0.00155978,-0.00240359,-0.0036891,-0.00434827,-0.00400734,-0.00317881,-0.0025556,-0.00264,-0.0027277,-0.00227112,-0.00154184,-0.000853952,-0.000541516,-0.000286421,-0.000123349,-5.29477e-05,0.0,0.0,0.0,0.0,0.0,0.0,0.0,0.0,-3.72005e-06,-4.51322e-05,-0.0001436,-0.000360678,-0.000839043,-0.0010123,-0.00138118,-0.00138946,-0.00124927,-0.00136613,-0.0013146,-0.00126887,-0.00125897,-0.0010398,-0.000488212,-0.000154876,-8.97272e-05,-2.5515e-05,0.0,0.0,0.0,0.0,0.0,0.0,0.0,0.0,0.0,0.0,0.0,0.0,-7.7673e-06,-7.84294e-05,-0.000139874,-0.000155949,-0.000121533,-0.000125109,-9.47461e-05,-0.000160149,-0.000265775,-0.000278763,-0.000280808,-0.000116386,0.0,-2.28877e-05,-7.23823e-05,-1.83101e-05,0.0,0.0,0.0,0.0,0.0,0.0]}