{"max":0.139711,"min":-0.260276,"acc":0.8932,"arr":[0.0,0.0,0.0,0.0,0.0,0.0,0.0,0.0,0.0,0.0,0.0,0.0,-2.27898e-06,-8.04209e-06,-3.39619e-06,-1.41508e-07,0.0,0.0,0.0,0.0,0.0,0.0,0.0,0.0,0.0,0.0,0.0,0.0,0.0,0.0,0.0,0.0,-1.31148e-07,-5.25413e-07,-3.87602e-05,-8.88708e-05,-0.000141191,-0.000155685,-0.000343974,-0.000120954,7.83124e-05,-0.000139035,-0.000453751,2.41163e-05,0.000451053,6.87324e-05,-0.00022939,-0.000202494,-0.000138496,-3.66404e-05,-1.05289e-05,-3.91525e-07,0.0,0.0,0.0,0.0,0.0,0.0,-2.31574e-07,3.5589e-05,2.76849e-06,-1.12006e-05,-0.000189586,-0.000331814,-0.000887624,-0.00203688,-0.00313098,-0.00388092,-0.0050825,-0.00636326,-0.0084507,-0.00931152,-0.00897987,-0.00794267,-0.00691785,-0.00583013,-0.00408506,-0.00230375,-0.00117774,-0.000405998,-9.29472e-05,-8.4817e-06,0.0,0.0,0.0,0.0,-1.18191e-06,7.03666e-05,-6.83011e-05,-0.000469044,-0.00124164,-0.00230371,-0.00388954,-0.00764145,-0.0107195,-0.0126205,-0.0170566,-0.0205658,-0.0240858,-0.0238613,-0.023457,-0.0259908,-0.0274553,-0.0242448,-0.0181248,-0.0119465,-0.00700493,-0.00267782,-0.00103772,-0.000164659,-1.42863e-05,0.0,0.0,-1.23786e-06,-8.73823e-06,-3.35457e-05,-0.000416638,-0.00212278,-0.00463822,-0.00812345,-0.0123861,-0.017395,-0.0231631,-0.0227837,-0.0169829,-0.00580343,0.00416575,0.0153235,0.00955238,0.00231204,-0.00531524,-0.0094388,-0.0123673,-0.0139285,-0.0111256,-0.00890497,-0.00502013,-0.00135229,-0.000209771,-3.7184e-06,0.0,0.0,-4.88884e-05,-0.000114012,-0.00152129,-0.00571546,-0.0105647,-0.0192236,-0.0284096,-0.0334692,-0.0315645,-0.0200435,0.000195983,0.0313794,0.0574657,0.0730646,0.0794363,0.0700709,0.046873,0.0230287,-0.000841491,-0.00996986,-0.0176949,-0.0202019,-0.0137748,-0.00486633,-0.00107677,-6.38571e-05,0.0,-1.83388e-07,-7.67498e-05,-0.000735396,-0.00339687,-0.0082049,-0.0175003,-0.0295668,-0.0389606,-0.0417128,-0.0301662,-0.00915627,0.0150098,0.0422139,0.0629444,0.0796089,0.0957512,0.102179,0.0871193,0.0540147,0.0245638,0.0075701,-0.00570164,-0.0220675,-0.0239806,-0.0110099,-0.00288524,-0.000353958,0.0,-3.26782e-05,-0.000280768,-0.00148945,-0.00610502,-0.0125209,-0.024088,-0.0351255,-0.0401729,-0.0318308,-0.0198647,0.000435762,0.0193825,0.0350315,0.0517853,0.0691807,0.0874921,0.107357,0.104665,0.076985,0.046404,0.0238603,0.0113978,-0.0133963,-0.027099,-0.0158048,-0.00370159,-0.000172817,0.000100335,-8.85639e-05,-0.000944728,-0.00361011,-0.0102176,-0.0189786,-0.0285372,-0.0320717,-0.0311497,-0.0227915,-0.00850025,0.00898394,0.0305117,0.0421267,0.0499838,0.0579145,0.0747888,0.0877275,0.0980979,0.091384,0.0716159,0.0451194,0.0323881,0.0100012,-0.0197105,-0.0174939,-0.0037291,-0.00015161,-1.12523e-05,-0.000173791,-0.0013716,-0.00506247,-0.012559,-0.0208518,-0.025605,-0.0223316,-0.0196801,-0.00901832,0.00835255,0.0247603,0.0528258,0.0616726,0.0436009,0.0275521,0.0271406,0.0418226,0.0699713,0.0871603,0.084937,0.0722302,0.0631818,0.0429972,-0.000334383,-0.0134783,-0.00304968,-0.000169224,-1.53629e-05,-0.000298396,-0.00109544,-0.00544448,-0.012023,-0.0176313,-0.0150869,-0.00716779,-0.00665481,0.00492216,0.0198659,0.0501712,0.0610206,0.0408415,0.000712033,-0.035611,-0.0490214,-0.0234533,0.027309,0.0684488,0.0946132,0.0996873,0.102848,0.0780539,0.0192667,-0.00803862,-0.0023987,-0.000105168,-1.57243e-05,-0.0002239,-0.00154939,-0.00542555,-0.0133481,-0.0116574,0.00113352,0.0102624,0.00956781,0.0159939,0.0398824,0.0550546,0.0340563,-0.011615,-0.0715967,-0.118628,-0.13454,-0.0981292,-0.0319918,0.0421567,0.0898031,0.116671,0.129505,0.102778,0.0358166,-0.00324534,-0.00109671,-8.49139e-05,-2.04819e-06,-0.00012403,-0.00126108,-0.00526728,-0.0119865,0.000287855,0.0226432,0.0307234,0.0248975,0.0389081,0.0623782,0.0436821,-0.00688445,-0.0834128,-0.154259,-0.192657,-0.202142,-0.161179,-0.0794493,0.00891233,0.0735657,0.116096,0.139711,0.115892,0.0466085,-0.000362489,-0.000553439,-4.77589e-05,-4.419e-07,6.93651e-05,-0.000779446,-0.00471668,-0.00829493,0.016671,0.0446487,0.056176,0.0516832,0.0706581,0.0681109,0.0127334,-0.0687304,-0.159287,-0.211725,-0.237809,-0.239431,-0.193771,-0.104895,-0.0160107,0.0586449,0.110449,0.134326,0.114113,0.0491204,0.00109302,-0.000322472,-6.34476e-05,-7.24079e-06,-5.88407e-05,-0.000468515,-0.0047033,-0.00491155,0.0359233,0.066242,0.0808529,0.0835969,0.0938172,0.0610677,-0.0252938,-0.127239,-0.206392,-0.245,-0.258698,-0.246625,-0.183283,-0.0945134,-0.0107093,0.0571943,0.099785,0.11668,0.101581,0.0484733,0.00138572,-0.000311139,-1.0697e-05,-2.83475e-06,-6.07375e-05,-0.00035011,-0.00558559,0.00171259,0.054029,0.0836567,0.0997556,0.109805,0.109503,0.0530802,-0.0622305,-0.16438,-0.23083,-0.258954,-0.260276,-0.224964,-0.146919,-0.0553042,0.0154568,0.0605614,0.0821429,0.0954786,0.0828768,0.0391053,0.000303197,-0.000459675,-6.12644e-05,-2.65072e-06,-3.43428e-05,-0.000483588,-0.00678416,0.00537611,0.0662445,0.0979052,0.110078,0.125523,0.110033,0.0390836,-0.0772243,-0.171208,-0.222964,-0.242027,-0.230082,-0.175988,-0.0901803,-0.00892153,0.0401872,0.0608913,0.0679592,0.0729956,0.0597723,0.0252317,-0.00104107,-0.000835362,-8.05087e-05,0.0,-2.70792e-05,-0.000709017,-0.00860781,0.00569454,0.0685864,0.102742,0.119032,0.131159,0.111872,0.0373304,-0.0702196,-0.146701,-0.191528,-0.204559,-0.170821,-0.103142,-0.025959,0.0233373,0.0459138,0.0496212,0.0501902,0.0521805,0.0343039,0.0116948,-0.00155126,-0.000526969,0.000169392,-3.40863e-06,-9.90177e-06,-0.000884115,-0.0111674,0.0020601,0.0570456,0.0922048,0.117034,0.133895,0.117033,0.0499756,-0.0397747,-0.106259,-0.138359,-0.136713,-0.0946788,-0.038486,0.00819325,0.0322602,0.0359839,0.0306362,0.032641,0.0303719,0.0136985,0.00146405,-0.00185659,-0.000358689,-7.99368e-05,-7.45734e-08,8.91626e-05,-0.00102441,-0.0113254,-0.00237942,0.0396483,0.0755452,0.0997906,0.12052,0.123576,0.0751228,0.00495024,-0.0473603,-0.0704086,-0.061078,-0.0311199,0.00150398,0.0239916,0.0253373,0.0168415,0.0136713,0.0180226,0.0127073,-0.000695122,-0.00400716,-0.00188834,-0.000426131,-3.30151e-05,0.0,0.000224102,-0.00101243,-0.0102006,-0.0041756,0.0253716,0.0547765,0.0755879,0.0979933,0.117535,0.103105,0.0564319,0.0122074,-0.0093163,-0.00857315,0.0100297,0.0176162,0.0184688,0.00614342,0.00159146,0.00311129,0.00510914,-0.00509397,-0.00994204,-0.00522141,-0.0016202,-0.000247736,-9.26129e-07,-1.58998e-08,-3.39236e-05,-0.000970987,-0.007455,-0.00632568,0.0121756,0.0348065,0.0548804,0.0760747,0.106075,0.117756,0.100293,0.0645777,0.0409789,0.0363206,0.0342609,0.0239424,0.00933926,-0.00260002,-0.0103032,-0.00956237,-0.0126158,-0.0143097,-0.00893353,-0.00335499,-0.000836689,6.147e-05,1.21715e-05,-1.54029e-08,-5.55019e-07,-0.000591884,-0.00431479,-0.00911937,0.00103462,0.0189062,0.0372612,0.0617085,0.0880897,0.111161,0.122924,0.111805,0.10037,0.0745007,0.0499622,0.0219748,-0.00174527,-0.0173015,-0.0218762,-0.0236181,-0.019708,-0.011362,-0.00479901,-0.00153199,-0.000351949,-8.50795e-06,2.24704e-05,0.0,0.0,-0.00016025,-0.00142537,-0.0053245,-0.00502953,-0.000376259,0.0117487,0.0254074,0.047829,0.069165,0.0865514,0.0901903,0.0771199,0.0529527,0.0206416,-0.00814297,-0.0239036,-0.0318494,-0.0306713,-0.0234703,-0.0144198,-0.0074127,-0.00292202,-0.000859529,-0.000169083,-1.23881e-05,0.0,0.0,0.0,-8.96609e-05,-0.000264114,-0.00138093,-0.00384119,-0.00708915,-0.0130856,-0.016687,-0.0209089,-0.0207708,-0.021177,-0.0175107,-0.0189189,-0.0266812,-0.0336611,-0.0369959,-0.0353816,-0.0295194,-0.0217311,-0.0139708,-0.00863987,-0.00467963,-0.00186705,-0.000469185,-3.75808e-05,-5.58085e-07,0.0,0.0,0.0,-8.04231e-06,-4.72429e-05,-0.000416611,-0.00164479,-0.00472214,-0.00954571,-0.0161703,-0.0239778,-0.031495,-0.0352467,-0.0374429,-0.0364242,-0.0334807,-0.0303523,-0.027282,-0.0229032,-0.016758,-0.0105345,-0.00638153,-0.00385738,-0.00193072,-0.000781484,-0.000155369,-6.14624e-07,-5.07572e-07,0.0,0.0,0.0,0.0,0.0,-9.66958e-05,-0.000601455,-0.00171037,-0.0030509,-0.00538874,-0.00802733,-0.00947209,-0.0105452,-0.0107309,-0.0116245,-0.0119183,-0.0113453,-0.0101675,-0.00817788,-0.00568558,-0.00301334,-0.00189223,-0.00129737,-0.000628596,-0.000103767,-2.89198e-06,-1.04151e-06,0.0,0.0,0.0,0.0,