{"max":0.0238632,"min":-0.0281076,"acc":0.7828,"arr":[0.0,0.0,0.0,0.0,0.0,0.0,0.0,0.0,0.0,0.0,0.0,0.0,0.0,0.0,0.0,0.0,0.0,0.0,0.0,0.0,0.0,0.0,0.0,0.0,0.0,0.0,0.0,0.0,0.0,0.0,0.0,0.0,0.0,0.0,0.0,0.0,0.0,-2.424e-05,-4.48819e-05,-2.65041e-05,-7.60646e-05,-3.31461e-05,-2.17428e-05,-4.18936e-05,-3.64315e-05,0.0,0.0,0.0,0.0,0.0,0.0,0.0,0.0,0.0,0.0,0.0,0.0,0.0,0.0,0.0,0.0,0.0,0.0,-1.75794e-05,-9.12708e-05,-0.000201235,-0.000215266,-0.000265414,-0.000485881,-0.000504036,-0.000631582,-0.000796701,-0.000826359,-0.00052341,-0.000492057,-0.000395314,-0.000400149,-0.00026606,-9.54622e-05,-8.04722e-06,0.0,0.0,0.0,0.0,0.0,0.0,0.0,0.0,0.0,-2.53204e-05,-7.36005e-05,-0.000137166,-0.000244575,-0.000595057,-0.000979581,-0.00123277,-0.00174002,-0.00229016,-0.00252764,-0.00247156,-0.00223924,-0.00175076,-0.00147549,-0.000995184,-0.000594101,-0.00031729,-0.000285502,-6.15034e-05,0.0,0.0,0.0,0.0,0.0,0.0,0.0,-8.74085e-06,-3.89538e-05,-0.000113149,-0.000278175,-0.00061683,-0.000876712,-0.000825762,-0.00152905,-0.00215063,-0.00193837,-0.00127953,0.000533299,0.00276465,0.00208603,0.00249786,0.00128232,0.0021606,0.00200958,0.000620222,-6.92268e-05,-0.000177092,-7.59743e-05,-2.72792e-05,-2.38693e-05,0.0,0.0,0.0,-1.38714e-05,-4.00939e-05,-2.73026e-05,-0.000249161,-0.000686091,-0.00151847,-0.00154369,-0.00127947,-0.00155807,-0.00117359,-0.000387892,0.00151585,0.00498926,0.00671157,0.00869427,0.00759465,0.00553847,0.00414457,0.00230246,0.000514024,-0.00103244,-0.000745084,-0.000560647,-0.000213575,-4.89718e-05,0.0,0.0,0.0,-1.52015e-06,-2.0902e-06,-7.82837e-05,-0.00019734,-0.000888227,-0.00184747,-0.00179497,-0.00181158,-0.00114998,0.0010454,0.0020822,0.00328491,0.00622111,0.00626997,0.00818136,0.0105891,0.0106744,0.00841035,0.00441907,0.00174129,-0.000235513,-0.00160439,-0.00148747,-0.000815271,-0.000185701,-7.56471e-06,0.0,0.0,-1.46994e-05,-6.56376e-05,-0.000314013,-0.000169544,-0.00151571,-0.00136945,-0.00074527,0.00012058,0.000365456,0.000964815,0.00213209,0.00331627,0.0034467,0.0051325,0.00605527,0.00805544,0.0107889,0.0115815,0.0113501,0.00696121,0.00248969,-0.000892258,-0.00163096,-0.000991502,-0.000283092,-5.03651e-05,0.0,0.0,-8.79177e-05,-0.000386794,-0.000557267,-0.000795606,-0.00166929,-0.000151774,0.000566326,0.000339056,0.00110694,0.00178296,0.00300303,0.00196388,0.00334423,0.00300829,0.00199951,0.00300716,0.00760328,0.0136779,0.0159977,0.01328,0.00744141,0.00115013,-0.000819005,-0.000847188,-0.000291719,-2.76709e-05,0.0,0.0,-8.56146e-05,-0.000524724,-0.000901321,-0.00119561,-0.0011185,0.00132863,0.00200112,0.00263584,0.0042414,0.0044797,0.00456804,0.0037711,0.0015044,-0.00189974,-0.0042231,-0.00374571,0.000499694,0.00786356,0.0160039,0.0165642,0.012839,0.00632258,0.000957442,-0.000383682,-0.000137266,0.0,0.0,0.0,-2.8611e-05,-0.000411548,-0.000282712,-0.000459991,0.00180776,0.00436025,0.00428336,0.00647597,0.0061276,0.00534452,0.00366821,0.00172789,-0.00256662,-0.00772843,-0.0119193,-0.0118362,-0.00626461,0.00263778,0.0138009,0.0185582,0.0174685,0.0107677,0.00252932,2.79299e-06,-6.69922e-05,0.0,0.0,0.0,0.0,-0.000175398,-5.35899e-06,0.00135814,0.00496854,0.00726438,0.00885855,0.00918691,0.00708769,0.00299721,0.000474615,-0.00225487,-0.00773612,-0.0134598,-0.0176526,-0.0168097,-0.0121309,-0.00118839,0.0116968,0.0202765,0.0208342,0.0137298,0.00463279,0.000332527,-1.16368e-05,0.0,0.0,0.0,-3.79182e-06,-9.6694e-05,9.03444e-05,0.00380153,0.00771225,0.0115184,0.0128614,0.00973943,0.00513136,-0.000864792,-0.00574477,-0.0105288,-0.0153507,-0.0199365,-0.0223264,-0.0220506,-0.0157169,-0.00357342,0.0116115,0.0202158,0.0218116,0.014857,0.00578584,0.000371043,0.0,0.0,0.0,0.0,-2.33496e-05,-0.000113689,0.000582708,0.00456555,0.0113005,0.0157049,0.0143984,0.00930176,0.00094032,-0.00804559,-0.0128135,-0.0176973,-0.0221153,-0.0251442,-0.026522,-0.0253461,-0.017525,-0.00460126,0.0113351,0.0199975,0.0206484,0.0154486,0.00614289,0.000411409,0.0,0.0,0.0,0.0,-2.55449e-05,-8.13148e-05,0.000914899,0.00657108,0.0143953,0.0187142,0.016001,0.00754533,-0.00425713,-0.0128206,-0.0177907,-0.0231767,-0.0267548,-0.0281076,-0.0271625,-0.0249105,-0.0158761,-0.00359857,0.0103352,0.0185975,0.0196346,0.0143461,0.00663086,0.000835638,0.0,0.0,0.0,0.0,-2.01565e-05,-6.10304e-05,0.00129914,0.00853801,0.018226,0.0217774,0.0173179,0.00615322,-0.00720177,-0.0159854,-0.0209361,-0.0250829,-0.0272164,-0.0276602,-0.0252037,-0.0212652,-0.0111377,3.95286e-05,0.0115848,0.0187625,0.0180039,0.0119723,0.00563512,0.000655197,-1.82793e-05,-1.734e-05,0.0,0.0,0.0,-4.78323e-05,0.00178438,0.00956664,0.0203599,0.0233274,0.0174198,0.00596095,-0.00876902,-0.0153527,-0.0201259,-0.0226651,-0.0239714,-0.0239115,-0.0215088,-0.0157483,-0.00514366,0.00333668,0.0145588,0.0178705,0.0150202,0.00932638,0.00458625,0.000831065,-7.74424e-05,-3.56999e-05,0.0,0.0,0.0,-0.000169936,0.00264134,0.0107696,0.0202409,0.0238632,0.0180752,0.00618842,-0.00756214,-0.0139079,-0.017256,-0.0191769,-0.0200968,-0.0188066,-0.0145477,-0.00774473,-0.0014724,0.00618613,0.0140911,0.015294,0.0113813,0.00617322,0.00319522,0.00048415,-3.13911e-05,-1.836e-06,0.0,0.0,-4.74009e-05,-0.000394163,0.00316415,0.0106222,0.0188314,0.0234179,0.0199061,0.00754628,-0.0041998,-0.0099545,-0.0124174,-0.0133776,-0.0139671,-0.0118005,-0.00842827,-0.00434614,0.00203077,0.0093389,0.0121979,0.0113451,0.00698435,0.00353995,0.00194781,0.000228278,-8.16868e-06,0.0,0.0,0.0,-7.7434e-05,-0.000475481,0.00261532,0.00915842,0.017359,0.0206504,0.01914,0.0108953,0.0007977,-0.00437135,-0.00731292,-0.00877664,-0.00820489,-0.00579474,-0.00452889,-0.000586844,0.00439061,0.00997274,0.0104879,0.00745868,0.00415822,0.00221831,0.00048576,0.00013063,-2.41857e-05,0.0,0.0,0.0,-5.86469e-05,-0.00045174,0.00196649,0.0059646,0.0138515,0.0173177,0.0180046,0.0146694,0.00906546,0.00377816,-0.000434837,-0.00205291,-0.00270155,-0.00321465,-0.00134077,0.00242666,0.00652769,0.00961918,0.00735435,0.00495862,0.00184603,3.87761e-05,-9.59857e-05,-6.79703e-05,0.0,0.0,0.0,0.0,-1.39557e-05,-0.000215777,0.000885056,0.00355651,0.00779263,0.0128123,0.0151524,0.0161235,0.0125133,0.00878706,0.00555765,0.0036264,0.00162557,0.00198588,0.00317453,0.00641433,0.00703381,0.00552623,0.003964,0.00141216,-0.000300666,-0.000470919,-0.000160142,-2.13365e-05,0.0,0.0,0.0,0.0,0.0,-0.000139686,0.000274749,0.00220372,0.00332765,0.00611454,0.00986248,0.0107613,0.0112735,0.0094293,0.00731483,0.00586673,0.00310377,0.00313781,0.00261961,0.00298435,0.00238879,0.0018896,0.000158765,-0.000566791,-0.000385498,-0.000189261,-0.000169412,-4.89494e-05,0.0,0.0,0.0,0.0,0.0,-9.32334e-05,-0.000263427,0.000331937,0.00114692,0.001882,0.0026393,0.0036959,0.00401265,0.00290263,0.00245072,0.00147411,0.000528731,-0.00107042,-0.00103431,-0.00091758,-0.000954643,-0.00120125,-0.00123277,-0.000779809,-0.000490577,-0.00021917,-7.94797e-05,-2.19494e-05,0.0,0.0,0.0,0.0,0.0,-6.04321e-07,-8.22677e-05,-9.46078e-05,-0.000141643,-0.000839687,-0.00158916,-0.00287715,-0.0046721,-0.0059581,-0.00605175,-0.00563022,-0.0050119,-0.00432222,-0.00357548,-0.00273062,-0.00204949,-0.00150906,-0.000951856,-0.000627815,-0.000346879,-0.000125527,-4.31279e-05,-9.97699e-07,0.0,0.0,0.0,0.0,0.0,0.0,-5.73016e-06,-7.59556e-05,-0.000232716,-0.000715401,-0.00131892,-0.00202603,-0.00313167,-0.00364725,-0.00344096,-0.00275404,-0.00222207,-0.00234106,-0.0023463,-0.00194021,-0.00133093,-0.000744419,-0.00045382,-0.000234334,-0.000107754,-3.32741e-05,0.0,0.0,0.0,0.0,0.0,0.0,0.0,0.0,-3.72005e-06,-4.51322e-05,-0.0001436,-0.000309403,-0.000645836,-0.000646572,-0.00101253,-0.00117001,-0.00108683,-0.00121844,-0.00112784,-0.00104757,-0.00102701,-0.000869167,-0.000435286,-0.000129769,-1.70588e-05,-6.06044e-06,0.0,0.0,0.0,0.0,0.0,0.0,0.0,0.0,0.0,0.0,0.0,0.0,-7.7673e-06,-5.41171e-05,-8.6206e-05,-4.63596e-05,-8.94583e-05,-0.000125109,-9.47461e-05,-0.000160149,-0.000242841,-0.000189051,-0.000203451,-0.000113709,0.0,0.0,0.0,0.0,0.0,0.0,0.0,0.0,0.0,0.0]}