{"max":0.0120725,"min":-0.0126718,"acc":0.5694,"arr":[0.0,0.0,0.0,0.0,0.0,0.0,0.0,0.0,0.0,0.0,0.0,0.0,0.0,0.0,0.0,0.0,0.0,0.0,0.0,0.0,0.0,0.0,0.0,0.0,0.0,0.0,0.0,0.0,0.0,0.0,0.0,0.0,0.0,0.0,0.0,0.0,0.0,0.0,0.0,0.0,0.0,0.0,0.0,-1.62439e-05,-3.11657e-05,0.0,0.0,0.0,0.0,0.0,0.0,0.0,0.0,0.0,0.0,0.0,0.0,0.0,0.0,0.0,0.0,0.0,0.0,0.0,0.0,-2.65219e-05,-8.55671e-05,-0.000142456,-0.000202287,-0.000132388,-0.000204837,-0.000331035,-0.000339912,-0.000163271,-0.000179774,-9.13619e-05,-9.92188e-05,-2.34148e-05,0.0,0.0,0.0,0.0,0.0,0.0,0.0,0.0,0.0,0.0,0.0,0.0,0.0,0.0,-4.40171e-05,-0.000210151,-0.000352449,-0.000481574,-0.000614786,-0.000800898,-0.000984213,-0.00113342,-0.00104407,-0.000878805,-0.000732928,-0.000481615,-0.000428894,-0.000204311,-0.000110124,-3.26479e-05,0.0,0.0,0.0,0.0,0.0,0.0,0.0,0.0,0.0,-3.00439e-05,-7.07384e-05,-0.000226507,-0.000432458,-0.000660977,-0.000630944,-0.000658416,0.000161586,0.000215402,0.0011236,0.00206066,0.0016474,0.00149468,0.000181398,-3.89696e-05,-0.000373785,-0.000574924,-0.000297618,-8.04675e-05,-1.19034e-05,-2.72792e-05,-2.38693e-05,0.0,0.0,0.0,0.0,0.0,0.0,-0.000108671,-0.000280633,-0.000591976,-0.000592579,-0.000743601,-0.000488177,-0.000113457,0.000513006,0.00153998,0.0041906,0.00480217,0.00585674,0.00542995,0.00358977,0.00203757,0.000649412,-0.000148216,-0.000582953,-0.000372029,-0.000219791,-0.000112903,-4.89718e-05,0.0,0.0,0.0,0.0,0.0,0.0,0.000158557,1.73708e-05,-0.000621423,-0.00103166,-0.000997673,-0.000538801,0.00183294,0.00263367,0.00352453,0.00499004,0.00455335,0.00471655,0.0061105,0.00604268,0.00503894,0.00235809,0.00111613,5.43914e-05,-0.00086856,-0.000704509,-0.000438428,-8.46156e-05,-7.56471e-06,0.0,0.0,-1.46994e-05,-4.06613e-05,-1.23816e-05,0.000571725,-4.31161e-05,-0.000428046,-0.000421417,6.13996e-05,0.000843998,0.00233185,0.0028489,0.00392435,0.00372841,0.00362258,0.00329128,0.00424632,0.00548732,0.00648708,0.00576103,0.0037188,0.00150873,-0.000395926,-0.000867713,-0.000506974,-0.000124678,-5.03651e-05,0.0,0.0,-8.48349e-05,-0.000147847,3.44033e-05,0.000176692,-0.000289274,-3.62258e-05,0.000634706,0.000916685,0.0020161,0.00248799,0.00334019,0.00326144,0.00333001,0.00319114,0.00166146,0.00164709,0.00387433,0.0080229,0.00903342,0.00649113,0.0041926,0.000787921,-0.000708607,-0.000392167,-0.000148666,-2.76709e-05,0.0,0.0,-6.15878e-05,-0.000217342,-0.000353853,-0.000218126,-0.000350984,0.000460771,0.00137957,0.00246479,0.00343051,0.00339176,0.00471382,0.00346765,0.00213074,0.000955662,-0.00110046,-0.00128691,-0.000103937,0.0039817,0.00899188,0.00947222,0.00668286,0.00313547,-9.88794e-05,-0.00026547,-0.000111255,0.0,0.0,0.0,-1.68471e-05,-0.000220394,0.000105705,-8.91135e-05,0.00078425,0.00152537,0.00301908,0.00406835,0.00365272,0.00341232,0.00274386,0.00132913,-0.000221407,-0.00322575,-0.00558484,-0.00575629,-0.00404061,0.000750141,0.00791498,0.0109273,0.00900725,0.00492481,0.000958581,-8.59941e-05,-6.58227e-06,0.0,0.0,0.0,0.0,-0.000152503,0.000253449,0.000552506,0.0018066,0.00377979,0.00529844,0.00510964,0.00419953,0.00255236,0.00112772,8.53605e-05,-0.00245904,-0.00608703,-0.0084064,-0.00740591,-0.00645045,-0.00106984,0.00682551,0.0120725,0.0110195,0.00610425,0.00213364,6.50282e-06,0.0,0.0,0.0,0.0,-3.79182e-06,-9.54557e-05,0.000184413,0.00114834,0.00350149,0.0066122,0.00693904,0.00553756,0.00338418,0.00066582,-0.00159177,-0.00411051,-0.00661744,-0.00923576,-0.0100954,-0.00910786,-0.00710792,-0.0017511,0.00646723,0.0119693,0.0117834,0.00675058,0.002519,1.76116e-05,0.0,0.0,0.0,0.0,-2.33496e-05,-7.82918e-05,0.000321883,0.00182196,0.00581126,0.00807695,0.00717336,0.00492794,0.00184869,-0.00310308,-0.00553963,-0.0077554,-0.00993261,-0.0117259,-0.0114988,-0.0103879,-0.00747943,-0.0018906,0.00598349,0.0105611,0.011285,0.00737709,0.00292471,0.000202715,0.0,0.0,0.0,0.0,-2.55449e-05,-2.28431e-05,0.000569692,0.00309506,0.00786736,0.00940318,0.00798198,0.00494356,-0.000515727,-0.0056911,-0.00790906,-0.0107249,-0.0125493,-0.0125952,-0.0115194,-0.0101526,-0.00699327,-0.00165827,0.00539655,0.00939447,0.0108384,0.00702632,0.00328683,0.000467958,0.0,0.0,0.0,0.0,-2.01565e-05,0.0,0.000882868,0.00410527,0.0094443,0.0105835,0.00898198,0.0047975,-0.00204197,-0.00671933,-0.00964747,-0.0118623,-0.0126718,-0.0121446,-0.0105757,-0.00875631,-0.00490058,0.000135601,0.0058231,0.00916978,0.00946682,0.00584092,0.00300332,0.000518189,0.0,0.0,0.0,0.0,0.0,-7.51967e-06,0.000854262,0.00472443,0.00942656,0.0114998,0.00960279,0.00452511,-0.00272065,-0.00636887,-0.00900718,-0.0101364,-0.010427,-0.0102629,-0.0091675,-0.00639611,-0.00201445,0.00146635,0.00681553,0.00901115,0.00732879,0.00502536,0.00255025,0.000888619,0.0,0.0,0.0,0.0,0.0,-5.38542e-05,0.00144062,0.00523949,0.00878467,0.0117465,0.0101557,0.00450201,-0.0022129,-0.00581143,-0.00745139,-0.00824274,-0.00862554,-0.00812828,-0.00625021,-0.00327214,-0.000554301,0.00344141,0.00724229,0.00796075,0.00594947,0.00346212,0.0018458,0.000673203,0.0,0.0,0.0,0.0,-1.88235e-05,-0.000153959,0.00178194,0.00506336,0.00851966,0.0116877,0.0102361,0.0046962,-0.00084214,-0.00480172,-0.00507216,-0.00585614,-0.00591834,-0.00504708,-0.00328007,-0.00210776,0.00151666,0.00572768,0.00682543,0.00604404,0.00387418,0.00234178,0.00120863,0.000322691,0.0,0.0,0.0,0.0,-2.37255e-05,-0.000200143,0.00150168,0.00421121,0.00796386,0.0106388,0.00966115,0.00615208,0.000853235,-0.00210849,-0.00329524,-0.00365807,-0.00295458,-0.00255782,-0.00210838,-5.45144e-05,0.00335964,0.00632934,0.00611044,0.00425253,0.00268758,0.00174589,0.000517873,0.000244747,0.0,0.0,0.0,0.0,-7.45098e-06,-0.00015567,0.00141189,0.00300803,0.00690813,0.0089632,0.00898322,0.00748989,0.00489691,0.00252057,0.000469426,-0.000172084,-0.000194806,-0.00125695,-0.000110879,0.00249273,0.0051329,0.00577792,0.00358347,0.00257077,0.00176829,0.000448593,0.000189819,3.06013e-05,0.0,0.0,0.0,0.0,0.0,-4.6979e-05,0.000792993,0.00222181,0.00459933,0.00722001,0.00808765,0.00859638,0.00618182,0.00498369,0.00349145,0.00220729,0.000743948,0.000678732,0.00216558,0.00472108,0.00468636,0.00281174,0.00186671,0.0012187,0.000399553,4.45749e-05,0.000133318,1.76183e-05,0.0,0.0,0.0,0.0,0.0,-3.84854e-07,0.000451072,0.00148376,0.00227438,0.00419535,0.0062993,0.00652966,0.00635752,0.0050941,0.00351518,0.0025315,0.00175359,0.00235061,0.00233144,0.00240644,0.00138481,0.000964114,0.000475736,0.000215632,0.000201277,0.000105733,-7.28345e-06,-7.29553e-06,0.0,0.0,0.0,0.0,0.0,0.0,-2.44591e-05,0.000580907,0.00127282,0.00182642,0.00295954,0.00327848,0.00297257,0.00259527,0.00292148,0.00211678,0.00160067,0.000835325,0.000212012,-0.000165053,-6.58151e-05,-0.000111487,-0.00028471,-0.000245712,-0.000168952,-5.72737e-05,0.0,0.0,0.0,0.0,0.0,0.0,0.0,0.0,-3.78926e-05,6.4611e-05,0.00021753,4.4038e-05,-2.94354e-05,-0.000360522,-0.00115415,-0.00148806,-0.00204788,-0.00221477,-0.00179581,-0.00177555,-0.00135689,-0.000790162,-0.00045778,-0.000486238,-0.000362093,-0.000295755,-0.000163482,-6.67023e-05,0.0,0.0,0.0,0.0,0.0,0.0,0.0,0.0,0.0,-3.4972e-05,-6.66808e-05,-0.000205381,-0.000438971,-0.000662077,-0.00126602,-0.00142297,-0.00152474,-0.00156291,-0.00121027,-0.00133932,-0.00128663,-0.000952777,-0.000537067,-0.000293779,-0.000178152,-0.000145746,-9.55473e-05,-3.32741e-05,0.0,0.0,0.0,0.0,0.0,0.0,0.0,0.0,0.0,0.0,-1.77532e-07,-6.16481e-05,-0.000179023,-0.000142952,-0.000280636,-0.000285739,-0.000397088,-0.000551099,-0.000457371,-0.000427977,-0.000525996,-0.000480822,-0.000147059,-5.54902e-05,-1.70588e-05,0.0,0.0,0.0,0.0,0.0,0.0,0.0,0.0,0.0,0.0,0.0,0.0,0.0,-7.7673e-06,-5.41171e-05,-8.6206e-05,-4.30696e-05,-3.83695e-06,0.0,-4.35145e-05,-2.61683e-05,-2.74213e-05,-6.38316e-05,-0.000131154,-0.000113709,0.0,0.0,0.0,0.0,0.0,0.0,0.0,0.0,0.0,0.0]}