{"max":0.0619354,"min":-0.091099,"acc":0.8291,"arr":[0.0,0.0,0.0,0.0,0.0,0.0,0.0,0.0,0.0,0.0,0.0,0.0,0.0,0.0,0.0,0.0,0.0,0.0,0.0,0.0,0.0,0.0,0.0,0.0,0.0,0.0,0.0,0.0,0.0,0.0,0.0,0.0,0.0,0.0,-3.53427e-05,-7.9214e-05,-0.000101634,-5.49469e-05,-6.07807e-05,-8.78648e-05,-0.000154525,-0.000210908,-0.000260334,6.32203e-05,0.000249552,1.94726e-05,-0.000124885,-0.000118087,-8.04919e-05,-7.00381e-07,0.0,0.0,0.0,0.0,0.0,0.0,0.0,0.0,0.0,3.5589e-05,5.69302e-06,0.0,-4.13263e-05,-0.00011727,-0.000333483,-0.000535533,-0.000742208,-0.00120049,-0.00195625,-0.00246601,-0.00301986,-0.00320257,-0.0029885,-0.00251296,-0.00210311,-0.00181414,-0.00130139,-0.000592038,-0.000219662,-3.85086e-05,0.0,0.0,0.0,0.0,0.0,0.0,-6.63196e-07,7.71021e-05,-8.43291e-06,-2.94527e-05,-0.000195719,-0.000474255,-0.00093268,-0.00197095,-0.0029888,-0.00450838,-0.00661832,-0.00806498,-0.00854414,-0.00754447,-0.00706406,-0.0070547,-0.00690562,-0.00573879,-0.00371622,-0.00189181,-0.000954908,-0.000302136,-9.29701e-05,-7.4948e-05,-1.3051e-05,0.0,0.0,0.0,-2.5322e-06,-4.83673e-05,-0.000111666,-0.000398929,-0.00107111,-0.00203175,-0.00251516,-0.00428976,-0.0065739,-0.00632476,-0.00516077,-0.00287041,0.000611402,0.00451447,0.00351857,0.00432716,0.00335857,0.00332859,0.000945028,-0.00103986,-0.00162765,-0.00136012,-0.000731404,-0.00022696,-3.544e-05,0.0,0.0,0.0,-2.09212e-05,-5.58036e-05,-0.000223715,-0.001253,-0.00266512,-0.0048357,-0.00732811,-0.00871994,-0.00870048,-0.00540672,-0.00192202,0.00667284,0.017258,0.0232055,0.0276287,0.0246652,0.0202501,0.0150642,0.00472013,5.11465e-05,-0.00369406,-0.00412914,-0.00296612,-0.00101138,-0.000173778,0.0,0.0,0.0,-1.52015e-06,-0.000229977,-0.000744517,-0.00163299,-0.00414603,-0.00792975,-0.0113201,-0.011447,-0.0074023,-0.00147185,0.00655764,0.0150269,0.0229756,0.0265514,0.0312006,0.0338342,0.0328785,0.0260739,0.0141085,0.00504812,4.45971e-05,-0.0042172,-0.0048507,-0.00246694,-0.000428805,-6.15802e-05,0.0,-1.49223e-05,-0.000132759,-0.000646578,-0.00179972,-0.00282325,-0.00668175,-0.0103567,-0.0113285,-0.00813052,-0.00325012,0.00278783,0.0115634,0.01576,0.0178111,0.0191273,0.0205431,0.0265248,0.0316411,0.0320589,0.0278602,0.0173183,0.00875714,-0.00138355,-0.00509969,-0.00350324,-0.000817094,-0.00010711,0.0,-4.14878e-05,-0.000306625,-0.00142825,-0.00303436,-0.00592881,-0.00911047,-0.00927076,-0.00628007,-0.00304364,0.00352441,0.00986846,0.0158229,0.0146958,0.0124315,0.0092667,0.00889016,0.0107484,0.0211242,0.0342909,0.0398001,0.0322152,0.0202844,0.00794991,-0.00149818,-0.00275023,-0.000662187,-2.76709e-05,0.0,-6.1221e-05,-0.000357696,-0.00175784,-0.00367607,-0.00617892,-0.00746661,-0.00353289,0.00114972,0.00773439,0.0138014,0.0195481,0.0216848,0.0166635,0.00641556,-0.00240957,-0.00710199,-0.00846877,0.00265091,0.023814,0.042835,0.0446031,0.0347135,0.0201023,0.00421184,-0.00191061,-0.000458245,0.0,0.0,-5.33681e-05,-0.000287879,-0.00147288,-0.00272336,-0.00363612,-0.000829378,0.00640953,0.0119168,0.0206668,0.0220513,0.022821,0.018806,0.00750611,-0.00890504,-0.019841,-0.0287865,-0.0287345,-0.0151882,0.0113332,0.0404456,0.0546872,0.04999,0.0319993,0.00854852,-0.000835965,-0.000397118,-2.22428e-05,0.0,-1.80809e-05,-0.000231074,-0.0010654,-0.00197459,0.000369349,0.00811094,0.0164949,0.0237533,0.0274015,0.0262121,0.0172377,0.00517792,-0.0105987,-0.025616,-0.0389566,-0.0484869,-0.0482808,-0.032524,0.00254968,0.0393313,0.0601411,0.059568,0.0396128,0.0141212,0.000103943,-0.000177358,-6.16491e-05,0.0,-1.84175e-05,-0.000210944,-0.000753307,-0.000930052,0.00602308,0.0171557,0.028192,0.0329705,0.0308746,0.0229302,0.00340277,-0.0143927,-0.0334669,-0.0489378,-0.061014,-0.0679901,-0.0668149,-0.0462411,-0.00474934,0.0405933,0.0610096,0.0606088,0.0426576,0.0171768,0.000157432,-0.000151874,-4.15083e-05,0.0,-2.05165e-06,-0.000166974,-0.000674914,0.000277044,0.0112563,0.028488,0.0409689,0.0402676,0.0313906,0.0106698,-0.0151552,-0.036104,-0.0579622,-0.0718956,-0.0801772,-0.0844577,-0.0796244,-0.053154,-0.0081439,0.0409764,0.0603948,0.0582204,0.0420622,0.0169655,0.000147551,-0.000103311,-1.11963e-05,0.0,-2.96153e-05,-0.000112034,-0.000588535,0.00176655,0.0193309,0.0382609,0.0492078,0.0436271,0.0275841,-0.00157073,-0.0294091,-0.0532915,-0.0740446,-0.085508,-0.091099,-0.0898848,-0.0795253,-0.0496378,-0.00460078,0.0401816,0.056543,0.0536458,0.0384833,0.0165283,0.000697029,-8.10434e-05,0.0,0.0,-6.07375e-05,-0.000129077,-0.000539171,0.00416153,0.0267694,0.0480862,0.0557621,0.0467949,0.0236422,-0.0103009,-0.0409088,-0.063867,-0.0788838,-0.0880406,-0.0905825,-0.0849232,-0.0673487,-0.0335557,0.00725646,0.0405622,0.0511905,0.0472256,0.0315912,0.0135405,0.000598258,-0.000111828,-1.734e-05,0.0,-2.99951e-05,-0.000122499,-0.000676414,0.00553411,0.0310266,0.0546514,0.0588366,0.0489705,0.0217427,-0.015924,-0.04314,-0.0623277,-0.0735143,-0.0805974,-0.0800061,-0.0701682,-0.0472181,-0.0137194,0.0200809,0.0425611,0.0445606,0.037086,0.023864,0.00968993,0.000520863,-0.000289061,-3.56999e-05,0.0,-1.99577e-05,-0.000113809,-0.00120298,0.00595061,0.03418,0.0558606,0.0619354,0.05079,0.0225305,-0.016158,-0.0408757,-0.0546514,-0.0633588,-0.0675975,-0.0626592,-0.0488149,-0.0234282,0.00336564,0.027563,0.0380993,0.0351247,0.0270787,0.0159372,0.00467646,0.000118234,-0.000117666,-1.836e-06,0.0,-6.03813e-06,-0.000237471,-0.00195262,0.00561848,0.0314953,0.0526091,0.0618509,0.0550894,0.0274159,-0.00881848,-0.0313662,-0.042607,-0.0484453,-0.0508106,-0.0413281,-0.0262554,-0.00519344,0.0152631,0.0281718,0.0289042,0.0252233,0.0174787,0.00755511,0.00153798,-0.000284333,-5.36082e-05,0.0,0.0,0.0,-0.000372045,-0.00247525,0.00425315,0.0237473,0.044922,0.0562333,0.0559255,0.0391324,0.00646449,-0.0162267,-0.0269726,-0.0311994,-0.029623,-0.0198356,-0.00755282,0.00938564,0.0197029,0.0230122,0.0210002,0.0164167,0.00983203,0.00214209,-0.000514596,-0.00032706,-0.000152735,0.0,0.0,0.0,-0.000338687,-0.00226467,0.00206042,0.0134813,0.0330184,0.0460915,0.0528796,0.0484331,0.0305063,0.00825998,-0.00487919,-0.0100808,-0.0111784,-0.0040101,0.00769294,0.0167708,0.018744,0.0192783,0.0133937,0.00974222,0.00226747,-0.00162577,-0.00134111,-0.000473667,-0.000103334,0.0,0.0,0.0,-0.000190542,-0.00150043,0.00010016,0.00633506,0.0174882,0.0308113,0.0430251,0.0506479,0.0436003,0.0301714,0.0184815,0.0114522,0.0112657,0.0163118,0.0178978,0.0183015,0.0143251,0.00933164,0.00560452,0.00114992,-0.00236829,-0.00217441,-0.00109265,-0.000287828,-5.33567e-05,0.0,0.0,0.0,-7.37927e-05,-0.000883469,-0.00157892,0.00199125,0.00754928,0.0149047,0.0261598,0.0371186,0.0423685,0.038334,0.0328845,0.0290662,0.0236125,0.020983,0.0154428,0.00727461,0.00311009,0.00140699,-0.002106,-0.00361338,-0.00247477,-0.00119422,-0.000643603,-0.00013668,-1.27073e-05,0.0,0.0,0.0,-2.18563e-05,-0.00026054,-0.00134186,-0.00127918,-0.000350743,0.00184804,0.00498467,0.0103208,0.0175232,0.0204571,0.0199836,0.016535,0.0131888,0.00562649,-0.00163833,-0.00468749,-0.00500431,-0.00530041,-0.00491975,-0.00327746,-0.00179525,-0.000701639,-0.000309973,-5.37188e-05,-7.50114e-06,0.0,0.0,0.0,0.0,-9.35983e-06,-0.000280067,-0.000790379,-0.00190442,-0.00371174,-0.00578101,-0.00908375,-0.0123735,-0.0139905,-0.0119497,-0.0105587,-0.0120662,-0.0133935,-0.0128057,-0.0102895,-0.00757389,-0.00510449,-0.00316732,-0.00190076,-0.00104435,-0.000429035,-0.000194722,-2.05555e-05,0.0,0.0,0.0,0.0,0.0,0.0,-1.73451e-05,-0.000285766,-0.00107311,-0.00247201,-0.0045103,-0.0072175,-0.00992112,-0.0114767,-0.0114317,-0.0105114,-0.00912426,-0.00850659,-0.00768956,-0.00582027,-0.00392768,-0.00256662,-0.00158872,-0.00105181,-0.000474459,-0.000158667,-4.64826e-05,0.0,0.0,0.0,0.0,0.0,0.0,0.0,-2.12642e-05,-0.000145799,-0.000475981,-0.000932084,-0.00206865,-0.0029978,-0.00367248,-0.00416844,-0.0041955,-0.00411357,-0.00380073,-0.00335454,-0.00263256,-0.00208051,-0.00155288,-0.000849096,-0.000426259,-0.000235097,-6.40536e-05,-1.2002e-05,0.0,0.0,0.0,0.0,0.0,0.0,0.0,0.0,0.0,0.0,-3.73272e-05,-0.000135147,-0.000257683,-0.000307352,-0.00029555,-0.000380191,-0.00039672,-0.000421021,-0.000600755,-0.00051766,-0.000488723,-0.000330688,-0.000250725,