{"max":0.0207257,"min":-0.0259272,"acc":0.7888,"arr":[0.0,0.0,0.0,0.0,0.0,0.0,0.0,0.0,0.0,0.0,0.0,0.0,0.0,0.0,0.0,0.0,0.0,0.0,0.0,0.0,0.0,0.0,0.0,0.0,0.0,0.0,0.0,0.0,0.0,0.0,0.0,0.0,0.0,0.0,0.0,0.0,0.0,-2.424e-05,-4.48819e-05,-2.65041e-05,-7.60646e-05,-3.31461e-05,-2.17428e-05,-4.18936e-05,-3.64315e-05,0.0,0.0,0.0,0.0,0.0,0.0,0.0,0.0,0.0,0.0,0.0,0.0,0.0,0.0,0.0,0.0,0.0,0.0,-1.75794e-05,-9.12708e-05,-0.000201235,-0.000215266,-0.000265414,-0.000485881,-0.000470888,-0.000603146,-0.000780791,-0.000728939,-0.00042838,-0.000431407,-0.000352318,-0.000352211,-0.000251905,-9.54622e-05,-8.04722e-06,0.0,0.0,0.0,0.0,0.0,0.0,0.0,0.0,0.0,-2.53204e-05,-7.36005e-05,-0.000137166,-0.00023909,-0.000537471,-0.000888047,-0.00115253,-0.00155922,-0.00200865,-0.00225066,-0.00243501,-0.00236706,-0.00169914,-0.001305,-0.000885882,-0.00055863,-0.000315591,-0.000276065,-6.15034e-05,0.0,0.0,0.0,0.0,0.0,0.0,0.0,-8.74085e-06,-3.89538e-05,-0.000113149,-0.000266306,-0.000565544,-0.00099706,-0.000941253,-0.00119393,-0.00203331,-0.00188087,-0.00149171,0.000190842,0.00217312,0.00145331,0.00175126,0.000541569,0.0013638,0.00149257,0.000539546,-2.00333e-06,-0.000148049,-7.59743e-05,-2.72792e-05,-2.38693e-05,0.0,0.0,0.0,-1.38714e-05,-4.00939e-05,-2.73026e-05,-0.000249161,-0.000628477,-0.00135066,-0.00151427,-0.00106215,-0.00107033,-0.00124321,-0.00108098,0.000857049,0.0045428,0.00585207,0.00754714,0.0066635,0.00459656,0.00323293,0.00156384,0.00011566,-0.00108809,-0.000649644,-0.000489788,-0.000170697,-4.89718e-05,0.0,0.0,0.0,-1.52015e-06,-2.0902e-06,-7.82837e-05,-0.000192185,-0.000751416,-0.00175585,-0.00166374,-0.00140381,-0.000939988,0.000910717,0.00175389,0.00273141,0.00536021,0.00543396,0.00685,0.00922946,0.00953462,0.00752925,0.00355338,0.000964887,-0.000771158,-0.00184266,-0.00147342,-0.00074471,-0.000185701,-7.56471e-06,0.0,0.0,-1.46994e-05,-6.56376e-05,-0.000306896,-7.35432e-05,-0.00123976,-0.00124855,-0.000713725,7.53998e-05,3.95334e-05,0.00043358,0.0015495,0.00240412,0.00319363,0.00469057,0.00497678,0.00642751,0.00931681,0.0105086,0.0103342,0.00596077,0.00178944,-0.00152668,-0.00190386,-0.000955974,-0.000283092,-5.03651e-05,0.0,0.0,-8.79177e-05,-0.00030595,-0.000443744,-0.000638919,-0.00129804,-0.000155967,0.00020335,-3.21736e-05,0.000520469,0.00120387,0.00220829,0.00166447,0.00299843,0.00294842,0.0013441,0.00200345,0.00591805,0.0124442,0.0147957,0.0124419,0.00682391,0.000462315,-0.00148751,-0.000847188,-0.000291719,-2.76709e-05,0.0,0.0,-8.56146e-05,-0.00043505,-0.000746188,-0.000982819,-0.000816161,0.000878564,0.00132324,0.0017241,0.003388,0.00368169,0.00431432,0.00370745,0.00126355,-0.00195582,-0.00414318,-0.00408845,-0.000462833,0.0066863,0.0153155,0.0159306,0.0120202,0.00554069,0.000237958,-0.000383682,-0.000137266,0.0,0.0,0.0,-2.8611e-05,-0.000357736,-0.000170897,-0.000251886,0.00191617,0.00350087,0.00343815,0.00550216,0.00501711,0.00468701,0.00356244,0.00140216,-0.0028743,-0.0077539,-0.0117671,-0.0114417,-0.00653384,0.00202828,0.0130774,0.0177292,0.0162933,0.00973123,0.00196766,2.79299e-06,-6.69922e-05,0.0,0.0,0.0,0.0,-0.0001676,7.75321e-05,0.00142572,0.00469314,0.00623687,0.00768971,0.00817132,0.00635646,0.00280477,0.000545689,-0.00212002,-0.00766864,-0.0130997,-0.0168429,-0.0158983,-0.011835,-0.00166176,0.010837,0.0191094,0.0190475,0.012678,0.00417149,0.000332527,-1.16368e-05,0.0,0.0,0.0,-3.79182e-06,-9.54557e-05,0.000163139,0.00364202,0.007205,0.0102441,0.0111864,0.00868735,0.0045109,-0.000736288,-0.0054679,-0.0102484,-0.0146907,-0.0187496,-0.0208174,-0.0202141,-0.0147675,-0.00389161,0.0104241,0.0187732,0.0199962,0.0137516,0.0056771,0.000371043,0.0,0.0,0.0,0.0,-2.33496e-05,-9.74138e-05,0.000647007,0.00452673,0.010528,0.0137447,0.0125057,0.00808727,0.0008132,-0.0077847,-0.0124914,-0.0169294,-0.0205736,-0.023199,-0.0243705,-0.0231915,-0.0161705,-0.00474793,0.0100454,0.0180923,0.0188286,0.0142288,0.0060277,0.000411409,0.0,0.0,0.0,0.0,-2.55449e-05,-5.83169e-05,0.000984626,0.00655684,0.0131602,0.0162228,0.0136528,0.00662158,-0.00369591,-0.0122453,-0.0168305,-0.0216475,-0.0247009,-0.0259272,-0.024979,-0.0228634,-0.0145735,-0.00402496,0.00893779,0.0166189,0.0179224,0.0133751,0.0065607,0.000835638,0.0,0.0,0.0,0.0,-2.01565e-05,-4.31628e-05,0.00136941,0.00852458,0.0167195,0.0189156,0.0152705,0.00596952,-0.00636981,-0.0148406,-0.019371,-0.0230242,-0.0250837,-0.025394,-0.0230357,-0.0193994,-0.0104628,-0.000860196,0.00989132,0.0168369,0.0165139,0.0111759,0.00558953,0.000655197,-1.82793e-05,-1.734e-05,0.0,0.0,0.0,-4.69478e-05,0.00184937,0.00943837,0.018166,0.0201081,0.0158869,0.00586181,-0.00811329,-0.0142585,-0.0183006,-0.020643,-0.0218487,-0.0218899,-0.0198122,-0.0146879,-0.00545337,0.00236048,0.0126127,0.0163321,0.0138769,0.00878621,0.00462687,0.000831065,-7.74424e-05,-3.56999e-05,0.0,0.0,0.0,-0.000169936,0.00269013,0.0101127,0.0180094,0.0207257,0.01645,0.00623508,-0.00710113,-0.0128226,-0.0156868,-0.0175181,-0.0183804,-0.0173561,-0.0137028,-0.00784908,-0.0021164,0.00507701,0.0126179,0.0141325,0.0105949,0.00592051,0.00327156,0.00048415,-3.13911e-05,-1.836e-06,0.0,0.0,-4.74009e-05,-0.000394163,0.00311519,0.00979598,0.0167954,0.0203059,0.0175913,0.00728407,-0.00361245,-0.00917474,-0.0112892,-0.0125392,-0.0130681,-0.0110024,-0.00827807,-0.00474479,0.0011077,0.00804242,0.011271,0.0104482,0.00656174,0.00362094,0.00206722,0.000252133,-8.16868e-06,0.0,0.0,0.0,-7.7434e-05,-0.000472977,0.00269831,0.00832256,0.015751,0.0178691,0.0168248,0.00952103,0.000469206,-0.00441693,-0.00708392,-0.00830005,-0.00774907,-0.00580867,-0.00491502,-0.00115911,0.00369268,0.00909889,0.00977126,0.00686303,0.00389849,0.00247021,0.000591534,0.00015932,-2.41857e-05,0.0,0.0,0.0,-5.86469e-05,-0.000415215,0.00196034,0.00526222,0.0126584,0.0152274,0.0155541,0.0124605,0.00767792,0.00323699,-0.000882265,-0.00264353,-0.00301005,-0.00323711,-0.00159948,0.00180304,0.00600024,0.00906398,0.00661764,0.00435855,0.00201502,0.000200982,-6.23574e-05,-6.20066e-05,0.0,0.0,0.0,0.0,-1.39557e-05,-0.00017595,0.00100989,0.00348202,0.00699407,0.0113896,0.0131285,0.0138186,0.0103858,0.00714491,0.00427242,0.00251756,0.000845991,0.00114855,0.0021736,0.00569066,0.00640241,0.00483996,0.00331498,0.00144488,-4.25241e-05,-0.000373863,-9.55511e-05,-1.33708e-05,0.0,0.0,0.0,0.0,0.0,-0.000119725,0.000368053,0.00236569,0.00300149,0.00550167,0.00892858,0.0094682,0.00969913,0.00783774,0.00571489,0.00468957,0.00218667,0.00220873,0.00182696,0.00225843,0.00168786,0.00146148,9.84502e-05,-0.000284634,-0.000207565,-0.000101061,-0.000127303,-4.89494e-05,0.0,0.0,0.0,0.0,0.0,-7.01181e-05,-0.00022249,0.000406996,0.00117897,0.00172799,0.0027176,0.00320667,0.00337658,0.00256564,0.00202821,0.000884077,-0.000160596,-0.00166494,-0.001611,-0.00154198,-0.0012608,-0.00114143,-0.00102452,-0.000596382,-0.000384104,-0.000173095,-7.94797e-05,-2.19494e-05,0.0,0.0,0.0,0.0,0.0,0.0,-4.06334e-05,-3.84727e-05,-9.4815e-05,-0.000773181,-0.00141451,-0.0025653,-0.00425843,-0.00543696,-0.00573737,-0.00542398,-0.00490943,-0.00428961,-0.00370516,-0.00272275,-0.0019359,-0.00137714,-0.000851655,-0.000524029,-0.000242083,-8.61009e-05,-4.16316e-05,-9.97699e-07,0.0,0.0,0.0,0.0,0.0,0.0,0.0,-5.83948e-05,-0.000194585,-0.000682696,-0.00131443,-0.0019517,-0.00287982,-0.00325605,-0.00310398,-0.00284309,-0.0023087,-0.00244441,-0.00235469,-0.00190535,-0.00129082,-0.00071154,-0.00041207,-0.000189576,-9.55473e-05,-3.32741e-05,0.0,0.0,0.0,0.0,0.0,0.0,0.0,0.0,0.0,-1.45968e-05,-0.000109654,-0.000305373,-0.000645836,-0.000615514,-0.000906343,-0.000993383,-0.000885953,-0.00110668,-0.00111327,-0.00101408,-0.000984313,-0.000856405,-0.000398498,-0.000110423,-1.70588e-05,-6.06044e-06,0.0,0.0,0.0,0.0,0.0,0.0,0.0,0.0,0.0,0.0,0.0,0.0,-7.7673e-06,-5.41171e-05,-8.6206e-05,-4.63596e-05,-7.44747e-05,-9.67516e-05,-9.16503e-05,-0.000160149,-0.000242841,-0.000189051,-0.000203451,-0.000113709,0.0,0.0,0.0,0.0,0.0,0.0,0.0,0.0,0.0,0.0]}