{"max":0.0327719,"min":-0.0360669,"acc":0.7512,"arr":[0.0,0.0,0.0,0.0,0.0,0.0,0.0,0.0,0.0,0.0,0.0,0.0,0.0,0.0,0.0,0.0,0.0,0.0,0.0,0.0,0.0,0.0,0.0,0.0,0.0,0.0,0.0,0.0,0.0,0.0,0.0,0.0,0.0,0.0,0.0,0.0,0.0,-2.424e-05,-6.07807e-05,-6.23819e-05,-8.67576e-05,-3.31461e-05,-2.17428e-05,-4.18936e-05,-3.64315e-05,0.0,0.0,0.0,0.0,0.0,0.0,0.0,0.0,0.0,0.0,0.0,0.0,0.0,0.0,0.0,0.0,0.0,0.0,-1.75794e-05,-0.000142526,-0.000283007,-0.000268594,-0.000404662,-0.000678469,-0.000715657,-0.000911457,-0.00116344,-0.00120454,-0.0008166,-0.000641183,-0.000436083,-0.000437499,-0.00029265,-0.000120305,-1.21706e-05,0.0,0.0,0.0,0.0,0.0,0.0,0.0,0.0,0.0,-2.53204e-05,-7.65229e-05,-0.000176005,-0.000374127,-0.000751854,-0.00116604,-0.00168183,-0.00237143,-0.00255969,-0.00254024,-0.00251083,-0.00273145,-0.0024566,-0.00216528,-0.00150072,-0.000892081,-0.00046216,-0.000327151,-6.27404e-05,0.0,0.0,0.0,0.0,0.0,0.0,0.0,-8.74085e-06,-7.99307e-05,-0.000167857,-0.00034712,-0.000740192,-0.00110833,-0.00115163,-0.00202813,-0.00224531,-0.00133174,-0.000188363,0.00229574,0.00475165,0.00399069,0.00383178,0.00139146,0.00238822,0.00196073,0.000756968,-2.10634e-06,-0.000337261,-0.000198931,-4.0088e-05,-2.38693e-05,0.0,0.0,0.0,-1.38714e-05,-4.00939e-05,-8.6054e-05,-0.000447802,-0.00103782,-0.00198279,-0.00228804,-0.00207414,-0.0024028,-0.000610284,0.00209395,0.00615045,0.0104734,0.0127524,0.0157053,0.0130945,0.00924244,0.00651431,0.00338534,0.00132481,-0.00104846,-0.001011,-0.000780635,-0.00029472,-4.89718e-05,0.0,0.0,0.0,-1.52015e-06,-5.16893e-05,-0.000211409,-0.000569321,-0.00140479,-0.00263723,-0.00284114,-0.00298555,-0.000914689,0.0035614,0.00713356,0.00916099,0.0117663,0.0127712,0.0160842,0.0188445,0.0181524,0.0140223,0.00795811,0.00442909,0.000974608,-0.00186424,-0.00182346,-0.000976829,-0.000185701,-7.56471e-06,0.0,0.0,-3.34915e-05,-0.00014026,-0.000555486,-0.000648812,-0.00206579,-0.00227798,-0.00173548,0.000546224,0.00288468,0.00627846,0.0088581,0.00901137,0.00900642,0.0115129,0.0130915,0.015749,0.0178544,0.017914,0.0171943,0.0118353,0.00630448,4.81158e-05,-0.00179313,-0.00109878,-0.000283092,-5.03651e-05,0.0,-2.79589e-05,-0.000126724,-0.000503417,-0.000855373,-0.00124152,-0.00218614,-0.000540886,0.00114965,0.00294797,0.00729259,0.0093876,0.0101004,0.00785213,0.00747171,0.00721047,0.00689621,0.00815749,0.0128655,0.0198958,0.0232072,0.0197653,0.0133409,0.00465445,-0.000244259,-0.000932452,-0.000291719,-2.76709e-05,0.0,-3.02507e-05,-0.000129683,-0.000690071,-0.00121139,-0.00169176,-0.00169079,0.00189778,0.00469158,0.00863172,0.0123264,0.0121947,0.011177,0.00890964,0.00434605,-4.23198e-05,-0.00250479,-0.00292055,0.00314359,0.0131457,0.0229917,0.0243309,0.0193902,0.0113907,0.00233367,-0.00057263,-0.000137266,0.0,0.0,-1.52781e-06,-6.29432e-05,-0.000567863,-0.00060167,-0.000764615,0.00197448,0.00684512,0.0103169,0.0155155,0.0143829,0.0116515,0.00883783,0.00459279,-0.00214076,-0.00795727,-0.0133776,-0.0135421,-0.00641348,0.00570833,0.0201397,0.0267539,0.0251665,0.0166274,0.00471173,-0.000117658,-9.15445e-05,0.0,0.0,0.0,-3.73789e-06,-0.000301535,-0.000354719,0.00148758,0.00688503,0.0119757,0.0165051,0.0180922,0.0139887,0.00725085,0.00326613,-0.00256792,-0.00917742,-0.0157715,-0.0216051,-0.0203125,-0.0135566,0.00120144,0.0193044,0.0295861,0.0294699,0.0200552,0.00739303,0.000273926,-7.02379e-05,0.0,0.0,0.0,-3.79182e-06,-0.000176309,1.57035e-05,0.00452211,0.0116073,0.0179463,0.0210375,0.0182924,0.0106224,0.000847817,-0.00597728,-0.0136145,-0.0191926,-0.0247842,-0.0277247,-0.027133,-0.0182098,-0.00143795,0.0200565,0.0299566,0.030746,0.0210961,0.00832122,0.000317537,-4.70199e-05,0.0,0.0,0.0,-2.33496e-05,-0.000180126,0.000807201,0.00682928,0.0172899,0.0231649,0.0227213,0.0159246,0.00370586,-0.00796856,-0.0156005,-0.0228947,-0.0283067,-0.0319418,-0.0338988,-0.0321622,-0.0209299,-0.0026965,0.0203705,0.0301065,0.029738,0.021228,0.00798572,0.000367787,-2.08462e-06,0.0,0.0,0.0,-2.55449e-05,-0.000141575,0.00135876,0.0105869,0.0216209,0.0268872,0.0237195,0.0123275,-0.00322756,-0.0147358,-0.0222458,-0.0297934,-0.0340446,-0.0360669,-0.0351577,-0.031668,-0.0198623,-0.00135999,0.0198126,0.0293073,0.0282371,0.0196385,0.00871121,0.000823198,-1.22042e-05,0.0,0.0,0.0,-2.01565e-05,-0.000126236,0.00200293,0.014105,0.0262508,0.0303335,0.0246846,0.0104783,-0.00716965,-0.0190289,-0.0265824,-0.032243,-0.0354803,-0.0359732,-0.0325939,-0.0266282,-0.0130573,0.00374636,0.0213952,0.0285454,0.0248733,0.0161461,0.00764781,0.000627795,-7.65371e-05,-1.734e-05,0.0,0.0,0.0,-0.000110712,0.00275193,0.0158318,0.0289778,0.0315437,0.0253066,0.0103405,-0.00880566,-0.0190491,-0.025636,-0.0291052,-0.0313672,-0.0313795,-0.0272144,-0.0183178,-0.00448337,0.00950719,0.0252488,0.0265453,0.0204249,0.0125663,0.00593618,0.000772807,-0.0001357,-3.56999e-05,0.0,-9.20096e-06,0.0,-0.000265901,0.00370694,0.0174348,0.028766,0.0327013,0.0260786,0.0109002,-0.00783547,-0.0170544,-0.0217375,-0.0245079,-0.0258776,-0.0245774,-0.0184264,-0.00852829,0.0018035,0.0138971,0.0243059,0.0218765,0.015572,0.00873787,0.00376125,0.000431984,-5.23455e-05,-1.836e-06,0.0,-6.03813e-06,-4.74009e-05,-0.000521206,0.00402795,0.0158172,0.0266049,0.0327719,0.0286878,0.0129467,-0.00341318,-0.0117636,-0.0153459,-0.017468,-0.0186385,-0.0150486,-0.00958751,-0.00231648,0.00816547,0.0175368,0.0198062,0.016246,0.0104445,0.00512614,0.00196341,0.000194973,-8.16868e-06,0.0,0.0,0.0,-8.42892e-05,-0.000644976,0.00360635,0.0126541,0.0244063,0.0297292,0.0286817,0.0184148,0.00461174,-0.00371244,-0.0083881,-0.0105227,-0.00999392,-0.006321,-0.00332162,0.00398883,0.0117807,0.0169689,0.0160548,0.0113002,0.00671925,0.00254458,0.000413883,0.000118355,-2.41857e-05,0.0,0.0,0.0,-9.19709e-05,-0.000649682,0.00257615,0.0079687,0.0196956,0.0256286,0.027001,0.0229612,0.0155504,0.00823277,0.00196146,-0.000430164,-0.00172505,-0.000684588,0.00327006,0.00923787,0.0129629,0.0151461,0.0118021,0.0080913,0.00268733,-0.000401242,-0.000229837,-8.24654e-05,0.0,0.0,0.0,0.0,-6.25136e-05,-0.000479521,0.000943938,0.00454001,0.0111872,0.0192808,0.0231352,0.0245862,0.0212125,0.0168071,0.0121324,0.0095994,0.00723819,0.00848668,0.00966215,0.0126602,0.0133187,0.0103302,0.00731088,0.00298399,-0.000140926,-0.000748541,-0.000295389,-2.13365e-05,0.0,0.0,0.0,0.0,-1.54242e-05,-0.000281403,-3.1298e-05,0.00209283,0.00402693,0.00913748,0.01466,0.0176377,0.0191265,0.0174828,0.0156675,0.0136578,0.0103075,0.010205,0.00928481,0.00834622,0.00675258,0.00512595,0.00127311,-0.000528776,-0.000596924,-0.000358848,-0.000234028,-4.89494e-05,0.0,0.0,0.0,0.0,0.0,-0.000115995,-0.000379071,3.5595e-06,0.000932381,0.00209963,0.00374141,0.00618534,0.00746183,0.00764133,0.00801874,0.00704292,0.00568205,0.00250856,0.00144489,0.000944229,-4.00149e-05,-0.00121954,-0.00165035,-0.00108558,-0.000697559,-0.000320415,-0.000143924,-2.19494e-05,0.0,0.0,0.0,0.0,0.0,-3.18463e-06,-0.000116941,-0.00017795,-0.000295008,-0.000977767,-0.00179237,-0.00306316,-0.00477946,-0.00567262,-0.00562641,-0.00552194,-0.00574751,-0.00503014,-0.004637,-0.0036068,-0.00262345,-0.00184223,-0.00127275,-0.000737336,-0.000389673,-0.000157781,-5.26774e-05,-9.97699e-07,0.0,0.0,0.0,0.0,0.0,0.0,-5.73016e-06,-7.59556e-05,-0.000256264,-0.000814499,-0.00166291,-0.00256858,-0.00401001,-0.00469536,-0.00432977,-0.00367074,-0.0031346,-0.00311396,-0.00298065,-0.00241749,-0.00159841,-0.000853952,-0.000541516,-0.000286421,-0.000123349,-5.29477e-05,0.0,0.0,0.0,0.0,0.0,0.0,0.0,0.0,-3.72005e-06,-4.80013e-05,-0.000185286,-0.000413504,-0.000916357,-0.00110595,-0.00148966,-0.00154015,-0.00139349,-0.0015532,-0.00154419,-0.00137792,-0.00126231,-0.00107168,-0.000551737,-0.000154876,-8.97272e-05,-2.5515e-05,0.0,0.0,0.0,0.0,0.0,0.0,0.0,0.0,0.0,0.0,0.0,0.0,-7.7673e-06,-7.84294e-05,-0.000139874,-0.000155949,-0.000152178,-0.000173123,-0.000143788,-0.000194417,-0.000279003,-0.000278763,-0.000280808,-0.000116386,0.0,-2.28877e-05,-7.23823e-05,-1.83101e-05,0.0,0.0,0.0,0.0,0.0,0.0]}