{"max":0.0490599,"min":-0.0668684,"acc":0.7964,"arr":[0.0,0.0,0.0,0.0,0.0,0.0,0.0,0.0,0.0,0.0,0.0,0.0,0.0,0.0,0.0,0.0,0.0,0.0,0.0,0.0,0.0,0.0,0.0,0.0,0.0,0.0,0.0,0.0,0.0,0.0,0.0,0.0,0.0,0.0,-3.5245e-05,-7.07965e-05,-3.18027e-05,-2.72857e-05,-6.07807e-05,-8.78648e-05,-0.000144947,-0.000158594,-0.000180492,-8.06194e-05,-0.000156452,-9.32858e-05,-8.91871e-05,-0.000118087,-8.04919e-05,-7.00381e-07,0.0,0.0,0.0,0.0,0.0,0.0,0.0,0.0,0.0,-3.84478e-06,-7.90482e-06,0.0,-3.66876e-05,-9.00823e-05,-0.000232108,-0.000392987,-0.000546134,-0.0009181,-0.00147479,-0.00163708,-0.00204163,-0.00223651,-0.00205281,-0.00176012,-0.00159461,-0.00133107,-0.000947035,-0.000413357,-0.000130218,-1.21706e-05,0.0,0.0,0.0,0.0,0.0,0.0,0.0,-3.71197e-05,-4.65069e-05,-2.81443e-05,-0.000140018,-0.000299154,-0.000516824,-0.00134289,-0.00226241,-0.0034726,-0.00476212,-0.0055755,-0.00601722,-0.0057086,-0.00539821,-0.00501624,-0.00515872,-0.00409014,-0.00253825,-0.00111184,-0.000523818,-0.000158141,-3.66869e-05,-2.19108e-05,0.0,0.0,0.0,0.0,0.0,-4.83673e-05,-9.35948e-05,-0.00032292,-0.000849345,-0.00151998,-0.00159691,-0.00255574,-0.00457071,-0.00396464,-0.0026732,-0.00128304,0.000329336,0.00298437,0.00213376,0.00247207,0.00168445,0.00245013,0.00088988,-4.37845e-05,-0.000477103,-0.000862531,-0.000502104,-0.000155892,-2.38693e-05,0.0,0.0,0.0,-1.38714e-05,-4.00939e-05,-0.000165702,-0.000913463,-0.0019801,-0.00342346,-0.00448161,-0.00515239,-0.00528639,-0.0021892,0.00038052,0.00587645,0.0125831,0.0165518,0.0193611,0.0166633,0.0123186,0.00956359,0.00392065,-1.32855e-05,-0.0021741,-0.00253726,-0.00190198,-0.000625228,-7.05188e-05,0.0,0.0,0.0,-1.52015e-06,-0.000146974,-0.000487394,-0.000971064,-0.00268723,-0.00521614,-0.00680309,-0.00683409,-0.00370966,0.00168218,0.00736501,0.0115524,0.0167187,0.0177089,0.0216402,0.0251673,0.0240685,0.0192412,0.0111314,0.00399214,0.00020646,-0.0030746,-0.00363123,-0.00170831,-0.000281438,-5.51028e-05,0.0,-1.46518e-05,-0.000124506,-0.00040004,-0.00114354,-0.00170817,-0.00448586,-0.0063618,-0.00678497,-0.00440541,-0.000577686,0.0042113,0.00975488,0.0113342,0.0117777,0.0138385,0.0161771,0.0209074,0.0243569,0.0251568,0.0230554,0.0149543,0.00748726,-9.08733e-05,-0.00333233,-0.00219269,-0.000661157,-0.000106412,0.0,-3.67012e-05,-0.000272081,-0.000902478,-0.00193226,-0.00399924,-0.00609586,-0.00511015,-0.00331637,-0.00141184,0.00491867,0.00871202,0.0105905,0.00934809,0.00873801,0.00798337,0.00808477,0.00882087,0.0153303,0.0259538,0.0313563,0.0266083,0.0173701,0.00743866,-4.25843e-05,-0.00188374,-0.000538317,-2.76709e-05,0.0,-4.80334e-05,-0.000269748,-0.00121576,-0.00259274,-0.00437435,-0.00491693,-0.00137554,0.00215721,0.00745226,0.0125882,0.0147959,0.0141205,0.0108676,0.00340587,-0.00280377,-0.00506495,-0.0059056,0.000892643,0.0158104,0.0323852,0.0349691,0.0279572,0.0171146,0.00398117,-0.00127825,-0.000310219,0.0,0.0,-2.66921e-05,-0.000187568,-0.00110886,-0.0018882,-0.00246432,6.34117e-05,0.0062144,0.0106277,0.0180747,0.0179445,0.0156667,0.011393,0.0025197,-0.00810279,-0.0153278,-0.0221825,-0.0224479,-0.0129304,0.00601769,0.0289157,0.0409483,0.0389496,0.0257482,0.00711167,-0.000419291,-0.000213886,-1.5095e-06,0.0,-5.24493e-06,-0.000182279,-0.000797386,-0.0013647,0.000640469,0.00749699,0.0143854,0.0207433,0.0232682,0.0196915,0.00992597,0.00113296,-0.00910469,-0.0184668,-0.028598,-0.0368276,-0.0369577,-0.0250663,0.000180223,0.0278509,0.0449206,0.04653,0.0319508,0.0116453,0.000308085,-0.000119493,-3.61311e-05,0.0,-1.80414e-05,-0.000208406,-0.000520007,-0.000787044,0.00538512,0.0146085,0.0235308,0.0275518,0.0244679,0.0163295,0.00105784,-0.0115181,-0.0243424,-0.0347846,-0.0448188,-0.0508013,-0.0503026,-0.0343899,-0.0044931,0.0294089,0.0456851,0.0474047,0.0342914,0.0139869,0.000268135,-0.000129255,-4.15083e-05,0.0,0.0,-0.000150424,-0.00043603,0.000202575,0.00939444,0.0231679,0.0333206,0.0316348,0.0237262,0.00637438,-0.0124842,-0.0272293,-0.0410361,-0.051239,-0.0584561,-0.0620561,-0.059393,-0.0394874,-0.00708914,0.0304795,0.0460561,0.0458461,0.0332796,0.0139549,0.000248281,-6.76681e-05,-1.11963e-05,0.0,-2.66063e-05,-8.62103e-05,-0.000274748,0.00143493,0.0154103,0.0306077,0.0393692,0.0340557,0.0194538,-0.00394313,-0.0234392,-0.0394186,-0.0539989,-0.0625462,-0.0668684,-0.0659159,-0.0598916,-0.0377176,-0.00431955,0.0305735,0.0446244,0.0428475,0.0302705,0.0140057,0.000778465,-4.3529e-05,0.0,0.0,-6.07375e-05,-0.000123009,-0.000263866,0.00319574,0.0213636,0.0392027,0.0446028,0.0358387,0.0155919,-0.0108683,-0.0320439,-0.0469754,-0.0576628,-0.064711,-0.0667277,-0.0627859,-0.0516032,-0.026579,0.00396732,0.0319841,0.0420633,0.0375913,0.0247664,0.0115321,0.000633169,-0.000101053,-1.734e-05,0.0,-2.87563e-05,-0.000122372,-0.000308488,0.0045511,0.0248991,0.0442662,0.0468904,0.0365384,0.0139908,-0.0144167,-0.0321942,-0.0450269,-0.0532748,-0.0586954,-0.0589933,-0.0528123,-0.0374882,-0.0116494,0.0151887,0.036103,0.0372491,0.0300299,0.0187255,0.00813999,0.000618041,-0.00024357,-3.56999e-05,0.0,-1.91447e-05,-0.000113309,-0.00074506,0.00517475,0.0277905,0.0443388,0.0490599,0.0370989,0.0136607,-0.0141178,-0.0309697,-0.0401405,-0.0464481,-0.049655,-0.0475655,-0.0382651,-0.0192594,0.00247605,0.022566,0.0331671,0.0300205,0.0221678,0.0123842,0.00407762,0.000288762,-9.62362e-05,-1.836e-06,0.0,-6.03813e-06,-0.000184831,-0.0012514,0.00535098,0.0256172,0.0423937,0.048913,0.0398949,0.0169462,-0.00814505,-0.0236124,-0.0315823,-0.036252,-0.0388089,-0.0322372,-0.0210529,-0.00508901,0.0126376,0.0239946,0.0260973,0.0216648,0.0142877,0.00596656,0.00163202,-0.000139653,-4.37724e-05,0.0,0.0,0.0,-0.000228673,-0.0013392,0.00438684,0.0200881,0.0376168,0.044937,0.0405648,0.0260134,0.00318093,-0.0126854,-0.021335,-0.0249202,-0.0236722,-0.0157286,-0.00665027,0.00663736,0.0163561,0.0207571,0.0197383,0.0143856,0.00831943,0.00202002,-4.12282e-06,-0.000154595,-9.63064e-05,0.0,0.0,0.0,-0.000231277,-0.00128864,0.00248845,0.0121826,0.029,0.0379505,0.0396898,0.0335653,0.0209477,0.00632206,-0.0043948,-0.00825649,-0.00839218,-0.00415384,0.00426365,0.0130062,0.0158659,0.0186613,0.0133407,0.00957326,0.00254889,-0.00116422,-0.000864371,-0.00032192,-4.82191e-05,0.0,0.0,0.0,-0.000152032,-0.00100761,0.000306442,0.00578459,0.0161286,0.0271922,0.0336725,0.0360282,0.0306241,0.0220159,0.0146037,0.00987946,0.00817002,0.0122801,0.0144577,0.0163585,0.0145351,0.010839,0.00716732,0.00225804,-0.00142791,-0.00144909,-0.000797871,-0.000183461,-2.64642e-05,0.0,0.0,0.0,-3.48714e-05,-0.000658527,-0.00102992,0.00172084,0.00577622,0.0128117,0.0212738,0.0264696,0.0295386,0.0276549,0.0243163,0.0219266,0.0175794,0.0167865,0.0139192,0.00880949,0.0058029,0.00369661,-0.00106491,-0.0022563,-0.00164769,-0.000731584,-0.000489075,-0.000104269,-1.12773e-05,0.0,0.0,0.0,0.0,-0.000194745,-0.00100761,-0.000622733,0.000420024,0.00177092,0.00446804,0.00889189,0.0118914,0.0133517,0.0139116,0.012158,0.0103268,0.00500209,0.000656921,-0.00144307,-0.00241966,-0.00360987,-0.00355715,-0.00238296,-0.00133329,-0.000545294,-0.000269906,-5.3653e-05,0.0,0.0,0.0,0.0,0.0,-8.45011e-06,-0.000216067,-0.00048513,-0.00112081,-0.00256672,-0.00454345,-0.00663068,-0.00929346,-0.0109038,-0.0099579,-0.00901705,-0.00940224,-0.0102251,-0.00986718,-0.00785679,-0.00552927,-0.00360855,-0.00227926,-0.00144172,-0.000804602,-0.000408463,-0.000191518,-2.05555e-05,0.0,0.0,0.0,0.0,0.0,0.0,-7.80776e-06,-0.000204376,-0.000753504,-0.00175341,-0.00325726,-0.00497786,-0.00717705,-0.00845196,-0.00824728,-0.00741381,-0.00638854,-0.00628738,-0.00588332,-0.00445638,-0.00284338,-0.00180252,-0.0011708,-0.000829992,-0.000365036,-0.000158667,-4.64826e-05,0.0,0.0,0.0,0.0,0.0,0.0,0.0,-2.12642e-05,-0.000145047,-0.00039646,-0.000712669,-0.00150077,-0.00213113,-0.00280499,-0.00322548,-0.00314054,-0.00313694,-0.00298579,-0.00261865,-0.00215073,-0.00169635,-0.00110518,-0.000520494,-0.000220414,-0.000185223,-6.35983e-05,-1.2002e-05,0.0,0.0,0.0,0.0,0.0,0.0,0.0,0.0,0.0,0.0,-7.7673e-06,-7.84294e-05,-0.000181436,-0.00022126,-0.000269493,-0.00031579,-0.000315542,-0.000358849,-0.000462084,-0.00042577,-0.000381669,-0.000239235,