{"max":0.389061,"min":-0.20459,"acc":0.8973,"arr":[0.0,0.0,0.0,0.0,0.0,0.0,0.0,0.0,0.0,0.0,0.0,0.0,-3.00602e-06,-8.65306e-06,-2.30452e-06,-9.60218e-08,0.0,0.0,0.0,0.0,0.0,0.0,0.0,0.0,0.0,0.0,0.0,0.0,0.0,0.0,0.0,0.0,-4.89258e-08,-1.4867e-07,-1.08485e-05,-3.39384e-05,-0.000269145,-0.000253393,-0.000263291,-0.00021064,-0.000204719,-0.000217009,0.000221944,0.000692082,-0.000319591,-0.000266778,-9.469e-05,-0.000149241,-0.000124314,-3.45524e-05,-6.00067e-06,-4.14931e-07,0.0,0.0,0.0,0.0,0.0,0.0,-9.88772e-09,-1.57713e-06,-3.36327e-06,-2.44249e-06,-4.20686e-05,-0.000271536,-0.000993007,-0.00166076,-0.00231937,-0.00256652,-0.00249002,-0.000556159,-0.000195435,0.00121112,-0.00101143,-0.00287073,-0.00387808,-0.00350734,-0.00278942,-0.00187909,-0.000883005,-0.000415577,-0.000193509,-4.43452e-05,0.0,0.0,0.0,0.0,1.18573e-05,-7.44448e-06,-1.85386e-05,-0.000135384,-0.000480448,-0.00173246,-0.00458456,-0.00820618,-0.012149,-0.0167939,-0.0168113,-0.013786,-0.0127008,-0.0129729,-0.0152348,-0.0196626,-0.0211855,-0.0179288,-0.0132991,-0.00795606,-0.00386749,-0.00214876,-0.00126371,-0.000294421,-0.000116179,0.0,0.0,-1.81585e-06,3.63072e-05,-2.35852e-05,-0.000225077,-0.000815989,-0.00281811,-0.00803817,-0.0139652,-0.0213809,-0.0242921,-0.0173484,0.00820315,0.0327937,0.0369547,0.0246044,0.00652936,0.00911062,0.0222358,0.0432322,0.0463235,0.036287,0.0174194,0.00440844,-0.00239531,-0.00181109,-0.000230534,-4.62908e-05,0.0,0.0,-1.09812e-05,0.000218245,-0.00023147,-0.00231627,-0.00889591,-0.0205385,-0.0348587,-0.0470291,-0.0476739,-0.0310956,0.00985884,0.0460716,0.0487327,0.0262716,-0.00649731,-0.0067183,0.0265145,0.0633824,0.0769838,0.0592991,0.0277481,0.00545282,-0.00339813,-0.00430513,-0.000653703,-6.3403e-05,0.0,-5.65293e-07,-0.000127161,0.000363512,-0.00102447,-0.00695558,-0.0182699,-0.036108,-0.0587794,-0.0812917,-0.0894457,-0.0738267,-0.034849,-0.00116023,-0.00385819,-0.0357288,-0.0660198,-0.0584139,-0.00389378,0.0373886,0.0496496,0.0282629,0.00198327,-0.0120592,-0.0131186,-0.00797989,-0.00149432,-0.000145143,0.0,-3.6781e-05,-0.000149652,-0.000870556,-0.00305932,-0.012153,-0.0292083,-0.0501412,-0.0786671,-0.104786,-0.123175,-0.119159,-0.0751243,-0.0336278,-0.0260669,-0.0499796,-0.0720627,-0.0561979,-0.0205791,0.00666647,0.00161547,-0.017341,-0.0317293,-0.0348543,-0.0279207,-0.0131356,-0.00195813,-0.000225533,-7.38457e-07,-4.67572e-05,-0.00036175,-0.00152387,-0.00479494,-0.0151639,-0.0330226,-0.0547818,-0.083748,-0.112423,-0.137139,-0.134814,-0.0901654,-0.0235495,0.0223613,0.0251584,-0.00847098,-0.00877449,-0.0183951,-0.0315599,-0.0502648,-0.0654936,-0.0642495,-0.0531431,-0.036613,-0.0166481,-0.00235148,-0.00013899,-1.76024e-05,-6.10099e-05,-0.000408715,-0.00178185,-0.00520864,-0.0155654,-0.0310712,-0.0487685,-0.0763338,-0.106218,-0.131069,-0.133769,-0.0848993,0.0132328,0.115367,0.138651,0.0755379,0.00813396,-0.0377915,-0.0736321,-0.0901982,-0.0888404,-0.0727775,-0.0530226,-0.0328362,-0.0137424,-0.00195932,-0.000188746,-2.06041e-05,-5.31153e-05,-0.000307088,-0.00164257,-0.00446906,-0.013229,-0.0278392,-0.0431581,-0.0674833,-0.0985342,-0.125421,-0.135632,-0.0843388,0.0496747,0.215637,0.247817,0.116017,-0.00570857,-0.0732249,-0.098975,-0.101596,-0.0792095,-0.0552544,-0.0367886,-0.0216616,-0.0078312,-0.00112279,-3.99111e-05,-6.28234e-06,-9.96062e-06,-0.000191555,-0.000960047,-0.00281196,-0.00982977,-0.0234744,-0.0403844,-0.0653088,-0.101364,-0.136335,-0.154761,-0.101777,0.0780433,0.30934,0.313736,0.10172,-0.0465058,-0.0981304,-0.104591,-0.0818791,-0.0532066,-0.0333082,-0.0199867,-0.0104324,-0.00345735,-0.000497431,2.93064e-05,-1.94676e-07,-1.90994e-05,-0.000185014,-0.00039546,-0.00184517,-0.00885116,-0.0207339,-0.0387731,-0.0663173,-0.106481,-0.153346,-0.18183,-0.122338,0.118916,0.38219,0.305833,0.045574,-0.0933661,-0.120084,-0.0992796,-0.0629797,-0.0370595,-0.0229245,-0.0125898,-0.00594157,-0.00143386,-0.000541007,2.55084e-05,1.59329e-05,-8.43056e-06,-9.09529e-05,-0.00015395,-0.00149065,-0.00852424,-0.0204159,-0.0388752,-0.0670758,-0.115521,-0.172195,-0.20459,-0.13073,0.177229,0.389061,0.252943,-0.0279338,-0.144065,-0.135868,-0.0917684,-0.0557246,-0.0334719,-0.0208936,-0.012934,-0.0071038,-0.00222691,-0.000714485,-4.90593e-05,-3.88575e-07,-1.8873e-05,-3.97092e-05,0.000143273,-0.00163286,-0.00971619,-0.0226524,-0.0421395,-0.0710429,-0.120599,-0.17705,-0.203518,-0.085785,0.232475,0.358205,0.192445,-0.0996106,-0.18249,-0.14035,-0.0945811,-0.0604606,-0.0377231,-0.0240393,-0.0151313,-0.00771591,-0.00258477,-0.000534939,-1.56123e-05,-1.49006e-07,-2.84038e-05,8.95351e-05,-0.000209412,-0.00257181,-0.0123003,-0.0282131,-0.0469924,-0.0757579,-0.120673,-0.165722,-0.149671,-0.00239923,0.258825,0.328734,0.111967,-0.150695,-0.189746,-0.140294,-0.0985478,-0.066365,-0.043628,-0.0290857,-0.0178237,-0.00936861,-0.00326941,-0.000893243,-0.000110112,-1.24423e-07,2.38133e-05,0.000100718,-0.000837222,-0.00400212,-0.0166076,-0.0376399,-0.0568158,-0.0812696,-0.111818,-0.120043,-0.0684397,0.0659767,0.26945,0.283046,0.0374701,-0.154776,-0.181541,-0.14104,-0.0993019,-0.0680917,-0.0450058,-0.0306988,-0.0198454,-0.0114441,-0.00526292,-0.00135856,-9.85957e-05,0.0,5.52771e-05,-0.000202076,-0.00150095,-0.00677623,-0.0247959,-0.0510455,-0.0699799,-0.0847214,-0.0898571,-0.0560459,0.00861596,0.126854,0.249341,0.203248,0.00581148,-0.131192,-0.160606,-0.134595,-0.0958438,-0.0654193,-0.0450935,-0.0313767,-0.0216943,-0.0132727,-0.00594325,-0.00132935,-3.34259e-05,-4.52917e-06,3.93387e-06,-0.000322059,-0.0023315,-0.0102871,-0.0336067,-0.066251,-0.0822279,-0.0777309,-0.0527431,-0.00871587,0.0581225,0.135351,0.184121,0.132368,-0.00289195,-0.105606,-0.134905,-0.118894,-0.0869978,-0.0609473,-0.0448211,-0.0339424,-0.0237582,-0.0132305,-0.00433041,-0.000798454,-1.01371e-05,6.62381e-06,2.23647e-05,-0.000494902,-0.00312275,-0.012532,-0.0396346,-0.0678594,-0.0767633,-0.0584384,-0.0196879,0.0193376,0.0618694,0.0860246,0.104963,0.0726728,-0.00476382,-0.0724856,-0.105984,-0.0973024,-0.0759043,-0.0587114,-0.043553,-0.0320873,-0.0206964,-0.0108178,-0.00350265,-0.000761634,-1.5283e-06,0.0,-2.43198e-05,-0.000657867,-0.00380095,-0.0117299,-0.0311533,-0.0472404,-0.0486896,-0.0248473,0.00847507,0.0291158,0.0311573,0.0167463,0.0198601,0.0262493,-0.00365393,-0.0415281,-0.0702087,-0.0748644,-0.0641375,-0.0516844,-0.0398918,-0.0280509,-0.0171427,-0.00959595,-0.00247735,-0.000465086,9.69178e-06,5.90113e-06,-6.56864e-06,-0.000553697,-0.0028781,-0.00626952,-0.00748276,-0.0106122,-0.00745912,0.0148784,0.0249232,0.0144329,-0.0263837,-0.054259,-0.0428694,0.00236075,0.0125962,-0.00806727,-0.035291,-0.0506903,-0.0480894,-0.0381767,-0.0278935,-0.0216698,-0.0130233,-0.00580359,-0.00174148,-0.000256834,-1.0671e-08,5.71672e-06,1.26931e-06,-0.000420795,-0.00173891,-8.96361e-05,0.0142897,0.0197715,0.0287825,0.0408123,0.0373936,-0.00436495,-0.0650365,-0.0964929,-0.06798,0.00431708,0.0412266,0.0346511,0.00586006,-0.0214774,-0.0290015,-0.0234491,-0.019028,-0.0143783,-0.00785988,-0.0031191,-0.00051848,0.000155067,-1.97004e-08,0.0,0.0,-0.000114552,-0.0009982,0.0022468,0.0174391,0.0296817,0.0382042,0.0415163,0.028818,-0.0168625,-0.059776,-0.0753406,-0.0565311,0.00407922,0.0497246,0.0452262,0.0169825,-0.0116173,-0.0135919,-0.0107487,-0.00882819,-0.0064116,-0.00402855,-0.00113115,-5.55838e-05,0.000234576,0.0,0.0,0.0,-1.45994e-05,-0.00043129,-0.000796216,0.00380197,0.00395084,-0.00397804,-0.0166358,-0.0368479,-0.065025,-0.0851435,-0.0916465,-0.0804287,-0.0525087,-0.0262669,-0.0191834,-0.0138392,-0.0113038,-0.00724146,-0.00411303,-0.00205662,-0.00219119,-0.00126516,-0.000358222,5.70238e-05,1.9043e-05,0.0,0.0,0.0,-1.04532e-06,-7.89923e-05,-0.000797345,-0.00210791,-0.00505165,-0.0116967,-0.0199821,-0.030318,-0.0431707,-0.0477946,-0.0468985,-0.0459604,-0.0386481,-0.0312971,-0.0206281,-0.0123922,-0.00670125,-0.00419578,-0.00227573,-0.00124049,-0.000681306,-0.000205948,-2.85331e-05,-1.10399e-06,-1.28135e-06,0.0,0.0,0.0,0.0,0.0,-0.000170091,-0.000505463,-0.00126196,-0.00246118,-0.00432962,-0.00635495,-0.00842347,-0.00926686,-0.0101038,-0.0119056,-0.0102871,