{"max":0.009093,"min":-0.00350216,"acc":0.349,"arr":[0.0,0.0,0.0,0.0,0.0,0.0,0.0,0.0,0.0,0.0,0.0,0.0,0.0,0.0,0.0,0.0,0.0,0.0,0.0,0.0,0.0,0.0,0.0,0.0,0.0,0.0,0.0,0.0,0.0,0.0,0.0,0.0,0.0,0.0,0.0,0.0,0.0,0.0,0.0,0.0,0.0,0.0,0.0,-1.61488e-05,-3.09832e-05,0.0,0.0,0.0,0.0,0.0,0.0,0.0,0.0,0.0,0.0,0.0,0.0,0.0,0.0,0.0,0.0,0.0,0.0,0.0,0.0,0.0,-7.06416e-06,-4.67243e-05,-6.21832e-05,-1.72059e-05,-6.41523e-05,3.30299e-07,0.000295066,-5.79634e-05,-0.000115294,-3.55337e-05,-4.76848e-05,-2.28139e-05,0.0,0.0,0.0,0.0,0.0,0.0,0.0,0.0,0.0,0.0,0.0,0.0,0.0,0.0,-7.54376e-07,-1.13343e-05,-0.000109806,-0.000220576,-0.000251284,-0.000319657,-0.000469075,-8.7632e-05,0.000113976,-0.000222165,-0.000291649,-0.00030825,-0.000315435,-0.000170451,-9.53549e-05,-2.65363e-05,0.0,0.0,0.0,0.0,0.0,0.0,0.0,0.0,0.0,0.0,-2.70588e-05,-9.68628e-05,-0.000161908,-0.000361004,-0.000537213,4.91283e-05,0.000182434,0.000412856,0.0010252,0.00110878,0.000387996,0.00178318,0.00219283,0.00243662,0.000366561,4.53349e-05,-0.000111733,-2.85038e-05,0.0,0.0,0.0,0.0,0.0,0.0,0.0,0.0,0.0,-3.31783e-05,-0.000117647,-0.000269486,-0.000541048,-0.000732216,-0.0010542,-0.000754915,-0.000622682,-0.000284746,6.79365e-05,0.000621711,0.00145211,0.00248278,0.0028377,0.00242551,0.00136058,0.00080452,0.00060852,-0.000129241,-9.0599e-05,-4.34091e-05,-1.05741e-05,0.0,0.0,0.0,0.0,0.0,0.0,-7.45314e-05,-0.00024082,-0.000586151,-0.000933145,-0.00127845,-0.00177058,-0.0021028,-0.00188607,-0.000885208,-0.000452994,0.000410096,0.00182682,0.00248473,0.00262522,0.00172184,0.000869474,1.49753e-05,-0.000158108,-0.000329685,-0.000299092,-0.000239807,-3.9256e-05,0.0,0.0,0.0,0.0,-1.88966e-05,-6.12621e-05,-0.000214027,-0.000412206,-0.00078269,-0.00132998,-0.0018323,-0.00253673,-0.00305288,-0.00250348,-0.000890686,-0.000546827,0.00101724,0.00224748,0.00302011,0.00209989,0.000461353,-0.0009262,-0.000614092,-0.000590367,-0.000393537,-0.000298324,-0.000228365,-4.27451e-05,0.0,0.0,0.0,0.0,-4.62324e-05,-0.00015357,-0.000387585,-0.000524218,-0.000916108,-0.00145054,-0.0023077,-0.00311846,-0.00316806,-0.00228603,-0.000530353,0.000372486,0.00315967,0.00412482,0.00374313,0.00165713,-0.000514668,-0.00148113,-0.00136547,-0.00073809,-0.000458323,-0.00026651,-0.000139446,-2.41177e-05,0.0,0.0,0.0,0.0,-6.85853e-05,-0.000175334,-0.000116604,-0.000208403,-0.000694923,-0.00146593,-0.0023936,-0.00303312,-0.00301421,-0.00235523,-0.000163849,0.00272879,0.00573369,0.00647282,0.00352195,0.000830643,-0.00111225,-0.00193391,-0.00179079,-0.0010042,-0.000521935,-0.00021203,-0.000104013,-3.64706e-05,0.0,0.0,0.0,0.0,-0.000115216,-0.00029419,-0.000227365,-0.00029475,-0.00091691,-0.00179625,-0.00273866,-0.00318918,-0.00333069,-0.00223209,0.000936947,0.0046471,0.00780952,0.00697056,0.0026162,-0.000905189,-0.00196629,-0.00227411,-0.00172266,-0.000988812,-0.000364777,-0.000136408,-1.41176e-05,-4.11765e-06,0.0,0.0,0.0,0.0,-0.000110856,-0.000268322,-0.000424899,-0.000800768,-0.00156371,-0.00238782,-0.0030555,-0.00319548,-0.00331185,-0.00153329,0.00240245,0.00642648,0.009093,0.00624142,0.00068156,-0.00219981,-0.00233129,-0.00203419,-0.00146328,-0.000804309,-0.000299987,-0.000152607,0.0,0.0,0.0,0.0,0.0,0.0,-1.98039e-05,-0.000167818,-0.000386964,-0.000867398,-0.00170085,-0.0024011,-0.00288497,-0.00311654,-0.00320873,-0.00152969,0.00329624,0.00837032,0.0085203,0.00383773,-0.00121663,-0.00275479,-0.00256937,-0.00186,-0.00127826,-0.000721049,-0.000353678,-0.00017365,-7.88408e-07,0.0,0.0,0.0,0.0,0.0,0.0,-4.72033e-05,-0.000253039,-0.000752688,-0.00164445,-0.00246149,-0.00299347,-0.00350216,-0.00324745,-0.00113184,0.00493747,0.0088791,0.007074,0.000926204,-0.00290377,-0.00348594,-0.00281511,-0.00186397,-0.00115516,-0.000746685,-0.000451067,-0.000178455,-2.44407e-05,0.0,0.0,0.0,0.0,0.0,0.0,-3.73865e-05,-0.000280938,-0.00081959,-0.0016437,-0.00234145,-0.0029714,-0.00336169,-0.00322481,-3.74773e-06,0.00622553,0.00852747,0.00557526,-0.000131505,-0.00345074,-0.00343516,-0.00281032,-0.00181027,-0.00118188,-0.000843401,-0.000483683,-0.000185252,0.0,0.0,0.0,0.0,0.0,0.0,0.0,-1.75826e-05,-0.00030473,-0.000814505,-0.00146565,-0.00203666,-0.00247434,-0.00270756,-0.00189965,0.00237938,0.00716914,0.00853293,0.00432411,-0.00155088,-0.00349962,-0.00342366,-0.00264403,-0.00185299,-0.00107369,-0.000868412,-0.000509822,-0.000227863,-2.50111e-05,0.0,0.0,0.0,0.0,0.0,-4.25249e-06,-4.01845e-05,-0.000366788,-0.000912331,-0.00135174,-0.001882,-0.00221631,-0.00229566,-0.00022293,0.00474052,0.0078472,0.0075348,0.00280012,-0.00220077,-0.00311735,-0.00322656,-0.00267247,-0.00191584,-0.00116579,-0.000783857,-0.000379746,-0.00016831,-5.83112e-05,0.0,0.0,0.0,0.0,0.0,-4.23321e-05,-0.000171656,-0.000414911,-0.000911837,-0.00139394,-0.00175429,-0.00207215,-0.000913491,0.00216377,0.00651044,0.00795478,0.00627898,0.00176622,-0.00247409,-0.00346055,-0.003281,-0.00273282,-0.00190194,-0.00117792,-0.00047479,7.84097e-05,3.12704e-05,-3.13865e-05,0.0,0.0,0.0,0.0,-1.88235e-05,-0.000122164,-0.00027694,-0.00045193,-0.000877564,-0.00143341,-0.00170458,-0.00170106,0.000287241,0.00426204,0.00686017,0.00761509,0.00488932,0.00088199,-0.00221623,-0.00324797,-0.00307369,-0.00240601,-0.00155752,-0.000841617,-0.000190041,0.000112424,-2.81337e-05,-4.13726e-05,0.0,0.0,0.0,0.0,-2.37255e-05,-0.000154118,-0.000258025,-0.000555742,-0.000978746,-0.00110915,-0.00142127,-0.00026717,0.00215844,0.00561228,0.00707683,0.0061657,0.00296734,0.000269918,-0.00174632,-0.00312152,-0.00299169,-0.0023214,-0.00141404,-0.000619059,-2.16121e-05,-9.72066e-05,-0.00010526,0.000102441,0.0,0.0,0.0,0.0,-7.45098e-06,-0.000109608,-0.000228832,-0.000475744,-0.000897313,-0.0011357,-0.000972161,0.000530286,0.00306881,0.00550161,0.00582771,0.0034578,0.000903678,-0.000393563,-0.00203185,-0.00278335,-0.00281023,-0.00197631,-0.00113758,-0.000445054,-0.000381929,-0.000281912,-8.96207e-05,0.000241478,0.0,0.0,0.0,0.0,0.0,-2.67902e-05,-0.000163347,-0.000381061,-0.000607056,-0.000808124,-0.000522161,0.000842972,0.00350015,0.00441536,0.00317365,0.000780279,-0.000510992,-0.00100929,-0.00190229,-0.00248513,-0.00255444,-0.00157853,-0.000916718,-0.000489221,-0.00033084,-0.000211699,-7.0093e-05,0.0,0.0,0.0,0.0,0.0,0.0,-3.64367e-07,-7.38274e-05,-0.000241801,-0.000212568,-0.000238882,0.000304618,0.00146086,0.00349072,0.00320223,0.00154228,-0.000733102,-0.00120334,-0.000974409,-0.000856033,-0.00147134,-0.00158855,-0.000907486,-0.000552135,-0.00033735,-8.48627e-05,-5.33917e-05,-5.65782e-07,0.0,0.0,0.0,0.0,0.0,0.0,0.0,9.12259e-06,0.000239274,0.000121219,0.0001132,0.000878842,0.0015769,0.00266543,0.00309131,0.000804725,-0.000925344,-0.00106338,-0.000338383,-0.00031802,-0.00076795,-0.00102151,-0.00062301,-0.000382459,-0.000180405,-5.11765e-05,-1.11765e-05,0.0,0.0,0.0,0.0,0.0,0.0,0.0,0.0,3.51961e-06,8.72063e-06,9.98058e-06,0.0001791,0.000223501,0.000134097,-0.000276959,-0.00016221,-0.000703297,-0.00110262,-0.00128511,-0.00116597,-0.00113579,-0.000770785,-0.000625577,-0.000429584,-0.000214598,-0.000128969,-2.33333e-05,0.0,0.0,0.0,0.0,0.0,0.0,0.0,0.0,0.0,0.0,0.0,0.0,-1.71937e-05,-7.84585e-05,-0.000162226,-0.000273082,-0.000219979,-0.000302927,-0.000505018,-0.000479915,-0.000522072,-0.000578093,-0.000532599,-0.000364373,-0.000187048,-9.58464e-05,-5.01201e-05,-6.27451e-06,0.0,0.0,0.0,0.0,0.0,0.0,0.0,0.0,0.0,0.0,0.0,0.0,-7.51519e-07,-4.24608e-05,-6.43074e-05,-0.000105195,-4.68204e-05,-0.000115319,-0.000321455,-0.000229363,-0.000163697,-0.0002166,-0.000276335,-0.000116989,-5.54902e-05,-1.70588e-05,0.0,0.0,0.0,0.0,0.0,0.0,0.0,0.0,0.0,0.0,0.0,0.0,0.0,0.0,-9.76975e-06,-4.50911e-05,-3.47578e-05,-3.7576e-06,0.0,-4.25499e-05,-2.33099e-05,0.0,-1.11765e-05,-4.94118e-05,-4.62745e-05,0.0,0.0,0.0,0.0,0.0,0.0,0.0,0.0,0.0,0.0]}