{"max":0.0380621,"min":-0.0238038,"acc":0.7738,"arr":[0.0,0.0,0.0,0.0,0.0,0.0,0.0,0.0,0.0,0.0,0.0,0.0,0.0,0.0,0.0,0.0,0.0,0.0,0.0,0.0,0.0,0.0,0.0,0.0,0.0,0.0,0.0,0.0,0.0,0.0,0.0,0.0,0.0,0.0,0.0,0.0,0.0,-2.26907e-05,-4.20133e-05,-1.96381e-05,-5.82041e-05,-2.66576e-05,-2.90044e-05,-5.03649e-05,-3.80077e-05,0.0,0.0,0.0,0.0,0.0,0.0,0.0,0.0,0.0,0.0,0.0,0.0,0.0,0.0,0.0,0.0,0.0,0.0,-1.15727e-05,-0.000104768,-0.000221013,-0.000196838,-0.000251528,-0.000445578,-0.000449032,-0.000635286,-0.000630976,-0.000252108,-0.000414073,-0.000475998,-0.000386502,-0.000395512,-0.000219363,-6.86942e-05,-5.86119e-06,0.0,0.0,0.0,0.0,0.0,0.0,0.0,0.0,0.0,-2.22489e-05,-6.58055e-05,-0.000121276,-0.00026305,-0.000582537,-0.000877856,-0.00119893,-0.00162663,-0.0017868,-0.00211817,-0.00218494,-0.00185794,-0.00132818,-0.00131822,-0.00141175,-0.00101167,-0.000479275,-0.00025871,-6.49271e-05,0.0,0.0,0.0,0.0,0.0,0.0,0.0,-7.55893e-06,-3.36865e-05,-0.000116226,-0.000263474,-0.000571288,-0.00120933,-0.00210963,-0.00300158,-0.00245123,-0.00203421,-4.99847e-05,0.00061465,0.00117248,0.00220798,0.00525721,0.00652872,0.0047954,0.00117502,0.000737263,-0.000295897,-0.000285428,-8.62965e-05,-2.61487e-05,-2.28801e-05,0.0,0.0,0.0,-1.19957e-05,-3.46725e-05,-2.55675e-05,-0.000275099,-0.000724363,-0.00159638,-0.00295404,-0.00470704,-0.0057541,-0.00532024,-0.00438563,-0.00110151,-0.00105789,0.00193267,0.00466007,0.00521804,0.00702245,0.00670832,0.00369171,0.00136111,0.000108695,-0.00100837,-0.000616333,-0.000205302,-4.72215e-05,0.0,0.0,0.0,-1.3146e-06,-1.80757e-06,-8.41797e-05,-0.000564383,-0.00154062,-0.00312093,-0.00489421,-0.00728184,-0.00994588,-0.0112995,-0.00872376,-0.004592,-0.00369975,0.000869346,0.00241658,0.00284298,0.00454843,0.00251873,9.57031e-05,-0.00181792,-0.001864,-0.00234585,-0.00161924,-0.000750637,-0.00015585,-6.40737e-06,0.0,0.0,-1.38174e-05,-6.20762e-05,-0.000298585,-0.00106542,-0.00246714,-0.00443662,-0.00709077,-0.0101052,-0.013959,-0.0168352,-0.0131878,-0.006071,-0.00192714,0.0024289,0.00182244,0.00338083,0.000896001,-0.00300205,-0.00534831,-0.00521557,-0.00454534,-0.00317838,-0.00189091,-0.00090101,-0.000241857,-4.26596e-05,0.0,0.0,-8.33527e-05,-0.00032846,-0.000712382,-0.00181484,-0.00335909,-0.00598798,-0.00898323,-0.0127101,-0.0176906,-0.0200044,-0.0141424,-0.00479427,0.00375392,0.00961053,0.00760635,0.00543739,-0.00162885,-0.00691021,-0.00886269,-0.00828226,-0.00588613,-0.00344203,-0.00180746,-0.000804959,-0.000266253,-2.34375e-05,0.0,0.0,-7.49647e-05,-0.000443298,-0.00103494,-0.00196002,-0.00371154,-0.00655152,-0.0102532,-0.0148155,-0.0191644,-0.0202226,-0.0131591,-0.00100062,0.0133459,0.0199408,0.0162723,0.0066197,-0.0049287,-0.010076,-0.0106925,-0.00891849,-0.00621192,-0.00330391,-0.001467,-0.000562536,-0.000133282,0.0,0.0,0.0,-2.29099e-05,-0.000365715,-0.00108899,-0.00205653,-0.00400396,-0.00732691,-0.0114954,-0.0162301,-0.0195703,-0.0196946,-0.0116644,0.00374137,0.0228412,0.0290076,0.0207846,0.00454871,-0.0094991,-0.0127816,-0.0119441,-0.00887631,-0.00542272,-0.00283114,-0.00108076,-0.000349498,-5.77859e-05,0.0,0.0,0.0,0.0,-0.000180757,-0.000825069,-0.0020501,-0.00436637,-0.00818623,-0.0127407,-0.0173132,-0.0191693,-0.0188964,-0.00965931,0.0100472,0.0314643,0.0341441,0.0181603,-0.00296522,-0.0139908,-0.0141969,-0.0117149,-0.00767839,-0.00456207,-0.00219247,-0.000800972,-0.000108814,-9.78956e-06,0.0,0.0,0.0,-2.95155e-06,-9.93611e-05,-0.000555085,-0.00176859,-0.00439038,-0.00870376,-0.013465,-0.017543,-0.0193085,-0.018632,-0.00958014,0.0166461,0.0379542,0.0320866,0.00930583,-0.0121083,-0.0177229,-0.0150806,-0.0106136,-0.00672751,-0.00386981,-0.00207237,-0.000833461,-3.0083e-05,0.0,0.0,0.0,0.0,-1.81754e-05,-9.77682e-05,-0.000365215,-0.00172987,-0.00461932,-0.00892464,-0.0133967,-0.0174418,-0.019631,-0.0188258,-0.00860112,0.022813,0.0380621,0.026326,-0.00225299,-0.0195332,-0.0210094,-0.0153998,-0.0101618,-0.0062035,-0.00376036,-0.00220791,-0.000914131,-8.09629e-05,0.0,0.0,0.0,0.0,-1.98841e-05,-6.21868e-05,-0.000391627,-0.00196001,-0.00506466,-0.00924318,-0.013051,-0.0171758,-0.0190491,-0.0178824,-0.00422738,0.0275769,0.0355803,0.0196858,-0.0100211,-0.0232741,-0.0207254,-0.0155624,-0.0102847,-0.00693696,-0.0043051,-0.00237902,-0.00093736,-9.86574e-05,0.0,0.0,0.0,0.0,-1.56898e-05,-4.38787e-05,-0.000426452,-0.00220201,-0.00554703,-0.00905694,-0.0125413,-0.0154925,-0.0172004,-0.0137539,0.00363335,0.0301803,0.0338382,0.0127674,-0.0160939,-0.0238038,-0.0199081,-0.0150241,-0.0104888,-0.00711976,-0.00472773,-0.00265392,-0.0010573,-0.00016014,-2.17622e-05,-1.52312e-05,0.0,0.0,0.0,-3.28683e-05,-0.000613105,-0.00252806,-0.00594907,-0.00860706,-0.0113965,-0.0137199,-0.0140497,-0.00493773,0.0136163,0.0331023,0.0308216,0.00680379,-0.0165698,-0.0217108,-0.0186755,-0.0144021,-0.0103288,-0.00711189,-0.00451498,-0.00247357,-0.00122258,-0.000382877,-8.04692e-05,-3.13584e-05,0.0,0.0,0.0,-0.00012508,-0.000889114,-0.00283171,-0.00593359,-0.00855043,-0.0105578,-0.0115248,-0.00736962,0.0052923,0.0212512,0.0317622,0.0266527,0.00264687,-0.0152266,-0.0204813,-0.0183212,-0.0145695,-0.010036,-0.00683619,-0.00414888,-0.00191806,-0.00100415,-0.000344515,-3.48043e-05,-1.61272e-06,0.0,0.0,-4.37186e-05,-0.00032237,-0.00113242,-0.00303848,-0.00594788,-0.00859386,-0.0102315,-0.00846987,-0.000534926,0.0119217,0.0223528,0.0270769,0.0196275,-0.000576243,-0.0137538,-0.0189594,-0.0182547,-0.0140119,-0.00937684,-0.00658517,-0.00390586,-0.00186821,-0.000948886,-0.000243257,-8.41635e-06,0.0,0.0,0.0,-6.37792e-05,-0.000403157,-0.00128949,-0.00319866,-0.00585771,-0.00835625,-0.00864957,-0.00334085,0.00444392,0.0144714,0.0194702,0.0195576,0.0116524,-0.00353214,-0.0131848,-0.0182122,-0.0174495,-0.012924,-0.00867238,-0.00597819,-0.00334511,-0.00180489,-0.000848766,-0.000100345,-2.4919e-05,0.0,0.0,0.0,-4.47084e-05,-0.000395936,-0.00125983,-0.00295307,-0.00548983,-0.00710466,-0.00592982,-0.000645656,0.0061963,0.0116034,0.0123252,0.00913331,0.00405869,-0.00512225,-0.0128235,-0.0167787,-0.0155255,-0.0111834,-0.00718175,-0.00472081,-0.00283707,-0.00143187,-0.000607532,0.000123213,0.0,0.0,0.0,0.0,-1.04077e-05,-0.000252216,-0.00102784,-0.00246217,-0.00416208,-0.00492358,-0.00297702,0.00115677,0.00523876,0.00569389,0.00320517,0.0009951,-2.43605e-05,-0.00539731,-0.00950265,-0.0139556,-0.0126261,-0.00857997,-0.00542579,-0.00342174,-0.00190777,-0.000939002,-0.000364486,-3.94215e-05,0.0,0.0,0.0,0.0,0.0,-0.000140222,-0.000629007,-0.00135884,-0.00194812,-0.00094226,0.000416476,0.00300864,0.00355806,0.00164455,-0.00213764,-0.00399786,-0.000856719,-0.00243505,-0.00377201,-0.00879956,-0.00847987,-0.00575997,-0.0034872,-0.00212016,-0.00107443,-0.000412823,-0.00015223,-2.68661e-05,0.0,0.0,0.0,0.0,0.0,-8.75985e-05,-0.000238195,-0.000118322,0.000219274,0.0014739,0.00242569,0.00364806,0.00175089,-0.00113809,-0.00427477,-0.00552825,-0.0012105,0.00150254,-0.00189929,-0.00461823,-0.00462832,-0.00324094,-0.00191339,-0.00111386,-0.000643894,-0.000233541,-3.54396e-05,-8.82888e-06,0.0,0.0,0.0,0.0,0.0,-4.36239e-06,-0.000145537,-0.000297829,5.09263e-05,0.00102688,0.000194294,-0.00161336,-0.00452783,-0.0071888,-0.00743491,-0.00490869,-0.00283924,-0.00249534,-0.00316504,-0.00347994,-0.00273185,-0.00178386,-0.00101734,-0.000642475,-0.000378736,-0.000146338,-2.56437e-05,-4.01313e-07,0.0,0.0,0.0,0.0,0.0,0.0,-7.05e-06,-6.75954e-05,-0.000204805,-0.000653591,-0.00130995,-0.00203372,-0.00327074,-0.00382547,-0.00365224,-0.00311495,-0.00239158,-0.00244594,-0.00231976,-0.00181962,-0.00121961,-0.000673796,-0.000421364,-0.000224647,-0.00011214,-5.42025e-05,0.0,0.0,0.0,0.0,0.0,0.0,0.0,0.0,-3.45106e-06,-4.05185e-05,-0.000120401,-0.000296757,-0.000652513,-0.000719503,-0.00114433,-0.00123766,-0.00112585,-0.00115035,-0.0010671,-0.000978626,-0.000957223,-0.000763033,-0.000366422,-0.000122508,-5.05682e-05,-1.50331e-05,0.0,0.0,0.0,0.0,0.0,0.0,0.0,0.0,0.0,0.0,0.0,0.0,-7.3096e-06,-6.92791e-05,-0.000116815,-7.24023e-05,-8.92851e-05,-0.000107423,-7.67993e-05,-0.00011818,-0.000168524,-0.000189398,-0.000224678,-0.000117922,0.0,-1.05541e-05,-3.33775e-05,-8.44331e-06,0.0,0.0,0.0,