{"max":0.0655228,"min":-0.0373974,"acc":0.7992,"arr":[0.0,0.0,0.0,0.0,0.0,0.0,0.0,0.0,0.0,0.0,0.0,0.0,0.0,0.0,0.0,0.0,0.0,0.0,0.0,0.0,0.0,0.0,0.0,0.0,0.0,0.0,0.0,0.0,0.0,0.0,0.0,0.0,0.0,0.0,0.0,0.0,0.0,-2.26907e-05,-5.21212e-05,-5.51687e-05,-7.97614e-05,-3.82323e-05,-4.87359e-05,-6.29337e-05,-7.11499e-05,-1.1072e-05,-2.18279e-06,-3.04032e-05,-3.57043e-05,0.0,0.0,0.0,0.0,0.0,0.0,0.0,0.0,0.0,0.0,0.0,0.0,0.0,0.0,-1.15727e-05,-0.000104768,-0.000249733,-0.000323818,-0.000514099,-0.000787519,-0.000771938,-0.000949964,-0.00100359,-0.000688253,-0.00086624,-0.000813768,-0.000685622,-0.000590049,-0.000342157,-0.000140913,-1.74526e-05,0.0,0.0,0.0,0.0,0.0,0.0,0.0,-1.48434e-06,0.0,-2.22489e-05,-7.12012e-05,-0.000182325,-0.000404195,-0.00100637,-0.00161115,-0.00230968,-0.00230994,-0.00264678,-0.00301287,-0.00372498,-0.00344128,-0.0028179,-0.00266921,-0.00270385,-0.00188252,-0.000883982,-0.000355089,-6.84046e-05,0.0,0.0,0.0,0.0,0.0,0.0,0.0,-1.56733e-05,-7.4738e-05,-0.000323596,-0.000524308,-0.000995887,-0.00172775,-0.0031659,-0.00471903,-0.0044274,-0.00298062,7.7224e-05,0.00215482,0.00312444,0.00314745,0.00659594,0.00906128,0.0084015,0.00343273,0.00198264,-0.000209608,-0.000342377,-0.000251069,-5.81391e-05,-2.28801e-05,0.0,0.0,0.0,-1.19957e-05,-3.46725e-05,-8.86717e-05,-0.000587224,-0.00122129,-0.00243568,-0.00433679,-0.00703425,-0.00921285,-0.00883145,-0.00676704,-0.000936566,0.00308321,0.00980615,0.00919962,0.00739939,0.0108624,0.011922,0.00693244,0.00369637,0.000517066,-0.00154951,-0.00115896,-0.00040225,-6.43642e-05,0.0,0.0,0.0,-1.3146e-06,-3.13517e-05,-0.000223417,-0.00106286,-0.00243212,-0.00468078,-0.00751197,-0.011605,-0.0155874,-0.0166659,-0.0130777,-0.00564076,0.000415119,0.00712583,0.0065554,0.00453251,0.00714787,0.0059377,0.00138314,-0.000891041,-0.00252856,-0.00345106,-0.00265943,-0.00119999,-0.000199882,-1.17708e-05,0.0,0.0,-6.19639e-05,-0.000202227,-0.00066504,-0.00194466,-0.00371563,-0.00685073,-0.0108476,-0.0158019,-0.0215263,-0.0248609,-0.0195973,-0.00873455,0.00226652,0.00974804,0.0075206,0.00514969,0.00235734,-0.00261769,-0.00778542,-0.00750056,-0.00668818,-0.0049081,-0.00314928,-0.00146409,-0.000382553,-6.06429e-05,0.0,-1.77922e-05,-0.000178458,-0.000531001,-0.00124037,-0.0027919,-0.00491836,-0.00866741,-0.0133358,-0.0200473,-0.026847,-0.0295228,-0.0215331,-0.00630272,0.0109855,0.0209793,0.0173406,0.0099347,-0.000475531,-0.0100637,-0.0136389,-0.0128534,-0.00925648,-0.00556717,-0.00296429,-0.00125743,-0.000328883,-2.34375e-05,0.0,-1.92506e-05,-0.000126194,-0.000688331,-0.0015487,-0.0028258,-0.00526192,-0.00947743,-0.0154418,-0.0231304,-0.0294649,-0.031068,-0.0202187,0.000267545,0.0247555,0.038174,0.0296617,0.012441,-0.00575021,-0.0164474,-0.0170231,-0.0141104,-0.00965458,-0.00546487,-0.0024745,-0.00101566,-0.000153441,0.0,0.0,-9.72254e-07,-5.70154e-05,-0.000536901,-0.00142407,-0.00267828,-0.00535731,-0.0103893,-0.0171077,-0.0247337,-0.0301099,-0.0307185,-0.0175577,0.00834115,0.0401575,0.0531966,0.0354773,0.00894887,-0.0141255,-0.0207833,-0.018586,-0.0136414,-0.00835472,-0.00440509,-0.0017285,-0.000512202,-0.000122418,0.0,0.0,0.0,-4.5405e-05,-0.000313001,-0.00108599,-0.00260968,-0.0057658,-0.0115945,-0.0186909,-0.0259994,-0.0297634,-0.0295954,-0.0144878,0.0187465,0.0555272,0.0604917,0.032091,-0.00308852,-0.0216472,-0.0226311,-0.0179817,-0.0114099,-0.00674988,-0.00338342,-0.00130654,-0.000190561,-6.60897e-05,-1.25278e-05,0.0,0.0,-2.97695e-05,-0.00017869,-0.000793607,-0.00234859,-0.00608083,-0.0123554,-0.0199652,-0.0263688,-0.0300364,-0.0284935,-0.01231,0.0295789,0.0655228,0.0565232,0.017626,-0.0183475,-0.0275397,-0.0233752,-0.0159751,-0.00968902,-0.00581258,-0.00313316,-0.00131369,-0.00014956,-6.39578e-05,-1.45361e-05,0.0,0.0,-2.79445e-05,-0.000146144,-0.000557486,-0.00247433,-0.00665164,-0.0128396,-0.0202841,-0.0266788,-0.0301947,-0.0280382,-0.00930588,0.0396469,0.064975,0.0463825,-0.00128239,-0.0303337,-0.0323664,-0.0237257,-0.0154039,-0.00909074,-0.00564475,-0.00320253,-0.00132929,-0.000174213,-2.43869e-05,-3.92092e-06,0.0,-1.24424e-05,-2.85561e-05,-8.31717e-05,-0.000585703,-0.00291638,-0.00743621,-0.0137598,-0.0203654,-0.026263,-0.0295015,-0.026589,-0.00204046,0.045477,0.0605373,0.0346196,-0.0141846,-0.0363203,-0.0324142,-0.023639,-0.0156507,-0.00998976,-0.00610977,-0.00337898,-0.00127699,-0.000168115,-3.84791e-05,0.0,0.0,-2.84038e-05,-3.19026e-05,-7.20897e-05,-0.00071159,-0.0034314,-0.00824264,-0.0139389,-0.0195608,-0.0244889,-0.0272747,-0.0193559,0.0097442,0.0503961,0.0576488,0.0232108,-0.0236914,-0.0373974,-0.0308243,-0.022941,-0.0161703,-0.0104549,-0.00684807,-0.00369002,-0.00141194,-0.000234989,-8.39771e-05,-1.52312e-05,0.0,-1.34478e-05,-2.81524e-05,-8.24033e-05,-0.000997736,-0.00408802,-0.00878121,-0.013347,-0.0184267,-0.0220053,-0.0211028,-0.00605399,0.0243806,0.0551072,0.0519837,0.0125571,-0.025423,-0.0334274,-0.0284477,-0.0223699,-0.0162203,-0.0107583,-0.00706069,-0.0037635,-0.00169272,-0.000506071,-0.000176003,-3.13584e-05,0.0,-9.93198e-06,-2.97863e-05,-0.000230407,-0.00140139,-0.00456929,-0.0089234,-0.0131164,-0.0169817,-0.0182492,-0.010849,0.00883223,0.0360929,0.0541735,0.0442746,0.00607726,-0.0228893,-0.0309474,-0.0279757,-0.0223871,-0.0157599,-0.0105755,-0.00675868,-0.00338168,-0.00154548,-0.000449762,-6.8962e-05,-1.61272e-06,0.0,-3.46619e-06,-5.05054e-05,-0.00047136,-0.00178065,-0.00507682,-0.00957509,-0.0135611,-0.0154515,-0.0124775,-0.000175065,0.018819,0.0372484,0.0466121,0.0332715,0.000656939,-0.0215888,-0.0295313,-0.0279926,-0.0216712,-0.014801,-0.0101264,-0.00632348,-0.00319351,-0.00159266,-0.000391168,-2.57689e-05,0.0,0.0,0.0,-7.15683e-05,-0.000581235,-0.0020981,-0.00572525,-0.0101224,-0.0133263,-0.0130784,-0.00481764,0.0067956,0.0229787,0.0326148,0.034314,0.0220617,-0.00427511,-0.021101,-0.0290087,-0.0268128,-0.0201585,-0.0137052,-0.00943587,-0.00571912,-0.00306571,-0.0013021,-0.000239239,-0.000102684,0.0,0.0,0.0,-8.25719e-05,-0.000586858,-0.00208958,-0.00539434,-0.0093738,-0.0114055,-0.00808099,-1.09599e-05,0.00992561,0.0183915,0.0217057,0.0203426,0.0113496,-0.00717791,-0.0203868,-0.0262654,-0.0234685,-0.0172444,-0.0113304,-0.00765179,-0.00486774,-0.00253933,-0.00112861,-4.07059e-05,-4.62736e-05,0.0,0.0,0.0,-6.55801e-05,-0.000498661,-0.00167632,-0.00420028,-0.00666718,-0.00795053,-0.00302909,0.00282242,0.00866102,0.00988703,0.00906249,0.00892891,0.00629092,-0.00638933,-0.0158071,-0.0217992,-0.0189804,-0.0128431,-0.0083794,-0.0054855,-0.00320794,-0.0016571,-0.000722316,-5.80684e-05,-3.21344e-07,0.0,0.0,0.0,-1.75254e-05,-0.000312333,-0.000940026,-0.00146647,-0.00286693,-0.0020056,0.00253725,0.00584337,0.00729099,0.00447056,0.00172092,0.00165017,0.00562012,-0.00107913,-0.0079255,-0.0148399,-0.0126842,-0.00807477,-0.00494703,-0.00305699,-0.00165355,-0.000781554,-0.000317867,-2.68661e-05,0.0,0.0,0.0,0.0,0.0,-9.78282e-05,0.000638565,0.000894069,0.000808215,0.00247813,0.00621519,0.00701853,0.00342018,0.000917129,-0.00257955,-0.00376268,0.0032612,0.00396439,-0.00410072,-0.0083769,-0.00692501,-0.00437753,-0.00244879,-0.00129555,-0.000605842,-0.000277307,-0.000112723,-8.82888e-06,0.0,0.0,0.0,0.0,0.0,-2.81911e-06,-0.000121515,-1.1568e-05,0.000304114,0.00126368,0.000221022,-0.00243263,-0.00696888,-0.0093101,-0.00943887,-0.00710035,-0.00414371,-0.00250683,-0.00403767,-0.00534521,-0.00377077,-0.00225634,-0.00121721,-0.00069685,-0.000432662,-0.000216387,-6.69791e-05,-4.01313e-07,0.0,0.0,0.0,0.0,0.0,0.0,-8.4124e-06,-9.69627e-05,-0.000458195,-0.0012228,-0.00256034,-0.00385403,-0.00563717,-0.00598139,-0.00521276,-0.00489261,-0.00401011,-0.00374269,-0.0031807,-0.00247186,-0.00153088,-0.000834857,-0.000452498,-0.00025302,-0.000133236,-8.17587e-05,-1.54426e-05,0.0,0.0,0.0,0.0,0.0,0.0,0.0,-1.49558e-05,-8.14953e-05,-0.000240276,-0.000468499,-0.00104532,-0.00145381,-0.00198925,-0.00195923,-0.00187013,-0.00178218,-0.00165547,-0.00145122,-0.00132249,-0.0010608,-0.000549001,-0.000212943,-5.96069e-05,-3.03023e-05,-1.52034e-05,-3.02751e-06,0.0,0.0,0.0,0.0,0.0,0.0,0.0,0.0,0.0,0.0,-7.3096e-06,-6.92791e-05,-0.000131861,-0.000116912,-0.000139763,