{"max":0.073022,"min":-0.0399305,"acc":0.7951,"arr":[0.0,0.0,0.0,0.0,0.0,0.0,0.0,0.0,0.0,0.0,0.0,0.0,0.0,0.0,0.0,0.0,0.0,0.0,0.0,0.0,0.0,0.0,0.0,0.0,0.0,0.0,0.0,0.0,0.0,0.0,0.0,0.0,0.0,0.0,-4.07015e-06,-1.21147e-05,-1.08697e-05,-2.38878e-05,-5.21212e-05,-5.51687e-05,-8.80469e-05,-5.70684e-05,-6.73831e-05,-6.45078e-05,-7.58722e-05,-2.3188e-05,-2.2262e-05,-5.83555e-05,-3.57043e-05,0.0,0.0,0.0,0.0,0.0,0.0,0.0,0.0,0.0,0.0,0.0,-1.68692e-06,0.0,-1.00557e-06,-2.12452e-05,-0.000117023,-0.000258422,-0.000331082,-0.000558097,-0.000843299,-0.000819011,-0.00100581,-0.00102087,-0.000750331,-0.00110765,-0.0010397,-0.000802373,-0.00062659,-0.000353654,-0.000141641,-1.74526e-05,0.0,0.0,0.0,0.0,0.0,0.0,0.0,-1.48434e-06,-4.37066e-06,-2.22489e-05,-7.12012e-05,-0.000188406,-0.000426205,-0.00104557,-0.00165503,-0.00245549,-0.00247868,-0.00279731,-0.00315045,-0.0038759,-0.00373941,-0.00320428,-0.00300946,-0.00296543,-0.00203684,-0.000938918,-0.000384179,-6.84046e-05,0.0,0.0,0.0,0.0,0.0,0.0,0.0,-1.56733e-05,-7.4738e-05,-0.000323596,-0.000545908,-0.00105462,-0.00187087,-0.0034293,-0.00500648,-0.00436524,-0.00310022,-0.000161925,0.00175737,0.00313789,0.00326088,0.00634267,0.00916302,0.00860976,0.00380309,0.00245467,-0.000184769,-0.000369453,-0.000274359,-8.10647e-05,-2.28801e-05,0.0,0.0,0.0,-1.19957e-05,-3.46725e-05,-8.86717e-05,-0.000597591,-0.00132642,-0.00260986,-0.00462884,-0.00756663,-0.00961931,-0.00860258,-0.00617802,-0.000172488,0.00441433,0.0112127,0.0104984,0.00859363,0.012237,0.0123331,0.00726316,0.00399027,0.000316823,-0.00176094,-0.00121153,-0.000418018,-6.43642e-05,0.0,0.0,0.0,-1.3146e-06,-3.13517e-05,-0.000223417,-0.00114042,-0.00261834,-0.00495427,-0.00799232,-0.0123398,-0.0163178,-0.0167692,-0.0126352,-0.00499105,0.00153893,0.00886199,0.00903352,0.00543531,0.00801166,0.00616034,0.00126436,-0.00113731,-0.00308521,-0.00381693,-0.00286574,-0.00128001,-0.000203415,-1.17708e-05,0.0,0.0,-6.19639e-05,-0.000202227,-0.000671401,-0.00206287,-0.00400244,-0.00730471,-0.0114787,-0.0168164,-0.0230316,-0.0255238,-0.0194687,-0.00798323,0.00325881,0.0112447,0.00989952,0.00611101,0.00269444,-0.00317507,-0.00862107,-0.00865411,-0.00758313,-0.00543738,-0.00346342,-0.00154351,-0.000427767,-6.06429e-05,0.0,-1.77922e-05,-0.000178458,-0.00053794,-0.00127839,-0.00297755,-0.00538121,-0.00935401,-0.0142692,-0.0214049,-0.0287887,-0.031328,-0.0217231,-0.00535397,0.01228,0.0229963,0.0197953,0.0108896,-0.000374093,-0.0113674,-0.0149255,-0.0140069,-0.0100301,-0.00607417,-0.0031918,-0.00132206,-0.000355729,-2.34375e-05,0.0,-1.92506e-05,-0.000134826,-0.000716083,-0.00161695,-0.00307172,-0.00578379,-0.0102249,-0.0164617,-0.0246198,-0.031511,-0.0331116,-0.0206167,0.00135446,0.0280092,0.0416022,0.0322323,0.0131468,-0.00605417,-0.0180871,-0.0187271,-0.0152753,-0.0105234,-0.00598256,-0.00272971,-0.00104433,-0.000156736,0.0,0.0,-9.72254e-07,-6.65422e-05,-0.000558217,-0.00149303,-0.00293402,-0.00577843,-0.0110517,-0.0182251,-0.0264416,-0.032374,-0.0330118,-0.0179477,0.0103198,0.0454552,0.0582529,0.0384628,0.00939803,-0.015338,-0.0230026,-0.0202721,-0.014699,-0.00911001,-0.00477968,-0.00186815,-0.000537011,-0.000122418,0.0,0.0,-9.96441e-07,-5.23743e-05,-0.000329113,-0.00111168,-0.00281736,-0.00613336,-0.012246,-0.0198109,-0.0277928,-0.0319315,-0.0315478,-0.0148964,0.0215035,0.062521,0.0667489,0.0351279,-0.0034273,-0.0236007,-0.0248866,-0.0193203,-0.0122862,-0.00727211,-0.00363175,-0.00139333,-0.000193787,-6.60897e-05,-1.25278e-05,0.0,-3.93041e-06,-4.59459e-05,-0.000195245,-0.000853384,-0.00257945,-0.00641792,-0.0130867,-0.0212241,-0.0281711,-0.0323288,-0.030459,-0.013337,0.0332136,0.073022,0.0626524,0.0197771,-0.0195016,-0.0300393,-0.0253715,-0.0170532,-0.010319,-0.00628142,-0.00339313,-0.00141487,-0.000150685,-6.39578e-05,-1.45361e-05,0.0,0.0,-4.53387e-05,-0.000172664,-0.000632502,-0.00272109,-0.00707741,-0.0136248,-0.0215649,-0.0284649,-0.0322549,-0.0298904,-0.0105242,0.0435856,0.0722277,0.0516943,-0.000175961,-0.032264,-0.0347435,-0.0254247,-0.0163815,-0.00968517,-0.00604386,-0.00350818,-0.00148768,-0.000186502,-2.43869e-05,-3.92092e-06,0.0,-1.24424e-05,-3.79758e-05,-0.000109645,-0.000655488,-0.00320721,-0.00792798,-0.0146708,-0.0216521,-0.0279354,-0.0313618,-0.028829,-0.00275193,0.0501039,0.0674935,0.0389599,-0.0139991,-0.0387683,-0.0346544,-0.0252061,-0.0167673,-0.0107,-0.00648396,-0.00365275,-0.00143321,-0.000187439,-3.84791e-05,0.0,0.0,-2.84038e-05,-4.34724e-05,-8.60952e-05,-0.000763185,-0.0036817,-0.00877833,-0.0148118,-0.0208963,-0.0261859,-0.0290683,-0.0210194,0.0104065,0.0551084,0.0639998,0.0267673,-0.0244439,-0.0399305,-0.0328595,-0.0244388,-0.017327,-0.0111538,-0.0072212,-0.00389641,-0.00154627,-0.000258627,-8.39771e-05,-1.52312e-05,0.0,-1.34478e-05,-3.50721e-05,-9.06516e-05,-0.00103932,-0.00434126,-0.00932718,-0.0141428,-0.0195154,-0.0235212,-0.0226878,-0.00643333,0.0263175,0.0599673,0.0574956,0.0151659,-0.0261738,-0.035406,-0.0302466,-0.0237008,-0.0172797,-0.01144,-0.00741632,-0.00392821,-0.00179094,-0.000521549,-0.000176003,-3.13584e-05,0.0,-9.93198e-06,-3.95318e-05,-0.00026424,-0.0014876,-0.00490868,-0.00956131,-0.0138778,-0.0180931,-0.0195466,-0.0118615,0.00920427,0.0390747,0.0592385,0.0488958,0.00825475,-0.0234573,-0.0325006,-0.0296376,-0.0237429,-0.0168359,-0.0112173,-0.00713756,-0.00357644,-0.00164121,-0.000453233,-6.8962e-05,-1.61272e-06,0.0,-3.46619e-06,-8.78326e-05,-0.000517513,-0.00189326,-0.0055788,-0.0103835,-0.0145381,-0.0165298,-0.013325,-0.00078817,0.0202015,0.040722,0.0508834,0.0369486,0.00270174,-0.0219917,-0.0307704,-0.0295498,-0.0230464,-0.0158063,-0.0108769,-0.00675948,-0.00344226,-0.00176804,-0.000422122,-2.57689e-05,0.0,0.0,0.0,-9.62079e-05,-0.000635465,-0.00225959,-0.00627567,-0.011096,-0.0145866,-0.0140784,-0.00567572,0.00643652,0.0246307,0.035476,0.0375249,0.0246744,-0.00276125,-0.0215141,-0.0304251,-0.0284028,-0.0214231,-0.0146493,-0.0100834,-0.00608601,-0.00324574,-0.00143405,-0.000290489,-0.000102684,0.0,0.0,0.0,-8.25719e-05,-0.000631643,-0.00222323,-0.00590589,-0.0101001,-0.0121826,-0.00900415,-0.000740454,0.0100838,0.0199869,0.0237406,0.0226875,0.0130098,-0.00626705,-0.0204986,-0.0275854,-0.0247185,-0.0183392,-0.0121369,-0.00813775,-0.00511752,-0.0026416,-0.00118416,-9.23655e-05,-4.62736e-05,0.0,0.0,0.0,-6.55801e-05,-0.000528421,-0.00178035,-0.0045037,-0.00710326,-0.00867666,-0.00356161,0.00231354,0.00868532,0.0108988,0.0107618,0.0101081,0.00765419,-0.00554321,-0.0153262,-0.0223517,-0.0199744,-0.0137396,-0.00897065,-0.0057086,-0.00328707,-0.00170835,-0.000773566,-9.27131e-05,-3.21344e-07,0.0,0.0,0.0,-1.75254e-05,-0.000341357,-0.00101038,-0.00167185,-0.0032263,-0.00248088,0.00217584,0.00520399,0.00759311,0.00575084,0.00294641,0.00250975,0.00652784,-5.34796e-06,-0.00676831,-0.0148785,-0.0133372,-0.00855937,-0.00526924,-0.00318524,-0.00172136,-0.000832804,-0.000369116,-3.6911e-05,0.0,0.0,0.0,0.0,0.0,-9.78282e-05,0.000625629,0.000784175,0.000728266,0.00233949,0.00575359,0.00667687,0.00377959,0.00257975,-0.00155991,-0.00320607,0.00419734,0.00527287,-0.00266602,-0.00810828,-0.00722161,-0.00455168,-0.00256936,-0.00136192,-0.000634649,-0.000287352,-0.000122768,-1.08789e-05,0.0,0.0,0.0,0.0,0.0,-2.81911e-06,-0.000125491,-6.70553e-05,0.000180755,0.000979503,-0.000236294,-0.00286451,-0.00742626,-0.00923551,-0.00894954,-0.00694299,-0.00321253,-0.00131817,-0.00335786,-0.00507622,-0.00393444,-0.0023428,-0.00126102,-0.000739807,-0.000451335,-0.000216387,-6.69791e-05,-4.01313e-07,0.0,0.0,0.0,0.0,0.0,0.0,-8.4124e-06,-0.000131139,-0.000494373,-0.00131736,-0.00278432,-0.00425946,-0.00612914,-0.00642218,-0.00566844,-0.00532983,-0.0040401,-0.00382952,-0.00335215,-0.00264022,-0.00162648,-0.00087763,-0.000474294,-0.000283061,-0.000139647,-8.17587e-05,-1.54426e-05,0.0,0.0,0.0,0.0,0.0,0.0,0.0,-1.49558e-05,-8.14953e-05,-0.000240276,-0.000514159,-0.00115122,-0.00156585,-0.0021084,-0.00206961,-0.00201292,-0.00191659,-0.00174262,-0.00148543,-0.00135374,-0.0010778,-0.000565177,-0.000224388,-5.96069e-05,-3.03023e-05,-1.52034e-05,-3.02751e-06,0.0,0.0,0.0,0.0,0.0,0.0,0.0,0.0,0.0,0.0,