{"max":0.144401,"min":-0.0797228,"acc":0.8341,"arr":[0.0,0.0,0.0,0.0,0.0,0.0,0.0,0.0,0.0,0.0,0.0,0.0,0.0,0.0,0.0,0.0,0.0,0.0,0.0,0.0,0.0,0.0,0.0,0.0,0.0,0.0,0.0,0.0,0.0,0.0,0.0,0.0,0.0,0.0,-1.07094e-05,-2.74644e-05,-4.6281e-05,-5.14854e-05,-0.000117583,-8.1287e-05,-0.00010032,-0.000149134,-5.72837e-05,0.000244472,-9.92585e-05,-0.000108256,-5.06961e-05,-8.33464e-05,-5.37095e-05,-3.93558e-07,0.0,0.0,0.0,0.0,0.0,0.0,0.0,0.0,0.0,-1.57713e-06,-1.94349e-06,0.0,-2.0155e-05,-6.5414e-05,-0.000207982,-0.000500889,-0.000714255,-0.000949599,-0.00139131,-0.00156914,-0.00195326,-0.00171324,-0.00166087,-0.00200706,-0.00156055,-0.000944401,-0.000975118,-0.000714477,-0.000218851,-2.90593e-05,0.0,0.0,0.0,0.0,0.0,0.0,-6.70413e-07,-1.01119e-05,-1.07284e-05,-3.04762e-05,-0.000178229,-0.000505434,-0.00120194,-0.00249257,-0.00338924,-0.00474372,-0.00562981,-0.00643173,-0.00760717,-0.00797261,-0.00821427,-0.0079582,-0.00743517,-0.00624381,-0.00359293,-0.00121497,-5.4007e-05,-0.00015116,-0.000192413,-0.00010298,-1.01756e-05,0.0,0.0,-1.7923e-06,-2.55976e-06,-1.9422e-05,-0.000110062,-0.000384262,-0.000993713,-0.00230596,-0.00434925,-0.00751805,-0.0106428,-0.0106627,-0.00595874,0.00196719,0.00797609,0.00810825,0.00385776,0.00754463,0.01214,0.0126261,0.00839728,0.00692346,0.0013263,-4.39014e-05,-0.000691595,-0.000269151,-5.75564e-05,0.0,0.0,0.0,-1.43019e-05,-6.11976e-05,-0.000216492,-0.000413063,-0.0020603,-0.00533782,-0.0104166,-0.0162537,-0.0209178,-0.0202288,-0.0101195,0.00733147,0.0158797,0.0194681,0.0138357,0.0133106,0.0173059,0.0184137,0.014739,0.00855198,0.00102242,-0.00264492,-0.00228317,-0.00115751,-0.000206553,0.0,0.0,0.0,-1.3146e-06,-0.000128237,-0.000651675,-0.00184964,-0.00484316,-0.0102118,-0.0174057,-0.0277787,-0.0358574,-0.0360936,-0.024375,-0.00472722,0.00674326,0.0114564,0.00725476,0.00134979,0.00614503,0.00639902,0.00285796,-0.00292251,-0.00611483,-0.00626536,-0.00478457,-0.00252439,-0.000510522,-0.000104464,0.0,-7.28081e-06,1.35448e-05,-0.000440441,-0.00149012,-0.0041468,-0.00849433,-0.0156429,-0.0249021,-0.0368473,-0.0477529,-0.0526622,-0.0388999,-0.0148758,0.00453655,0.0144268,0.0074635,-0.000358527,-0.00477808,-0.0110692,-0.0169513,-0.0179087,-0.0150816,-0.0106685,-0.0068955,-0.00349625,-0.000768673,-9.61721e-05,0.0,-2.43331e-05,-0.000205132,-0.000972365,-0.0024228,-0.00572481,-0.0112707,-0.0194604,-0.0296556,-0.0426842,-0.0567335,-0.0620483,-0.0452317,-0.0128161,0.0213475,0.0401871,0.0277165,0.00882333,-0.0113751,-0.02597,-0.0308006,-0.0277233,-0.0202714,-0.0129369,-0.00759514,-0.00348631,-0.000629726,-2.34375e-05,-1.75211e-05,-4.50669e-05,-0.000249696,-0.00116712,-0.00273421,-0.00588549,-0.0116121,-0.0201144,-0.0316209,-0.0455787,-0.0590581,-0.064754,-0.0438979,0.000179784,0.0538495,0.0792619,0.0540158,0.0128381,-0.0206941,-0.0382645,-0.0383573,-0.0299525,-0.0202627,-0.012183,-0.00609561,-0.00230969,-0.000432143,0.0,-2.03778e-05,-2.90381e-05,-0.000149933,-0.000903484,-0.0023888,-0.00525685,-0.0108949,-0.0195648,-0.03112,-0.0453999,-0.0590778,-0.0649145,-0.0401231,0.0183694,0.0917904,0.112611,0.0651243,0.00570197,-0.0357432,-0.0465413,-0.0386225,-0.0270705,-0.0163361,-0.00849174,-0.00395796,-0.00123436,-0.000159798,3.10636e-05,-2.19014e-06,-1.32967e-05,-8.25588e-05,-0.000484447,-0.00168707,-0.00453542,-0.0102062,-0.0195836,-0.03202,-0.0475561,-0.0599843,-0.0649763,-0.0360684,0.0376724,0.123659,0.129532,0.0556971,-0.0186076,-0.0519054,-0.0487976,-0.0342505,-0.0209847,-0.0118549,-0.00582142,-0.00225633,-0.000390712,3.49136e-05,-1.29068e-05,0.0,-4.10328e-06,-7.13656e-05,-0.000290098,-0.00128667,-0.00415311,-0.0102875,-0.0207316,-0.0339149,-0.049799,-0.0624145,-0.0656923,-0.0367929,0.0582094,0.144401,0.121532,0.0263393,-0.0477567,-0.0616994,-0.0467216,-0.0291345,-0.0167458,-0.00992817,-0.00506003,-0.0019814,-0.000212631,-0.000116201,-1.45361e-05,0.0,-7.7209e-07,-5.9492e-05,-0.000236624,-0.00113496,-0.00432113,-0.0111872,-0.0215494,-0.0354668,-0.051294,-0.0633417,-0.0665713,-0.0334738,0.0788399,0.143655,0.0985764,-0.0120173,-0.0700402,-0.0651563,-0.0442844,-0.0269165,-0.0155554,-0.00930107,-0.00523653,-0.00214895,-0.000320956,-8.78539e-05,-3.92092e-06,0.0,-1.35748e-05,-4.72292e-05,-0.000156792,-0.00109113,-0.00488342,-0.0121408,-0.0231694,-0.0366809,-0.0513826,-0.0626975,-0.0639685,-0.0186548,0.0938165,0.133158,0.0735565,-0.041757,-0.0797228,-0.06366,-0.0440503,-0.0283675,-0.017236,-0.0104659,-0.00603798,-0.00275193,-0.000643083,-0.000122342,0.0,0.0,-2.84038e-05,-5.20277e-05,-0.00016537,-0.00128591,-0.00560371,-0.0133915,-0.0235829,-0.0362831,-0.049588,-0.0602856,-0.0519543,0.00756803,0.103169,0.125795,0.0467764,-0.0608786,-0.0794947,-0.0610247,-0.0446224,-0.0304545,-0.0190581,-0.0121322,-0.00670376,-0.00303256,-0.000702188,-0.000197194,-4.61233e-05,0.0,2.56376e-05,-5.23217e-05,-0.000260566,-0.00165131,-0.00679549,-0.0146557,-0.0233693,-0.0343293,-0.0447537,-0.0497874,-0.0256003,0.0348736,0.110511,0.11395,0.0232296,-0.0618404,-0.0715926,-0.0579122,-0.0442099,-0.031286,-0.0205823,-0.013232,-0.00728313,-0.0035565,-0.00154789,-0.000556446,-6.52083e-05,0.0,1.57178e-05,-6.77935e-05,-0.000561854,-0.00238111,-0.00821224,-0.0158864,-0.0240538,-0.0325122,-0.0378647,-0.0296246,0.00383873,0.059272,0.109927,0.0923331,0.0113609,-0.0535074,-0.0652629,-0.057018,-0.043813,-0.0308723,-0.0206644,-0.013556,-0.00762002,-0.00385388,-0.00186573,-0.000294539,-1.61272e-06,0.0,-3.46619e-06,-0.000168021,-0.00105541,-0.00362669,-0.00995546,-0.0187808,-0.0263919,-0.0310591,-0.0273176,-0.00948485,0.0256338,0.0678839,0.0951795,0.0677789,0.00425463,-0.0482699,-0.0620377,-0.0557827,-0.0414061,-0.0288564,-0.0200245,-0.0133874,-0.00776687,-0.00437421,-0.00171677,-0.000175803,0.0,0.0,0.0,-0.000239173,-0.00138126,-0.00457889,-0.0121955,-0.021348,-0.0278598,-0.028983,-0.0169626,0.00262766,0.0325735,0.0592256,0.0705871,0.0440668,-0.00448643,-0.0452409,-0.0591239,-0.0525484,-0.0388749,-0.026812,-0.0182082,-0.0117401,-0.00688799,-0.00383159,-0.00120185,-0.000229955,0.0,0.0,0.0,-0.000306677,-0.00152732,-0.00472641,-0.0111161,-0.0185993,-0.0249127,-0.0219672,-0.00928318,0.00781223,0.0249773,0.0379881,0.0401707,0.0231979,-0.0105523,-0.0407167,-0.0523495,-0.0461626,-0.0342941,-0.0233957,-0.0155187,-0.0103377,-0.0060349,-0.00336773,-0.000803468,-0.00017749,0.0,0.0,0.0,-0.000265261,-0.00117536,-0.00339063,-0.00716384,-0.0126902,-0.0184299,-0.0130166,-0.00361165,0.0057869,0.00882055,0.0149057,0.0153016,0.0118091,-0.00717514,-0.0291614,-0.0395339,-0.0370634,-0.0266154,-0.018041,-0.0122618,-0.00791048,-0.00433782,-0.00217739,-0.000703402,-0.000104225,0.0,0.0,0.0,-0.000141226,-0.000717498,-0.00122346,-0.00144354,-0.00492527,-0.00730166,-0.00309196,0.00236691,0.00495476,0.000718049,0.000825919,0.00424571,0.0118035,0.00489182,-0.0102106,-0.0227419,-0.0240637,-0.0167581,-0.0104068,-0.00671322,-0.003876,-0.00208193,-0.00101846,-0.000239531,-1.32735e-05,0.0,0.0,0.0,-3.07092e-05,-0.000216584,0.000994552,0.00180682,0.000932057,0.000281349,0.0039211,0.00675821,0.0026001,-0.0007731,-0.00620301,0.000140408,0.0121475,0.0129654,-0.0022168,-0.0117608,-0.0127444,-0.00804825,-0.00421734,-0.002496,-0.00131689,-0.000652337,-0.000279709,-6.50823e-05,-9.9649e-06,0.0,0.0,0.0,-1.60442e-06,-9.02833e-06,5.71556e-05,0.000189225,-0.000792361,-0.00183167,-0.00528718,-0.00987961,-0.0155638,-0.020722,-0.0233102,-0.0168912,-0.00770056,-0.00458697,-0.00708188,-0.007476,-0.00581809,-0.00352817,-0.00160934,-0.000692762,-0.00066105,-0.000373464,-0.000133591,-3.95225e-05,0.0,0.0,0.0,0.0,0.0,0.0,-6.05382e-05,-0.000320895,-0.00131328,-0.00327619,-0.00569003,-0.00908209,-0.0130911,-0.0147249,-0.0142958,-0.0133181,-0.00992294,-0.0082136,-0.00632233,-0.00455083,-0.00287802,-0.00150416,-0.000846509,-0.000518871,-0.000260334,-9.70801e-05,-1.72937e-05,0.0,0.0,0.0,0.0,0.0,0.0,0.0,-1.49558e-05,-0.000175504,-0.000502532,-0.000929191,-0.00186803,-0.00263454,-0.00349603,-0.00384339,-0.00409637,-0.00396495,-0.00328277,-0.00259057,-0.00201751,-0.00145546,-0.000845817,-0.000354297,-0.000173074,-9.63732e-05,-2.40783e-05,-3.02751e-06,0.0,0.0,0.0,0.0,0.0,0.0,