{"max":0.399605,"min":-0.212608,"acc":0.8983,"arr":[0.0,0.0,0.0,0.0,0.0,0.0,0.0,0.0,0.0,0.0,0.0,0.0,-3.00602e-06,-8.65306e-06,-2.30452e-06,-9.60218e-08,0.0,0.0,0.0,0.0,0.0,0.0,0.0,0.0,0.0,0.0,0.0,0.0,0.0,0.0,0.0,0.0,-4.89258e-08,-1.4867e-07,-1.08485e-05,-3.3957e-05,-0.000269335,-0.000255017,-0.000274911,-0.000213539,-0.000205019,-0.000217739,0.000485387,0.000994414,-0.000377661,-0.000295189,-9.47114e-05,-0.000149245,-0.000129173,-5.16254e-05,-7.41779e-06,-4.14931e-07,0.0,0.0,0.0,0.0,0.0,0.0,-9.88772e-09,-1.57713e-06,-3.36363e-06,-2.44368e-06,-4.24407e-05,-0.000273553,-0.000999108,-0.00170392,-0.00251511,-0.00284395,-0.00215381,-0.000163728,0.000164904,0.00171471,-0.000934744,-0.0029731,-0.00390734,-0.00354072,-0.0028118,-0.00190926,-0.000906862,-0.000416679,-0.000193509,-4.43452e-05,0.0,0.0,0.0,0.0,1.18573e-05,-7.44448e-06,-1.85466e-05,-0.000135982,-0.000482941,-0.0017459,-0.0046869,-0.00831745,-0.0122155,-0.0173142,-0.0172258,-0.01438,-0.0131572,-0.0130138,-0.0157494,-0.0201078,-0.021314,-0.0184314,-0.0135593,-0.0075797,-0.00378336,-0.00220287,-0.00132991,-0.000374458,-0.000232083,0.0,0.0,-1.81585e-06,3.62665e-05,-2.36206e-05,-0.000225147,-0.000801088,-0.00289545,-0.00841543,-0.0149306,-0.0228876,-0.025531,-0.0173736,0.00937418,0.0358138,0.0392087,0.0254947,0.00719516,0.00986152,0.0239022,0.0452016,0.0494338,0.0390956,0.0185931,0.00449546,-0.0026569,-0.00215057,-0.000256616,-4.62908e-05,0.0,0.0,-1.09923e-05,0.000217964,-0.000234813,-0.00206063,-0.00870846,-0.0210481,-0.0360659,-0.0491298,-0.0495829,-0.0318368,0.0103888,0.0491987,0.050989,0.0261869,-0.00791053,-0.00747056,0.0273739,0.065863,0.080772,0.0627476,0.0293192,0.00576543,-0.00378069,-0.00483942,-0.00066039,-6.3403e-05,0.0,-5.65293e-07,-0.000127368,0.00035559,-0.00113132,-0.00696619,-0.018345,-0.0368418,-0.0606074,-0.0847118,-0.0932548,-0.0769504,-0.0359441,-0.00139481,-0.00455633,-0.0390984,-0.0718688,-0.0628462,-0.00571052,0.0388113,0.0520697,0.0299019,0.00199865,-0.012379,-0.0137708,-0.00836461,-0.00150531,-0.000145919,0.0,-3.6781e-05,-0.000118213,-0.000884413,-0.00316919,-0.0125388,-0.0301074,-0.0519246,-0.0817028,-0.108592,-0.127695,-0.123286,-0.0778775,-0.0362928,-0.0293556,-0.0552028,-0.0790547,-0.059602,-0.0239715,0.00682938,0.00252031,-0.0180421,-0.0332668,-0.0365593,-0.0296956,-0.0137446,-0.00204284,-0.000312599,-7.38457e-07,-4.67742e-05,-0.000355322,-0.00153309,-0.00489422,-0.0157,-0.0341336,-0.0573449,-0.0877307,-0.11675,-0.142195,-0.139287,-0.0938619,-0.0251158,0.0215236,0.0223011,-0.0127935,-0.0104189,-0.020097,-0.0321821,-0.0518554,-0.0681086,-0.0675936,-0.0570006,-0.0398999,-0.0178771,-0.00259661,-0.000203364,-1.76151e-05,-6.18321e-05,-0.000412145,-0.00181162,-0.00555206,-0.0163186,-0.0323889,-0.0510429,-0.0797227,-0.110346,-0.135431,-0.138632,-0.088603,0.0139067,0.116662,0.140677,0.0747071,0.00707084,-0.0393271,-0.0756123,-0.0933766,-0.0926834,-0.0772128,-0.0572232,-0.035854,-0.0150897,-0.00218657,-0.000220778,-2.06366e-05,-5.38258e-05,-0.000312895,-0.00181282,-0.00482244,-0.0138339,-0.0292495,-0.0449065,-0.0693161,-0.101534,-0.128906,-0.140052,-0.0873132,0.0508023,0.219965,0.252966,0.115698,-0.00689062,-0.0754728,-0.101996,-0.106322,-0.0836415,-0.0587514,-0.0395914,-0.02339,-0.00852197,-0.00125262,-4.16047e-05,-6.54795e-06,-1.14803e-05,-0.000198467,-0.00107019,-0.00307928,-0.0101319,-0.024189,-0.0414922,-0.0668921,-0.104362,-0.139744,-0.159368,-0.104819,0.0784543,0.317076,0.320084,0.100229,-0.0475828,-0.100257,-0.108052,-0.0854288,-0.0556509,-0.0350053,-0.0210683,-0.011214,-0.0039062,-0.000559116,2.92563e-05,-1.94676e-07,-2.16806e-05,-0.000190257,-0.000419352,-0.00198362,-0.00917226,-0.0212731,-0.0396899,-0.0678736,-0.108784,-0.156947,-0.188272,-0.128492,0.119366,0.392565,0.312634,0.0452351,-0.0935521,-0.122099,-0.10162,-0.0648121,-0.0380439,-0.0235144,-0.012936,-0.00623421,-0.00159222,-0.000569233,2.55084e-05,1.59329e-05,-8.95144e-06,-9.1913e-05,-0.00015872,-0.00169384,-0.00882126,-0.0210567,-0.0399376,-0.068014,-0.117601,-0.177287,-0.212608,-0.138301,0.179404,0.399605,0.259881,-0.02774,-0.145385,-0.139227,-0.0942321,-0.0573185,-0.0344028,-0.0215905,-0.013617,-0.00778095,-0.00258434,-0.000759751,-4.90593e-05,-3.88575e-07,-1.8873e-05,-3.98372e-05,0.000137325,-0.00166502,-0.0100383,-0.0231886,-0.04318,-0.0719972,-0.123709,-0.18335,-0.212031,-0.0910326,0.237427,0.367261,0.197982,-0.1002,-0.186742,-0.144637,-0.0974209,-0.062401,-0.039034,-0.0250561,-0.0159364,-0.00823905,-0.00306053,-0.000619287,-1.56123e-05,-1.49006e-07,-2.84038e-05,8.75003e-05,-0.000211777,-0.00257859,-0.0126514,-0.0292934,-0.0483013,-0.0776551,-0.124597,-0.171877,-0.154487,-0.00492389,0.263495,0.336391,0.113069,-0.154001,-0.19523,-0.145026,-0.10217,-0.0689264,-0.0450241,-0.0301908,-0.0186009,-0.00993773,-0.00365201,-0.000958434,-0.000115324,-1.24423e-07,2.38133e-05,9.69759e-05,-0.000848783,-0.00404667,-0.0170743,-0.0392211,-0.0595557,-0.0848929,-0.116022,-0.12357,-0.0704372,0.0652581,0.27435,0.288069,0.0345628,-0.15885,-0.186796,-0.145881,-0.103109,-0.0707476,-0.0468077,-0.0320484,-0.0209036,-0.0120883,-0.00563671,-0.00152155,-0.000104306,0.0,5.51278e-05,-0.000205762,-0.00155199,-0.00687982,-0.0257824,-0.0535182,-0.0734421,-0.0882403,-0.0919523,-0.055274,0.00818108,0.127185,0.253831,0.205953,0.00258906,-0.13516,-0.165112,-0.138827,-0.0985936,-0.0672708,-0.0468664,-0.0331835,-0.0232918,-0.0141799,-0.00628316,-0.00140272,-3.38792e-05,-4.52917e-06,3.89603e-06,-0.000330776,-0.00239084,-0.0105072,-0.0351408,-0.0698068,-0.0858829,-0.0802193,-0.0523934,-0.00801563,0.0571843,0.135953,0.185852,0.13372,-0.00528027,-0.108841,-0.137001,-0.12151,-0.0888985,-0.0624112,-0.0461438,-0.0354517,-0.0247703,-0.0137761,-0.00461208,-0.000884255,-1.11437e-05,6.62381e-06,2.20964e-05,-0.000524315,-0.00317971,-0.0128132,-0.0415663,-0.0706557,-0.0791047,-0.0588578,-0.0180936,0.0188812,0.0593417,0.0846751,0.106687,0.072855,-0.00578388,-0.0735654,-0.106885,-0.0982318,-0.0766129,-0.0595694,-0.0442195,-0.0330309,-0.0214461,-0.0113499,-0.00369868,-0.000787502,1.0639e-08,0.0,-2.44545e-05,-0.000676473,-0.00387799,-0.0118486,-0.0322058,-0.048671,-0.0500004,-0.0237478,0.00955536,0.0286044,0.0285493,0.0147478,0.0199304,0.0254446,-0.00536418,-0.0424238,-0.0696193,-0.074176,-0.0642172,-0.0518667,-0.0398303,-0.0283439,-0.01735,-0.0100765,-0.00271101,-0.00047534,1.57292e-05,5.90113e-06,-6.61652e-06,-0.000563413,-0.00270958,-0.00598456,-0.00718162,-0.0106266,-0.0067789,0.0165905,0.0244947,0.0127399,-0.0300537,-0.0573457,-0.0466358,-7.74388e-05,0.0106983,-0.00836315,-0.0342223,-0.0505711,-0.0486041,-0.0389931,-0.0289526,-0.022588,-0.0132519,-0.00560621,-0.00177731,-0.000266347,-1.0671e-08,5.71672e-06,1.2687e-06,-0.000425566,-0.00152998,0.000353727,0.0159325,0.0217072,0.0301346,0.0421678,0.0374558,-0.00642155,-0.0699821,-0.101567,-0.07262,0.00180254,0.0413928,0.0354803,0.00737486,-0.0217273,-0.0301853,-0.0248233,-0.0203683,-0.0157041,-0.00847828,-0.0032956,-0.000527802,0.00015505,-1.97004e-08,0.0,0.0,-0.000114848,-0.00101024,0.00245445,0.0181712,0.0308113,0.039044,0.0422847,0.0296218,-0.0177413,-0.0639912,-0.0807266,-0.061467,0.00234388,0.0513707,0.0476973,0.0188635,-0.0119952,-0.0146867,-0.0119284,-0.0098756,-0.00714245,-0.00443665,-0.00138008,-6.23486e-05,0.000234326,0.0,0.0,0.0,-1.48388e-05,-0.000433587,-0.000655396,0.00384439,0.0041437,-0.0046447,-0.0182361,-0.039712,-0.0689254,-0.0892728,-0.095987,-0.0849499,-0.0553043,-0.0270596,-0.0194852,-0.0140297,-0.0118998,-0.00757427,-0.00423655,-0.00215157,-0.0023418,-0.00137892,-0.000377132,5.47086e-05,1.85128e-05,0.0,0.0,0.0,-1.06158e-06,-7.91224e-05,-0.000838174,-0.00221948,-0.00550245,-0.012742,-0.0210873,-0.0322905,-0.0452352,-0.0495729,-0.0487826,-0.0478276,-0.0401773,-0.0325752,-0.0215473,-0.0126526,-0.00682733,-0.00424825,-0.00229193,-0.00127063,-0.000773394,-0.000236344,-2.93067e-05,-1.57467e-06,-1.84401e-06,0.0,0.0,0.0,0.0,0.0,-0.000171936,-0.000536871,-0.00132272,-0.00250896,-0.00436401,-0.00646816,-0.00850847,-0.00946623,-0.0104143,-0.0121852,-0.0104069,-0.00659682,-0.00433111,-0.0027662,