{"max":0.0325194,"min":-0.0207034,"acc":0.7888,"arr":[0.0,0.0,0.0,0.0,0.0,0.0,0.0,0.0,0.0,0.0,0.0,0.0,0.0,0.0,0.0,0.0,0.0,0.0,0.0,0.0,0.0,0.0,0.0,0.0,0.0,0.0,0.0,0.0,0.0,0.0,0.0,0.0,0.0,0.0,0.0,0.0,0.0,-2.26907e-05,-4.20133e-05,-1.96381e-05,-5.82041e-05,-2.66576e-05,-2.90044e-05,-5.03649e-05,-3.80077e-05,0.0,0.0,0.0,0.0,0.0,0.0,0.0,0.0,0.0,0.0,0.0,0.0,0.0,0.0,0.0,0.0,0.0,0.0,-1.15727e-05,-6.2165e-05,-0.000157407,-0.000193329,-0.000242305,-0.000407305,-0.000389641,-0.000568833,-0.000587738,-0.000198888,-0.000359907,-0.000421134,-0.000318416,-0.000319719,-0.000208597,-6.86942e-05,-5.86119e-06,0.0,0.0,0.0,0.0,0.0,0.0,0.0,0.0,0.0,-2.22489e-05,-6.58055e-05,-0.000113944,-0.000205307,-0.00049001,-0.000830562,-0.00107566,-0.00136101,-0.00133483,-0.00166926,-0.00183802,-0.00180636,-0.00151392,-0.0014497,-0.00121433,-0.000929613,-0.000477983,-0.000251532,-6.49271e-05,0.0,0.0,0.0,0.0,0.0,0.0,0.0,-7.55893e-06,-3.36865e-05,-0.000116226,-0.00025707,-0.000527917,-0.000985493,-0.00180857,-0.00264455,-0.00223833,-0.0017792,-4.16704e-05,0.000586866,0.00103835,0.00163022,0.00440638,0.00521244,0.00399598,0.000526997,0.000134203,-0.000343921,-0.000250105,-8.62965e-05,-2.61487e-05,-2.28801e-05,0.0,0.0,0.0,-1.19957e-05,-3.46725e-05,-2.28533e-05,-0.000247832,-0.000625382,-0.00137834,-0.00249603,-0.00398253,-0.00528899,-0.00485639,-0.00387734,-0.00124854,-0.000870578,0.00221225,0.00499778,0.0050364,0.00585664,0.00494143,0.00206969,0.000353797,-0.000405204,-0.000965786,-0.000548555,-0.000167863,-4.72215e-05,0.0,0.0,0.0,-1.3146e-06,-1.80757e-06,-6.21682e-05,-0.000471302,-0.00132739,-0.00265791,-0.00408526,-0.00614798,-0.00867625,-0.0101546,-0.00807508,-0.00486811,-0.00348265,0.00133848,0.00337082,0.00312351,0.0034081,0.00118438,-0.000844911,-0.00211291,-0.00196138,-0.00205948,-0.00142271,-0.000676697,-0.00015585,-6.40737e-06,0.0,0.0,-1.38174e-05,-6.20762e-05,-0.000240931,-0.000870836,-0.00206345,-0.00365485,-0.00596988,-0.00875035,-0.012222,-0.0149973,-0.0125313,-0.00643744,-0.00224067,0.00247804,0.0024104,0.00324833,-6.466e-05,-0.00366986,-0.00560905,-0.00467635,-0.00398404,-0.00273579,-0.00171102,-0.000865917,-0.000241857,-4.26596e-05,0.0,0.0,-8.33527e-05,-0.000249292,-0.000541452,-0.0015025,-0.00273897,-0.00501647,-0.0076471,-0.0111794,-0.0156927,-0.0177265,-0.0134279,-0.00559695,0.00243634,0.00861167,0.00703267,0.00480898,-0.00253082,-0.00681587,-0.00829734,-0.00709392,-0.00492262,-0.00299966,-0.0016189,-0.000752397,-0.000266253,-2.34375e-05,0.0,0.0,-7.49647e-05,-0.00035492,-0.000809527,-0.00157502,-0.00300078,-0.00554242,-0.00889761,-0.0131919,-0.0169759,-0.0178601,-0.0123348,-0.00228683,0.0110362,0.0174657,0.014666,0.00509075,-0.00503707,-0.00944337,-0.00969826,-0.00749213,-0.00514783,-0.00277893,-0.00117247,-0.000461137,-0.000133282,0.0,0.0,0.0,-2.29099e-05,-0.000309511,-0.000853462,-0.00168301,-0.00328115,-0.0062567,-0.0101352,-0.0143657,-0.0172545,-0.0173209,-0.010935,0.00214895,0.0194989,0.0251433,0.0176211,0.00289036,-0.00909393,-0.0119145,-0.0103838,-0.00741698,-0.00454804,-0.0023416,-0.000806003,-0.000264175,-5.77859e-05,0.0,0.0,0.0,0.0,-0.000158884,-0.000648503,-0.00168631,-0.00363898,-0.00704561,-0.0111157,-0.0152172,-0.0169515,-0.0165993,-0.00892073,0.00793953,0.0270772,0.0289886,0.0148539,-0.00385523,-0.0128296,-0.0125719,-0.00979604,-0.00645256,-0.00384538,-0.00180476,-0.000620018,-0.000108814,-9.78956e-06,0.0,0.0,0.0,-2.95155e-06,-8.5863e-05,-0.000411696,-0.00145704,-0.00364426,-0.00738411,-0.0116708,-0.015525,-0.0170554,-0.0163275,-0.00886071,0.0136603,0.0325194,0.0266367,0.00723843,-0.0112139,-0.0158692,-0.013172,-0.00894405,-0.00571435,-0.00321629,-0.00173333,-0.000679574,-3.0083e-05,0.0,0.0,0.0,0.0,-1.81754e-05,-8.19583e-05,-0.000302463,-0.00149238,-0.00387728,-0.00758038,-0.0116363,-0.0155472,-0.0174918,-0.0166383,-0.00763344,0.0185992,0.0320665,0.0213665,-0.00292985,-0.0175257,-0.01841,-0.0133997,-0.0086485,-0.0052776,-0.003201,-0.00191307,-0.000812867,-8.09629e-05,0.0,0.0,0.0,0.0,-1.98841e-05,-4.54944e-05,-0.000340234,-0.00170809,-0.00425316,-0.0079391,-0.0112889,-0.0153269,-0.0168808,-0.0154464,-0.00403873,0.0224121,0.0297196,0.015457,-0.00932876,-0.0202147,-0.0180739,-0.0136303,-0.00890828,-0.00594196,-0.00372936,-0.00210504,-0.000877713,-9.86574e-05,0.0,0.0,0.0,0.0,-1.56898e-05,-3.28549e-05,-0.000358106,-0.0019247,-0.00472884,-0.00776525,-0.0108778,-0.0136291,-0.0149225,-0.0118443,0.00234876,0.0249708,0.0283571,0.00956117,-0.0139039,-0.0207034,-0.0174329,-0.0132786,-0.00913036,-0.00612842,-0.00406042,-0.00236546,-0.0010102,-0.00016014,-2.17622e-05,-1.52312e-05,0.0,0.0,0.0,-3.23226e-05,-0.000548106,-0.00220886,-0.00506836,-0.00740444,-0.00984078,-0.0119384,-0.0121564,-0.00465966,0.0108244,0.0284361,0.026334,0.00483885,-0.0143316,-0.0188376,-0.016371,-0.0127303,-0.00888927,-0.00610742,-0.0039489,-0.00227913,-0.00117791,-0.000382877,-8.04692e-05,-3.13584e-05,0.0,0.0,0.0,-0.00012508,-0.000842938,-0.00246284,-0.00501968,-0.0072139,-0.00902512,-0.00994244,-0.0067144,0.00362563,0.0176316,0.0278254,0.0230595,0.00172484,-0.0135318,-0.0179175,-0.0159539,-0.0126414,-0.008598,-0.00588341,-0.00360831,-0.00168452,-0.000907112,-0.000344515,-3.48043e-05,-1.61272e-06,0.0,0.0,-4.37186e-05,-0.00032237,-0.00107883,-0.0026024,-0.00495534,-0.0072204,-0.00894385,-0.00767421,-0.00115881,0.00940148,0.0189783,0.0241868,0.0176807,-0.000768345,-0.0128546,-0.0168927,-0.0159857,-0.0120396,-0.00810413,-0.00562183,-0.00333108,-0.00163965,-0.000867494,-0.000222476,-8.41635e-06,0.0,0.0,0.0,-6.37792e-05,-0.000392645,-0.00115131,-0.00270709,-0.00491418,-0.00699446,-0.00804937,-0.00365971,0.00274176,0.0119965,0.0169448,0.0182984,0.0111671,-0.00365807,-0.0123501,-0.0163143,-0.0153458,-0.0111713,-0.00746284,-0.00503429,-0.00285385,-0.00156888,-0.000778892,-7.53522e-05,-2.4919e-05,0.0,0.0,0.0,-4.47084e-05,-0.000347851,-0.00107302,-0.00245068,-0.00466734,-0.00642814,-0.00560928,-0.0016483,0.00397681,0.00901298,0.0108423,0.00879042,0.00407738,-0.00502813,-0.0122241,-0.0150404,-0.013642,-0.00967297,-0.00612237,-0.00397541,-0.00242315,-0.00126833,-0.000582619,0.000128408,0.0,0.0,0.0,0.0,-1.04077e-05,-0.00016177,-0.000864318,-0.00210291,-0.00382437,-0.00480446,-0.00323093,-0.000290107,0.00331206,0.00389627,0.00263377,0.00132213,0.000205127,-0.00537853,-0.00962877,-0.0128358,-0.0111103,-0.00745734,-0.00467193,-0.00280537,-0.00152511,-0.000812128,-0.000308721,-3.19614e-05,0.0,0.0,0.0,0.0,0.0,-0.00010658,-0.000484519,-0.00105837,-0.00197401,-0.00134539,-0.0002035,0.00165686,0.00222307,0.000661542,-0.00201498,-0.0030923,-0.000822109,-0.00280448,-0.0044332,-0.00803099,-0.00742752,-0.00499395,-0.00287553,-0.00162766,-0.000762037,-0.00031004,-0.000117562,-2.68661e-05,0.0,0.0,0.0,0.0,0.0,-5.78035e-05,-0.000125913,7.94752e-05,-0.000209376,0.000724514,0.00159947,0.00262736,0.00126839,-0.00119934,-0.00358635,-0.00423524,-0.000462347,0.000724149,-0.00301016,-0.00430763,-0.00411269,-0.00278416,-0.0014798,-0.000742224,-0.000377458,-0.000147608,-3.54396e-05,-8.82888e-06,0.0,0.0,0.0,0.0,0.0,0.0,-4.56576e-05,-0.000159902,6.6017e-05,0.000861856,-9.51071e-05,-0.00199641,-0.00439813,-0.00615996,-0.00623853,-0.00395953,-0.00204741,-0.00246268,-0.00310927,-0.00321551,-0.00253092,-0.00159279,-0.000810925,-0.000465775,-0.000212166,-7.81131e-05,-2.3769e-05,-4.01313e-07,0.0,0.0,0.0,0.0,0.0,0.0,0.0,-5.01178e-05,-0.000169431,-0.000607967,-0.00118922,-0.0018114,-0.00284016,-0.00322311,-0.00310071,-0.00277975,-0.00214045,-0.00227644,-0.00217053,-0.00172918,-0.00114866,-0.000631384,-0.000359398,-0.00016924,-8.56843e-05,-3.03283e-05,0.0,0.0,0.0,0.0,0.0,0.0,0.0,0.0,0.0,-1.21911e-05,-8.89099e-05,-0.000268081,-0.000570831,-0.000557628,-0.000899461,-0.000953953,-0.000844237,-0.00101653,-0.000984816,-0.000881694,-0.000866816,-0.000744847,-0.000337779,-9.676e-05,-1.70588e-05,-6.06213e-06,0.0,0.0,0.0,0.0,0.0,0.0,0.0,0.0,0.0,0.0,0.0,0.0,-7.3096e-06,-5.13096e-05,-8.28871e-05,-4.51799e-05,-6.42536e-05,-7.75614e-05,-7.35392e-05,-0.00011818,-0.000157039,-0.000143544,-0.000185354,-0.000116619,0.0,0.0,0.0,0.0,0.0,0.0,0.0,0.0,0.0,0.0]}