{"max":0.0187598,"min":-0.0117664,"acc":0.6812,"arr":[0.0,0.0,0.0,0.0,0.0,0.0,0.0,0.0,0.0,0.0,0.0,0.0,0.0,0.0,0.0,0.0,0.0,0.0,0.0,0.0,0.0,0.0,0.0,0.0,0.0,0.0,0.0,0.0,0.0,0.0,0.0,0.0,0.0,0.0,0.0,0.0,0.0,0.0,0.0,0.0,0.0,0.0,-2.90044e-05,-5.03649e-05,-3.80077e-05,0.0,0.0,0.0,0.0,0.0,0.0,0.0,0.0,0.0,0.0,0.0,0.0,0.0,0.0,0.0,0.0,0.0,0.0,0.0,0.0,-2.64758e-05,-8.3759e-05,-0.000132987,-0.000229544,-0.000167106,-0.000295657,-0.000348906,8.73901e-06,-0.000112286,-0.000185888,-8.50607e-05,-0.000119193,-6.62395e-05,-4.03585e-05,-5.86119e-06,0.0,0.0,0.0,0.0,0.0,0.0,0.0,0.0,0.0,-2.22489e-05,-2.93034e-05,-7.4163e-06,-4.1122e-05,-0.000221177,-0.000422101,-0.000590201,-0.000809438,-0.000960175,-0.000989598,-0.000906323,-0.000822974,-0.000717617,-0.000766764,-0.000677367,-0.000554922,-0.000269322,-0.000149627,-3.94706e-05,0.0,0.0,0.0,0.0,0.0,0.0,0.0,0.0,0.0,-3.12323e-05,-7.28733e-05,-0.000240462,-0.000520406,-0.000972058,-0.00153801,-0.00120484,-0.00104661,0.000512821,0.000862317,0.000116238,0.000536688,0.00279916,0.00346625,0.00336383,0.000344725,-0.000344644,-0.000253196,-9.13257e-05,-1.13781e-05,-2.61487e-05,-2.28801e-05,0.0,0.0,0.0,0.0,0.0,0.0,-0.000111493,-0.00032776,-0.000783054,-0.00154963,-0.00222014,-0.00313213,-0.00345429,-0.00334763,-0.00132899,-0.000722524,-1.6595e-05,0.00260097,0.00306924,0.00367574,0.00351802,0.00131942,0.00044861,0.000275974,-0.000411933,-0.000266118,-0.000134981,-4.72215e-05,0.0,0.0,0.0,0.0,0.0,0.0,-0.00018025,-0.00070169,-0.0016022,-0.00260688,-0.00391353,-0.00545268,-0.0069954,-0.00676662,-0.00453832,-0.00322283,-0.000894748,0.00189892,0.00209628,0.00260517,0.000544415,-0.000791755,-0.00116493,-0.000862029,-0.00109325,-0.000833135,-0.000498173,-9.81366e-05,-6.40737e-06,0.0,0.0,-1.38174e-05,-3.91741e-05,-0.000117372,-0.000387559,-0.0011287,-0.00222654,-0.00387616,-0.0057156,-0.0078673,-0.0099425,-0.00915787,-0.00558336,-0.00287485,0.000352104,0.00149472,0.00257053,0.000413407,-0.00230554,-0.00390149,-0.00261185,-0.00203006,-0.00152996,-0.00102181,-0.000615539,-0.000170803,-4.26596e-05,0.0,0.0,-8.11103e-05,-0.000142416,-0.000337552,-0.000844174,-0.00156172,-0.00299899,-0.0048988,-0.00722782,-0.00976497,-0.010993,-0.00927609,-0.00463653,-0.000149605,0.00528482,0.00490578,0.00441877,-0.00101191,-0.00400993,-0.00514754,-0.00412356,-0.0026848,-0.0016302,-0.000839592,-0.000453772,-0.000180166,-2.34375e-05,0.0,0.0,-5.77536e-05,-0.000210226,-0.000511704,-0.000838104,-0.00153293,-0.00325339,-0.00542336,-0.00805638,-0.0104804,-0.0109176,-0.00850448,-0.00264697,0.00537027,0.0106907,0.0101123,0.00456417,-0.00216202,-0.00547585,-0.00588421,-0.00462606,-0.00308089,-0.00153015,-0.000585617,-0.000287627,-0.000112645,0.0,0.0,0.0,-1.4745e-05,-0.000213051,-0.000641043,-0.00102117,-0.00177085,-0.00376522,-0.00632709,-0.00894678,-0.0105813,-0.0108069,-0.00750528,0.000489066,0.0108437,0.0154571,0.0119168,0.0027344,-0.00512205,-0.00683497,-0.00640426,-0.00462989,-0.00276229,-0.00136547,-0.00041747,-0.000127164,-4.8335e-05,0.0,0.0,0.0,0.0,-0.000148428,-0.000494789,-0.00106677,-0.00214969,-0.00444179,-0.00709387,-0.0092288,-0.0102382,-0.0102556,-0.00544403,0.00440315,0.0152157,0.0179111,0.0100503,-0.00133638,-0.00746343,-0.00737948,-0.00616444,-0.00414886,-0.00249026,-0.00119158,-0.000365204,-3.68934e-05,-8.75855e-06,0.0,0.0,0.0,-2.95155e-06,-8.5863e-05,-0.000315027,-0.000855189,-0.00221536,-0.00477773,-0.00733169,-0.00935105,-0.010078,-0.00970704,-0.00514926,0.00778366,0.0184224,0.0160582,0.00533267,-0.00551603,-0.00877258,-0.00761291,-0.0054914,-0.00365628,-0.00224966,-0.00121201,-0.000476073,-5.76194e-06,0.0,0.0,0.0,0.0,-1.81754e-05,-6.68905e-05,-0.000187114,-0.000833223,-0.00236356,-0.00486797,-0.00734689,-0.00938962,-0.0103506,-0.0097676,-0.00435206,0.0108601,0.0187598,0.0127763,-0.00102102,-0.00932652,-0.010263,-0.00777479,-0.00536856,-0.00346034,-0.00235314,-0.00138437,-0.000578843,-6.54893e-05,0.0,0.0,0.0,0.0,-1.98841e-05,-1.7985e-05,-0.000174233,-0.000960825,-0.00264025,-0.00513915,-0.00719075,-0.00898223,-0.00979964,-0.00897176,-0.00211061,0.0129065,0.0173001,0.00911068,-0.00469511,-0.0110927,-0.0103856,-0.00797422,-0.00533555,-0.00379102,-0.00268579,-0.00150269,-0.00063948,-8.46987e-05,0.0,0.0,0.0,0.0,-1.56898e-05,0.0,-0.000184145,-0.00103098,-0.00300372,-0.00509482,-0.00690784,-0.00791982,-0.00844726,-0.00674586,0.00169621,0.0148886,0.0163843,0.00534437,-0.00792196,-0.0117664,-0.0101832,-0.00769492,-0.00545267,-0.00377701,-0.00269977,-0.00167224,-0.00069457,-0.000100736,0.0,0.0,0.0,0.0,0.0,-8.16736e-06,-0.000295333,-0.00123172,-0.00310724,-0.00470439,-0.00621423,-0.00704633,-0.00672447,-0.00292388,0.00740699,0.0173063,0.0151956,0.0014084,-0.00849854,-0.010407,-0.00950376,-0.00736107,-0.00522521,-0.00372212,-0.00238635,-0.00143231,-0.000697426,-0.000205441,0.0,0.0,0.0,0.0,0.0,-5.55991e-05,-0.00051156,-0.00130135,-0.00286966,-0.0045102,-0.00559948,-0.0060459,-0.00376715,0.00213212,0.0120816,0.0176698,0.0127297,-0.000429323,-0.00859505,-0.0101188,-0.00934456,-0.00737386,-0.00515788,-0.00349396,-0.00204677,-0.000921415,-0.000519549,-0.000216339,0.0,0.0,0.0,0.0,-1.88235e-05,-0.000157659,-0.000659847,-0.00134983,-0.00269251,-0.00442372,-0.00542298,-0.0046073,-0.000879057,0.00634211,0.0131409,0.0158508,0.00925615,-0.00175382,-0.00835191,-0.00972535,-0.00931794,-0.0070205,-0.00469903,-0.00308215,-0.00171812,-0.000906939,-0.000596118,-0.000184863,0.0,0.0,0.0,0.0,-2.37255e-05,-0.000202341,-0.000616678,-0.00139313,-0.00273757,-0.00399123,-0.00465222,-0.00161269,0.00217789,0.00887636,0.0127206,0.0124892,0.00532007,-0.00272147,-0.00784348,-0.00932176,-0.00903507,-0.00675708,-0.00437344,-0.00270745,-0.00143181,-0.000945781,-0.000550992,1.35261e-06,0.0,0.0,0.0,0.0,-7.45098e-06,-0.000156958,-0.000511649,-0.00121477,-0.00263343,-0.00409861,-0.00329717,-0.000836725,0.00350642,0.00785049,0.00887423,0.00626955,0.000878361,-0.00404332,-0.00814649,-0.0087756,-0.00857891,-0.00603783,-0.00372039,-0.0023333,-0.00142213,-0.000830021,-0.0004141,0.000161925,0.0,0.0,0.0,0.0,0.0,-4.76467e-05,-0.000379086,-0.00104021,-0.00232893,-0.00340357,-0.00218674,-0.000102487,0.0037229,0.00435107,0.00320597,0.00035662,-0.00248615,-0.00501804,-0.00723657,-0.00782709,-0.00725129,-0.00471374,-0.00301063,-0.0017939,-0.000993792,-0.000547167,-0.000172965,-2.00543e-05,0.0,0.0,0.0,0.0,0.0,-3.64367e-07,-0.00025858,-0.000800624,-0.00159615,-0.00136374,-0.000512213,0.00137959,0.00320809,0.001931,-0.00084066,-0.002943,-0.00336343,-0.00399826,-0.0042041,-0.00486285,-0.00470439,-0.00306493,-0.00187421,-0.00107188,-0.000443589,-0.000179743,-5.33692e-05,-1.01113e-05,0.0,0.0,0.0,0.0,0.0,0.0,-0.000107776,-0.000144934,-0.000451605,-0.000183518,0.00111677,0.00178457,0.00213798,0.000418407,-0.00234444,-0.00360546,-0.00244272,-0.00190406,-0.00295241,-0.0027448,-0.00276695,-0.00172072,-0.000935249,-0.000460764,-0.000229977,-8.92677e-05,0.0,0.0,0.0,0.0,0.0,0.0,0.0,0.0,-4.33723e-05,-0.000113027,3.20855e-05,0.000722176,0.000357445,-0.000845287,-0.00224101,-0.00286991,-0.00369598,-0.00296518,-0.0024257,-0.00337837,-0.00293447,-0.00196798,-0.00151519,-0.000897131,-0.000404258,-0.000282827,-0.000159238,-6.79274e-05,0.0,0.0,0.0,0.0,0.0,0.0,0.0,0.0,0.0,-3.05553e-05,-7.19062e-05,-0.000253864,-0.000521015,-0.000866094,-0.00151564,-0.0017008,-0.0018311,-0.0018588,-0.00147945,-0.00160866,-0.00149179,-0.00110115,-0.000620519,-0.00031311,-0.000172749,-0.000134914,-8.56843e-05,-3.03283e-05,0.0,0.0,0.0,0.0,0.0,0.0,0.0,0.0,0.0,0.0,-2.07526e-07,-6.7481e-05,-0.000223653,-0.000188147,-0.000308861,-0.000382531,-0.000517707,-0.000649498,-0.000592309,-0.000578092,-0.000596078,-0.00051416,-0.000184767,-6.44349e-05,-1.70588e-05,0.0,0.0,0.0,0.0,0.0,0.0,0.0,0.0,0.0,0.0,0.0,0.0,0.0,-7.3096e-06,-5.13096e-05,-8.28871e-05,-4.18891e-05,-3.7576e-06,0.0,-4.25499e-05,-4.48908e-05,-5.72735e-05,-9.16781e-05,-0.000153733,-0.000116619,0.0,0.0,0.0,0.0,0.0,0.0,0.0,0.0,0.0,0.0]}