{"max":0.0945635,"min":-0.0512812,"acc":0.7964,"arr":[0.0,0.0,0.0,0.0,0.0,0.0,0.0,0.0,0.0,0.0,0.0,0.0,0.0,0.0,0.0,0.0,0.0,0.0,0.0,0.0,0.0,0.0,0.0,0.0,0.0,0.0,0.0,0.0,0.0,0.0,0.0,0.0,0.0,0.0,-1.04923e-05,-2.2429e-05,-1.19401e-05,-2.38878e-05,-5.21212e-05,-5.51687e-05,-9.34847e-05,-9.33693e-05,-7.81117e-05,-6.59071e-05,-9.07256e-05,-2.7278e-05,-3.27897e-05,-8.33464e-05,-5.37095e-05,-3.93558e-07,0.0,0.0,0.0,0.0,0.0,0.0,0.0,0.0,0.0,-8.33082e-07,-1.68692e-06,0.0,-9.81165e-06,-3.3603e-05,-0.000130802,-0.000364247,-0.000506538,-0.000739433,-0.00102128,-0.00104935,-0.00124316,-0.00126978,-0.00106906,-0.00140804,-0.00124828,-0.000939151,-0.000716279,-0.000381081,-0.000146476,-1.74526e-05,0.0,0.0,0.0,0.0,0.0,0.0,0.0,-7.95674e-06,-1.001e-05,-2.49659e-05,-0.000101931,-0.000238865,-0.0005319,-0.00136067,-0.00211761,-0.00308158,-0.0035063,-0.00406827,-0.00459405,-0.00551212,-0.0053892,-0.00469472,-0.00441417,-0.00413548,-0.00251819,-0.00110631,-0.000485962,-0.000163358,-9.54901e-05,-6.16282e-05,0.0,0.0,0.0,0.0,0.0,-1.56733e-05,-7.88586e-05,-0.000358677,-0.000656186,-0.00126805,-0.00232022,-0.00430604,-0.00654179,-0.00631543,-0.00532764,-0.00109114,0.00333687,0.00559933,0.00425644,0.00697212,0.0109838,0.0101492,0.00459845,0.00304516,0.000364204,-0.000183205,-0.000411896,-0.000148598,-2.28801e-05,0.0,0.0,0.0,-1.19957e-05,-3.46725e-05,-0.000110638,-0.000753533,-0.00163088,-0.00331398,-0.00600908,-0.00988205,-0.01294,-0.0127873,-0.00876516,0.000522848,0.00696461,0.01477,0.0117437,0.0111062,0.0163341,0.0145363,0.00870347,0.00477496,0.000764146,-0.00185042,-0.00157716,-0.000503594,-6.47013e-05,0.0,0.0,0.0,-1.3146e-06,-5.74632e-06,-0.000200011,-0.00152755,-0.0035171,-0.00653829,-0.0106217,-0.0165646,-0.0219954,-0.0232356,-0.0175772,-0.00671723,0.00202763,0.0101864,0.00965182,0.00589181,0.00952048,0.00668517,0.00143755,-0.00173204,-0.00292424,-0.00363067,-0.00302776,-0.00140834,-0.000267797,-9.43385e-05,0.0,-7.14503e-06,-7.78128e-05,-0.000234537,-0.000811273,-0.0026351,-0.00556687,-0.0101409,-0.0158882,-0.0232376,-0.0308469,-0.0343225,-0.0264836,-0.0115026,0.00350928,0.0141005,0.0119931,0.00637651,0.00250603,-0.00528658,-0.0109393,-0.0105094,-0.00872364,-0.00603394,-0.0035935,-0.00179051,-0.000543724,-9.1973e-05,0.0,-2.19845e-05,-0.000195397,-0.00066299,-0.00155935,-0.00376221,-0.00736372,-0.01283,-0.0193592,-0.0278818,-0.0370542,-0.0410287,-0.0297372,-0.00824931,0.0165238,0.0308984,0.0254265,0.0125141,-0.00259488,-0.0158009,-0.0191259,-0.0168147,-0.0122631,-0.00747256,-0.0039009,-0.00176536,-0.000460909,-2.34375e-05,0.0,-2.41601e-05,-0.00018542,-0.000858349,-0.00197225,-0.00387297,-0.00765345,-0.0132352,-0.0212274,-0.0309152,-0.0394202,-0.0425899,-0.0285361,0.00116323,0.0377137,0.0558574,0.0420305,0.0156395,-0.00943446,-0.0240307,-0.0236908,-0.0188808,-0.0131334,-0.00750377,-0.00338277,-0.00134395,-0.000274507,0.0,0.0,-7.91966e-06,-9.71634e-05,-0.000719554,-0.00188124,-0.00375894,-0.00749134,-0.0137807,-0.0220068,-0.0319944,-0.0397428,-0.0419553,-0.025421,0.013562,0.0607094,0.0765553,0.049563,0.0106146,-0.0206361,-0.0299751,-0.0251745,-0.0182294,-0.0111709,-0.00576713,-0.00249757,-0.000598968,-2.93591e-05,3.8847e-05,0.0,-1.18171e-06,-5.5709e-05,-0.000395524,-0.00136353,-0.00349317,-0.0074494,-0.0143384,-0.0233017,-0.0334896,-0.0398479,-0.0410586,-0.0216065,0.0278806,0.081253,0.0871886,0.0448147,-0.0059571,-0.0316093,-0.0315118,-0.0236586,-0.014922,-0.00865138,-0.00421925,-0.00154827,-0.000166284,6.28513e-05,-3.32722e-06,0.0,-3.93041e-06,-6.29399e-05,-0.000227787,-0.00102735,-0.00315857,-0.00765271,-0.0152824,-0.024876,-0.0343915,-0.0408827,-0.0404419,-0.0200668,0.0424255,0.0942368,0.0816121,0.0251536,-0.0268705,-0.0390742,-0.0317458,-0.0207854,-0.0122603,-0.00746506,-0.00398423,-0.00159865,-0.000169024,-6.96634e-05,-1.45361e-05,0.0,0.0,-5.23363e-05,-0.000190339,-0.000811827,-0.00335852,-0.00842666,-0.0158231,-0.025452,-0.034838,-0.040693,-0.0401346,-0.016998,0.0559111,0.0945635,0.0674036,-0.00107911,-0.0429936,-0.0438692,-0.0311977,-0.0195667,-0.0114153,-0.00708616,-0.00406707,-0.00171462,-0.000211405,-2.60246e-05,-3.92092e-06,0.0,-1.24424e-05,-3.79758e-05,-0.000114218,-0.000834039,-0.00385497,-0.00932432,-0.0171699,-0.0260513,-0.0345335,-0.0396441,-0.0376283,-0.00537561,0.0650907,0.0885503,0.050469,-0.0201733,-0.0505887,-0.0433843,-0.0310805,-0.0203118,-0.0126075,-0.0076982,-0.00429545,-0.00172325,-0.000216286,-3.84791e-05,0.0,0.0,-2.84038e-05,-5.05135e-05,-0.000124581,-0.000966672,-0.00436266,-0.0102834,-0.0174365,-0.0254213,-0.0328227,-0.0374222,-0.0287634,0.0123446,0.0723429,0.0835488,0.0340657,-0.0341207,-0.0512812,-0.041126,-0.0306333,-0.0213368,-0.0133251,-0.00860857,-0.00461607,-0.0018923,-0.000284599,-8.39771e-05,-1.52312e-05,0.0,-1.34478e-05,-5.22901e-05,-0.000159426,-0.00125135,-0.00524849,-0.0110791,-0.0170231,-0.0238888,-0.029022,-0.0298658,-0.0107917,0.0316277,0.0777373,0.0755394,0.0186812,-0.0365278,-0.0461355,-0.0384477,-0.0300847,-0.0215192,-0.0139394,-0.00887766,-0.00483945,-0.00224571,-0.000716716,-0.000227687,-3.13584e-05,0.0,-9.93198e-06,-6.49534e-05,-0.000385969,-0.00171761,-0.0061905,-0.0117363,-0.017027,-0.0222448,-0.0245168,-0.0174617,0.00894113,0.0487132,0.0775584,0.0635277,0.00952296,-0.0323567,-0.0425208,-0.0380188,-0.0299609,-0.0209629,-0.0138026,-0.00870909,-0.0046509,-0.00232967,-0.000711007,-9.90402e-05,-1.61272e-06,0.0,-3.46619e-06,-0.000141583,-0.000726831,-0.00251259,-0.00730778,-0.0130199,-0.0177982,-0.0206897,-0.0179223,-0.00353357,0.0236348,0.0526712,0.0672473,0.0471667,0.00301686,-0.0299276,-0.0406637,-0.0377701,-0.0290128,-0.0198115,-0.0134849,-0.00845121,-0.00463696,-0.0024982,-0.000669162,-6.59649e-05,0.0,0.0,0.0,-0.000135231,-0.00082938,-0.00296628,-0.00813637,-0.0139857,-0.0183707,-0.0191756,-0.00938482,0.00634275,0.0307684,0.0466718,0.0499728,0.0305099,-0.00434987,-0.0290968,-0.0401245,-0.0363421,-0.0274271,-0.0186267,-0.0127056,-0.00775932,-0.00433589,-0.00201166,-0.000547022,-0.000135917,0.0,0.0,0.0,-0.000166586,-0.000939912,-0.00307505,-0.00715635,-0.0123825,-0.0165807,-0.0142906,-0.00351177,0.0107293,0.0255436,0.0319901,0.0299541,0.0150899,-0.00889931,-0.0283277,-0.0364064,-0.0321256,-0.0238456,-0.0157231,-0.0105912,-0.00687056,-0.00369422,-0.00184789,-0.000395284,-6.00427e-05,0.0,0.0,0.0,-0.000119064,-0.000730653,-0.00212986,-0.00485792,-0.00861131,-0.0120502,-0.00753578,0.000144898,0.00951746,0.0147035,0.0157098,0.0126344,0.00742554,-0.00850112,-0.0218467,-0.0289154,-0.0257731,-0.0180457,-0.0117606,-0.00767489,-0.00463452,-0.00261183,-0.00142608,-0.000346264,-1.36345e-05,0.0,0.0,0.0,-2.98609e-05,-0.000443504,-0.000823987,-0.00157464,-0.00355057,-0.00460094,-0.000431384,0.00425051,0.00953021,0.00890448,0.00548383,0.00431613,0.00764922,-0.00110224,-0.00981806,-0.0183943,-0.0166448,-0.0106627,-0.00653893,-0.0039966,-0.00224594,-0.00104252,-0.000518289,-0.000102403,-5.70564e-06,0.0,0.0,0.0,0.0,-0.000118138,0.000892161,0.00156514,0.00127307,0.00130235,0.00480329,0.00668331,0.00717892,0.00555161,0.000439362,-0.00102572,0.00641779,0.00597805,-0.00296019,-0.00954213,-0.00901288,-0.0054935,-0.00305796,-0.00171266,-0.000810527,-0.000397073,-0.000219939,-6.32167e-05,0.0,0.0,0.0,0.0,0.0,-5.75505e-06,-0.000151273,-4.85438e-05,0.000183575,0.000349994,-0.00140259,-0.00453243,-0.00835854,-0.0110416,-0.0126383,-0.0100982,-0.00428023,-0.00202734,-0.0041664,-0.00548999,-0.00472167,-0.00276461,-0.00147904,-0.000906187,-0.000599834,-0.000308357,-0.000127992,-3.95225e-05,0.0,0.0,0.0,0.0,0.0,0.0,-8.4124e-06,-0.000175349,-0.000739873,-0.00184818,-0.00342994,-0.00523596,-0.00781227,-0.00875414,-0.0080101,-0.00741214,-0.00569243,-0.00524889,-0.00434295,-0.00319435,-0.00199439,-0.00106206,-0.00061683,-0.000423949,-0.000235301,-9.70801e-05,-1.72937e-05,0.0,0.0,0.0,0.0,0.0,0.0,0.0,-1.49558e-05,-0.000171792,-0.000381367,-0.000655897,-0.00129416,-0.00178028,-0.00240703,-0.00264877,-0.00258659,-0.0025102,-0.00216213,-0.00177226,-0.00148837,-0.00114236,-0.000640971,-0.000260517,-8.74984e-05,-6.39314e-05,-1.65682e-05,-3.02751e-06,0.0,0.0,0.0,0.0,0.0,