{"max":0.244406,"min":-0.128538,"acc":0.8668,"arr":[0.0,0.0,0.0,0.0,0.0,0.0,0.0,0.0,0.0,0.0,0.0,0.0,-2.89933e-06,-6.34853e-06,0.0,0.0,0.0,0.0,0.0,0.0,0.0,0.0,0.0,0.0,0.0,0.0,0.0,0.0,0.0,0.0,0.0,0.0,0.0,-4.95015e-09,-1.08066e-05,-2.75863e-05,-4.63027e-05,-5.43745e-05,-0.000133832,-9.62473e-05,-0.000110461,-0.000166168,-9.2605e-05,0.000222243,-0.000160232,-0.000156431,-6.02754e-05,-0.000117222,-0.000102719,-9.64703e-06,-3.8373e-06,-3.12823e-07,0.0,0.0,0.0,0.0,0.0,0.0,0.0,-1.57713e-06,-2.09014e-06,-2.03955e-07,-2.40921e-05,-0.000109247,-0.000303219,-0.00071353,-0.00118661,-0.00164347,-0.00212024,-0.00200166,-0.00250942,-0.00212912,-0.00169414,-0.00220317,-0.00255411,-0.00195683,-0.00173247,-0.00112587,-0.000393482,-5.1702e-05,0.0,0.0,0.0,0.0,0.0,0.0,-6.70413e-07,-1.03148e-05,-1.37835e-05,-9.93221e-05,-0.000300517,-0.000895511,-0.00213362,-0.00435464,-0.00610023,-0.00927647,-0.0105144,-0.0107419,-0.0118345,-0.0126012,-0.0126442,-0.0121558,-0.0115109,-0.00967561,-0.00609081,-0.00272859,-0.00110457,-0.000581537,-0.000455671,-0.000139422,-1.01756e-05,0.0,0.0,-1.7923e-06,-5.7667e-06,-1.9777e-05,-0.000214717,-0.000768326,-0.00183191,-0.00421857,-0.00721483,-0.0125639,-0.0167144,-0.0177,-0.00657029,0.00734798,0.0150998,0.0113781,0.00381975,0.00978196,0.0174194,0.0254801,0.0231694,0.0156785,0.00445235,0.00105667,-0.00134428,-0.000767445,-0.000108461,0.0,0.0,0.0,-1.51428e-05,7.5676e-05,-0.00020083,-0.00132426,-0.00462912,-0.0103613,-0.0180183,-0.027547,-0.0326833,-0.0293032,-0.0111026,0.0129374,0.0240918,0.0223482,0.00943094,0.0104281,0.0275367,0.0397723,0.0377544,0.0224022,0.00407263,-0.00300244,-0.00363831,-0.00221208,-0.000311935,0.0,0.0,0.0,-0.000106624,8.74913e-05,-0.00113446,-0.00369125,-0.00965414,-0.0193032,-0.0323326,-0.0476745,-0.0570287,-0.0568503,-0.0394519,-0.0109874,0.00253067,-0.000448978,-0.0130508,-0.0117709,0.0110322,0.0194253,0.0161555,0.00351211,-0.00932725,-0.0107845,-0.00758866,-0.00417896,-0.000876775,-0.000104464,0.0,-7.37467e-06,-7.04206e-05,-0.000659344,-0.00238728,-0.00711627,-0.0154558,-0.027639,-0.0442537,-0.0624307,-0.0788497,-0.0855608,-0.0637396,-0.0266182,-0.00258811,0.00157476,-0.0119818,-0.0133416,-0.00584816,-0.00679082,-0.0159808,-0.022304,-0.0230133,-0.0192953,-0.0128512,-0.00618794,-0.00120223,-9.61721e-05,0.0,-2.47644e-05,-0.000256657,-0.00119112,-0.00330728,-0.00950308,-0.0189023,-0.0322525,-0.0491334,-0.0687103,-0.0899006,-0.0990048,-0.0724701,-0.0191133,0.0290119,0.0482941,0.0282881,0.00923811,-0.0131954,-0.0315493,-0.0432086,-0.0426479,-0.033452,-0.0240005,-0.0153314,-0.00733637,-0.00121538,-3.58737e-05,-1.75211e-05,-5.54782e-05,-0.000318592,-0.00143718,-0.00372603,-0.00962339,-0.0186619,-0.0320203,-0.0501019,-0.0719608,-0.09166,-0.10205,-0.0691317,0.00245972,0.0857562,0.117471,0.074341,0.0180282,-0.0261934,-0.0550999,-0.0583925,-0.0489159,-0.0354999,-0.0233763,-0.0131762,-0.0053921,-0.000933903,-1.88381e-05,-2.04089e-05,-4.97081e-05,-0.000240776,-0.00117562,-0.00321818,-0.00826923,-0.0175106,-0.030331,-0.0485094,-0.0711656,-0.0929016,-0.10343,-0.0665364,0.0284186,0.150616,0.181027,0.0939094,0.0048226,-0.0524781,-0.0709792,-0.0616194,-0.0443019,-0.0287881,-0.0166199,-0.00860752,-0.00323841,-0.000472059,4.87151e-07,-6.16469e-06,-3.23503e-05,-0.000157746,-0.000733626,-0.00244028,-0.00672885,-0.0157594,-0.0293993,-0.0492124,-0.0741557,-0.0961762,-0.107959,-0.0695094,0.0542871,0.207727,0.213337,0.0779411,-0.0315988,-0.0778835,-0.0746028,-0.0540572,-0.0336808,-0.0200565,-0.0107878,-0.00467006,-0.00154544,-0.000143594,-1.92699e-05,-1.29917e-07,-1.09697e-05,-0.000117589,-0.000471071,-0.00194948,-0.00628714,-0.0150105,-0.0297857,-0.050791,-0.0776665,-0.102512,-0.114359,-0.0746527,0.0848241,0.244406,0.200197,0.0340996,-0.0748172,-0.0922273,-0.0712499,-0.0443149,-0.0258375,-0.0154844,-0.00801443,-0.00327581,-0.00061226,-0.0002048,-1.45361e-05,1.59329e-05,-6.85057e-06,-7.81698e-05,-0.000340338,-0.00172355,-0.00610726,-0.0154306,-0.0302722,-0.0514129,-0.0806798,-0.106935,-0.120281,-0.0730859,0.119497,0.243087,0.162344,-0.0234965,-0.10927,-0.0979087,-0.0653977,-0.0398479,-0.0230999,-0.0137482,-0.00779809,-0.00355505,-0.000842163,-0.000262426,-1.43134e-05,0.0,-1.88425e-05,-5.96632e-05,-0.000212237,-0.0015053,-0.00660177,-0.0166061,-0.0322946,-0.053723,-0.0812992,-0.107072,-0.118219,-0.0463806,0.149462,0.223411,0.118706,-0.0738892,-0.128538,-0.0974518,-0.0658159,-0.0419313,-0.0255726,-0.0154383,-0.00884021,-0.0042943,-0.00108833,-0.000207365,-7.72011e-06,0.0,-2.84038e-05,-3.19203e-05,-8.39279e-05,-0.00174937,-0.0080237,-0.0188546,-0.0334679,-0.0539223,-0.0793918,-0.101284,-0.0934846,0.000939846,0.168844,0.208664,0.0684245,-0.105993,-0.127834,-0.095792,-0.0677861,-0.0457653,-0.0290353,-0.0183534,-0.0103053,-0.0050958,-0.00148353,-0.00044689,-8.68177e-05,0.0,2.56376e-05,3.90576e-05,-0.000481968,-0.00250558,-0.0102822,-0.0219003,-0.0358892,-0.0543235,-0.0738621,-0.080729,-0.0445129,0.0501427,0.181352,0.185834,0.0246138,-0.105488,-0.116953,-0.0939522,-0.0690883,-0.0477331,-0.0309958,-0.0201439,-0.0117329,-0.00607685,-0.00266105,-0.000870068,-8.2985e-05,0.0,1.57178e-05,-0.000112748,-0.000915808,-0.00400141,-0.0134274,-0.0266104,-0.0403825,-0.054506,-0.0604922,-0.0422965,0.00568638,0.0916277,0.175629,0.143599,0.00630216,-0.0905791,-0.107464,-0.0925689,-0.0677727,-0.0469563,-0.0320421,-0.0214842,-0.0133211,-0.00743154,-0.00347092,-0.00067249,-2.06038e-05,1.01706e-06,-1.82256e-07,-0.000204033,-0.00158673,-0.0061538,-0.0169593,-0.032751,-0.0459221,-0.0512427,-0.0387052,-0.00828197,0.0422864,0.106796,0.14668,0.101647,-0.000267341,-0.0779777,-0.0999999,-0.0875535,-0.063305,-0.0446835,-0.0319628,-0.0223812,-0.0143846,-0.00833161,-0.00313696,-0.000533166,-8.24089e-06,5.0853e-06,2.42014e-05,-0.000287398,-0.00206972,-0.00744614,-0.0199548,-0.0363748,-0.0467776,-0.0409569,-0.0196599,0.0120815,0.0530812,0.0857974,0.100106,0.0648877,-0.00813342,-0.0687759,-0.0925056,-0.0805087,-0.0588093,-0.0427004,-0.0301687,-0.0207458,-0.0132307,-0.0074864,-0.00261488,-0.000448092,-2.54705e-06,0.0,-1.54274e-06,-0.00038227,-0.00234893,-0.00786285,-0.0191634,-0.0317058,-0.0365811,-0.0255678,-0.00560329,0.0187326,0.0362868,0.0427423,0.0486942,0.0331281,-0.0135537,-0.0571478,-0.0782826,-0.070161,-0.0528741,-0.0380322,-0.0267084,-0.0179591,-0.0111338,-0.0062597,-0.00188649,-0.000333578,0.0,0.0,-2.78026e-06,-0.000381788,-0.00195199,-0.00534546,-0.0116122,-0.0177218,-0.0184679,-0.00762623,0.00615273,0.0130932,0.00318187,0.000221676,0.00682403,0.0134221,-0.0079711,-0.0363143,-0.0549301,-0.0547603,-0.0420561,-0.0290988,-0.0202922,-0.0131969,-0.00737938,-0.00374952,-0.00116082,-9.92103e-05,-1.0671e-08,0.0,0.0,-0.000281458,-0.00124589,-0.00239237,-0.00197576,-0.0024459,0.000804308,0.00877556,0.0150612,0.00531245,-0.0174967,-0.0242598,-0.0112677,0.0132723,0.0127637,-0.00537375,-0.0264742,-0.0340225,-0.0270035,-0.0180404,-0.0117184,-0.00682688,-0.00355385,-0.00159127,-0.000244117,9.17018e-05,-1.97004e-08,0.0,0.0,-9.03375e-05,-0.0006498,-0.000101229,0.00240801,0.00569379,0.0109686,0.0181106,0.0177048,-0.00117968,-0.0187888,-0.0259276,-0.0142437,0.0121982,0.0235327,0.00733767,-0.0101725,-0.0187181,-0.0136176,-0.00784129,-0.00486115,-0.00269945,-0.00139634,-0.000480457,-7.25676e-05,5.45209e-05,0.0,0.0,0.0,-8.83179e-06,-0.000245258,-0.000629306,5.86247e-05,9.73912e-05,-0.00198704,-0.00715565,-0.0169746,-0.0326008,-0.0430406,-0.0451829,-0.0349634,-0.0200181,-0.0109606,-0.0106455,-0.0118678,-0.00947461,-0.00579095,-0.00317922,-0.00163252,-0.00115676,-0.000662284,-0.000218532,-5.01087e-05,0.0,0.0,0.0,0.0,-6.3508e-07,-2.94334e-06,-0.000226573,-0.000788941,-0.00252025,-0.00588862,-0.010774,-0.0170716,-0.0236782,-0.0265861,-0.0252315,-0.0230403,-0.0185047,-0.0155269,-0.0104314,-0.00726026,-0.00475582,-0.00295435,-0.00173809,-0.000995028,-0.000544096,-0.000186809,-2.3708e-05,0.0,0.0,0.0,0.0,0.0,0.0,0.0,-0.000114722,-0.000340107,-0.000758471,-0.00145278,-0.00292357,-0.00454667,-0.00590137,-0.00625407,-0.00639455,-0.00639504,-0.00564088,-0.00407266,-0.00279517,-0.00200644,-0.00126092,