{"max":0.0433699,"min":-0.0249512,"acc":0.7665,"arr":[0.0,0.0,0.0,0.0,0.0,0.0,0.0,0.0,0.0,0.0,0.0,0.0,0.0,0.0,0.0,0.0,0.0,0.0,0.0,0.0,0.0,0.0,0.0,0.0,0.0,0.0,0.0,0.0,0.0,0.0,0.0,0.0,0.0,0.0,0.0,0.0,0.0,-2.26907e-05,-4.20133e-05,-1.96381e-05,-5.82041e-05,-2.66576e-05,-2.90044e-05,-5.03649e-05,-3.80077e-05,0.0,0.0,0.0,0.0,0.0,0.0,0.0,0.0,0.0,0.0,0.0,0.0,0.0,0.0,0.0,0.0,0.0,0.0,-1.15727e-05,-0.000104768,-0.000221013,-0.000196838,-0.000251528,-0.000447896,-0.00048616,-0.000692501,-0.000651428,-0.000310436,-0.000439116,-0.000475998,-0.000386502,-0.000395512,-0.000219363,-6.86942e-05,-5.86119e-06,0.0,0.0,0.0,0.0,0.0,0.0,0.0,0.0,0.0,-2.22489e-05,-6.58055e-05,-0.000121276,-0.00026305,-0.000582537,-0.000877856,-0.00120196,-0.00167796,-0.00187405,-0.00200655,-0.00211657,-0.0019455,-0.00141051,-0.00145625,-0.00161576,-0.00114469,-0.000526938,-0.000273127,-6.49271e-05,0.0,0.0,0.0,0.0,0.0,0.0,0.0,-7.55893e-06,-3.36865e-05,-0.000116226,-0.000272505,-0.000581761,-0.00123076,-0.00215218,-0.00309689,-0.00260721,-0.00227157,-0.000220395,0.000884048,0.00202254,0.00253766,0.0054918,0.00666241,0.00536712,0.00150429,0.00084599,-0.000338028,-0.000310111,-9.45888e-05,-2.61487e-05,-2.28801e-05,0.0,0.0,0.0,-1.19957e-05,-3.46725e-05,-3.62125e-05,-0.000325446,-0.000811405,-0.00169096,-0.00306236,-0.00484219,-0.00602346,-0.00571084,-0.00455033,-0.000531425,0.00118914,0.0056925,0.00740682,0.00634902,0.00788784,0.00744851,0.00386489,0.00131427,-8.0874e-05,-0.00110691,-0.000652614,-0.000211545,-4.72215e-05,0.0,0.0,0.0,-1.3146e-06,-1.80757e-06,-0.000118001,-0.000635781,-0.00165103,-0.00323855,-0.00509162,-0.00761659,-0.0104706,-0.0119266,-0.00907408,-0.00400356,-0.00086018,0.00444936,0.00499105,0.00379386,0.0052473,0.00305656,0.000140967,-0.00199887,-0.00212011,-0.00250542,-0.00172028,-0.000755336,-0.00015585,-6.40737e-06,0.0,0.0,-2.57762e-05,-7.42294e-05,-0.000372472,-0.00118614,-0.00256128,-0.00456144,-0.00737333,-0.0105603,-0.014642,-0.0177645,-0.0138066,-0.00589066,0.0004216,0.00543856,0.00385827,0.00384099,0.00143617,-0.00287016,-0.00594909,-0.00565628,-0.00472889,-0.0032958,-0.00197543,-0.00090101,-0.000241857,-4.26596e-05,0.0,-1.77922e-05,-0.000108048,-0.000362976,-0.000782248,-0.00187522,-0.0034296,-0.0061673,-0.00936928,-0.0134715,-0.0187411,-0.0212734,-0.015136,-0.00436749,0.00646591,0.0123402,0.00953481,0.0061549,-0.00122413,-0.00731281,-0.00971939,-0.00869631,-0.00604662,-0.0035315,-0.00188592,-0.000804959,-0.000266253,-2.34375e-05,0.0,-1.92506e-05,-0.000102466,-0.000482639,-0.0010809,-0.00202441,-0.0038178,-0.00683669,-0.0108488,-0.0157948,-0.0203717,-0.0216247,-0.0138499,-0.000119422,0.0166345,0.0237417,0.0185235,0.00751047,-0.00489256,-0.0110316,-0.011498,-0.00942115,-0.00645155,-0.00345758,-0.00156365,-0.000575393,-0.000133282,0.0,0.0,-9.72254e-07,-4.10808e-05,-0.000388165,-0.00112185,-0.00213683,-0.0041549,-0.00765273,-0.0121626,-0.0172053,-0.0207003,-0.0209231,-0.0120277,0.0056614,0.0268875,0.0340035,0.0230252,0.00545596,-0.00995215,-0.0138835,-0.0127792,-0.00944056,-0.00578394,-0.00309129,-0.00120908,-0.000358536,-5.77859e-05,0.0,0.0,0.0,-2.14573e-06,-0.000198996,-0.000893317,-0.00215834,-0.00456537,-0.00857365,-0.0133609,-0.0181997,-0.0202377,-0.0200654,-0.00956606,0.0130311,0.0363427,0.0389546,0.020302,-0.00243898,-0.0149585,-0.0152242,-0.0124629,-0.00815676,-0.00484996,-0.00237579,-0.000911779,-0.000108814,-9.78956e-06,0.0,0.0,0.0,-2.95155e-06,-9.93611e-05,-0.000627138,-0.00186194,-0.00457015,-0.00907706,-0.0140962,-0.0184218,-0.0203198,-0.019691,-0.00911351,0.0199707,0.0433699,0.0361405,0.0109839,-0.0125949,-0.0188683,-0.0159188,-0.0112248,-0.00700123,-0.0041196,-0.002192,-0.000893795,-3.0083e-05,0.0,0.0,0.0,0.0,-1.81754e-05,-9.77682e-05,-0.000387722,-0.00181314,-0.00485623,-0.00933052,-0.014094,-0.0183407,-0.0206365,-0.0197961,-0.00796243,0.0266789,0.0431809,0.030037,-0.00111437,-0.0205462,-0.0222811,-0.0162297,-0.0107654,-0.00622873,-0.0039846,-0.00227422,-0.000925126,-8.19706e-05,0.0,0.0,0.0,0.0,-1.98841e-05,-6.21868e-05,-0.000402917,-0.00206251,-0.00537807,-0.00976796,-0.0138292,-0.0181643,-0.020105,-0.0186859,-0.00327165,0.0317434,0.0400607,0.022606,-0.00952363,-0.0243695,-0.0219109,-0.0164501,-0.0109747,-0.00701117,-0.00446378,-0.00244775,-0.000949203,-0.000100169,0.0,0.0,0.0,0.0,-1.56898e-05,-4.38787e-05,-0.000454791,-0.00240951,-0.00591382,-0.00955744,-0.013231,-0.0164678,-0.0183209,-0.0139403,0.00567625,0.0345669,0.0380518,0.0150778,-0.0159803,-0.0249512,-0.0210259,-0.0159086,-0.0111657,-0.0072488,-0.00495832,-0.00275375,-0.00106959,-0.00016014,-2.17622e-05,-1.52312e-05,0.0,0.0,0.0,-3.28683e-05,-0.000655497,-0.0028237,-0.00634478,-0.00910118,-0.012094,-0.0145417,-0.0147739,-0.00432728,0.0163829,0.037496,0.034644,0.00889503,-0.0167996,-0.0228125,-0.0197572,-0.0152899,-0.0110123,-0.00727476,-0.00485745,-0.00262247,-0.00124655,-0.000382877,-8.04692e-05,-3.13584e-05,0.0,-5.28181e-06,0.0,-0.00012508,-0.000929293,-0.00310294,-0.00636481,-0.00908166,-0.0112541,-0.0123138,-0.00741496,0.00664163,0.0244236,0.0359484,0.0303022,0.00465198,-0.0156473,-0.02155,-0.0193436,-0.0154789,-0.0107175,-0.00692704,-0.00448918,-0.00207352,-0.0010664,-0.000349933,-3.48043e-05,-1.61272e-06,0.0,-3.46619e-06,-4.37186e-05,-0.000343785,-0.00120054,-0.00331012,-0.00641506,-0.0092367,-0.0109749,-0.0088729,0.000100972,0.0137187,0.0253355,0.0310027,0.0231179,0.00117125,-0.0144754,-0.0200147,-0.0191682,-0.0148577,-0.00996259,-0.00662066,-0.00414453,-0.0019835,-0.000996891,-0.000267352,-8.41635e-06,0.0,0.0,0.0,-7.15683e-05,-0.000459754,-0.00141161,-0.00354886,-0.00642431,-0.00904459,-0.00925692,-0.00308335,0.00536915,0.0163154,0.0223054,0.0233069,0.0151253,-0.00201808,-0.013841,-0.0193582,-0.0182648,-0.0135838,-0.00915345,-0.00617353,-0.00349263,-0.00189036,-0.000848766,-0.000100345,-2.4919e-05,0.0,0.0,0.0,-8.25719e-05,-0.000477631,-0.00142558,-0.00322788,-0.0059967,-0.00771445,-0.0060817,-0.000209072,0.00709216,0.0126968,0.0142613,0.0124988,0.00711776,-0.00421701,-0.0136469,-0.0178531,-0.0162804,-0.0116758,-0.0075055,-0.00492486,-0.00296383,-0.00151744,-0.000622021,0.000123213,0.0,0.0,0.0,0.0,-6.55801e-05,-0.000323576,-0.00115831,-0.00272393,-0.00454626,-0.00514085,-0.00262611,0.00173987,0.00587837,0.00595148,0.00422777,0.00415626,0.00311611,-0.00433723,-0.0100059,-0.0149116,-0.0133024,-0.00892578,-0.00563729,-0.00356951,-0.00201266,-0.00100376,-0.000383048,-3.94215e-05,0.0,0.0,0.0,0.0,-1.75254e-05,-0.000169431,-0.000680121,-0.00150897,-0.00219215,-0.000791226,0.0012613,0.00393247,0.00403425,0.00176543,-0.00183741,-0.00117668,0.00225806,-0.000642912,-0.0040203,-0.00952403,-0.00892165,-0.00596858,-0.00362581,-0.00221245,-0.00113848,-0.000442715,-0.00015223,-2.68661e-05,0.0,0.0,0.0,0.0,0.0,-8.75985e-05,-0.000238195,-0.000143097,0.000120214,0.00172131,0.00325202,0.00433289,0.00225295,-0.000847504,-0.00422726,-0.00423448,0.00183996,0.0036894,-0.00146073,-0.00495494,-0.00482822,-0.0033475,-0.00201096,-0.00113394,-0.000655665,-0.000233541,-3.54396e-05,-8.82888e-06,0.0,0.0,0.0,0.0,0.0,-4.36239e-06,-0.000145537,-0.000297829,5.09263e-05,0.00102097,8.73999e-05,-0.00185425,-0.00455726,-0.00717773,-0.00748392,-0.00453576,-0.0016581,-0.00117515,-0.00249675,-0.0036857,-0.00289661,-0.00186187,-0.00105072,-0.000642475,-0.000378736,-0.000146338,-2.56437e-05,-4.01313e-07,0.0,0.0,0.0,0.0,0.0,0.0,-7.05e-06,-6.75954e-05,-0.000204805,-0.000670262,-0.00139012,-0.00216716,-0.00350542,-0.00417327,-0.00397136,-0.00334028,-0.00254835,-0.0025935,-0.00247202,-0.00193077,-0.00129591,-0.000717776,-0.000428769,-0.000224647,-0.00011214,-5.42025e-05,0.0,0.0,0.0,0.0,0.0,0.0,0.0,0.0,-3.45106e-06,-4.05185e-05,-0.000120401,-0.000313567,-0.00071929,-0.000848955,-0.00128574,-0.00132985,-0.00114821,-0.00119347,-0.00111517,-0.00104339,-0.00103571,-0.00082314,-0.000385649,-0.000123623,-5.05682e-05,-1.50331e-05,0.0,0.0,0.0,0.0,0.0,0.0,0.0,0.0,0.0,0.0,0.0,0.0,-7.3096e-06,-6.92791e-05,-0.00011949,-9.74724e-05,-9.60233e-05,-0.000107423,-7.67993e-05,-0.00011818,-0.000168524,-0.000189398,-0.000224678,-0.000117922,0.0,-1.05541e-05,