{"max":0.425763,"min":-0.225714,"acc":0.9007,"arr":[0.0,0.0,0.0,0.0,0.0,0.0,0.0,0.0,0.0,0.0,0.0,0.0,-3.00602e-06,-8.65306e-06,-2.30452e-06,-9.60218e-08,0.0,0.0,0.0,0.0,0.0,0.0,0.0,0.0,0.0,0.0,0.0,0.0,0.0,0.0,0.0,0.0,-4.89258e-08,-1.4867e-07,-1.08627e-05,-3.40572e-05,-0.000269582,-0.000255276,-0.000288661,-0.000246217,-0.000206827,-0.000221315,0.000483408,0.000977293,-0.000447927,-0.000348467,-0.000101771,-0.000150243,-0.000131346,-5.27149e-05,-7.68267e-06,-4.64834e-07,0.0,0.0,0.0,0.0,0.0,0.0,-9.88772e-09,-1.5791e-06,-3.43339e-06,-2.66253e-06,-4.45806e-05,-0.000286022,-0.0010226,-0.00176253,-0.00263702,-0.00300993,-0.00227898,7.5804e-05,0.000844835,0.00262489,-5.66041e-05,-0.00300683,-0.00417659,-0.00387518,-0.00301091,-0.00197393,-0.000937026,-0.000429671,-0.000196828,-4.43684e-05,0.0,0.0,0.0,0.0,1.18538e-05,-7.46309e-06,-2.01326e-05,-0.000160421,-0.000517919,-0.00190579,-0.00514445,-0.00919117,-0.0137417,-0.0189504,-0.0191715,-0.0155723,-0.0138267,-0.0131918,-0.0157933,-0.0205208,-0.022548,-0.0200565,-0.0147807,-0.00814812,-0.00388343,-0.00236109,-0.00146563,-0.000389968,-0.000232083,0.0,0.0,-1.81585e-06,3.56497e-05,-3.26162e-05,-0.00021573,-0.000495181,-0.00282991,-0.00898791,-0.0167631,-0.0250533,-0.0265051,-0.0185161,0.00998844,0.0371279,0.0408731,0.0260824,0.00766967,0.00903499,0.0224276,0.0478826,0.0542773,0.0439467,0.0223563,0.00651281,-0.00255702,-0.00222655,-0.000297736,-8.43585e-05,0.0,0.0,-1.11245e-05,0.000216427,-0.000160875,-0.00213636,-0.00969111,-0.0231048,-0.0403727,-0.0531503,-0.0507847,-0.0321783,0.011879,0.0507684,0.0517669,0.0252623,-0.012025,-0.0145049,0.0248143,0.0690138,0.091879,0.0750246,0.0396786,0.0111489,-0.00268432,-0.0051811,-0.000807372,-0.000120146,0.0,-5.65293e-07,-0.000235066,0.000197341,-0.00126485,-0.00779172,-0.0204275,-0.0402112,-0.0660755,-0.0905654,-0.0975843,-0.0794419,-0.0380345,-0.00322081,-0.00930932,-0.0494733,-0.0824264,-0.0723555,-0.00969895,0.0419142,0.0624906,0.0404428,0.0112992,-0.0078734,-0.0134679,-0.00906389,-0.00158536,-0.000147463,0.0,-3.70729e-05,-0.000180782,-0.00100326,-0.00351078,-0.0139489,-0.0326152,-0.0557677,-0.089333,-0.117201,-0.135631,-0.129614,-0.0829754,-0.0397108,-0.0379447,-0.0679376,-0.0901706,-0.0684269,-0.0279888,0.010953,0.0101108,-0.0118632,-0.0286164,-0.0362581,-0.031216,-0.0149633,-0.00208922,-0.000313597,-8.91569e-07,-4.72436e-05,-0.000362318,-0.0015828,-0.00534613,-0.0173769,-0.0372723,-0.0620996,-0.0959775,-0.127467,-0.152923,-0.14762,-0.0967558,-0.0259714,0.0171806,0.0179483,-0.0185368,-0.0145715,-0.0222181,-0.0283543,-0.0482573,-0.0664378,-0.0695348,-0.0609274,-0.0425161,-0.0191914,-0.00269663,-0.000211858,-1.82661e-05,-6.29139e-05,-0.000418692,-0.00185749,-0.00596795,-0.0181309,-0.0353486,-0.0556515,-0.0870138,-0.119037,-0.142624,-0.143918,-0.0886867,0.016274,0.121939,0.146922,0.0759117,0.00662712,-0.040333,-0.0746203,-0.0941891,-0.0970485,-0.0826672,-0.0618315,-0.0385107,-0.0160452,-0.00228938,-0.000228571,-2.13938e-05,-5.42755e-05,-0.00031683,-0.00189127,-0.00501657,-0.0154472,-0.0318796,-0.049155,-0.0750703,-0.108148,-0.134014,-0.143466,-0.0873282,0.0559748,0.232704,0.265296,0.121428,-0.00585725,-0.0772189,-0.103088,-0.109761,-0.0891051,-0.0635481,-0.0431461,-0.0256503,-0.00928812,-0.001376,-5.16557e-05,-6.63767e-06,-1.17045e-05,-0.000202143,-0.00113237,-0.00321643,-0.0110944,-0.0263238,-0.0449581,-0.0715643,-0.110207,-0.145386,-0.166132,-0.109973,0.0830669,0.335314,0.339258,0.109426,-0.0457361,-0.100693,-0.109793,-0.0892407,-0.0589726,-0.0377615,-0.0227695,-0.0121139,-0.00429133,-0.000636885,2.06309e-05,-2.0374e-07,-2.2114e-05,-0.000191848,-0.000435377,-0.00211398,-0.0098836,-0.0222928,-0.0412706,-0.0711648,-0.113461,-0.164251,-0.198104,-0.136139,0.123228,0.416642,0.334517,0.0543584,-0.0929777,-0.124985,-0.104834,-0.0675591,-0.0400699,-0.0251117,-0.0139791,-0.00681991,-0.00197599,-0.000691328,-3.86962e-06,1.95246e-05,-9.46338e-06,-9.32934e-05,-0.000166958,-0.00179238,-0.00941199,-0.0219768,-0.0413287,-0.0706599,-0.123073,-0.187578,-0.225714,-0.146803,0.188821,0.425763,0.280692,-0.0214222,-0.149215,-0.145616,-0.098086,-0.0600409,-0.0361413,-0.0227804,-0.0147474,-0.00851083,-0.00288319,-0.000856138,-7.07808e-05,-5.46485e-07,-1.96109e-05,-4.10452e-05,0.000162873,-0.00167976,-0.010553,-0.0242403,-0.0449893,-0.0749756,-0.130434,-0.194841,-0.224711,-0.0954871,0.250454,0.39165,0.215467,-0.0993111,-0.196127,-0.152244,-0.102315,-0.0654907,-0.0411557,-0.0266575,-0.0172544,-0.00916979,-0.00339551,-0.000683253,-1.59729e-05,-2.00711e-07,-2.94101e-05,8.62967e-05,-6.25759e-05,-0.00263329,-0.0133742,-0.0306438,-0.0504459,-0.0809513,-0.131707,-0.181097,-0.161642,-0.00325871,0.277859,0.359038,0.124218,-0.158585,-0.206994,-0.153418,-0.107856,-0.073041,-0.0483145,-0.0325124,-0.0201583,-0.011047,-0.0040352,-0.00112204,-0.000115714,-1.24423e-07,2.44767e-05,9.31238e-05,-0.000872182,-0.00425974,-0.018056,-0.0413738,-0.0631622,-0.0903093,-0.122054,-0.127564,-0.0712189,0.067997,0.288257,0.307596,0.0388815,-0.16675,-0.199435,-0.155005,-0.109431,-0.0752386,-0.0500471,-0.0345153,-0.0227182,-0.0135047,-0.00643286,-0.00174741,-0.000111557,0.0,5.65632e-05,-0.000212881,-0.00159785,-0.00716264,-0.0274439,-0.0577639,-0.0788588,-0.0938766,-0.0952501,-0.0531345,0.00809247,0.132284,0.26688,0.217762,0.00334006,-0.143286,-0.177197,-0.148212,-0.104373,-0.0713453,-0.0502946,-0.0355794,-0.0253694,-0.0160546,-0.00727313,-0.00159346,-4.28801e-05,-4.52917e-06,3.76028e-06,-0.000354216,-0.00249725,-0.0112843,-0.0380244,-0.0756951,-0.0912784,-0.0814468,-0.0494972,-0.0057504,0.0572013,0.14,0.192681,0.138677,-0.00659118,-0.113879,-0.14488,-0.128249,-0.0930709,-0.0654558,-0.0485218,-0.0380355,-0.0274195,-0.015734,-0.00518866,-0.000791149,-1.11437e-05,6.62381e-06,1.92662e-05,-0.000567451,-0.00336587,-0.0138886,-0.0448618,-0.074766,-0.0813245,-0.0551156,-0.0114506,0.0204588,0.0590819,0.0820505,0.108084,0.0737488,-0.00519523,-0.0722796,-0.109438,-0.101727,-0.0796221,-0.0623587,-0.0468069,-0.0354378,-0.0236596,-0.0127211,-0.00395928,-0.000651903,1.0639e-08,0.0,-3.08951e-05,-0.00072956,-0.00410219,-0.0125875,-0.0339145,-0.0480593,-0.0460684,-0.0157057,0.0164412,0.0309632,0.0262396,0.00960801,0.0161179,0.0248799,-0.00337962,-0.0373605,-0.0669386,-0.0745829,-0.0675937,-0.0557163,-0.0431624,-0.0307848,-0.0194192,-0.0113378,-0.0029034,-0.000352624,1.57292e-05,5.90113e-06,-6.62049e-06,-0.000598596,-0.00288579,-0.00557915,-0.00444242,-0.00411921,0.00281386,0.0266242,0.0318164,0.0144491,-0.0349322,-0.0670423,-0.0567732,-0.00354543,0.0135887,-0.00234715,-0.0287892,-0.0488319,-0.0509861,-0.043022,-0.0325004,-0.0256078,-0.0154281,-0.00668531,-0.00194738,-0.000253618,-1.06969e-08,5.71672e-06,1.2687e-06,-0.0004491,-0.00164632,0.00117422,0.0219927,0.0322395,0.0416076,0.0506075,0.0392361,-0.0105421,-0.0785175,-0.114667,-0.0858235,-0.00417156,0.0442293,0.0429971,0.0150393,-0.0178099,-0.0302269,-0.0279148,-0.0233389,-0.0171716,-0.00934816,-0.00351535,-0.000582143,0.000154388,-1.97482e-08,0.0,0.0,-0.000119269,-0.00106142,0.00380526,0.0238436,0.0406069,0.0481131,0.0464672,0.0270314,-0.0236515,-0.0726313,-0.0910094,-0.0694767,-0.00119275,0.0551733,0.0559264,0.0265722,-0.00923299,-0.0147748,-0.0135696,-0.0112722,-0.00754647,-0.004799,-0.00148849,-5.08361e-05,0.000240059,0.0,0.0,0.0,-1.58974e-05,-0.000438457,-0.000322508,0.00609741,0.00702137,-0.00329541,-0.0202073,-0.0448736,-0.07746,-0.0985278,-0.106225,-0.09409,-0.059088,-0.0283817,-0.0211639,-0.0146683,-0.0123148,-0.00795966,-0.00521175,-0.00275628,-0.00260307,-0.0014675,-0.000406822,5.47077e-05,1.85128e-05,0.0,0.0,0.0,-1.19073e-06,-8.39121e-05,-0.000978616,-0.00260143,-0.00622048,-0.0141909,-0.0234258,-0.0358935,-0.049674,-0.0540625,-0.0535677,-0.0534928,-0.0450318,-0.0355471,-0.023259,-0.0136077,-0.00733623,-0.00467807,-0.00256973,-0.00140885,-0.000832282,-0.000241096,-2.95825e-05,-1.57467e-06,-1.84401e-06,0.0,0.0,0.0,0.0,0.0,-0.000188367,-0.00058319,-0.00138003,-0.0025832,-0.00458151,-0.00682951,-0.00894426,-0.00992261,-0.0112316,-0.0136308,-0.0115021,-0.00721171,-0.00451915,