{"max":0.0789629,"min":-0.0441528,"acc":0.7844,"arr":[0.0,0.0,0.0,0.0,0.0,0.0,0.0,0.0,0.0,0.0,0.0,0.0,0.0,0.0,0.0,0.0,0.0,0.0,0.0,0.0,0.0,0.0,0.0,0.0,0.0,0.0,0.0,0.0,0.0,0.0,0.0,0.0,0.0,0.0,-4.07015e-06,-1.21147e-05,-1.08697e-05,-2.38878e-05,-5.21212e-05,-5.51687e-05,-8.80469e-05,-5.70684e-05,-6.73831e-05,-6.45078e-05,-7.58722e-05,-2.3188e-05,-2.2262e-05,-5.83555e-05,-3.57043e-05,0.0,0.0,0.0,0.0,0.0,0.0,0.0,0.0,0.0,0.0,-8.33082e-07,-1.68692e-06,0.0,-1.00557e-06,-2.12452e-05,-0.000117023,-0.000362216,-0.000501011,-0.000715613,-0.000966356,-0.000948095,-0.00111068,-0.00109602,-0.000798326,-0.00115964,-0.00112397,-0.000895915,-0.000685609,-0.00035629,-0.000141641,-1.74526e-05,0.0,0.0,0.0,0.0,0.0,0.0,0.0,-7.95674e-06,-1.001e-05,-2.49659e-05,-9.07634e-05,-0.00022101,-0.000492892,-0.00130456,-0.001998,-0.00280463,-0.00285999,-0.00328294,-0.00369355,-0.00450661,-0.00434296,-0.00381525,-0.0035235,-0.0033518,-0.00226893,-0.00101464,-0.000452764,-0.000148211,-9.41308e-05,-6.16282e-05,0.0,0.0,0.0,0.0,0.0,-1.56733e-05,-7.88586e-05,-0.000352758,-0.000596699,-0.00111199,-0.00202118,-0.00380528,-0.00554826,-0.00510632,-0.00417015,-0.000562211,0.00222216,0.00330729,0.00315098,0.00655481,0.0100562,0.00975289,0.00439833,0.00297183,0.00049163,-6.77367e-05,-0.000369246,-0.000142271,-2.28801e-05,0.0,0.0,0.0,-1.19957e-05,-3.46725e-05,-9.82563e-05,-0.000657132,-0.00141947,-0.00283322,-0.00511272,-0.00834137,-0.0107306,-0.0101634,-0.0080375,-0.00140987,0.00414346,0.0109109,0.00966427,0.00904551,0.0142826,0.0142379,0.00869137,0.00490688,0.000690912,-0.00163717,-0.00131935,-0.000478184,-6.43642e-05,0.0,0.0,0.0,-1.3146e-06,1.8879e-05,-0.000161561,-0.00134078,-0.00300729,-0.00555122,-0.00903172,-0.0138921,-0.018441,-0.01928,-0.01556,-0.0070626,0.000278671,0.00804319,0.00749682,0.00535277,0.00999764,0.00790877,0.002386,-0.00106468,-0.00307238,-0.00395485,-0.00291465,-0.00129371,-0.000203415,-1.17708e-05,0.0,0.0,-6.19639e-05,-0.000197488,-0.000689588,-0.00234714,-0.00468259,-0.0083688,-0.0130358,-0.0190792,-0.0258978,-0.0289564,-0.0231838,-0.0109927,0.00138857,0.0103508,0.00914553,0.00654926,0.0041802,-0.00254385,-0.00877642,-0.00911753,-0.00804155,-0.00554699,-0.00355926,-0.0016227,-0.000452664,-6.06429e-05,0.0,-1.77922e-05,-0.000181795,-0.000555656,-0.0013238,-0.003275,-0.00614155,-0.0106159,-0.0161651,-0.0236287,-0.0317775,-0.0348067,-0.0253587,-0.00802662,0.0111642,0.0235939,0.0211936,0.012579,0.000578154,-0.0118598,-0.0161957,-0.0149772,-0.010731,-0.00656319,-0.00352351,-0.00148092,-0.000372414,-2.34375e-05,0.0,-1.92506e-05,-0.000135276,-0.000733414,-0.00167296,-0.00328954,-0.00630823,-0.0111828,-0.0182198,-0.0269176,-0.0341594,-0.0361109,-0.0238415,-0.000453012,0.0288911,0.0446091,0.0357534,0.0155701,-0.00616488,-0.0195906,-0.0205466,-0.016517,-0.011497,-0.00669099,-0.00308775,-0.00109468,-0.000156736,0.0,0.0,-9.72254e-07,-6.65422e-05,-0.000570704,-0.00156392,-0.00316687,-0.0062353,-0.0119316,-0.0195151,-0.0283915,-0.0346442,-0.0357224,-0.0209154,0.00988433,0.0478256,0.0634733,0.0427545,0.011092,-0.0165742,-0.0253868,-0.0222357,-0.015995,-0.00990599,-0.00526464,-0.00206083,-0.000537011,-0.000122418,0.0,0.0,-9.96441e-07,-5.23743e-05,-0.000343574,-0.00117733,-0.0029962,-0.00643171,-0.0129384,-0.0211107,-0.0297988,-0.0344023,-0.034425,-0.0175737,0.0218523,0.0670312,0.0734123,0.038806,-0.00393206,-0.0264185,-0.027314,-0.0209668,-0.0132193,-0.00774747,-0.00383437,-0.00144199,-0.000193787,-6.60897e-05,-1.25278e-05,0.0,-3.93041e-06,-6.29399e-05,-0.00021711,-0.000884008,-0.00267946,-0.00668695,-0.0137733,-0.022663,-0.030318,-0.0347875,-0.0332269,-0.0159146,0.0346311,0.0789629,0.0684585,0.021945,-0.0221249,-0.0332474,-0.0276617,-0.018307,-0.0109093,-0.00665576,-0.00356747,-0.00145649,-0.000150685,-6.39578e-05,-1.45361e-05,0.0,0.0,-5.23363e-05,-0.000179661,-0.000649966,-0.00280388,-0.00740805,-0.0144358,-0.0231117,-0.0306681,-0.0349549,-0.0330387,-0.012788,0.0464393,0.0789309,0.0562445,-0.000660367,-0.0361884,-0.0382082,-0.0274827,-0.017491,-0.0102834,-0.00639761,-0.00366463,-0.00153722,-0.000187241,-2.43869e-05,-3.92092e-06,0.0,-1.24424e-05,-3.79758e-05,-0.000109645,-0.000673442,-0.00331889,-0.00826517,-0.0155064,-0.023282,-0.0302328,-0.0342924,-0.0319772,-0.00399275,0.0541635,0.0737785,0.041793,-0.0166024,-0.0434266,-0.0378477,-0.0271601,-0.0178925,-0.011343,-0.00687394,-0.00382602,-0.00149303,-0.000189,-3.84791e-05,0.0,0.0,-2.84038e-05,-4.34724e-05,-8.63966e-05,-0.000792014,-0.00383244,-0.00915123,-0.0156284,-0.0224394,-0.0285329,-0.0322066,-0.0238857,0.0108591,0.0603821,0.0697956,0.0278043,-0.0282655,-0.0441528,-0.0356869,-0.0264363,-0.0185724,-0.0118204,-0.00761089,-0.00405711,-0.00162234,-0.000264264,-8.39771e-05,-1.52312e-05,0.0,-1.34478e-05,-3.50721e-05,-0.000100524,-0.00111056,-0.00460058,-0.00984849,-0.0152918,-0.0211234,-0.0254186,-0.025158,-0.00751131,0.0282754,0.0661771,0.0627329,0.0141117,-0.0302621,-0.0391447,-0.0329527,-0.0256605,-0.0186601,-0.0122158,-0.00774729,-0.00406377,-0.00184458,-0.000542386,-0.000176003,-3.13584e-05,0.0,-9.93198e-06,-3.95318e-05,-0.00029617,-0.00164601,-0.00533179,-0.0103726,-0.0153071,-0.0198095,-0.0207541,-0.0133294,0.0100131,0.0433359,0.0657643,0.0524458,0.00635923,-0.0269908,-0.036008,-0.0324816,-0.0258254,-0.0182954,-0.0120805,-0.00757956,-0.00383197,-0.00180205,-0.000522367,-6.8962e-05,-1.61272e-06,0.0,-3.46619e-06,-9.82793e-05,-0.000579582,-0.00208569,-0.00623821,-0.0115302,-0.0158702,-0.0179311,-0.0144752,-0.000732192,0.0225416,0.0455624,0.0559691,0.038565,0.000567321,-0.0252303,-0.0343743,-0.0323982,-0.0252118,-0.0172484,-0.0118138,-0.00738847,-0.00390996,-0.00202883,-0.000535133,-2.57689e-05,0.0,0.0,0.0,-7.54245e-05,-0.000670032,-0.00248266,-0.00703305,-0.0123604,-0.0158113,-0.0158178,-0.00679973,0.00769497,0.0281227,0.0397964,0.0410929,0.0241824,-0.00566615,-0.0248803,-0.0339514,-0.0313155,-0.023728,-0.0160969,-0.0110253,-0.00671679,-0.00361565,-0.00162435,-0.000361164,-0.000102684,0.0,0.0,0.0,-9.54172e-05,-0.000682444,-0.00255806,-0.00616079,-0.0107568,-0.0135719,-0.0106414,-0.0011128,0.0115288,0.0229291,0.0270574,0.02437,0.0116837,-0.00939198,-0.0243493,-0.0308661,-0.0272722,-0.0203792,-0.0134017,-0.00898023,-0.00583076,-0.00309878,-0.00144475,-0.000207442,-4.62736e-05,0.0,0.0,0.0,-7.95537e-05,-0.000592864,-0.00174286,-0.00446298,-0.00759857,-0.00973257,-0.00484575,0.00230727,0.00991904,0.0133414,0.0123865,0.00952506,0.00548609,-0.0084375,-0.0186162,-0.0250512,-0.022056,-0.0153514,-0.00990675,-0.00637247,-0.00381828,-0.00214345,-0.00112953,-0.000241505,-3.21344e-07,0.0,0.0,0.0,-1.75254e-05,-0.000400876,-0.000682173,-0.00147598,-0.00326856,-0.00303479,0.00158073,0.00556465,0.00923975,0.00748859,0.00310988,0.00146631,0.00481659,-0.00201797,-0.00882988,-0.0165566,-0.0146073,-0.00932288,-0.00573001,-0.00343744,-0.00185775,-0.000916339,-0.000431898,-5.69384e-05,0.0,0.0,0.0,0.0,0.0,-0.000110241,0.000952065,0.00112607,0.000962912,0.00200183,0.00554002,0.00718166,0.00581608,0.00396571,-0.00161048,-0.00395365,0.00278722,0.00411638,-0.0035668,-0.0091398,-0.00795556,-0.00490965,-0.00277186,-0.00147216,-0.000677593,-0.000321362,-0.000154984,-2.40955e-05,0.0,0.0,0.0,0.0,0.0,-2.81911e-06,-0.000135649,-0.000120004,-2.6675e-05,0.000513506,-0.00102492,-0.0036024,-0.00706715,-0.00955948,-0.0105903,-0.00877647,-0.0047874,-0.00258856,-0.00414533,-0.00539605,-0.00420829,-0.00250179,-0.00132824,-0.000787832,-0.000520009,-0.000245516,-7.22107e-05,-4.01313e-07,0.0,0.0,0.0,0.0,0.0,0.0,-8.4124e-06,-0.000146204,-0.000534778,-0.00146814,-0.00296491,-0.00453535,-0.00653411,-0.00690715,-0.00618779,-0.00607457,-0.00471584,-0.00444292,-0.00384255,-0.00289158,-0.00181187,-0.000942519,-0.000494974,-0.000285,-0.000147988,-8.51686e-05,-1.54426e-05,0.0,0.0,0.0,0.0,0.0,0.0,0.0,-1.49558e-05,-9.52392e-05,-0.000275708,-0.000561486,-0.00121988,-0.00167921,-0.00221763,-0.00227545,-0.00225926,-0.00225207,-0.00197563,-0.00159834,-0.00140759,-0.00110131,-0.000589827,-0.00023431,-5.96069e-05,-3.03023e-05,-1.52034e-05,-3.02751e-06,0.0,0.0,0.0,0.0,0.0,0.0,0.0,0.0,0.0,0.0,