{"max":0.216165,"min":-0.115956,"acc":0.8564,"arr":[0.0,0.0,0.0,0.0,0.0,0.0,0.0,0.0,0.0,0.0,0.0,0.0,0.0,0.0,0.0,0.0,0.0,0.0,0.0,0.0,0.0,0.0,0.0,0.0,0.0,0.0,0.0,0.0,0.0,0.0,0.0,0.0,0.0,0.0,-1.07094e-05,-2.74644e-05,-4.6281e-05,-5.43745e-05,-0.000131705,-9.14855e-05,-0.000104116,-0.000158621,-8.49187e-05,0.000230762,-0.000115403,-0.000120743,-5.48826e-05,-0.000109494,-8.14779e-05,-3.93558e-07,0.0,0.0,0.0,0.0,0.0,0.0,0.0,0.0,0.0,-1.57713e-06,-2.03303e-06,-1.30867e-07,-2.33484e-05,-0.000105034,-0.00028617,-0.000659516,-0.000987072,-0.00132486,-0.00195452,-0.00164923,-0.00231642,-0.0024521,-0.00235088,-0.0027047,-0.0024427,-0.00171415,-0.00161104,-0.00106169,-0.000362343,-4.54218e-05,0.0,0.0,0.0,0.0,0.0,0.0,-6.70413e-07,-1.03148e-05,-1.37284e-05,-9.58316e-05,-0.00025569,-0.000775508,-0.0019397,-0.00391968,-0.00516103,-0.00758188,-0.0090685,-0.00994735,-0.0112989,-0.0119709,-0.0123405,-0.0118796,-0.0107045,-0.00860398,-0.00573092,-0.00267331,-0.000695724,-0.000353522,-0.000272167,-0.000119429,-1.01756e-05,0.0,0.0,-1.7923e-06,-5.7667e-06,-1.9777e-05,-0.000211651,-0.000728863,-0.00165153,-0.00377998,-0.00658254,-0.0112335,-0.0148302,-0.0153818,-0.00724896,0.00357353,0.0115168,0.0102509,0.00393029,0.00818631,0.0147326,0.0203884,0.0168125,0.0115262,0.00336294,0.00104554,-0.00078073,-0.000589823,-0.000101045,0.0,0.0,0.0,-1.51428e-05,7.5829e-05,-0.000304084,-0.00113389,-0.00401351,-0.00894108,-0.0159218,-0.0243933,-0.0301131,-0.0287352,-0.0141596,0.00773438,0.0195755,0.0209063,0.0118489,0.0109255,0.0227164,0.0323757,0.0299792,0.0166272,0.00308885,-0.00228107,-0.00311007,-0.00194044,-0.000284782,0.0,0.0,0.0,-1.50547e-05,0.000209181,-0.000766108,-0.00290763,-0.00805985,-0.0165482,-0.0276215,-0.0418996,-0.0518621,-0.05271,-0.0378883,-0.0108777,0.00374031,0.00389337,-0.00597845,-0.00903409,0.00818397,0.0151687,0.011122,0.00064699,-0.00825419,-0.00943419,-0.00660897,-0.00347991,-0.000644153,-0.000104464,0.0,-7.29105e-06,-2.06822e-05,-0.000568523,-0.00194097,-0.00586018,-0.0129591,-0.0236951,-0.0380333,-0.0549354,-0.0708374,-0.0767618,-0.0568576,-0.0223661,0.00104889,0.00764472,-0.00455822,-0.0110374,-0.00512214,-0.00886182,-0.0170582,-0.020712,-0.0201292,-0.0163877,-0.01068,-0.00519261,-0.00103712,-9.61721e-05,0.0,-2.45903e-05,-0.000251448,-0.00116001,-0.00308658,-0.0081686,-0.0165255,-0.0281028,-0.0431435,-0.0616056,-0.0814461,-0.0881415,-0.0644746,-0.0160326,0.0269924,0.0475616,0.0294378,0.00913712,-0.0120429,-0.0304808,-0.0401743,-0.0381313,-0.0289578,-0.0203889,-0.0128215,-0.00619483,-0.00106347,-3.4703e-05,-1.75211e-05,-5.50199e-05,-0.000311943,-0.00138667,-0.00351964,-0.00854724,-0.0166056,-0.0284286,-0.044994,-0.0646429,-0.0830138,-0.0913236,-0.0615007,0.00197305,0.0763196,0.1074,0.0705388,0.0182897,-0.0238895,-0.0506581,-0.0525684,-0.0431543,-0.0311396,-0.0200707,-0.0107771,-0.0043901,-0.000857889,-1.40688e-05,-2.04089e-05,-4.82773e-05,-0.00023318,-0.00112704,-0.00303823,-0.00741838,-0.0154354,-0.0266937,-0.0430632,-0.0632845,-0.0833731,-0.0918913,-0.0581819,0.0258876,0.133861,0.161776,0.088357,0.0066226,-0.0481071,-0.0640815,-0.0550464,-0.0395721,-0.0254666,-0.0143175,-0.00698696,-0.0025441,-0.000420191,9.87528e-06,-6.16469e-06,-2.91274e-05,-0.000145629,-0.000675705,-0.00227935,-0.00608822,-0.0140666,-0.026041,-0.0433893,-0.065794,-0.0849569,-0.093468,-0.0577828,0.0501684,0.184077,0.190699,0.0741597,-0.0273719,-0.0714321,-0.0679382,-0.0491203,-0.0302875,-0.0178127,-0.00926921,-0.0037274,-0.0011081,-0.000115303,-1.35331e-05,0.0,-9.1118e-06,-0.000109418,-0.000437692,-0.00178705,-0.00570336,-0.013742,-0.0269972,-0.0457572,-0.0691186,-0.0898402,-0.0979577,-0.0622701,0.0783763,0.216165,0.17987,0.0341911,-0.0682206,-0.0846527,-0.0648046,-0.0404462,-0.0234013,-0.0139655,-0.00704299,-0.00284756,-0.000484716,-0.000140259,-1.45361e-05,1.59329e-05,-6.73e-06,-7.70426e-05,-0.000318192,-0.0015806,-0.00566526,-0.0143252,-0.0280806,-0.0468521,-0.0712015,-0.092869,-0.102478,-0.0613619,0.108694,0.215893,0.146392,-0.0195159,-0.0995043,-0.0898841,-0.0597414,-0.0364322,-0.0210396,-0.0124362,-0.00695633,-0.00312138,-0.000641448,-0.000185977,-1.43134e-05,0.0,-1.74849e-05,-5.919e-05,-0.000194549,-0.00141044,-0.00617576,-0.0155128,-0.0300533,-0.0488792,-0.0717276,-0.0931989,-0.101304,-0.0380843,0.134768,0.199687,0.108358,-0.0633731,-0.115956,-0.0881408,-0.0601919,-0.0384648,-0.0232734,-0.0140059,-0.00798751,-0.00385793,-0.000930043,-0.000184545,-7.72011e-06,0.0,-2.84038e-05,-1.7906e-05,-3.96218e-05,-0.00159147,-0.00736044,-0.0173711,-0.030979,-0.0492078,-0.0707593,-0.0895202,-0.0815455,0.00282128,0.152336,0.186864,0.0652466,-0.092625,-0.114906,-0.0865482,-0.0620208,-0.0418666,-0.0261172,-0.0165226,-0.00931837,-0.00461473,-0.00125523,-0.000309755,-8.68177e-05,0.0,2.56376e-05,6.91036e-05,-0.000383299,-0.00223382,-0.00914219,-0.0196297,-0.0324078,-0.0489479,-0.0657025,-0.0727469,-0.040757,0.0462295,0.163523,0.166991,0.0263736,-0.0927222,-0.104399,-0.0844964,-0.0623466,-0.0431365,-0.0279422,-0.0180254,-0.0104147,-0.00528184,-0.00221115,-0.000690046,-8.2985e-05,0.0,1.57178e-05,-9.87438e-05,-0.000791429,-0.00362161,-0.0118282,-0.0232567,-0.0352949,-0.0480598,-0.0546865,-0.0404335,0.00424999,0.0840455,0.158245,0.131795,0.00949818,-0.0802929,-0.0960197,-0.083556,-0.0610818,-0.0422128,-0.0283218,-0.0186789,-0.011296,-0.00597287,-0.00276969,-0.000434767,-1.84574e-05,1.01706e-06,-1.82256e-07,-0.000188838,-0.00143232,-0.00555113,-0.014899,-0.0279905,-0.0401041,-0.0462234,-0.0366986,-0.0100206,0.0376741,0.097431,0.133463,0.0945099,0.00259513,-0.0705556,-0.0902349,-0.0799149,-0.0574888,-0.0404439,-0.0285723,-0.0195593,-0.0118702,-0.00661835,-0.00245836,-0.000298287,-3.47469e-06,5.0853e-06,2.77997e-05,-0.000255379,-0.00184989,-0.00670094,-0.0175861,-0.0322634,-0.0424176,-0.0385965,-0.0214599,0.00821031,0.0481272,0.080991,0.092332,0.0601874,-0.00740066,-0.0641335,-0.0843867,-0.0745912,-0.0541614,-0.0388728,-0.0269802,-0.0180921,-0.0109644,-0.00602939,-0.00213885,-0.000375233,-2.54705e-06,0.0,-1.69509e-07,-0.000346834,-0.00208348,-0.00700469,-0.0169586,-0.0293504,-0.0342298,-0.026554,-0.00945663,0.0148565,0.0337172,0.0429136,0.0459146,0.0295631,-0.0146491,-0.0549043,-0.0720914,-0.0652078,-0.0483699,-0.0343224,-0.0234398,-0.0158857,-0.00957458,-0.0051409,-0.00148403,-0.000258716,0.0,0.0,-2.41224e-06,-0.000358885,-0.00173297,-0.00504588,-0.0110548,-0.0183006,-0.0210368,-0.0128794,-0.000164116,0.00969438,0.00502388,0.00513641,0.00943939,0.0115961,-0.0103505,-0.0358247,-0.050628,-0.0500967,-0.0372498,-0.0257408,-0.0177311,-0.0117174,-0.00657225,-0.00318038,-0.000924012,-8.12783e-05,0.0,0.0,0.0,-0.00025835,-0.00112124,-0.00250884,-0.00282264,-0.00538454,-0.0036592,0.0026358,0.00945552,0.00448205,-0.0118478,-0.0150098,-0.00498752,0.0109261,0.00875494,-0.00660061,-0.0239545,-0.0298214,-0.0226789,-0.0151238,-0.00963783,-0.00579654,-0.00309559,-0.00131383,-0.000180479,9.22017e-05,0.0,0.0,0.0,-7.79651e-05,-0.000606989,-0.000101115,0.00156802,0.00301827,0.00659003,0.0130865,0.0140188,-0.00017403,-0.0117581,-0.0172085,-0.00805771,0.0110366,0.0188478,0.0041277,-0.00974052,-0.0157475,-0.0111785,-0.00617567,-0.00401525,-0.00233437,-0.00117143,-0.000387567,-5.46319e-05,5.47977e-05,0.0,0.0,0.0,-4.13364e-06,-0.000239716,-0.000581526,0.000104744,0.000269424,-0.00104404,-0.00488593,-0.0135797,-0.0271066,-0.035721,-0.0379676,-0.0288105,-0.0167815,-0.00930465,-0.00942899,-0.00984167,-0.00806873,-0.00482785,-0.00234336,-0.00116191,-0.000998007,-0.000580146,-0.000157406,-4.14045e-05,0.0,0.0,0.0,0.0,-2.88673e-07,-1.72087e-07,-0.000165397,-0.000576605,-0.00196981,-0.00488357,-0.00877903,-0.0145237,-0.0206403,-0.0228054,-0.0213655,-0.0192583,-0.0157539,-0.0135704,-0.00901845,-0.00620684,-0.00408972,-0.00240288,-0.00132787,-0.000818636,-0.000487221,-0.000177229,-2.20863e-05,0.0,0.0,0.0,0.0,0.0,0.0,0.0,-5.88317e-05,-0.000237661,-0.000631971,-0.00130745,-0.0026471,-0.00402099,-0.00535792,-0.00560052,-0.00548712,-0.00550947,-0.00497847,-0.00369955,-0.00257116,-0.00184041,-0.00115487,-0.000649163,-0.000375029,-0.000202704,