{"max":0.0518447,"min":-0.0551372,"acc":0.8238,"arr":[0.0,0.0,0.0,0.0,0.0,0.0,0.0,0.0,0.0,0.0,0.0,0.0,0.0,0.0,0.0,0.0,0.0,0.0,0.0,0.0,0.0,0.0,0.0,0.0,0.0,0.0,0.0,0.0,0.0,0.0,0.0,0.0,0.0,0.0,-5.17251e-05,-0.000120871,-0.000178084,-8.32448e-05,-7.6369e-05,-0.000118447,-0.000186048,-0.000227213,-9.47074e-06,0.000207983,0.000171891,0.000305617,-2.79351e-05,-0.000157837,-9.56136e-05,-9.67296e-07,0.0,0.0,0.0,0.0,0.0,0.0,0.0,0.0,0.0,-2.1822e-06,-5.6658e-06,0.0,-4.99969e-05,-0.000143336,-0.000315309,0.000224561,0.000392945,0.000666432,0.000845831,0.000342309,0.000204103,6.13986e-05,-0.000950703,-0.00119047,-0.00107638,-0.00127695,-0.00109488,-0.000560961,-0.00017265,-1.74397e-05,0.0,0.0,0.0,0.0,0.0,0.0,0.0,6.69199e-06,-2.94514e-05,0.000211155,0.000618201,0.00138009,0.00268476,0.00533332,0.00831616,0.0138015,0.0175782,0.020385,0.0204964,0.0184305,0.01346,0.0095273,0.00322962,-2.92149e-05,-9.35883e-05,-0.00028723,-0.000227602,-2.1806e-05,-0.000118929,-7.68758e-05,-8.60058e-06,0.0,0.0,0.0,0.0,0.000121412,0.000272956,0.00123254,0.0024521,0.00503175,0.00827534,0.0141483,0.0247029,0.0347753,0.041186,0.0452585,0.0457138,0.0402613,0.0353206,0.0247592,0.0128781,0.00474507,0.000514087,-0.00144015,-0.0014235,-0.000466959,-0.000555568,-0.000156941,-2.6764e-05,0.0,0.0,0.0,-1.24625e-05,-3.60216e-05,0.000202843,0.00206528,0.0050778,0.00965419,0.0158799,0.0247686,0.0363976,0.0455759,0.0499559,0.0477468,0.0446842,0.0402684,0.033244,0.026096,0.0132252,0.00388521,-0.00139934,-0.00514564,-0.00501342,-0.00355282,-0.00204435,-0.000598128,-7.1621e-05,0.0,0.0,0.0,-1.36575e-06,2.3811e-05,-7.07412e-05,0.0028348,0.00816322,0.0156594,0.0211995,0.0285763,0.0352813,0.0375935,0.0312702,0.0244806,0.0205245,0.020742,0.0193764,0.0187006,0.0110999,-0.000163249,-0.00388459,-0.00744591,-0.00818147,-0.00644101,-0.00402678,-0.00168735,-0.000265486,-4.14476e-05,0.0,-1.60508e-05,-0.000119633,-6.10607e-05,-0.000325851,0.00247379,0.00929174,0.0156153,0.0166209,0.0194581,0.0179283,0.0123498,0.00407543,-0.00365949,-0.00558107,-0.000936461,0.0065843,0.0109441,0.00765543,-4.34211e-05,-0.00257816,-0.0071596,-0.00920454,-0.00856216,-0.00501481,-0.0019866,-0.00055861,-7.16859e-05,0.0,-4.21826e-05,-0.000284585,-0.00106999,-0.00113269,0.00103679,0.00485594,0.00613847,0.00483509,0.00318325,-0.00265072,-0.0110473,-0.0193142,-0.0234796,-0.0226933,-0.0114605,0.00183587,0.0112951,0.00711474,0.000470559,-0.00350725,-0.00893613,-0.00834255,-0.00853512,-0.00518989,-0.00182228,-0.000519094,-2.26669e-05,0.0,-4.75091e-05,-0.000351653,-0.00136587,-0.00163638,-0.0013611,-0.000125497,-0.00503161,-0.00772151,-0.0142761,-0.0225025,-0.0306865,-0.0329007,-0.0333576,-0.0281785,-0.0160531,-0.000647606,0.0132264,0.0130836,0.00502056,-0.00603435,-0.00840338,-0.00810682,-0.00809789,-0.00458986,-0.00146291,-0.000346442,0.0,0.0,-1.88835e-05,-0.000176724,-0.00079466,-0.00212188,-0.00258548,-0.00407962,-0.0113654,-0.0196558,-0.0293196,-0.0355071,-0.0391953,-0.0382368,-0.0357881,-0.0297191,-0.0167602,0.00193208,0.0150444,0.0168951,0.00763649,-0.00329435,-0.00643239,-0.00745105,-0.00702964,-0.00311423,-0.000817999,-0.000233851,-1.28958e-05,0.0,-2.82551e-06,-9.48777e-05,-0.000160029,-0.00127865,-0.00346712,-0.0086439,-0.018551,-0.0305505,-0.0417548,-0.0493609,-0.0493712,-0.0431463,-0.0366693,-0.0294499,-0.0144575,0.000990287,0.0119685,0.0142642,0.00716493,-0.00048053,-0.0048652,-0.00693994,-0.00582968,-0.00270665,-0.000368259,-0.000161636,-4.16882e-05,0.0,-9.34704e-06,-9.45792e-05,-0.000331746,-0.000875797,-0.00473198,-0.0124561,-0.0244691,-0.037896,-0.0497506,-0.0551372,-0.0506816,-0.0430726,-0.0354428,-0.0284377,-0.016316,-0.00580672,0.00322865,0.00890798,0.00773458,9.36051e-05,-0.00596678,-0.00802678,-0.00669271,-0.00307696,-0.000231088,-0.00013206,-3.57768e-05,0.0,0.0,-7.85034e-05,-0.00029817,-0.00139949,-0.00615111,-0.014476,-0.0244403,-0.0369737,-0.0468612,-0.0474234,-0.038949,-0.0316256,-0.0302494,-0.0244603,-0.0186674,-0.00842142,0.000413324,0.00406032,0.00527994,-0.00477966,-0.00934633,-0.00959395,-0.00751726,-0.00286403,-4.5673e-05,-5.1753e-05,-9.65031e-06,0.0,-2.25771e-05,-5.92428e-05,-0.000111453,-0.000568059,-0.00482897,-0.0111817,-0.0189124,-0.0275447,-0.0307128,-0.025514,-0.0193482,-0.0159813,-0.0158375,-0.0177938,-0.0112288,-0.00291066,0.00350297,0.00390597,-0.000271188,-0.0121832,-0.013166,-0.0102899,-0.00672751,-0.00206624,0.000341886,0.000245271,0.0,0.0,-5.15396e-05,-6.17837e-05,0.000357094,0.000549283,-0.000782526,-0.0033218,-0.00622126,-0.00769666,-0.00468582,0.000991201,0.00915837,0.013216,0.0100082,0.00507797,0.00327692,0.00858361,0.00867921,0.0039382,-0.00808117,-0.0154035,-0.0134012,-0.00855481,-0.0025705,0.000775647,0.00107775,0.00050542,0.000151161,0.0,-2.44015e-05,9.80457e-05,0.000823325,0.00281866,0.00629574,0.0088998,0.0115942,0.0143526,0.0166095,0.0208494,0.0280227,0.0309688,0.0298506,0.0237221,0.0202459,0.0200293,0.0142212,0.00510599,-0.00656917,-0.00856647,-0.00379164,-0.000546768,0.00470511,0.00602006,0.00468005,0.00221577,0.000311213,0.0,-1.78852e-05,0.000228414,0.00148563,0.00518673,0.0127706,0.021878,0.0281172,0.0293141,0.031081,0.0340338,0.0395177,0.0400315,0.0366916,0.0318401,0.0277212,0.0231273,0.0179282,0.00850256,0.00261921,0.00416737,0.00891768,0.0117848,0.0139345,0.0127873,0.00617534,0.00139276,1.60052e-05,0.0,-6.19978e-06,2.09498e-05,0.00140817,0.00630238,0.0178162,0.0295952,0.0379668,0.0402905,0.0433953,0.0448949,0.044372,0.0442255,0.038742,0.033153,0.0266168,0.0198649,0.0137014,0.0120109,0.0124699,0.0196746,0.0249472,0.02534,0.024283,0.0172349,0.00549437,0.00060856,0.0,0.0,0.0,0.000109071,0.00194835,0.00770533,0.0198529,0.0311661,0.0435345,0.0494861,0.0518447,0.0472878,0.0458108,0.0415236,0.0346715,0.0264327,0.0201226,0.0134662,0.0111657,0.0170267,0.0265032,0.0340196,0.0377842,0.0337466,0.0273738,0.0151595,0.00466624,0.00101539,0.0,0.0,0.0,0.000406437,0.00215233,0.00864968,0.019037,0.0279991,0.0407649,0.0498157,0.0518086,0.0454031,0.0401523,0.0267177,0.0135381,0.00351394,-0.000428435,0.000269949,0.00532776,0.0160302,0.0293529,0.0368751,0.0371261,0.0340156,0.0242068,0.0134106,0.00421555,0.000386929,0.0,0.0,0.0,0.000459003,0.00229853,0.00670644,0.0141204,0.021369,0.0322727,0.0380496,0.0368161,0.0288477,0.017801,0.00184079,-0.0116607,-0.0197,-0.0203359,-0.0136491,-0.00126325,0.0136314,0.0261477,0.0305836,0.0303434,0.0251558,0.0183699,0.0112312,0.00242928,3.01988e-05,0.0,0.0,0.0,5.0021e-05,0.00128331,0.00333465,0.0062544,0.0104054,0.0168521,0.0181282,0.0107711,-0.00154284,-0.0138229,-0.0258716,-0.0330042,-0.0355771,-0.0314794,-0.0218319,-0.00837012,0.00544311,0.0147447,0.016115,0.0126431,0.0115598,0.00821529,0.00508484,0.000992307,3.77298e-07,0.0,0.0,0.0,-1.18519e-05,-6.88072e-05,0.000413227,0.00111174,0.000304893,0.000826632,-0.00658287,-0.0177096,-0.0286929,-0.0372275,-0.040396,-0.0403837,-0.0383988,-0.0335937,-0.0243922,-0.0132941,-0.00365259,0.00083889,0.00216632,0.00249674,0.00274788,0.00305612,0.00205031,0.0005593,-1.19233e-05,0.0,0.0,0.0,0.0,-7.1594e-06,-0.000225341,-0.000787526,-0.00217314,-0.00492507,-0.00877463,-0.0144292,-0.0214046,-0.0257317,-0.0259692,-0.0245584,-0.0217229,-0.017807,-0.0132033,-0.00837435,-0.00459877,-0.00245527,-0.00136935,-6.79836e-05,0.000646754,0.00047877,0.000427213,0.000430068,0.0,0.0,0.0,0.0,0.0,0.0,-2.10609e-05,-0.000310269,-0.000425709,-0.00125513,-0.00296624,-0.00504545,-0.00773917,-0.00910388,-0.00916308,-0.00791607,-0.00675112,-0.00625068,-0.00559452,-0.00386395,-0.00248606,-0.00203614,-0.00113907,-0.000719596,-0.00036516,-0.000154915,-4.18395e-05,0.0,0.0,0.0,0.0,0.0,0.0,0.0,-1.96548e-05,-0.000161417,-0.000409382,-0.000721016,-0.00146961,-0.00201648,-0.00273981,-0.00310211,-0.00301645,-0.00293875,-0.00276278,-0.00246877,-0.00210245,-0.00155715,-0.000961244,-0.000428167,-0.000164268,-0.000107491,-2.91171e-05,-5.328e-06,0.0,0.0,0.0,0.0,0.0,0.0,0.0,0.0,0.0,0.0,-7.50677e-06,-7.58273e-05,-0.000147435,-0.000139798,-0.000199607,-0.000272185,-0.000242616,-0.000289586,-0.000368005,-0.000361958,-0.000349782,-0.000195919,-9.00366e-05,-7.78801e-05,-5.23467e-05,