{"max":0.0228543,"min":-0.0191248,"acc":0.7738,"arr":[0.0,0.0,0.0,0.0,0.0,0.0,0.0,0.0,0.0,0.0,0.0,0.0,0.0,0.0,0.0,0.0,0.0,0.0,0.0,0.0,0.0,0.0,0.0,0.0,0.0,0.0,0.0,0.0,0.0,0.0,0.0,0.0,0.0,0.0,0.0,0.0,0.0,-2.72224e-05,-5.0404e-05,-3.34684e-05,-9.67884e-05,-4.17152e-05,0.000225268,0.000248521,2.15103e-05,0.0,0.0,0.0,0.0,0.0,0.0,0.0,0.0,0.0,0.0,0.0,0.0,0.0,0.0,0.0,0.0,0.0,0.0,-1.68293e-05,-5.48808e-05,6.25076e-06,8.30636e-05,0.000326787,0.00040271,-0.000197249,2.23871e-05,0.000290007,-0.000193611,-0.000560759,-0.000572038,-0.000463416,-0.000468669,-0.00027409,-8.19809e-05,-6.71668e-06,0.0,0.0,0.0,0.0,0.0,0.0,0.0,0.0,0.0,0.000216407,0.000569502,0.000711103,0.00134318,0.00278211,0.00473815,0.00696749,0.00922384,0.010741,0.00964786,0.00820484,0.00566691,0.0030705,-0.000210437,-0.00122877,-0.000809118,-0.000553209,-0.000288779,-6.68338e-05,0.0,0.0,0.0,0.0,0.0,0.0,0.0,-7.85306e-06,-3.49973e-05,0.000584033,0.00147061,0.00229448,0.00435475,0.00729617,0.0113511,0.0151132,0.0183389,0.0201334,0.0202508,0.0169624,0.013428,0.00724967,0.00305044,0.000620641,-0.000774449,-0.00107508,-0.000738629,-0.000325503,-0.000104691,-2.74505e-05,-2.40192e-05,0.0,0.0,0.0,-1.24625e-05,-3.60216e-05,-2.89682e-05,0.00129028,0.00274208,0.00431638,0.00776358,0.0122943,0.0162623,0.0198911,0.0228543,0.0215153,0.0196707,0.0176225,0.0129104,0.00891337,0.00301728,6.29555e-05,-0.00232387,-0.00260611,-0.00202246,-0.00129374,-0.000679336,-0.000222862,-4.99489e-05,0.0,0.0,0.0,-1.36575e-06,-1.87791e-06,2.89524e-05,0.00134043,0.00369134,0.00691528,0.00934646,0.0116931,0.0143205,0.0177429,0.015307,0.00998289,0.00814223,0.00767882,0.00723888,0.00514188,0.0015733,-0.00191688,-0.00458452,-0.00450573,-0.00337082,-0.00261878,-0.00173232,-0.000791749,-0.000167628,-6.1967e-06,0.0,0.0,-1.42351e-05,-6.84902e-05,-0.000198204,0.000777927,0.00361766,0.00631875,0.00536293,0.00666494,0.00732106,0.00578699,0.000767153,-0.00310641,-0.0043173,-0.00190751,0.00192263,0.00280352,0.00167379,-0.000980088,-0.00426298,-0.00592197,-0.0051208,-0.00352132,-0.00201634,-0.000919906,-0.000243377,-4.1257e-05,0.0,0.0,-8.83198e-05,-0.000378331,-0.000700446,0.000210275,0.00103722,0.00145009,0.0006532,0.000927723,-0.00149992,-0.00594554,-0.00942405,-0.0112452,-0.0114765,-0.00596595,0.000519558,0.00429772,0.00262566,0.000329749,-0.00382306,-0.00630531,-0.00536612,-0.00386353,-0.00196668,-0.00083985,-0.000256392,-2.26669e-05,0.0,0.0,-8.50955e-05,-0.00051806,-0.00101162,-0.000828002,-0.00129758,-0.00379658,-0.00305541,-0.00453513,-0.00951668,-0.0142875,-0.01471,-0.0147405,-0.0134953,-0.00692888,0.00158296,0.00595237,0.0055987,0.0023625,-0.00286652,-0.00522538,-0.00529232,-0.00377719,-0.00162721,-0.00060268,-0.000128962,0.0,0.0,0.0,-2.67118e-05,-0.000196538,-0.000887199,-0.00106662,-0.00267185,-0.00529678,-0.00636359,-0.00919324,-0.0136827,-0.0167391,-0.0157966,-0.014026,-0.011723,-0.00539848,0.0034419,0.00793299,0.00791786,0.00319614,-0.00162617,-0.00409963,-0.00491196,-0.00336541,-0.00125074,-0.000366004,-5.41683e-05,0.0,0.0,0.0,0.0,0.000217656,-0.000493929,-0.00134388,-0.00330767,-0.00675651,-0.0100842,-0.0137645,-0.0176498,-0.0183464,-0.0154839,-0.0126546,-0.0105447,-0.00366944,0.00322133,0.00658852,0.006346,0.00382401,-4.91789e-05,-0.00335483,-0.00425581,-0.00260431,-0.00105899,-0.000113105,-9.23475e-06,0.0,0.0,0.0,-3.49169e-06,-0.000113142,-0.000270756,-0.00155259,-0.00434821,-0.00864868,-0.0129767,-0.0173379,-0.0191248,-0.0179476,-0.0153433,-0.0116951,-0.00928737,-0.00298431,-0.000120769,0.00273794,0.00341272,0.00443347,6.73353e-05,-0.00318148,-0.00320658,-0.0022876,-0.00103971,-4.34489e-06,0.0,0.0,0.0,0.0,-2.15015e-05,-0.000127314,-0.000262213,-0.00168897,-0.00444723,-0.00826924,-0.0117439,-0.0162652,-0.0169367,-0.0146446,-0.0120314,-0.0100995,-0.00655424,-0.00495468,-0.00231754,-0.000575968,0.00279864,0.00438324,-0.00101788,-0.00328313,-0.00292089,-0.0018823,-0.000572637,0.000136994,0.0,0.0,0.0,0.0,-2.3523e-05,-7.28127e-06,6.87323e-05,-0.00134765,-0.00371284,-0.006539,-0.00973268,-0.0115827,-0.0103309,-0.00791328,-0.00629239,-0.00535406,-0.00442049,-0.00268839,-0.0011275,0.000780126,0.00278037,0.00311933,-0.00291099,-0.00337388,-0.00262846,-0.00189232,-0.000133445,0.00018713,0.0,0.0,0.0,0.0,-1.85611e-05,0.000159173,0.000573653,-0.000301432,-0.00222514,-0.00281696,-0.00303432,-0.00188356,0.00166424,0.00478326,0.00631223,0.00547126,0.00341998,0.0014455,0.00253386,0.00208647,0.00270776,-0.000602423,-0.00416116,-0.00404648,-0.00191216,-8.6586e-05,0.00102881,0.000843336,0.000224799,0.000151161,0.0,0.0,0.0,0.000298143,0.00107552,0.000667872,0.00109163,0.00327806,0.00568587,0.00758071,0.0100026,0.0114238,0.0119473,0.0120257,0.00896849,0.0065898,0.00754642,0.00560641,0.00285763,-0.00112009,-0.00209753,-0.00121543,0.000668756,0.00300405,0.00304802,0.00235519,0.000817851,0.000311213,0.0,0.0,0.0,0.00063643,0.00148403,0.00207186,0.00643887,0.0114002,0.0124977,0.0135041,0.0147413,0.0153644,0.0154426,0.0142368,0.0106351,0.00972009,0.00922252,0.00695661,0.0035404,0.00277353,0.003434,0.00337041,0.00486713,0.00558152,0.00450717,0.00259503,0.000356592,1.60052e-05,0.0,0.0,-4.59703e-05,0.000455395,0.000951014,0.00380662,0.00975864,0.0149749,0.0161493,0.0170755,0.0167031,0.0156404,0.0161779,0.0132671,0.0118317,0.00980571,0.00798053,0.00543669,0.00493561,0.00530025,0.00796953,0.00953189,0.00956538,0.00827087,0.00531534,0.0016931,8.52885e-05,0.0,0.0,0.0,-6.87818e-05,0.00055849,0.00087631,0.00461564,0.0100319,0.0161355,0.018393,0.0182778,0.016307,0.0161064,0.015421,0.0148824,0.0116777,0.00912492,0.00699961,0.00713196,0.00782582,0.00961543,0.0119082,0.0134999,0.0121909,0.00954165,0.00548482,0.00146007,0.000252521,0.0,0.0,0.0,-5.04697e-05,0.000615739,0.000582751,0.00461298,0.00836925,0.0134726,0.016623,0.0187085,0.0171157,0.0168504,0.0136559,0.0119535,0.00726133,0.00399155,0.00234642,0.0026971,0.00629828,0.011139,0.0129608,0.0120033,0.0109761,0.0074272,0.004171,0.000948329,0.0,0.0,0.0,0.0,-1.17076e-05,0.000342836,0.000754608,0.00334812,0.00644614,0.00871427,0.0106354,0.0121917,0.0121877,0.0110249,0.00706978,0.00224701,-0.00150498,-0.00347567,-0.003795,-0.00148542,0.0032142,0.00834473,0.00911958,0.00919251,0.00733765,0.00517856,0.00295175,0.000346429,0.0,0.0,0.0,0.0,0.0,-5.15354e-05,0.000175172,0.0013807,0.00326689,0.00420478,0.00389745,0.00200626,0.000681878,-0.00206563,-0.00596236,-0.00863352,-0.0103562,-0.00979658,-0.0070246,-0.00241721,0.002028,0.00440686,0.00426522,0.00418928,0.00371669,0.00204353,0.000880987,3.68437e-05,0.0,0.0,0.0,0.0,0.0,-0.000106776,-0.000242805,0.000135753,0.000138646,3.04641e-05,-0.00382853,-0.00863855,-0.0112026,-0.0130661,-0.0133482,-0.0131576,-0.0134311,-0.01252,-0.00913449,-0.00457471,-0.0010451,0.000429339,0.000937383,0.00114784,0.000915734,0.000614277,-7.75735e-05,-2.13378e-05,0.0,0.0,0.0,0.0,0.0,-3.85403e-06,-0.000139228,-0.00033912,-0.000808625,-0.00206402,-0.00384136,-0.00631736,-0.00884856,-0.0101402,-0.0100451,-0.00934888,-0.00770008,-0.00642354,-0.00498554,-0.00252429,-0.000941013,-0.000500819,-0.000134183,0.000401125,0.000716668,0.000163367,-4.3242e-05,-9.699e-07,0.0,0.0,0.0,0.0,0.0,0.0,-6.86105e-06,-7.61877e-05,-0.000226202,-0.000698913,-0.00140837,-0.00213346,-0.00339135,-0.00402109,-0.00387465,-0.00333011,-0.00258332,-0.00247591,-0.0022464,-0.00168268,-0.00120921,-0.000780776,-0.00055663,-0.000291923,-0.000139122,-6.64507e-05,0.0,0.0,0.0,0.0,0.0,0.0,0.0,0.0,-3.70677e-06,-4.46752e-05,-0.000136647,-0.000327716,-0.000705589,-0.000782253,-0.00122437,-0.00135258,-0.00124149,-0.00125741,-0.00119079,-0.00111288,-0.00109309,-0.000860956,-0.000430172,-0.000145259,-6.42815e-05,-1.86558e-05,0.0,0.0,0.0,0.0,0.0,0.0,0.0,0.0,0.0,0.0,0.0,0.0,-7.50677e-06,-7.58273e-05,-0.000129222,-8.16445e-05,-9.94804e-05,-0.000124679,-9.0959e-05,-0.000137636,-0.000209805,-0.000237092,-0.000261434,-0.000122013,0.0,-1.48733e-05,-4.70367e-05,-1.18986e-05,0.0,0.0,0.0,0.0,0.0,0.0]}