{"max":0.0231534,"min":-0.0196904,"acc":0.7665,"arr":[0.0,0.0,0.0,0.0,0.0,0.0,0.0,0.0,0.0,0.0,0.0,0.0,0.0,0.0,0.0,0.0,0.0,0.0,0.0,0.0,0.0,0.0,0.0,0.0,0.0,0.0,0.0,0.0,0.0,0.0,0.0,0.0,0.0,0.0,0.0,0.0,0.0,-2.72224e-05,-5.0404e-05,-3.34684e-05,-9.67884e-05,-4.17152e-05,0.000225268,0.000248521,2.15103e-05,0.0,0.0,0.0,0.0,0.0,0.0,0.0,0.0,0.0,0.0,0.0,0.0,0.0,0.0,0.0,0.0,0.0,0.0,-1.68293e-05,-5.48808e-05,6.25076e-06,8.30636e-05,0.000326787,0.000395843,-0.000286345,-0.000104926,0.00023467,-0.000304664,-0.000616194,-0.000572038,-0.000463416,-0.000468669,-0.00027409,-8.19809e-05,-6.71668e-06,0.0,0.0,0.0,0.0,0.0,0.0,0.0,0.0,0.0,0.000216407,0.000569502,0.000711103,0.00134318,0.00278211,0.00473815,0.00695907,0.00908916,0.010536,0.00945837,0.00799514,0.00549116,0.00300782,-0.000103878,-0.00117602,-0.000694049,-0.000581588,-0.000307756,-6.68338e-05,0.0,0.0,0.0,0.0,0.0,0.0,0.0,-7.85306e-06,-3.49973e-05,0.000584033,0.0014571,0.00229669,0.00437452,0.00748446,0.011745,0.015387,0.0183884,0.0199949,0.0197829,0.0163828,0.013265,0.00713749,0.00286978,0.000399067,-0.000762916,-0.000949698,-0.000797921,-0.000363586,-0.000119806,-2.74505e-05,-2.40192e-05,0.0,0.0,0.0,-1.24625e-05,-3.60216e-05,-4.28963e-05,0.00128038,0.00285425,0.00453523,0.00806319,0.0127462,0.0167782,0.0204184,0.0231534,0.0214473,0.0193296,0.0170587,0.0124423,0.00839887,0.0025496,-0.000436153,-0.00239947,-0.00252308,-0.00225356,-0.00141424,-0.000727019,-0.000229114,-4.99489e-05,0.0,0.0,0.0,-1.36575e-06,-1.87791e-06,-1.60494e-05,0.00164965,0.00398009,0.00719002,0.0094381,0.0119539,0.0145591,0.017847,0.0148217,0.009428,0.00761083,0.00728049,0.00710267,0.00522939,0.00104058,-0.00263739,-0.00464843,-0.00430071,-0.00352916,-0.00279255,-0.00183581,-0.000796591,-0.000167628,-6.1967e-06,0.0,0.0,-3.62442e-05,-9.08572e-05,-0.000313722,0.00104265,0.00379177,0.00629125,0.00496816,0.00658453,0.00689199,0.00483658,-0.000363244,-0.00376673,-0.00460113,-0.0019869,0.00249046,0.00355332,0.00146019,-0.00171735,-0.00451328,-0.00586798,-0.00535772,-0.00366496,-0.00209165,-0.000919906,-0.000243377,-4.1257e-05,0.0,-3.27452e-05,-0.000133769,-0.000441347,-0.000825841,0.000101575,0.00090485,0.00115962,0.000149156,8.61984e-05,-0.00254911,-0.00676985,-0.0100044,-0.011623,-0.011698,-0.00563201,0.00126863,0.00516235,0.00304642,0.000256839,-0.00408115,-0.00658641,-0.00562035,-0.00398894,-0.00206596,-0.00083985,-0.000256392,-2.26669e-05,0.0,-3.54293e-05,-0.000135564,-0.000589463,-0.00109543,-0.000952686,-0.00147162,-0.00389334,-0.00316345,-0.00504419,-0.0101874,-0.0148567,-0.0150859,-0.0152149,-0.0141285,-0.00736458,0.00160603,0.00655018,0.00638423,0.00308194,-0.00318268,-0.00575778,-0.00566166,-0.00401656,-0.00177777,-0.000632452,-0.000128962,0.0,0.0,-1.78936e-06,-5.99532e-05,-0.000236778,-0.000927161,-0.00108011,-0.00254862,-0.00507179,-0.00636205,-0.00953299,-0.014091,-0.0171381,-0.0162448,-0.0145927,-0.0121546,-0.00586636,0.00302675,0.00816453,0.00898609,0.00433121,-0.00199726,-0.00501586,-0.00546066,-0.00372976,-0.00145983,-0.000386933,-5.41683e-05,0.0,0.0,0.0,-3.83796e-06,0.000185033,-0.00032823,-0.00107633,-0.00323175,-0.00670934,-0.0104994,-0.0142341,-0.0181196,-0.0187354,-0.0159184,-0.0131648,-0.0110632,-0.00424162,0.00249313,0.00653726,0.00757009,0.00476303,-0.000554455,-0.00418271,-0.00478138,-0.00289923,-0.00123633,-0.000113105,-9.23475e-06,0.0,0.0,0.0,-3.49169e-06,-0.000113142,6.78684e-05,-0.00141229,-0.00471276,-0.00937183,-0.0140642,-0.0180867,-0.0196904,-0.0185666,-0.0163106,-0.0128791,-0.0105857,-0.00386945,-0.000290204,0.00304397,0.00453762,0.00499901,-0.000423827,-0.00390152,-0.0037072,-0.00248315,-0.00112199,-4.34489e-06,0.0,0.0,0.0,0.0,-2.15015e-05,-0.000127314,-0.000233461,-0.00186735,-0.00493588,-0.00907522,-0.0129214,-0.0173296,-0.017767,-0.0153666,-0.0132213,-0.0115204,-0.00773915,-0.00563836,-0.00230066,-0.000531339,0.00303604,0.00451917,-0.00148971,-0.00406902,-0.00342048,-0.0020181,-0.000596379,0.000134009,0.0,0.0,0.0,0.0,-2.3523e-05,-7.28127e-06,4.95035e-05,-0.00155792,-0.00407561,-0.00696271,-0.0104867,-0.0126409,-0.0113807,-0.0090471,-0.00741104,-0.00656964,-0.00535468,-0.00281144,-0.00102292,0.000831379,0.00280649,0.00273627,-0.00394742,-0.00428214,-0.00299913,-0.00205449,-0.000163414,0.000182652,0.0,0.0,0.0,0.0,-1.85611e-05,0.000159173,0.000524137,-0.000528423,-0.00214295,-0.00293354,-0.00354354,-0.00271039,0.000693595,0.00398793,0.00559661,0.00515852,0.0034877,0.00184037,0.00303392,0.0021836,0.00244636,-0.000983721,-0.00487958,-0.00461479,-0.00215441,-1.082e-06,0.00100129,0.000843336,0.000224799,0.000151161,0.0,0.0,0.0,0.000298143,0.00108402,0.000972049,0.00164656,0.00360244,0.00554714,0.00743974,0.00986695,0.0115489,0.0121816,0.0123461,0.00924007,0.00677645,0.00803436,0.00577407,0.00310916,-0.000813728,-0.00196409,-0.000812635,0.00127601,0.00351306,0.00327704,0.00235519,0.000817851,0.000311213,0.0,-9.44729e-06,0.0,0.00063643,0.00153036,0.00259507,0.00747178,0.0121773,0.0126261,0.0135806,0.0152086,0.0161007,0.0160869,0.0144392,0.0108133,0.00960942,0.00915902,0.00740241,0.00413806,0.00339185,0.00401023,0.00391218,0.005577,0.00632934,0.0052679,0.0026593,0.000356592,1.60052e-05,0.0,-6.19978e-06,-4.59703e-05,0.000413925,0.000950142,0.00451529,0.011228,0.0160514,0.0166587,0.0177855,0.0176339,0.0165109,0.0168366,0.0135277,0.0117072,0.0094231,0.00766037,0.00556193,0.00531299,0.00564719,0.00875482,0.0103351,0.0104309,0.00907409,0.00589428,0.00197894,8.52885e-05,0.0,0.0,0.0,-1.03222e-05,0.000728763,0.00114068,0.00526832,0.011357,0.017702,0.0197409,0.0191669,0.017328,0.0171646,0.0159537,0.0145797,0.0110823,0.0085245,0.00634888,0.00628056,0.00741097,0.00971314,0.0123874,0.01425,0.0127655,0.00990542,0.00548482,0.00146007,0.000252521,0.0,0.0,0.0,0.000233709,0.000974382,0.00119759,0.00529433,0.00969078,0.015345,0.018281,0.0200027,0.0179697,0.0171022,0.0132409,0.0110219,0.00653001,0.00315959,0.00139134,0.00191041,0.00557736,0.0106982,0.0129131,0.0123463,0.0116192,0.0082373,0.00442269,0.000948329,0.0,0.0,0.0,0.0,0.000402382,0.000721491,0.00112132,0.00386914,0.00721846,0.0100667,0.0119662,0.0131959,0.0123939,0.0104493,0.00605404,0.000700616,-0.00332968,-0.00518768,-0.00513286,-0.00235003,0.00288427,0.00793857,0.00892757,0.00940393,0.00774449,0.00572773,0.00327417,0.000346429,0.0,0.0,0.0,0.0,0.000131534,0.000167688,0.000360239,0.00153986,0.00334743,0.00399345,0.00384845,0.00189381,8.06865e-05,-0.00305769,-0.0073214,-0.010465,-0.0124072,-0.0115926,-0.00837211,-0.00318282,0.00176649,0.004165,0.00399947,0.00434982,0.00406574,0.0021426,0.000880987,3.68437e-05,0.0,0.0,0.0,0.0,0.0,-0.000106776,-0.000242805,0.000104928,3.26879e-05,-0.000284776,-0.00431081,-0.0090469,-0.0117673,-0.0139589,-0.0145314,-0.0146342,-0.015151,-0.0141177,-0.0100856,-0.0052285,-0.0013793,0.000264311,0.000782768,0.00112317,0.000950348,0.000614277,-7.75735e-05,-2.13378e-05,0.0,0.0,0.0,0.0,0.0,-3.85403e-06,-0.000139228,-0.00033912,-0.000808625,-0.00207099,-0.0039637,-0.006602,-0.00941882,-0.0109494,-0.0108937,-0.0102484,-0.00865166,-0.00725219,-0.00554724,-0.00292394,-0.00123821,-0.000638889,-0.00019475,0.000401125,0.000716668,0.000163367,-4.3242e-05,-9.699e-07,0.0,0.0,0.0,0.0,0.0,0.0,-6.86105e-06,-7.61877e-05,-0.000226202,-0.000718623,-0.00150077,-0.00228296,-0.00365568,-0.00443277,-0.00422094,-0.00359966,-0.00277764,-0.00268443,-0.00246971,-0.00187326,-0.0013623,-0.00086892,-0.000570574,-0.000291923,-0.000139122,-6.64507e-05,0.0,0.0,0.0,0.0,0.0,0.0,0.0,0.0,-3.70677e-06,-4.46752e-05,-0.000136647,-0.00034758,-0.000782943,-0.000927561,-0.00137691,-0.00144363,-0.00126689,-0.00133093,-0.00127332,-0.0012312,-0.00121169,-0.000960201,-0.000470729,-0.000147905,-6.42815e-05,-1.86558e-05,0.0,0.0,0.0,0.0,0.0,0.0,0.0,0.0,0.0,0.0,0.0,0.0,-7.50677e-06,-7.58273e-05,-0.000133008,-0.000117127,-0.000109017,-0.000124679,-9.0959e-05,-0.000137636,-0.000209805,-0.000237092,-0.000261434,-0.000122013,0.0,-1.48733e-05,-4.70367e-05,-1.18986e-05,0.0,0.0,0.0,0.0,0.0,0.0]}