{"max":0.104373,"min":-0.121245,"acc":0.8564,"arr":[0.0,0.0,0.0,0.0,0.0,0.0,0.0,0.0,0.0,0.0,0.0,0.0,0.0,0.0,0.0,0.0,0.0,0.0,0.0,0.0,0.0,0.0,0.0,0.0,0.0,0.0,0.0,0.0,0.0,0.0,0.0,0.0,0.0,0.0,-5.24137e-05,-0.000131199,-0.000230952,-0.000230334,-0.000566843,-0.000480588,-0.000406866,-0.000193388,0.000240694,-1.551e-05,-0.00032376,-0.000107035,-0.000158056,-0.000232594,-0.00014162,-9.67296e-07,0.0,0.0,0.0,0.0,0.0,0.0,0.0,0.0,0.0,-6.96944e-06,-1.04969e-05,-4.64818e-06,-8.92325e-05,-0.00036224,-0.000651727,-0.000275032,-0.000426511,-0.000303976,-5.44034e-05,-0.000696148,-0.00107476,-0.00198412,-0.00389611,-0.00353734,-0.00385071,-0.00421466,-0.00320732,-0.00203427,-0.0007829,-0.000108894,0.0,0.0,0.0,0.0,0.0,0.0,9.29631e-06,-9.44859e-06,-6.91273e-05,0.000488527,0.00132418,0.00386985,0.00798592,0.0146312,0.0193826,0.0261626,0.0321805,0.0371359,0.0358451,0.0325421,0.0247544,0.0156845,0.00335092,-0.0040737,-0.00442665,-0.0035553,-0.00215111,-0.00083523,-0.000436581,-0.000125502,-8.60058e-06,0.0,0.0,-6.54063e-06,2.03783e-05,0.000109281,0.000626782,0.00251815,0.00642614,0.0156232,0.0266596,0.039693,0.0544247,0.0729406,0.0883222,0.0963062,0.0981445,0.0858997,0.0712337,0.0476844,0.0253905,0.0046779,-0.00590462,-0.00754885,-0.00547912,-0.003229,-0.00203746,-0.000608414,-9.23892e-05,0.0,0.0,0.0,3.44053e-05,5.45887e-05,0.00145293,0.00438812,0.0138123,0.0280088,0.0450969,0.0607638,0.0777743,0.0947981,0.104373,0.103436,0.099884,0.092418,0.0738461,0.0544375,0.0314113,0.00893511,-0.00561617,-0.0114025,-0.010445,-0.00999343,-0.00549434,-0.00178127,-0.000266829,0.0,0.0,0.0,-1.87441e-05,0.000151276,0.00126964,0.00450371,0.0167476,0.0356076,0.0486733,0.0625793,0.0714864,0.0711862,0.0660015,0.0545247,0.0477773,0.0482452,0.0425083,0.0335702,0.0186655,0.00216631,-0.00488982,-0.0119169,-0.0157335,-0.0159394,-0.00937983,-0.00360101,-0.000615522,-4.67997e-05,0.0,-1.66066e-05,-0.000199565,-0.000516616,-0.000307411,0.00359533,0.0183101,0.0313873,0.0340293,0.0356735,0.031173,0.0240573,0.0132363,0.000182183,-0.000968101,0.00568811,0.0132635,0.0122496,0.00550228,-0.00312021,-0.00365515,-0.00770669,-0.0150498,-0.0186794,-0.0123676,-0.00456543,-0.000973997,-7.59818e-05,0.0,-5.20963e-05,-0.000463138,-0.00192307,-0.00227543,0.00274861,0.0142185,0.0171792,0.00755775,0.000187774,-0.00789745,-0.0204858,-0.0321077,-0.0376783,-0.0329111,-0.0144722,0.00293999,0.0141199,0.00405691,-0.00472222,-0.00558115,-0.00841925,-0.0135532,-0.0180589,-0.0129798,-0.00517146,-0.00098483,-2.63356e-05,-1.45004e-05,-0.000104671,-0.000617315,-0.00143827,-0.00239061,0.00146767,0.00555827,-0.00226162,-0.017855,-0.0352084,-0.0487692,-0.0598707,-0.0633981,-0.0638692,-0.0525551,-0.0281327,-0.00115173,0.0169283,0.0147904,-0.000225471,-0.00945292,-0.0103746,-0.0133236,-0.0176541,-0.0114106,-0.00386057,-0.000815655,-1.93399e-05,-1.69246e-05,-0.000115734,-0.000500739,-0.000531365,-0.0030141,-0.00259467,-0.00538956,-0.0243443,-0.044674,-0.0664319,-0.0797245,-0.084616,-0.0841853,-0.0784321,-0.0610287,-0.0354751,-0.00126175,0.0143787,0.0190367,0.00802319,-0.00529321,-0.0108061,-0.0159117,-0.0154404,-0.00758,-0.0024615,-0.000644722,-5.34582e-05,-9.49586e-06,-7.02533e-05,-0.000293199,-0.000195689,-0.00270287,-0.00785692,-0.0207928,-0.0455369,-0.0705648,-0.0925996,-0.108548,-0.113162,-0.103613,-0.087967,-0.0690862,-0.0376064,-0.00627817,0.00726188,0.0156917,0.0137434,0.00101497,-0.0120572,-0.0187863,-0.0154531,-0.0063623,-0.000937363,-0.000243184,-4.28871e-05,0.0,-2.41579e-05,-0.00019325,-0.00098572,-0.00345265,-0.0128425,-0.033306,-0.0602942,-0.086337,-0.107652,-0.121245,-0.120706,-0.105851,-0.0873895,-0.070448,-0.0429243,-0.023907,-0.00817446,0.0116925,0.0131157,-0.00363689,-0.0183746,-0.0238085,-0.0185286,-0.00679264,0.000281458,0.000635056,-3.57768e-05,-2.02105e-06,-1.52987e-05,-0.000129401,-0.0010721,-0.00488133,-0.0169135,-0.0391072,-0.0641004,-0.086331,-0.101698,-0.10503,-0.092952,-0.0741656,-0.0670174,-0.0594799,-0.0489852,-0.0330429,-0.012227,0.00416597,0.0028508,-0.0160097,-0.0288241,-0.0290319,-0.0213529,-0.00762588,0.00122255,0.00124515,0.000105432,0.0,-3.3368e-05,-0.000103396,-0.000656432,-0.00349966,-0.0160583,-0.032906,-0.048429,-0.0607551,-0.0650046,-0.0550276,-0.0387052,-0.0280115,-0.029584,-0.0372496,-0.0339439,-0.018215,-0.00490709,-0.00300759,-0.0131244,-0.0329527,-0.0366831,-0.0309923,-0.0189405,-0.00554197,0.00241261,0.00172895,8.54895e-05,0.0,-5.15396e-05,-9.63718e-05,7.89314e-06,-0.000457823,-0.00644733,-0.0109615,-0.0163874,-0.0205573,-0.0150014,-0.00115344,0.0159056,0.0280837,0.0205895,0.00670634,-0.000443799,0.00894676,0.00789141,-0.00392434,-0.0230435,-0.0361592,-0.0347633,-0.0243665,-0.00926486,0.0016645,0.00583417,0.00208918,0.000648279,0.0,-2.81749e-05,-1.79227e-06,0.0017605,0.00622511,0.0115605,0.0197571,0.0219269,0.0200118,0.0280884,0.0389031,0.0565412,0.0669359,0.05859,0.0411309,0.0362661,0.0378877,0.0231168,0.00308827,-0.0153816,-0.0176629,-0.00984498,-0.00231171,0.00916179,0.0143778,0.0136643,0.00439565,0.000824212,0.0,-2.03615e-05,0.000104586,0.00439662,0.0147239,0.0284833,0.0437673,0.0521336,0.0524434,0.0546064,0.063076,0.0776733,0.082337,0.0714072,0.0561365,0.0523445,0.0451695,0.0299213,0.0117271,0.00378167,0.00918017,0.0177794,0.0258098,0.0315651,0.0324262,0.0202356,0.00360034,0.000227538,-3.19113e-07,-8.62451e-06,-0.000101158,0.00574264,0.02055,0.0424901,0.0650362,0.0739947,0.0720185,0.0753285,0.0830677,0.0868017,0.0858931,0.0757556,0.0626032,0.0488238,0.0358924,0.0223663,0.0190457,0.0236873,0.0343933,0.0484735,0.0549212,0.0566171,0.0439422,0.0189533,0.00225213,0.000215769,-1.59556e-06,-8.72242e-06,-8.97434e-05,0.00711857,0.0246991,0.0513431,0.0735808,0.0872182,0.0889371,0.0953672,0.091753,0.0884048,0.0778048,0.0629994,0.0442358,0.0277987,0.0162723,0.017708,0.0311983,0.0484833,0.0651461,0.0740422,0.0726001,0.0617669,0.0407496,0.0154268,0.00282354,0.000195446,0.0,9.6334e-06,0.000316271,0.00741838,0.0250167,0.0481641,0.0678087,0.0859312,0.094564,0.0964321,0.0846684,0.0718482,0.0450361,0.0205122,0.00245295,-0.0055306,0.00240037,0.0180612,0.041943,0.066257,0.0784157,0.0821212,0.0746029,0.0580819,0.0362,0.011625,0.00164419,0.0,0.0,0.000137091,0.000671678,0.00616571,0.0181138,0.0340975,0.0491788,0.0661704,0.0757685,0.0717467,0.0562293,0.0332194,0.0012664,-0.0265587,-0.0392509,-0.0367743,-0.0175861,0.00977394,0.0382339,0.0621031,0.0702092,0.0679273,0.0581013,0.0424459,0.0254307,0.00676574,0.000604037,0.0,0.0,0.0,0.000164423,0.00282402,0.00889873,0.0168824,0.026274,0.0354457,0.0361636,0.0238173,0.00213384,-0.0222389,-0.0463647,-0.0646632,-0.070285,-0.0598991,-0.0381956,-0.0119737,0.0165851,0.0374676,0.0432642,0.037084,0.0296405,0.0197774,0.0108845,0.00237421,-3.11105e-05,0.0,0.0,0.0,-2.86986e-05,0.000130371,0.00101936,0.00148864,-0.000114256,-0.00367488,-0.0153073,-0.0331385,-0.0545917,-0.0714155,-0.0812793,-0.0839428,-0.0793113,-0.0684331,-0.04868,-0.0271204,-0.00788228,0.00347844,0.00881558,0.0117084,0.0091094,0.00597868,0.0032286,0.000994285,-2.18554e-05,0.0,0.0,0.0,-9.34526e-06,-0.000205897,-0.000735277,-0.00243358,-0.00711238,-0.0132567,-0.0226193,-0.0351222,-0.0459161,-0.0524336,-0.0542355,-0.0520264,-0.047145,-0.0401646,-0.0302473,-0.0212006,-0.0143206,-0.00853555,-0.00358974,2.16528e-05,0.000791299,0.000591131,0.000746071,0.000529064,0.0,0.0,0.0,0.0,-4.89526e-06,-1.25036e-07,-0.000255133,-0.00100876,-0.00252688,-0.00504317,-0.00856553,-0.0124709,-0.0161874,-0.018125,-0.0181786,-0.0171563,-0.0151917,-0.0138918,-0.0122708,-0.00948803,-0.00714198,-0.0055155,-0.00304804,-0.00181635,-0.000692492,-0.000394492,-0.000119021,0.0,0.0,0.0,0.0,0.0,0.0,0.0,-0.000101115,-0.000321401,-0.000749328,-0.0013789,-0.00253959,-0.003486,-0.00466212,-0.00511314,-0.00501084,-0.00509718,-0.00489583,-0.00432359,-0.00353921,-0.0028212,-0.00200835,-0.00133021,-0.000855908,-0.000448191,-8.58241e-05,-1.59835e-05,-1.39699e-07,0.0,0.0,0.0,0.0,0.0,0.0,0.0,0.0,0.0,-2.90853e-05,-0.00012056,-0.000190513,-0.000175742,-0.000264592,-0.000356594,-0.000372731,-0.000419673,-0.000531283,-0.00054655,-0.000518386,-0.000321786,