{"max":0.109406,"min":-0.127371,"acc":0.8665,"arr":[0.0,0.0,0.0,0.0,0.0,0.0,0.0,0.0,0.0,0.0,0.0,0.0,0.0,0.0,0.0,0.0,0.0,0.0,0.0,0.0,0.0,0.0,0.0,0.0,0.0,0.0,0.0,0.0,0.0,0.0,0.0,0.0,0.0,0.0,-5.24137e-05,-0.000131199,-0.000230952,-0.000230334,-0.000566843,-0.000480588,-0.000409967,-0.000210111,0.00022255,-1.551e-05,-0.000326509,-0.000138112,-0.000174562,-0.00024073,-0.00021024,-4.90905e-05,-2.16098e-05,-1.76167e-06,0.0,0.0,0.0,0.0,0.0,0.0,0.0,-6.96944e-06,-1.1614e-05,-5.72672e-06,-8.17915e-05,-0.000360988,-0.000677029,-0.000349569,-0.000511616,-0.000289387,0.000129422,-0.000336797,-0.000817056,-0.00190595,-0.00421512,-0.00396971,-0.00421605,-0.00444503,-0.00335862,-0.00212707,-0.000819591,-0.000119111,0.0,0.0,0.0,0.0,0.0,0.0,9.29631e-06,-9.44859e-06,-7.02059e-05,0.000486705,0.00134101,0.00394424,0.00819529,0.0152115,0.0199542,0.0271472,0.0336761,0.0383997,0.0364489,0.0332558,0.0251169,0.0154423,0.00264662,-0.00453712,-0.0048485,-0.00407106,-0.00237858,-0.000946646,-0.000548246,-0.00018243,-8.60058e-06,0.0,0.0,-6.54063e-06,2.03783e-05,0.000109281,0.000626123,0.002511,0.00642654,0.0159941,0.0279038,0.0420817,0.0577891,0.0775476,0.0929456,0.100264,0.101731,0.0897469,0.0749777,0.0490553,0.0249921,0.00408772,-0.00678359,-0.00868196,-0.00648273,-0.00383245,-0.00237089,-0.000677932,-9.23892e-05,0.0,0.0,0.0,3.44053e-05,5.45887e-05,0.00143097,0.00430628,0.0140516,0.0291679,0.0475003,0.0647567,0.0826207,0.100445,0.109406,0.108382,0.104853,0.0963795,0.0773069,0.0568582,0.0318214,0.00904218,-0.00644755,-0.0132547,-0.0122382,-0.0110275,-0.00612528,-0.00189323,-0.000281265,0.0,0.0,0.0,-1.95018e-05,0.000144331,0.00117042,0.0042553,0.0171799,0.0376506,0.0516719,0.0667302,0.0751,0.07482,0.0694757,0.0578057,0.0515645,0.0518944,0.0454967,0.0353375,0.0196244,0.00260421,-0.0053453,-0.0136111,-0.017638,-0.0172938,-0.00994937,-0.00370765,-0.000630915,-4.67997e-05,0.0,-1.66066e-05,-0.000202353,-0.000538913,-0.000444604,0.00353312,0.0191269,0.0328778,0.0352449,0.0368445,0.0320944,0.0256509,0.0157241,0.00385237,0.00141658,0.00772405,0.0153255,0.0139385,0.00708755,-0.000955899,-0.00296818,-0.00776448,-0.0161541,-0.0198877,-0.013047,-0.00470554,-0.000990382,-7.59818e-05,0.0,-5.20963e-05,-0.000472531,-0.0019724,-0.00247869,0.00287968,0.0143102,0.0171218,0.00750721,0.000482399,-0.00821697,-0.0200014,-0.0310135,-0.035927,-0.0306062,-0.0129155,0.00487209,0.0166452,0.00491939,-0.00344565,-0.00527093,-0.00887354,-0.014323,-0.0190814,-0.0139609,-0.0054883,-0.00102705,-2.63356e-05,-1.45004e-05,-0.000105036,-0.000628089,-0.00151724,-0.0022284,0.00126735,0.00535966,-0.00299687,-0.0183592,-0.0356968,-0.0502132,-0.0613622,-0.0648898,-0.0633912,-0.0525702,-0.0284347,0.000836973,0.0199114,0.016596,0.000967381,-0.00928361,-0.0109076,-0.0139289,-0.0185658,-0.0124339,-0.00414335,-0.000839764,-1.93399e-05,-1.69246e-05,-0.000116335,-0.000512593,-0.000656444,-0.00267975,-0.00287477,-0.00591296,-0.0257314,-0.047084,-0.0694403,-0.0838519,-0.0890882,-0.0884534,-0.0810677,-0.0628538,-0.0365204,0.00121221,0.017771,0.020892,0.00824857,-0.00481252,-0.0113016,-0.0161058,-0.0159221,-0.00798768,-0.00270122,-0.000670592,-5.34582e-05,-9.49586e-06,-7.69195e-05,-0.000300138,-0.000335158,-0.00224318,-0.00810942,-0.021968,-0.0487501,-0.0747208,-0.0972401,-0.11391,-0.118829,-0.109408,-0.0925351,-0.0719794,-0.0388818,-0.00423638,0.00926009,0.016706,0.0134954,0.000699839,-0.0125258,-0.0187515,-0.0154916,-0.006478,-0.00116538,-0.000244163,-4.28871e-05,0.0,-2.41579e-05,-0.000194855,-0.00111895,-0.00319214,-0.0131929,-0.0353334,-0.0643745,-0.0912391,-0.113304,-0.127371,-0.126857,-0.112092,-0.0918925,-0.073311,-0.0439041,-0.0232367,-0.00737418,0.0114089,0.0117513,-0.00479956,-0.0188146,-0.0235925,-0.0184118,-0.00685181,0.000259663,0.00100965,-3.57768e-05,-2.02105e-06,-1.52987e-05,-0.000129401,-0.00116022,-0.00508858,-0.0178542,-0.0415982,-0.0678776,-0.0911758,-0.107173,-0.110227,-0.0985684,-0.0778039,-0.0695233,-0.061594,-0.0491574,-0.0328955,-0.0131446,0.00209311,0.000865783,-0.0177494,-0.0291015,-0.0288659,-0.0211211,-0.00741475,0.00158583,0.00139883,0.000105432,0.0,-6.40142e-05,-0.000103396,-0.0007257,-0.00394871,-0.0172085,-0.0348013,-0.05095,-0.0634607,-0.0676875,-0.0573453,-0.0402536,-0.0280065,-0.030193,-0.0377879,-0.0337953,-0.0185923,-0.00681933,-0.00493207,-0.0154851,-0.0343222,-0.0373454,-0.0314011,-0.0193613,-0.0057422,0.00242661,0.00172895,8.54895e-05,0.0,-5.15396e-05,-9.63718e-05,0.000172142,-0.000710996,-0.00707869,-0.0115089,-0.0170192,-0.0205765,-0.0142192,0.00118341,0.0198809,0.0316416,0.023357,0.00836247,0.000698141,0.0087959,0.0059468,-0.0066238,-0.0252911,-0.0379557,-0.0356542,-0.024836,-0.00974788,0.00165058,0.00568092,0.00208709,0.000648279,0.0,-2.81749e-05,-1.79227e-06,0.00205139,0.00657525,0.0121101,0.0211323,0.024299,0.0243134,0.0335505,0.0453009,0.0636555,0.0733938,0.0639198,0.0446453,0.0389418,0.0390705,0.0225094,0.00160904,-0.0157549,-0.0181703,-0.00966582,-0.00178563,0.0100699,0.0154707,0.0143889,0.00459134,0.000824212,0.0,-2.03615e-05,0.000101819,0.00466869,0.0162171,0.0308396,0.0468547,0.0565001,0.0580328,0.0605986,0.0690152,0.0840569,0.0892975,0.0780843,0.0627073,0.0578816,0.0489586,0.0318478,0.0131848,0.00549258,0.0117454,0.0207594,0.0286048,0.0346905,0.0347598,0.0217668,0.00441421,0.000340171,-3.19113e-07,-8.62451e-06,-0.000129227,0.00609803,0.022738,0.0455327,0.0681736,0.0781797,0.0763496,0.0800723,0.0876557,0.091447,0.0903274,0.0810519,0.0677322,0.0526957,0.0395341,0.0260815,0.0221334,0.0269353,0.0382212,0.0529245,0.0592109,0.0609036,0.0471429,0.0213271,0.00297526,0.000465883,-1.59556e-06,-8.72242e-06,-0.000255611,0.00763353,0.0258886,0.0533523,0.0756395,0.0894407,0.090785,0.0988945,0.0950285,0.0913126,0.0803692,0.0653763,0.0457076,0.0293692,0.0184517,0.0202698,0.0338102,0.0513321,0.0692347,0.0787509,0.0764797,0.0655677,0.0434911,0.0169642,0.00286072,0.000195446,0.0,9.6334e-06,0.00023117,0.00762823,0.0263266,0.0501946,0.0693206,0.0868286,0.0958747,0.0985806,0.0875636,0.0738838,0.0455584,0.0193301,0.00117891,-0.00595013,0.00247956,0.0186246,0.043497,0.0682282,0.0814813,0.0858747,0.0784179,0.0609666,0.0375942,0.0124036,0.00164419,0.0,0.0,0.000137091,0.00066566,0.00633051,0.0190157,0.0354118,0.0504575,0.0674989,0.0783163,0.075421,0.0598507,0.0351984,0.00117968,-0.0279182,-0.0411015,-0.0388485,-0.0192361,0.00943009,0.0389633,0.0634649,0.0725511,0.0707744,0.0607704,0.0442271,0.0258886,0.00699839,0.000604037,0.0,0.0,0.0,0.000154489,0.00300287,0.00944569,0.0176227,0.027375,0.0379992,0.0397919,0.0276607,0.00477844,-0.020732,-0.0462497,-0.0654763,-0.0726111,-0.0626254,-0.040399,-0.0129505,0.0169487,0.0380428,0.0444272,0.0388761,0.0309598,0.0205244,0.0109361,0.00239141,-3.11105e-05,0.0,0.0,0.0,-4.60538e-05,0.000112612,0.000977326,0.00131005,-0.000495511,-0.00388088,-0.01445,-0.0320455,-0.0540891,-0.0716187,-0.0822485,-0.0861494,-0.0825229,-0.0719193,-0.0515999,-0.0293719,-0.00949777,0.00256811,0.00911552,0.0125778,0.00932621,0.0063955,0.0032314,0.000994285,-2.18554e-05,0.0,0.0,0.0,-1.3651e-05,-0.000210917,-0.000795135,-0.00269142,-0.00762232,-0.0137317,-0.0234326,-0.0362063,-0.0474649,-0.0544948,-0.0565551,-0.0543931,-0.0494628,-0.0423454,-0.0321848,-0.0226953,-0.0154431,-0.00936882,-0.00408096,-0.000162725,0.000648416,0.000670905,0.000747597,0.000529064,0.0,0.0,0.0,0.0,-5.21274e-06,-2.66485e-06,-0.000260153,-0.00103754,-0.00267512,-0.00535012,-0.0091323,-0.0131872,-0.0168975,-0.0188025,-0.0187299,-0.0176981,-0.0156991,-0.0143147,-0.012677,-0.0100233,-0.00770326,-0.005969,-0.00346406,-0.00213266,-0.000789745,-0.000405579,-0.000119021,0.0,0.0,0.0,0.0,0.0,0.0,0.0,-0.00010975,-0.000343147,-0.000799316,-0.0014303,-0.00262242,-0.00358661,-0.00477125,-0.00526642,-0.0051438,-0.0051974,-0.00497467,-0.00438818,-0.00364197,-0.00292635,-0.00210674,-0.00141641,-0.000912315,-0.000514156,-0.000122456,-1.59835e-05,-1.39699e-07,0.0,0.0,0.0,0.0,0.0,0.0,0.0,0.0,0.0,-2.90853e-05,-0.000122946,-0.000195598,-0.000182635,-0.000278332,-0.000362494,-0.000376228,-0.000425145,-0.000537154,-0.000556215,-0.000532306,