{"max":0.179212,"min":-0.235541,"acc":0.8973,"arr":[0.0,0.0,0.0,0.0,0.0,0.0,0.0,0.0,0.0,0.0,0.0,0.0,-1.95211e-05,9.57449e-05,0.000154112,6.42134e-06,0.0,0.0,0.0,0.0,0.0,0.0,0.0,0.0,0.0,0.0,0.0,0.0,0.0,0.0,0.0,0.0,-9.13291e-07,-3.42715e-06,-8.09241e-05,-0.000192194,-0.00022619,-0.00046489,-0.000750018,-0.00103125,-0.00116636,-0.000746238,-6.953e-05,5.54987e-06,0.000685734,-0.000154413,-0.00062118,-0.000645959,-0.000409717,-0.000164619,-3.5063e-05,-7.15325e-06,0.0,0.0,0.0,0.0,0.0,0.0,-3.27394e-07,-6.96944e-06,-5.70758e-05,-1.28233e-05,-0.000239481,-0.000577931,-0.000531409,0.000165746,0.000326443,0.0013631,-0.000218636,-0.00411579,-0.00459618,-0.00411079,-0.00535165,-0.00748866,-0.00885604,-0.00957994,-0.00703905,-0.00517667,-0.00303713,-0.00129575,0.000202896,0.000418424,0.0,0.0,0.0,0.0,6.22841e-06,-1.82476e-05,-0.000147501,0.000515054,0.00155589,0.00614813,0.0136506,0.0274214,0.037894,0.0490228,0.0562335,0.0568664,0.0491641,0.0428129,0.0327135,0.0164871,-0.00176868,-0.0116498,-0.015199,-0.0134051,-0.00941515,-0.00560911,-0.00190322,3.92647e-05,-3.4651e-05,0.0,0.0,-7.31749e-06,9.10913e-06,6.02617e-05,-2.80467e-05,0.00361567,0.011749,0.0272811,0.0482032,0.0788241,0.108301,0.139656,0.157752,0.161667,0.154772,0.139167,0.121339,0.0817529,0.0400519,0.00492876,-0.0167724,-0.0254416,-0.0217347,-0.0147146,-0.00725874,-0.00127149,-0.000174468,-3.50103e-05,0.0,0.0,5.45538e-05,-0.000168308,0.000242564,0.0078438,0.0273013,0.0586447,0.093749,0.12625,0.150955,0.170313,0.177692,0.179212,0.175814,0.171073,0.14808,0.109496,0.0583266,0.00995257,-0.0161537,-0.0257489,-0.0281705,-0.0264858,-0.0146264,-0.00381731,-0.000589221,-5.5339e-05,0.0,-1.23291e-06,3.01549e-05,-0.000232898,0.00130181,0.013981,0.043713,0.0836415,0.108181,0.121395,0.124465,0.120764,0.110913,0.10132,0.0989835,0.0974899,0.0847682,0.0607116,0.0274517,-0.00373157,-0.0204896,-0.0249282,-0.0317506,-0.0366944,-0.0214352,-0.00710215,-0.00125895,-7.5586e-05,0.0,-5.35449e-05,0.000261456,-0.000743037,0.00382634,0.0205996,0.0567977,0.0761825,0.0765035,0.0674569,0.0615993,0.0597199,0.0507822,0.044896,0.0410578,0.0313134,0.0245969,0.0106782,-0.00286178,-0.0147125,-0.0197656,-0.0168878,-0.0245564,-0.0421178,-0.0295779,-0.0105632,-0.00181367,-0.000122422,-1.11193e-05,0.00010775,-0.000253864,-0.00160472,0.00453391,0.0237767,0.0458541,0.0417341,0.0263852,0.0142764,0.0196455,0.0163777,0.00678295,0.000955456,0.00883482,0.0173297,0.0187831,0.0118107,-0.00135795,-0.00907674,-0.0201145,-0.018073,-0.0265174,-0.0421761,-0.0344985,-0.0129573,-0.0019523,-7.88722e-05,-1.55222e-05,-0.000133899,-5.82737e-06,-0.000409346,0.00528753,0.0206893,0.0166879,-0.0128198,-0.0410721,-0.0430696,-0.0325865,-0.0425884,-0.0565032,-0.0584401,-0.037216,-0.00339341,0.0224831,0.0225863,0.0157392,-0.00273037,-0.0200285,-0.0212188,-0.0258573,-0.0409692,-0.0314404,-0.0110642,-0.00180814,-0.000107848,-1.93797e-05,-0.000140673,-0.000236856,-9.85789e-05,-0.0024293,-0.00232097,-0.022065,-0.074043,-0.102133,-0.107771,-0.111426,-0.127277,-0.141054,-0.13826,-0.0974827,-0.0478608,0.00524336,0.020684,0.018274,0.00199738,-0.012203,-0.0217784,-0.0295939,-0.0358223,-0.0224783,-0.00731402,-0.00109965,-9.6497e-05,-1.07127e-05,-0.000119271,-0.000480905,-0.00131586,-0.00813808,-0.0296152,-0.0732379,-0.129106,-0.15826,-0.171406,-0.189341,-0.211642,-0.221377,-0.199897,-0.152039,-0.0841024,-0.023049,-0.00916643,0.00192341,0.0102769,-0.00855883,-0.024225,-0.0382328,-0.0382718,-0.0169884,-0.00258098,-0.000298211,-5.4935e-05,-1.5034e-06,-4.3688e-05,-0.000310529,-0.00306086,-0.0131704,-0.0505754,-0.110463,-0.162292,-0.188122,-0.207296,-0.226757,-0.235541,-0.224797,-0.195899,-0.160702,-0.101208,-0.0605582,-0.0413148,-0.0133037,0.00491966,-0.0132069,-0.0333544,-0.0510923,-0.0483359,-0.0162425,0.00222357,0.00246994,0.000107993,-2.02105e-06,-2.57062e-05,-0.000159044,-0.00326347,-0.0177474,-0.06348,-0.120424,-0.159898,-0.173955,-0.181956,-0.1808,-0.161377,-0.137743,-0.124195,-0.109076,-0.0942168,-0.0762284,-0.0485863,-0.0290257,-0.0172341,-0.0293067,-0.0480861,-0.0584263,-0.0491444,-0.0144717,0.00831307,0.00514582,0.0011192,-1.01277e-06,-6.42256e-05,-0.000135176,-0.00263979,-0.0143984,-0.056752,-0.0927141,-0.109775,-0.106901,-0.0951216,-0.0697303,-0.0388173,-0.0204332,-0.0243278,-0.0401515,-0.0532832,-0.0408809,-0.0393178,-0.0304115,-0.0343591,-0.0457857,-0.0573606,-0.057466,-0.0421311,-0.00989405,0.0124474,0.00753841,0.000290015,-3.53104e-07,-5.15396e-05,-0.000291423,0.000703342,-0.00138934,-0.0192941,-0.0324108,-0.0351898,-0.02364,-0.00457919,0.0269709,0.0578073,0.0762134,0.068656,0.0277924,0.00671754,0.0137278,-0.00427586,-0.0247104,-0.0368308,-0.0488668,-0.0502501,-0.0428304,-0.0219966,0.00956722,0.0231706,0.0105901,0.00116215,-1.22793e-07,-5.42548e-05,-0.000313325,0.00532034,0.0184884,0.0256423,0.0367035,0.0354252,0.0384419,0.0600705,0.0837575,0.113385,0.13267,0.113719,0.0687253,0.0626492,0.0698608,0.0396079,0.00205525,-0.0166426,-0.0152248,-0.00355604,0.00311074,0.0215215,0.0415171,0.0435282,0.0153808,0.00145211,0.0,-6.66788e-05,0.000193807,0.0121315,0.0421051,0.0704833,0.0866632,0.0846146,0.0766967,0.0856798,0.102393,0.135716,0.149907,0.129961,0.103238,0.100195,0.0872198,0.0532191,0.0208012,0.0114779,0.0264667,0.0416258,0.0556081,0.0691434,0.0783623,0.0520104,0.0123601,0.000482897,-3.4921e-06,-3.16352e-05,-0.0014244,0.015506,0.0575812,0.100097,0.116898,0.120475,0.102899,0.106667,0.129764,0.147687,0.158415,0.144782,0.111229,0.0879113,0.0732103,0.0510695,0.0399044,0.0477723,0.0669719,0.0879413,0.102284,0.119532,0.102286,0.0462948,0.00726077,0.000837464,-2.22845e-06,-5.33626e-05,-0.00152519,0.014079,0.0601483,0.103526,0.128646,0.140975,0.131966,0.139245,0.14516,0.151837,0.137981,0.112087,0.0716468,0.0505487,0.0356642,0.0394238,0.0549678,0.0771532,0.103329,0.12577,0.137639,0.133037,0.0934106,0.041684,0.00871946,0.000528601,0.0,-7.64874e-05,-0.0005517,0.0143972,0.0572046,0.0928012,0.121551,0.141768,0.146169,0.144676,0.121776,0.105503,0.0689368,0.0299703,0.00638809,-0.000584151,0.0138347,0.0371227,0.0741933,0.105731,0.125849,0.142874,0.142142,0.120153,0.0768808,0.0251077,0.00419221,-3.45306e-06,-1.45541e-06,9.56141e-05,0.000105474,0.0119876,0.0399516,0.0662038,0.0898501,0.109243,0.119796,0.11765,0.0898464,0.0539165,0.0129302,-0.0243876,-0.0447654,-0.0372037,-0.00359781,0.0399915,0.0803973,0.112622,0.118211,0.12411,0.113291,0.0869496,0.0485198,0.0135951,0.00172967,-1.3725e-06,-1.40993e-06,-1.35146e-06,-0.000190247,0.00650394,0.0200424,0.0330071,0.0469693,0.0590588,0.0647506,0.0537637,0.026291,-0.00655398,-0.043474,-0.0782071,-0.0911629,-0.0762619,-0.040259,0.00312261,0.0458884,0.0704814,0.0809792,0.0781571,0.0653264,0.0416108,0.0198611,0.00436013,-0.000210088,-2.53384e-06,0.0,0.0,-0.000182307,-0.000457157,-0.00130321,-0.00207783,-0.0069005,-0.0144043,-0.0250042,-0.0405594,-0.0614403,-0.0841689,-0.108422,-0.124115,-0.122286,-0.105368,-0.0747575,-0.0426582,-0.00989312,0.0100486,0.0189197,0.0255896,0.0221505,0.0124302,0.00530539,0.00108153,-0.000217303,0.0,0.0,0.0,-0.000165504,-0.00220309,-0.00574753,-0.0113867,-0.0226454,-0.0358984,-0.0504299,-0.0683911,-0.083599,-0.0869809,-0.0860936,-0.0832748,-0.0733154,-0.0647019,-0.0510932,-0.0393887,-0.0301837,-0.0247725,-0.013575,-0.00369597,0.0018592,0.00177231,0.00282359,0.00157376,0.000164396,0.0,0.0,0.0,-1.22434e-05,-0.000530375,-0.00187746,-0.00454037,-0.00859674,-0.0151652,-0.0235889,-0.0289866,-0.0317717,-0.0324606,-0.031332,-0.0296652,-0.0256787,-0.0226584,-0.0219392,-0.0195841,-0.0182862,-0.0158872,-0.00963473,-0.00607115,-0.00306228,-0.00158398,-0.000332578,0.000145549,0.000175124,0.0,0.0,0.0,0.0,0.0,-0.000200609,-0.000727012,-0.00170071,-0.00272373,-0.00402848,-0.00501629,-0.00632903,-0.00706478,-0.00699505,-0.0072852,-0.00693825,-0.00617986,-0.00564642,-0.00485211,-0.00386283,-0.00277318,-0.00177277,-0.000870316,-0.000222916,-3.91252e-05,-1.2734e-06,-1.53467e-06,0.0,0.0,0.0,0.0,0.0,0.0,-1.24317e-06,-4.30188e-06,-3.95757e-05,-0.000144602,-0.000215123,-0.000205217,-0.000342259,-0.000422611,-0.000435727,-0.00049784,-0.000653894,