{"max":0.0541632,"min":-0.0591473,"acc":0.8126,"arr":[0.0,0.0,0.0,0.0,0.0,0.0,0.0,0.0,0.0,0.0,0.0,0.0,0.0,0.0,0.0,0.0,0.0,0.0,0.0,0.0,0.0,0.0,0.0,0.0,0.0,0.0,0.0,0.0,0.0,0.0,0.0,0.0,0.0,0.0,-5.24137e-05,-0.000131199,-0.000216301,-8.4622e-05,-7.6369e-05,-0.000118447,-0.000186048,-0.000227213,-9.47074e-06,0.000207983,0.000171891,0.000305617,-2.79351e-05,-0.000157837,-9.56136e-05,-9.67296e-07,0.0,0.0,0.0,0.0,0.0,0.0,0.0,0.0,0.0,-6.96944e-06,-7.31657e-06,0.0,-8.27047e-05,-0.000230442,-0.000402415,0.000195641,0.000321139,0.000355372,0.000430195,0.000129215,-8.37165e-05,-0.000354619,-0.00132061,-0.00123793,-0.000984533,-0.00124279,-0.00116601,-0.000667101,-0.000217737,-2.46535e-05,0.0,0.0,0.0,0.0,0.0,0.0,0.0,-7.1745e-06,-3.40735e-05,0.000208401,0.000545211,0.00129298,0.00260828,0.00535615,0.0084651,0.0140552,0.0178465,0.0210007,0.0206172,0.0180539,0.0131682,0.00934717,0.00325627,0.000142658,-0.000231359,-0.000346334,-2.9104e-05,5.27515e-05,-0.000118929,-7.68758e-05,-8.60058e-06,0.0,0.0,0.0,0.0,0.000121412,0.000272618,0.00118922,0.00239237,0.00513269,0.00899948,0.0152568,0.026067,0.0372089,0.0444473,0.0496833,0.0499205,0.0431121,0.0362783,0.0240954,0.0126055,0.00454627,5.78222e-05,-0.00162812,-0.00133671,-0.000358634,-0.000555568,-0.000156941,-2.6764e-05,0.0,0.0,0.0,-1.24625e-05,0.000132243,0.000533352,0.0021326,0.00573544,0.0113222,0.0184384,0.0269437,0.0389476,0.0489812,0.0539863,0.0515314,0.0476688,0.0435811,0.0356608,0.0272278,0.0129672,0.00353587,-0.00214884,-0.00516252,-0.00455514,-0.00319848,-0.00203477,-0.000649019,-7.94141e-05,0.0,0.0,0.0,-1.36575e-06,0.000479806,0.000260459,0.00302143,0.00946866,0.0184189,0.0240116,0.0312243,0.0377221,0.0401988,0.0341159,0.0270151,0.0230574,0.0231722,0.0212828,0.0207318,0.0117639,-0.000195185,-0.00436784,-0.00791437,-0.00818134,-0.00639702,-0.00378182,-0.00179895,-0.000295412,-4.14476e-05,0.0,-1.60508e-05,-0.000144131,6.90843e-05,-0.000155643,0.00263101,0.0105859,0.0178898,0.0184292,0.020397,0.0184631,0.013855,0.00532204,-0.00328416,-0.00512771,0.000188065,0.00864684,0.0134847,0.00908317,-4.94728e-05,-0.00330153,-0.00767091,-0.00963147,-0.00875648,-0.0050135,-0.00216577,-0.000565468,-7.16859e-05,0.0,-4.21826e-05,-0.000294938,-0.00112576,-0.00131387,0.000869066,0.00502707,0.00613854,0.00401365,0.0016221,-0.00345439,-0.0119701,-0.0206557,-0.0253757,-0.0242831,-0.0124065,0.00287468,0.0128401,0.00856111,0.000665685,-0.00420014,-0.00885833,-0.0088889,-0.00888359,-0.00537794,-0.00198255,-0.000519094,-2.26669e-05,0.0,-4.75091e-05,-0.000361624,-0.00140987,-0.00182965,-0.00175211,-0.00059695,-0.00585663,-0.00938409,-0.0162761,-0.0250592,-0.0335338,-0.0355043,-0.0362752,-0.030672,-0.0180728,-0.00107295,0.0137145,0.0144928,0.00530338,-0.00639018,-0.00830113,-0.00843002,-0.00825072,-0.00486179,-0.00158601,-0.00036879,0.0,0.0,-1.88835e-05,-0.000187271,-0.00084406,-0.00239608,-0.00278817,-0.00490982,-0.0126935,-0.0212656,-0.0316834,-0.0386043,-0.0423822,-0.0416205,-0.0396183,-0.0324737,-0.0190043,0.00165624,0.0154576,0.0178133,0.00804243,-0.0037317,-0.00674493,-0.00769957,-0.00722172,-0.00327176,-0.000916514,-0.000298389,-1.28958e-05,0.0,-2.82551e-06,-0.000100047,-0.000295828,-0.0016084,-0.00401964,-0.00980824,-0.0200158,-0.0328151,-0.0445603,-0.0527072,-0.0536695,-0.0477113,-0.0405621,-0.0322815,-0.0163752,0.000789264,0.0122388,0.0153975,0.00733481,-0.000947984,-0.0051509,-0.00761019,-0.0062167,-0.0028425,-0.000393523,-0.000176949,-4.16882e-05,0.0,-9.34704e-06,-9.45792e-05,-0.000537979,-0.00115489,-0.00556822,-0.0139674,-0.0264844,-0.0407197,-0.0532143,-0.0591473,-0.055604,-0.0473804,-0.0394441,-0.0315393,-0.0179304,-0.00647272,0.003671,0.00940537,0.00776969,-0.000367256,-0.00735361,-0.00921368,-0.00728985,-0.00323602,-0.000232892,-0.00013206,-3.57768e-05,0.0,0.0,-7.85034e-05,-0.000495293,-0.00173888,-0.00700857,-0.0159511,-0.0267369,-0.0399623,-0.049863,-0.0502839,-0.0425154,-0.0348825,-0.0322748,-0.0264036,-0.0205628,-0.00876175,0.00047329,0.0039646,0.00421549,-0.00591233,-0.0113815,-0.0112503,-0.00843346,-0.00315806,-4.5673e-05,-5.1753e-05,-9.65031e-06,0.0,-2.25771e-05,-5.92428e-05,-0.000297052,-0.00094321,-0.0057264,-0.0123788,-0.0203312,-0.0292999,-0.0323067,-0.0270796,-0.0210306,-0.016671,-0.0166324,-0.0194007,-0.0129182,-0.00279711,0.0034001,0.00245962,-0.00257191,-0.0145706,-0.0155874,-0.0120351,-0.00756432,-0.00233984,0.000408429,0.000245271,0.0,0.0,-5.15396e-05,-6.17837e-05,0.00018302,0.000158555,-0.00141467,-0.00322531,-0.00617715,-0.00809796,-0.00449025,0.0018935,0.0105814,0.0146626,0.0106942,0.00495142,0.00351168,0.00949184,0.00857148,0.00202902,-0.0108623,-0.0178557,-0.015551,-0.00985546,-0.00298044,0.00083552,0.00147447,0.00050542,0.000151161,0.0,-2.81749e-05,9.80457e-05,0.000650875,0.00263987,0.00648186,0.0105927,0.0133198,0.0158045,0.0185027,0.0233385,0.0311814,0.034122,0.0317308,0.0245908,0.0215994,0.0218421,0.0142376,0.0037044,-0.00851716,-0.0104178,-0.00525466,-0.00102708,0.0053216,0.00658688,0.00539121,0.00221577,0.000311213,0.0,-2.03615e-05,0.000228414,0.00139337,0.00568693,0.0136489,0.0240711,0.0299126,0.0310075,0.0318065,0.035591,0.0431173,0.0440642,0.0396862,0.0334008,0.029555,0.0246693,0.018252,0.00738852,0.000965109,0.00306422,0.0083607,0.012114,0.0148651,0.013518,0.00665347,0.00139276,1.60052e-05,0.0,-6.19978e-06,2.09498e-05,0.00157057,0.00704494,0.0189394,0.0314026,0.0401814,0.0419219,0.044619,0.047348,0.0480058,0.0479941,0.0413737,0.0344469,0.02762,0.0202831,0.0135485,0.0109528,0.011784,0.0191914,0.0252654,0.0264191,0.0253859,0.0183033,0.00606605,0.00060856,0.0,0.0,0.0,7.34791e-05,0.00213497,0.00827466,0.0208021,0.0333019,0.0458843,0.0516716,0.0541632,0.0496215,0.0483744,0.0430951,0.0347473,0.0263402,0.0202453,0.0131098,0.0102212,0.016541,0.0270251,0.0349076,0.0389762,0.0354611,0.0292526,0.016845,0.00564872,0.00101539,0.0,0.0,0.0,0.000296548,0.00194725,0.00858521,0.0195728,0.0293837,0.0426425,0.0521092,0.0541535,0.0474061,0.0416767,0.0269548,0.013364,0.00316911,-0.00162404,9.18369e-05,0.00507905,0.0162967,0.031408,0.0396234,0.0397898,0.0363405,0.0263587,0.0148456,0.00490614,0.000386929,0.0,0.0,0.0,0.000366464,0.00209182,0.00642459,0.0148135,0.0224204,0.0341002,0.0404379,0.039586,0.0306906,0.0183967,0.00153263,-0.0130844,-0.0213262,-0.0218669,-0.0140012,-0.000689311,0.0144851,0.028187,0.0338175,0.033407,0.0274735,0.0195069,0.0116485,0.00258314,3.01988e-05,0.0,0.0,0.0,5.0021e-05,0.00118769,0.00326465,0.00691795,0.0109838,0.0180677,0.0193872,0.012144,-0.0010928,-0.0144185,-0.0275152,-0.0353456,-0.0382699,-0.0331942,-0.0224319,-0.00786889,0.00725722,0.0174283,0.0189057,0.0150318,0.0125982,0.00865921,0.00517157,0.00100938,3.77298e-07,0.0,0.0,0.0,-1.18519e-05,-8.09074e-05,0.000330046,0.00133086,0.000668238,0.000731477,-0.00707702,-0.0185085,-0.0302635,-0.0392111,-0.0433562,-0.0430894,-0.0402389,-0.0352077,-0.0248738,-0.012764,-0.0020223,0.00285488,0.00398653,0.00367122,0.00293351,0.00311511,0.00203971,0.0005593,-1.19233e-05,0.0,0.0,0.0,0.0,-7.1594e-06,-0.000269822,-0.000925472,-0.00238795,-0.00537444,-0.00943434,-0.0154049,-0.0229837,-0.0275942,-0.0275905,-0.0260513,-0.0228244,-0.0186745,-0.0135797,-0.00836134,-0.00458265,-0.00220761,-0.00111201,-5.23803e-05,0.000478468,0.00047877,0.000427213,0.000430068,0.0,0.0,0.0,0.0,0.0,0.0,-2.10609e-05,-0.000323512,-0.00050536,-0.00149483,-0.00336528,-0.00561185,-0.00842825,-0.00974956,-0.00976101,-0.00844173,-0.00729244,-0.0066972,-0.00582849,-0.00405809,-0.00266689,-0.00224447,-0.00149075,-0.000973812,-0.000536873,-0.000154915,-4.18395e-05,0.0,0.0,0.0,0.0,0.0,0.0,0.0,-1.96548e-05,-0.000161417,-0.000409382,-0.000729764,-0.00154575,-0.0022697,-0.0030275,-0.00328201,-0.00320057,-0.00306643,-0.00285519,-0.00257789,-0.00215563,-0.0015944,-0.00101644,-0.00054882,-0.000315189,-0.00018173,-3.01995e-05,-5.328e-06,0.0,0.0,0.0,0.0,0.0,0.0,0.0,0.0,0.0,0.0,-7.50677e-06,-7.58273e-05,-0.000151163,-0.000146755,-0.000200725,-0.000272185,-0.000242616,-0.000289586,-0.000391634,-0.00038049,-0.000364274,-0.000210469,-9.5155e-05,-7.78801e-05,-5.23467e-05,-1.18986e-05,0.0,0.0,0.0,