{"max":0.0476047,"min":-0.0501295,"acc":0.7969,"arr":[0.0,0.0,0.0,0.0,0.0,0.0,0.0,0.0,0.0,0.0,0.0,0.0,0.0,0.0,0.0,0.0,0.0,0.0,0.0,0.0,0.0,0.0,0.0,0.0,0.0,0.0,0.0,0.0,0.0,0.0,0.0,0.0,0.0,0.0,-5.17251e-05,-0.000108588,-5.52384e-05,-3.26982e-05,-7.6369e-05,-0.000118447,-0.000186048,-0.000219357,6.34329e-05,0.000227151,0.000100269,-5.10865e-05,-0.000110791,-0.000157837,-9.56136e-05,-9.67296e-07,0.0,0.0,0.0,0.0,0.0,0.0,0.0,0.0,0.0,-2.1822e-06,-5.6658e-06,0.0,-4.99969e-05,-0.000124781,-0.000190115,0.000330741,0.00043704,0.000665045,0.000645496,0.000173539,0.000279009,0.000341074,-0.000490472,-0.00115674,-0.00116982,-0.00122455,-0.00105685,-0.000548263,-0.00017265,-1.74397e-05,0.0,0.0,0.0,0.0,0.0,0.0,0.0,6.69199e-06,-2.94514e-05,0.000211155,0.000618201,0.00135652,0.00253239,0.00512176,0.00789457,0.0129686,0.0162622,0.0187421,0.0193457,0.0177287,0.01305,0.00853883,0.00219439,-0.000462663,-0.000561875,-0.000658996,-0.000174826,5.94391e-05,-7.39716e-05,-7.68758e-05,-8.60058e-06,0.0,0.0,0.0,0.0,0.000121412,0.000272956,0.00123594,0.0023876,0.00473131,0.00790202,0.0134731,0.022963,0.032294,0.038243,0.0415443,0.0423106,0.0373876,0.0325456,0.0226936,0.0110634,0.00337379,-0.000117542,-0.0016107,-0.00161948,-0.000333786,-0.000505458,-0.000156941,-2.6764e-05,0.0,0.0,0.0,-1.24625e-05,-3.60216e-05,0.000193916,0.00191725,0.00447582,0.00873337,0.0148907,0.0227982,0.0332245,0.0415246,0.0466964,0.0450071,0.04139,0.0353767,0.0291769,0.0240501,0.0123081,0.00330739,-0.00160673,-0.00503392,-0.00510393,-0.00326945,-0.00186222,-0.000577323,-7.1621e-05,0.0,0.0,0.0,-1.36575e-06,2.3811e-05,-0.000106945,0.00243492,0.00728693,0.0143469,0.0193162,0.025617,0.0317722,0.0345602,0.0297276,0.0233041,0.0184277,0.0181257,0.016738,0.0168464,0.0108798,0.000418624,-0.00325595,-0.00676855,-0.00809556,-0.00601609,-0.00376198,-0.00163777,-0.00026522,-4.14476e-05,0.0,-1.60508e-05,-0.000119633,-6.10607e-05,-0.00025963,0.00212852,0.0082813,0.0140787,0.0142779,0.0173236,0.0166093,0.0117598,0.00418326,-0.00330908,-0.00583907,-0.0021442,0.00513883,0.0101669,0.00803166,0.00140517,-0.00180043,-0.00628825,-0.00871549,-0.00792804,-0.00464288,-0.00187895,-0.000550043,-7.16859e-05,0.0,-4.21826e-05,-0.000270241,-0.000962961,-0.000924255,0.00107967,0.00373105,0.00513694,0.00352884,0.00243495,-0.00255255,-0.00979797,-0.0171788,-0.0216384,-0.0222071,-0.0125786,0.000652115,0.0107515,0.00708744,0.00172479,-0.00264953,-0.00788932,-0.00755075,-0.00774051,-0.0046952,-0.00171528,-0.000515309,-2.26669e-05,0.0,-4.75091e-05,-0.000265122,-0.00122559,-0.00147202,-0.00106986,-0.000347799,-0.00486671,-0.00741523,-0.0129476,-0.0208621,-0.0283609,-0.0305221,-0.0315316,-0.0272562,-0.0158813,-0.000546914,0.0124138,0.0119502,0.00474821,-0.00461566,-0.00668292,-0.00710303,-0.00732014,-0.00411295,-0.0013903,-0.000346442,0.0,0.0,-1.88835e-05,-0.000165825,-0.000741997,-0.00194296,-0.00223925,-0.00362281,-0.010408,-0.017719,-0.0265254,-0.0330115,-0.0364441,-0.0358365,-0.0338168,-0.0280773,-0.0156291,0.00250936,0.0140187,0.0151391,0.00669297,-0.00234631,-0.00493082,-0.00651776,-0.00628429,-0.002821,-0.000751393,-0.000219277,-5.04808e-06,0.0,-2.82551e-06,-9.20727e-05,-0.000144199,-0.00113908,-0.00311237,-0.007702,-0.0170003,-0.0279542,-0.0380838,-0.0451585,-0.0454384,-0.0398246,-0.0335508,-0.027191,-0.0128204,0.00196504,0.0112589,0.0128617,0.00692323,0.000610605,-0.00401703,-0.00641833,-0.00520253,-0.00242133,-0.00032967,-0.000151977,-3.20295e-05,0.0,-9.34704e-06,-9.45792e-05,-0.000325167,-0.000734434,-0.00430459,-0.0113694,-0.0225202,-0.0350519,-0.0455242,-0.0501295,-0.0465343,-0.0395199,-0.0317063,-0.0255142,-0.0137717,-0.00344102,0.00340501,0.00801278,0.0076778,0.00157121,-0.00529628,-0.00727785,-0.0060817,-0.00277891,-0.000231088,-0.00013206,-3.57768e-05,0.0,0.0,-7.85034e-05,-0.000293785,-0.00125148,-0.00557795,-0.0132171,-0.0228777,-0.0336936,-0.0424849,-0.0427732,-0.0352144,-0.0283993,-0.0262134,-0.0205753,-0.0147196,-0.00631327,0.00038885,0.00347716,0.0055834,-0.00329498,-0.00852772,-0.0085797,-0.00682915,-0.00271894,-9.06914e-05,-5.1753e-05,-9.65031e-06,0.0,-2.25771e-05,-5.92428e-05,-0.000104235,-0.000463444,-0.00427471,-0.0102134,-0.0173077,-0.0250714,-0.0277297,-0.0226974,-0.0167701,-0.0138075,-0.0129264,-0.0136207,-0.00775332,-0.00206497,0.00295179,0.00331446,0.000511189,-0.01104,-0.0120603,-0.00902238,-0.00600606,-0.00203427,0.000286863,0.000245271,0.0,0.0,-5.15396e-05,-6.17837e-05,0.000350734,0.000589673,-0.000439874,-0.00280305,-0.00610408,-0.00757092,-0.00441784,0.000852842,0.00858792,0.0123179,0.00985806,0.00604228,0.00375266,0.00771327,0.0071625,0.00415928,-0.00711121,-0.0140872,-0.0120878,-0.00767343,-0.00234412,0.00074197,0.0010301,0.000484016,0.000151161,0.0,-2.44015e-05,9.80457e-05,0.000805644,0.00264919,0.00582834,0.00759318,0.010615,0.0132207,0.014875,0.01883,0.0252284,0.0280312,0.02688,0.0209143,0.0178471,0.0175034,0.0123369,0.00485445,-0.00620353,-0.00797318,-0.00293489,-0.000293331,0.00429128,0.00534165,0.00392903,0.00171972,0.000311213,0.0,-1.78852e-05,0.000228414,0.00146795,0.00473972,0.0116504,0.019853,0.0262756,0.0266254,0.0277837,0.0310628,0.0361978,0.036146,0.0316743,0.0279731,0.0245417,0.0201262,0.0152246,0.00674287,0.00136665,0.00353569,0.00769092,0.0105172,0.0125634,0.0112354,0.00515593,0.000965581,1.60052e-05,0.0,-6.19978e-06,4.01566e-05,0.0013699,0.00560169,0.0163742,0.0277485,0.0350137,0.036237,0.0388537,0.0412133,0.0408105,0.0404282,0.035033,0.0298929,0.0232335,0.0169832,0.0110982,0.0098728,0.0107324,0.0180362,0.022607,0.0230412,0.0218687,0.0157439,0.005125,0.000398355,0.0,0.0,0.0,0.000184271,0.00179654,0.00680726,0.0185962,0.0297117,0.0400351,0.0445093,0.0470976,0.043474,0.041978,0.0379108,0.031779,0.0237863,0.0176419,0.0109104,0.00940342,0.0152281,0.0238914,0.0314107,0.0349637,0.0311857,0.0253932,0.0141223,0.00462769,0.00101539,0.0,0.0,0.0,0.000447781,0.00198157,0.00777664,0.0173811,0.0261188,0.0373998,0.0456576,0.0476047,0.0415965,0.0363471,0.0242693,0.012506,0.0035696,-0.000480967,0.000402231,0.0041403,0.01354,0.0259578,0.0331758,0.0336826,0.0322288,0.0231446,0.0127509,0.00394145,0.000386929,0.0,0.0,0.0,0.000495156,0.00201695,0.00586847,0.0132279,0.0197788,0.0300125,0.0357684,0.0352254,0.0273514,0.0164963,0.0018826,-0.00978585,-0.0176097,-0.0184361,-0.0129288,-0.00171924,0.011367,0.0224517,0.0260555,0.0265441,0.0229733,0.0172693,0.010307,0.00226387,3.01988e-05,0.0,0.0,0.0,0.000115722,0.000959457,0.00262381,0.00554197,0.00958141,0.0162429,0.0177583,0.0112215,-0.000437684,-0.0129093,-0.023979,-0.0302905,-0.0325548,-0.0287126,-0.020335,-0.00811653,0.00429717,0.011906,0.0128823,0.0104644,0.0104438,0.00725466,0.00441765,0.000885174,3.77298e-07,0.0,0.0,0.0,0.0,-0.000122035,0.000193298,0.000811486,0.00035298,0.0009457,-0.00585659,-0.016388,-0.0264205,-0.0342209,-0.0371551,-0.037127,-0.0357201,-0.0311953,-0.022354,-0.0123975,-0.00386672,7.77644e-05,0.00152358,0.00212506,0.00200242,0.00212312,0.00152328,0.0005593,-1.19233e-05,0.0,0.0,0.0,0.0,-6.91958e-06,-0.00021287,-0.000688359,-0.00179137,-0.00431534,-0.0081069,-0.0130863,-0.0193042,-0.0233701,-0.0238902,-0.0228784,-0.020048,-0.016273,-0.0120829,-0.00773215,-0.00388812,-0.00190448,-0.00107751,-1.96715e-05,0.000664655,0.000488012,0.000432218,0.000430068,0.0,0.0,0.0,0.0,0.0,0.0,-8.74964e-06,-0.000192393,-0.000209126,-0.0010995,-0.00268024,-0.00439317,-0.00687798,-0.0083397,-0.00848412,-0.00735066,-0.00619404,-0.00572815,-0.0051709,-0.00357452,-0.00207752,-0.00161272,-0.00104459,-0.000719596,-0.00036516,-0.000154915,-4.18395e-05,0.0,0.0,0.0,0.0,0.0,0.0,0.0,-1.96548e-05,-0.000160366,-0.000371399,-0.000668123,-0.00133616,-0.00183917,-0.00255612,-0.00296314,-0.00287383,-0.00278543,-0.00263763,-0.00228032,-0.00196069,-0.00149932,-0.000877275,-0.000350272,-0.000134142,-0.000107491,-2.91171e-05,-5.328e-06,0.0,0.0,0.0,0.0,0.0,0.0,0.0,0.0,0.0,0.0,-7.50677e-06,-7.58273e-05,-0.000147435,-0.000139798,-0.000197729,-0.000260529,-0.000228639,-0.000268041,-0.00034762,-0.000338867,-0.000326215,-0.000177406,-7.09986e-05,-6.10118e-05,-4.86695e-05,-1.18986e-05,0.0,0.0,0.0,