{"max":0.177932,"min":-0.248447,"acc":0.9007,"arr":[0.0,0.0,0.0,0.0,0.0,0.0,0.0,0.0,0.0,0.0,0.0,0.0,-6.53035e-06,-1.64176e-05,-2.35737e-06,-9.82239e-08,0.0,0.0,0.0,0.0,0.0,0.0,0.0,0.0,0.0,0.0,0.0,0.0,0.0,0.0,0.0,0.0,-1.74859e-08,-7.70451e-08,-2.67559e-05,-6.1883e-05,-0.000110832,-9.49521e-05,-0.000159896,-0.000165455,-0.000205396,-0.000202798,-0.00026026,-0.000215566,-0.000231004,-0.00015128,-6.53929e-05,-9.46764e-05,-8.15573e-05,-1.59875e-05,-1.56432e-06,-1.3782e-07,0.0,0.0,0.0,0.0,0.0,0.0,-2.96214e-08,-2.85486e-06,-3.83819e-06,-3.0626e-06,-5.8093e-05,-0.000243995,-0.000662183,-0.00128239,-0.00168975,-0.00167576,-0.00198767,-0.00260283,-0.00294803,-0.00358101,-0.00319306,-0.00239178,-0.00277745,-0.00278282,-0.00202357,-0.00134311,-0.000689592,-0.000206019,-4.91713e-05,-2.61128e-06,0.0,0.0,0.0,0.0,-1.5149e-06,-2.20146e-05,-7.1437e-05,0.00180207,0.00168418,0.00285575,0.00394372,0.00410915,0.00805553,0.0187038,0.0271813,0.0276112,0.0312672,0.0266839,0.019164,0.0140587,0.00781373,0.00158885,-0.000639829,-0.00561079,-0.00485223,-0.00220095,-0.000937841,-0.00016308,-1.67197e-05,0.0,0.0,2.67243e-05,3.6178e-05,0.0003333,0.00287108,0.00997681,0.0170076,0.0286459,0.0456864,0.0601289,0.0753568,0.0837769,0.0790113,0.0659511,0.0453832,0.0302055,0.0102803,-0.00917754,-0.0124596,-0.0227196,-0.0316531,-0.03342,-0.0244283,-0.0187642,-0.00652083,-0.00116298,-0.000113983,-5.70156e-06,0.0,0.0,0.000195385,0.00231342,0.0116274,0.0300546,0.0531372,0.077213,0.100418,0.119244,0.126868,0.122756,0.104909,0.0903761,0.0658087,0.0519937,0.0313534,-0.0084825,-0.0277618,-0.0306404,-0.0408985,-0.053976,-0.0508908,-0.0393672,-0.0183429,-0.00466466,-0.00068893,-2.13597e-05,0.0,1.31378e-05,0.000587963,0.00819154,0.0276084,0.0550271,0.0869542,0.108329,0.131283,0.14274,0.135691,0.118446,0.108546,0.109144,0.106848,0.0985192,0.0799824,0.0439682,0.0225319,0.00202624,-0.000794804,-0.0249161,-0.0534606,-0.0524379,-0.0290677,-0.00977749,-0.00153155,-0.000111174,0.0,0.000388214,0.000622031,0.0115935,0.0438298,0.0747037,0.0938125,0.0952887,0.0927751,0.0797118,0.0632133,0.050126,0.0506859,0.0596921,0.0868453,0.104552,0.0883383,0.0635393,0.0355673,0.0431516,0.0389649,0.00862045,-0.037162,-0.0547469,-0.0361181,-0.0122239,-0.00181925,-0.000133541,-4.06753e-07,-9.65143e-05,-0.000479491,0.0124881,0.0486878,0.067171,0.0666636,0.0411081,0.0103557,-0.0151517,-0.0350943,-0.0577318,-0.052552,-0.0212272,0.0384508,0.0856061,0.0876031,0.071399,0.0639452,0.0682933,0.0674809,0.031008,-0.0192751,-0.0549636,-0.0375087,-0.0130586,-0.00181156,-5.83182e-05,-3.05872e-05,-0.000251379,-0.000621775,0.0108257,0.0371164,0.0375761,0.016525,-0.0311002,-0.0879959,-0.128473,-0.163802,-0.187602,-0.154722,-0.0727352,0.0358706,0.10997,0.114228,0.0906516,0.0763774,0.0760992,0.0718169,0.0236421,-0.0209288,-0.0434512,-0.0296009,-0.00897375,-0.0013629,-5.11595e-05,-4.10593e-05,-0.000430341,-0.000880695,0.00994244,0.0154422,-0.000405137,-0.0426701,-0.105909,-0.171083,-0.217307,-0.248447,-0.239738,-0.156753,-0.0134714,0.103753,0.15061,0.144373,0.11059,0.0879651,0.0706097,0.0446403,-0.00770996,-0.0340947,-0.0329265,-0.0183216,-0.00497742,-0.000859582,-3.32516e-05,-2.84301e-05,-0.000514945,-0.00116531,0.00453202,-0.00017544,-0.0292457,-0.0810914,-0.148283,-0.199771,-0.227303,-0.223378,-0.167149,-0.0514649,0.0791206,0.151769,0.174109,0.14133,0.109231,0.0736647,0.0348595,-0.00796114,-0.0470576,-0.0459769,-0.0301403,-0.0131301,-0.00195224,-0.00039513,-2.92292e-05,-3.40487e-06,-0.000478601,-0.00182099,-0.00215389,-0.00901874,-0.0379903,-0.0881107,-0.142516,-0.173634,-0.166384,-0.128333,-0.054553,0.0580978,0.138684,0.177932,0.156783,0.120772,0.0768544,0.0314472,-0.0192401,-0.0534796,-0.0672976,-0.0516355,-0.0306777,-0.0114814,-0.000747421,-0.00021244,-2.78083e-05,-3.55768e-06,-0.000275316,-0.00106481,-0.00209558,-0.0107364,-0.0386962,-0.0799794,-0.120428,-0.130091,-0.115988,-0.0765488,0.0121541,0.117103,0.151073,0.126091,0.080762,0.0787334,0.054238,0.0184241,-0.0270714,-0.0511414,-0.0526782,-0.049808,-0.0324561,-0.0131315,-0.00174134,-0.000257278,-9.35699e-05,-0.000101177,0.00026144,-0.000291,-8.1269e-05,-0.00585325,-0.032064,-0.0712726,-0.100385,-0.107584,-0.095383,-0.0600564,0.0174891,0.0967101,0.0815803,0.0476629,0.0200981,0.0310506,0.0423479,0.0407629,0.0236327,0.0012615,-0.0109283,-0.0331782,-0.0300007,-0.0143385,-0.00308488,-0.000665427,-6.60378e-05,-3.34614e-05,0.000714911,0.0015895,0.00399289,0.00418576,-0.0173013,-0.0530209,-0.0885524,-0.114186,-0.116305,-0.0875376,-0.0276317,0.0126107,-0.00357389,-0.0275106,-0.0317003,-0.00928456,0.0330356,0.0620867,0.0758942,0.0702683,0.0371996,0.0012214,-0.0171679,-0.0131713,-0.00435359,-0.00105329,-0.000103837,-1.89984e-06,0.000591115,0.00464389,0.0134622,0.0198091,-0.000327051,-0.0418744,-0.0812434,-0.126669,-0.148262,-0.151964,-0.120187,-0.101652,-0.109044,-0.122905,-0.0995371,-0.0382748,0.0362689,0.0927661,0.108138,0.0961939,0.0704299,0.0288939,-0.00353618,-0.0122105,-0.0061118,-0.00149398,-0.00010962,0.0,0.000262992,0.00606064,0.0262686,0.0406013,0.0172573,-0.0253591,-0.0691849,-0.126407,-0.185544,-0.209237,-0.203876,-0.191396,-0.195176,-0.185988,-0.119157,-0.0165066,0.069673,0.0995396,0.118317,0.0999024,0.0816891,0.0464239,0.00292836,-0.0197199,-0.00824739,-0.00127137,-5.06145e-05,-2.8038e-05,8.07523e-05,0.00893758,0.0449956,0.0687838,0.0549838,0.0125915,-0.0447779,-0.103219,-0.166945,-0.201004,-0.205494,-0.205446,-0.204465,-0.177414,-0.0819836,0.0332449,0.0950444,0.115877,0.121622,0.10274,0.0877287,0.0461207,-0.00605805,-0.0248254,-0.0080036,-0.001114,-4.8876e-05,-9.00828e-07,9.09681e-05,0.0124036,0.0611233,0.0929079,0.09543,0.0591248,0.00808368,-0.0487918,-0.101966,-0.139625,-0.158195,-0.158716,-0.141397,-0.102027,-0.0283312,0.0594544,0.113413,0.123718,0.119564,0.0990278,0.0749039,0.021019,-0.0185502,-0.0221227,-0.00729065,-0.00127718,-3.04293e-05,0.0,0.000234173,0.0112337,0.0634291,0.105256,0.119942,0.102038,0.0631712,0.0254596,-0.0150648,-0.0611543,-0.0824181,-0.0871633,-0.0618326,-0.0224152,0.0241825,0.0775823,0.105282,0.110615,0.0967099,0.0819274,0.0362419,-0.0114733,-0.0264079,-0.0190452,-0.00501704,-0.000670668,-3.53746e-06,-1.09221e-06,0.000194126,0.00926931,0.0464109,0.0900503,0.120366,0.128847,0.103764,0.0808025,0.038633,0.00535173,-0.0233519,-0.0225386,-0.00424091,0.0156207,0.0459913,0.0735489,0.0786066,0.0822582,0.0668647,0.0326807,-0.00979364,-0.0295902,-0.0271704,-0.0138661,-0.0033547,-0.000421313,-1.22132e-06,-1.05808e-06,9.19513e-06,0.00717836,0.0293134,0.0653463,0.0963072,0.123632,0.122715,0.10222,0.0917754,0.0718824,0.0491381,0.0336075,0.0339945,0.0348989,0.0358502,0.0416702,0.0457066,0.0363968,0.0192898,-0.00837498,-0.0275285,-0.0234473,-0.0146513,-0.0067041,-0.00164764,-4.22089e-05,-2.25474e-06,0.0,0.0,0.00296326,0.0148079,0.0420293,0.0710562,0.102595,0.118952,0.113413,0.108933,0.0963958,0.082485,0.0609253,0.0477183,0.0194593,0.00878726,-0.00038453,0.00807621,0.00732245,-0.0131039,-0.0226077,-0.0196676,-0.013354,-0.0065988,-0.00217342,-0.000627716,0.000122696,0.0,0.0,0.0,0.000883329,0.00525803,0.0171333,0.0346861,0.0608763,0.0787407,0.0886145,0.0993836,0.106835,0.0998107,0.0824967,0.069986,0.0454268,0.0202593,0.0101372,-0.00556192,-0.0230551,-0.0222069,-0.0159542,-0.0087359,-0.00502119,-0.00222174,-0.00107848,-0.000275881,-2.25292e-06,0.0,0.0,0.0,8.45658e-05,0.000158029,0.00163107,0.00573962,0.0112205,0.0157981,0.0233772,0.0296874,0.036249,0.0402135,0.0418365,0.0332152,0.0183411,0.00334093,-0.00472836,-0.0126534,-0.0128061,-0.00769451,-0.00578838,-0.0042552,-0.00201309,-0.000630269,-9.25258e-05,-7.52761e-06,-1.20313e-06,0.0,0.0,0.0,0.0,0.0,-7.89848e-05,-1.37829e-05,-0.000228968,-0.000538242,-0.00226244,-0.00408103,-0.00570195,-0.00702768,-0.00895502,-0.0111433,-0.0135071,-0.0119865,-0.00880654,-0.00719249,-0.00507166,-0.00326858,-0.00202598,-0.000850014,-0.000149528,-3.38252e-05,-2.7723e-06,-3.54391e-07,0.0,0.0,0.0,0.0,0.0,0.0,-4.31257e-07,-1.82897e-06,-3.06912e-05,-0.000123003,-0.000218948,-0.000278379,-0.000514023,-0.000631147,-0.000813844,-0.00114134,-0.00165927,