{"max":0.00361824,"min":-0.00172275,"acc":0.1251,"arr":[0.0,0.0,0.0,0.0,0.0,0.0,0.0,0.0,0.0,0.0,0.0,0.0,0.0,0.0,0.0,0.0,0.0,0.0,0.0,0.0,0.0,0.0,0.0,0.0,0.0,0.0,0.0,0.0,0.0,0.0,0.0,0.0,0.0,0.0,0.0,0.0,0.0,0.0,0.0,0.0,0.0,0.0,0.0,0.0,0.0,0.0,0.0,0.0,0.0,0.0,0.0,0.0,0.0,0.0,0.0,0.0,0.0,0.0,0.0,0.0,0.0,0.0,0.0,0.0,0.0,0.0,0.0,-1.2549e-05,-4.13726e-05,0.0,0.0,-1.76471e-05,-9.11765e-05,-0.000115686,-0.000115294,-2.43137e-05,0.0,0.0,0.0,0.0,0.0,0.0,0.0,0.0,0.0,0.0,0.0,0.0,0.0,0.0,0.0,0.0,0.0,0.0,-2.2549e-05,-6.76471e-05,-0.000102353,-8.92157e-05,-0.000163333,-0.000211176,-0.000180392,-0.000202549,-0.00012549,-6.72549e-05,-9.96079e-05,-5.45098e-05,-2.19608e-05,0.0,0.0,0.0,0.0,0.0,0.0,0.0,0.0,0.0,0.0,0.0,0.000243529,0.000844314,0.000995686,0.00121294,0.00124157,0.00104098,0.00105902,0.00129882,0.00109961,0.0016498,0.00187,0.00162235,0.00140941,0.000423922,0.000131373,-0.000114902,-8.17647e-05,-3.33333e-06,0.0,0.0,0.0,0.0,0.0,0.0,0.0,0.0,0.0,0.000164118,0.000784314,0.00121412,0.00175137,0.00194941,0.00235686,0.00265157,0.00291157,0.00332039,0.00278627,0.00259039,0.0020502,0.00166137,0.00164098,0.00146588,0.000694902,1.74509e-05,-0.000187843,-8.19608e-05,-4.86275e-05,-1e-05,0.0,0.0,0.0,0.0,0.0,0.0,0.0,0.000319608,0.000622745,0.00129353,0.00227961,0.00269647,0.00262588,0.00254118,0.00245706,0.00266039,0.00265314,0.00231196,0.00151706,0.00153882,0.00198431,0.00188431,0.00141627,0.000553333,-0.000218627,-0.000106471,-0.00012451,-0.000133529,-1.56863e-06,0.0,0.0,0.0,0.0,0.0,-4.2549e-05,-0.000132353,-0.000103529,0.000254706,0.00138137,0.00142529,0.00145765,0.00115608,0.00138196,0.00166235,0.00166529,0.00171608,0.000670196,0.000881177,0.00156922,0.00182255,0.00165235,0.00109373,6.68627e-05,-0.000142353,-0.000154902,-0.000160196,-4.27451e-05,0.0,0.0,0.0,0.0,0.0,-6.88235e-05,-0.000248235,-0.000361176,-0.000139804,4.68627e-05,-0.000381765,-0.000258039,-0.000413137,-0.00040353,0.000173921,0.000769019,0.00124176,0.000921372,0.000575686,0.000693726,0.0011451,0.00147647,0.00120725,0.000481176,0.000179608,-0.000178824,-9.54902e-05,-2.41177e-05,0.0,0.0,0.0,0.0,-2.23529e-05,-8.27451e-05,-0.000200588,-0.00027451,-0.000352549,-0.000945098,-0.00114039,-0.00130686,-0.000772353,-0.000227843,0.000354314,0.00123235,0.00111294,-5.09804e-05,-6.00002e-05,0.000311176,0.000705294,0.00133647,0.00108431,0.00022098,-9.4902e-05,-0.000127843,-7.41177e-05,-3.64706e-05,0.0,0.0,0.0,0.0,-4.66667e-05,-0.000137059,-0.000190784,-0.000347843,-0.000682157,-0.00114,-0.00123451,-0.00090451,-0.000572549,-0.000132157,0.000858432,0.00155471,0.00109157,0.000358627,0.000392353,0.000295294,0.00101333,0.0011351,0.000512941,-0.000107843,-0.000131961,-3.09804e-05,-1.41176e-05,-4.11765e-06,0.0,0.0,0.0,0.0,-4.35294e-05,-0.000141961,-0.000256863,-0.000426275,-0.000837647,-0.00112412,-0.000799216,-0.000215883,0.000757255,0.00169157,0.00247961,0.00228137,0.00195941,0.00114451,0.00101765,0.000887647,0.00106667,0.000780588,-0.000247647,-0.000366471,-0.000151765,-3.58824e-05,0.0,0.0,0.0,0.0,0.0,0.0,-1.98039e-05,-0.00011549,-0.000247647,-0.000503137,-0.000924902,-0.000891961,-0.000435686,0.000714902,0.00209765,0.0029649,0.00353274,0.00322157,0.00313333,0.00300608,0.0022998,0.00158235,0.000700392,-0.000149412,-0.000647647,-0.000437451,-0.000203922,-5.86275e-05,0.0,0.0,0.0,0.0,0.0,0.0,0.0,-4.64706e-05,-0.000193137,-0.000439216,-0.000704706,-0.000560392,-0.000174314,0.00126725,0.00266765,0.00339255,0.00266373,0.00258216,0.00271804,0.00309824,0.00258784,0.0021649,0.00113667,4.2549e-05,-0.000601961,-0.000464118,-0.000267451,-4.98039e-05,0.0,0.0,0.0,0.0,0.0,0.0,0.0,-3.64706e-05,-0.000191765,-0.000522549,-0.000864902,-0.000844314,-0.000166471,0.000619216,0.00115216,0.00118137,0.00075098,0.000865882,0.000971176,0.00143824,0.00226039,0.00261059,0.00215216,0.000817255,6.88235e-05,-0.000450784,-0.000280588,-9.66667e-05,0.0,0.0,0.0,0.0,0.0,0.0,0.0,-1.66667e-05,-0.000209412,-0.000475098,-0.000815686,-0.000967059,-0.000621569,0.000117451,0.000179608,-8.54904e-05,-0.000353726,-0.000382745,4.21567e-05,0.000347647,0.00119118,0.00230882,0.00299137,0.00166,0.000471569,-0.000225686,-0.000260196,-0.000117255,0.0,0.0,0.0,0.0,0.0,0.0,3.17647e-05,-1.68627e-05,-0.000155686,-0.000341373,-0.000723922,-0.000929412,-0.00112902,-0.000985882,-0.00077902,-0.00128353,-0.00130412,-0.00127078,-0.000796471,1.96077e-05,0.000781961,0.00219353,0.00295961,0.00223588,0.000737647,-3.37255e-05,-0.000170784,-5.37255e-05,0.0,0.0,0.0,0.0,0.0,0.0,0.000291176,0.000521569,0.000372941,0.000464314,-9.82353e-05,-0.000402157,-0.00089902,-0.00151333,-0.00162333,-0.00150196,-0.00172275,-0.00150843,-0.000553726,0.000256863,0.0010702,0.00166294,0.00274176,0.00184902,0.000686863,-0.000201569,-0.000124902,-6.41177e-05,-2.66667e-05,0.0,0.0,0.0,0.0,0.000169412,0.000802941,0.00112137,0.000885882,0.00079451,0.00061098,-0.000173726,-0.000871961,-0.00157353,-0.00156098,-0.00159902,-0.0012698,-0.000653333,0.000577647,0.00153196,0.00128706,0.00161039,0.00219529,0.00178804,0.000271176,-0.000266863,-0.000223529,-0.000122353,-4.13726e-05,0.0,0.0,0.0,0.0,0.000213529,0.000970588,0.00147333,0.00165647,0.00103098,0.000722157,9e-05,-0.000866471,-0.00116196,-0.00122118,-0.00100784,5.2745e-05,0.000836863,0.00157431,0.00148784,0.000997843,0.00129686,0.00183706,0.00153392,0.00015,-0.00027549,-0.000187843,-8.98039e-05,-2.54902e-06,0.0,0.0,0.0,0.0,6.70588e-05,0.00057,0.00160235,0.00189431,0.00180784,0.00124863,0.00095451,7.64707e-05,-0.000530785,-0.000279412,0.000807647,0.0017302,0.00203353,0.00155843,0.000832941,0.000646274,0.000957451,0.00166608,0.00115,0.000104314,-0.000303137,-0.000193922,-4.68628e-05,0.0,0.0,0.0,0.0,0.0,0.0,7.05882e-05,0.00105529,0.00213412,0.00257588,0.00233294,0.00211863,0.00241176,0.00250549,0.00254216,0.00211118,0.00202196,0.00196451,0.00115451,0.000491176,0.000753333,0.00149176,0.00149784,0.000617059,-0.000198431,-0.000190392,-0.000137059,-5.66667e-05,0.0,0.0,0.0,0.0,0.0,0.0,0.0,0.000607059,0.00194294,0.00271882,0.00298118,0.00270667,0.0026402,0.00303392,0.00361824,0.00341471,0.00281902,0.0018349,0.000957647,0.00063098,0.00117726,0.00125314,0.000637451,-2.15686e-06,-0.000171373,-5.29412e-05,-3.5098e-05,0.0,0.0,0.0,0.0,0.0,0.0,0.0,0.0,0.000218824,0.00105784,0.00193588,0.00253667,0.00261863,0.00241745,0.00201941,0.00213098,0.00264137,0.00202824,0.00151294,0.00114824,0.000713529,0.000463333,0.000220784,-2.70588e-05,-0.000195294,-0.000141961,-5.11765e-05,-1.11765e-05,0.0,0.0,0.0,0.0,0.0,0.0,0.0,0.0,0.0,8.7451e-05,0.000352353,0.000458235,0.000495686,0.000321961,0.000166078,-7.88236e-05,-8.66667e-05,-0.000179412,-0.000352157,-0.00025451,-0.000284706,-0.000169804,-0.000290784,-0.000203137,-0.000132941,-0.000100196,-2.33333e-05,0.0,0.0,0.0,0.0,0.0,0.0,0.0,0.0,0.0,0.0,0.0,0.0,0.0,-5.88235e-07,-2.84314e-05,-6.54902e-05,-0.000102549,-7.4902e-05,-0.000128039,-0.000113726,-0.000211961,-0.000338824,-0.000340588,-0.000240196,-8.01961e-05,-5.5098e-05,-4.68628e-05,-6.27451e-06,0.0,0.0,0.0,0.0,0.0,0.0,0.0,0.0,0.0,0.0,0.0,0.0,0.0,0.0,0.0,0.0,0.0,0.0,-5.15686e-05,-6.01961e-05,-8.90196e-05,-0.000189412,-0.000231176,-0.00011098,-5.54902e-05,-1.70588e-05,0.0,0.0,0.0,0.0,0.0,0.0,0.0,0.0,0.0,0.0,0.0,0.0,0.0,0.0,0.0,0.0,0.0,0.0,0.0,0.0,0.0,0.0,-1.11765e-05,-4.94118e-05,-4.62745e-05,0.0,0.0,0.0,0.0,0.0,0.0,0.0,0.0,0.0,0.0]}