{"max":0.149991,"min":-0.180487,"acc":0.8867,"arr":[0.0,0.0,0.0,0.0,0.0,0.0,0.0,0.0,0.0,0.0,0.0,0.0,-6.50864e-06,-1.59487e-05,-1.88852e-06,-7.86881e-08,0.0,0.0,0.0,0.0,0.0,0.0,0.0,0.0,0.0,0.0,0.0,0.0,0.0,0.0,0.0,0.0,-1.74859e-08,-7.70451e-08,-2.62777e-05,-6.0697e-05,-9.74774e-05,-7.41208e-05,-0.00014317,-0.000145568,-0.000178683,-0.000182287,-0.000210229,-0.000149907,-0.000188901,-0.000130007,-5.93098e-05,-9.19163e-05,-7.69411e-05,-4.91857e-06,-5.81708e-07,-4.11059e-08,0.0,0.0,0.0,0.0,0.0,0.0,-2.96214e-08,-2.79185e-06,-2.81164e-06,-2.20345e-06,-4.75885e-05,-0.000187957,-0.000461782,-0.000871029,-0.0011432,-0.00125018,-0.00187113,-0.00274237,-0.00334886,-0.00346961,-0.00301728,-0.00235936,-0.00238544,-0.00228015,-0.00167145,-0.00100868,-0.000462654,-9.94095e-05,-1.70834e-05,-2.18002e-06,0.0,0.0,0.0,0.0,-1.07119e-06,-2.02514e-05,-2.67701e-05,0.000927843,0.000709877,0.000231674,0.000155962,4.05354e-05,0.00120308,0.00513694,0.00864374,0.00922042,0.0101509,0.00726847,0.00360535,0.00118876,-0.00194327,-0.00447657,-0.00278798,-0.00347119,-0.00251845,-0.0012243,-0.000559533,-0.000101849,-1.28785e-05,0.0,0.0,2.53153e-05,2.00793e-05,0.000145146,0.00140106,0.00511434,0.00843978,0.014574,0.023296,0.0333835,0.0460251,0.0524615,0.0497686,0.0395744,0.0259962,0.0157191,0.00144702,-0.00992423,-0.0139511,-0.018734,-0.0205351,-0.019217,-0.0133005,-0.0106707,-0.00417075,-0.000831854,-9.14753e-05,-3.02962e-06,0.0,0.0,0.000124815,0.00148517,0.00730914,0.0183961,0.0328739,0.0502654,0.0695731,0.0877266,0.101897,0.106827,0.0965823,0.0862545,0.0657369,0.0502957,0.0301247,0.00115887,-0.0132543,-0.0175838,-0.0243152,-0.0311137,-0.0300452,-0.0245015,-0.0120883,-0.00321611,-0.000469386,-1.59082e-05,0.0,0.0,0.000267343,0.00488707,0.0173431,0.0352087,0.0584191,0.0779478,0.101098,0.114289,0.115467,0.1088,0.101966,0.0954142,0.0895024,0.0821242,0.0673839,0.0378187,0.0178854,0.00679106,0.000379617,-0.016193,-0.0319571,-0.0330161,-0.0193138,-0.00670003,-0.00117575,-9.65913e-05,0.0,4.27394e-05,-5.52239e-05,0.00698956,0.0264499,0.0457844,0.0642728,0.0750765,0.0787031,0.0672071,0.0552803,0.042652,0.0308407,0.0286786,0.0466683,0.0632993,0.0634097,0.0489818,0.0277917,0.0311036,0.0250259,0.00419936,-0.025059,-0.0347782,-0.0232551,-0.00798723,-0.00130959,-0.000106155,-3.19444e-07,-2.53713e-06,-0.000809387,0.00694015,0.0275106,0.0378432,0.0432093,0.0342395,0.0115198,-0.0127953,-0.0351059,-0.0576735,-0.0647993,-0.0514671,-0.00848073,0.0368079,0.0553495,0.0502969,0.0403476,0.0402807,0.0356876,0.0120387,-0.0175968,-0.0342388,-0.0231674,-0.00801565,-0.00123508,-4.55833e-05,-2.48478e-05,-0.00010673,-0.000867087,0.00468491,0.0175181,0.0183205,0.00854856,-0.0205876,-0.0635685,-0.102615,-0.130611,-0.145003,-0.128311,-0.0784619,-0.00682301,0.0547962,0.0753301,0.0652595,0.0474958,0.0381837,0.0308551,0.00312635,-0.0207932,-0.0277825,-0.0171139,-0.00548286,-0.000854895,-2.25802e-05,-3.27539e-05,-0.000286563,-0.00107886,0.00256402,0.00462583,-0.00469953,-0.0287597,-0.0700798,-0.122036,-0.159926,-0.180487,-0.169543,-0.113138,-0.0236798,0.0612405,0.106396,0.111419,0.0818579,0.0513547,0.0276159,0.00974681,-0.0176805,-0.0286423,-0.0218332,-0.0104491,-0.00299595,-0.000532363,-2.19383e-05,-2.30303e-05,-0.000347155,-0.000957039,-3.40309e-05,-0.00308533,-0.0194901,-0.0500441,-0.0952167,-0.139212,-0.167482,-0.163374,-0.115174,-0.0286854,0.0628056,0.121381,0.14377,0.119662,0.0785349,0.0353253,-3.02871e-05,-0.0203821,-0.0382886,-0.0350584,-0.020377,-0.00765308,-0.00125057,-0.000268875,-2.48718e-05,-2.95748e-06,-0.000215797,-0.00109814,-0.00248295,-0.00660727,-0.02272,-0.0541165,-0.0917578,-0.124613,-0.132979,-0.10023,-0.0313135,0.0624445,0.125016,0.149991,0.134433,0.102055,0.0579757,0.0124559,-0.0220415,-0.0424062,-0.0470649,-0.0357299,-0.0207481,-0.0070727,-0.000517134,-0.00016163,-2.00338e-05,-2.63134e-06,-0.000121579,-0.000608642,-0.00208856,-0.00784946,-0.0241909,-0.0523653,-0.0823901,-0.098627,-0.0905165,-0.0487258,0.0264831,0.108796,0.130924,0.114585,0.0783642,0.0657812,0.0419445,0.0147996,-0.0149719,-0.0323937,-0.0355745,-0.0329509,-0.0213476,-0.0088241,-0.00116567,-0.000181848,-4.18388e-05,0.0,0.000171253,-0.000205574,-0.00100791,-0.0055044,-0.0216131,-0.048168,-0.0723389,-0.0821918,-0.0717886,-0.0339256,0.0265556,0.0750408,0.0592864,0.0337544,0.0144482,0.0271984,0.0366527,0.0344362,0.0182194,0.000800197,-0.0115267,-0.0233574,-0.0199283,-0.00981459,-0.00199967,-0.000373877,-2.64819e-05,-3.32472e-07,0.000384984,0.000940778,0.00110812,0.000134209,-0.0142821,-0.0384271,-0.0647287,-0.0856995,-0.0880423,-0.0632422,-0.0250409,-0.0111907,-0.03359,-0.0498263,-0.0419951,-0.00522363,0.0350277,0.0575202,0.0545777,0.0395056,0.0153396,-0.00720749,-0.0154137,-0.00979204,-0.00281796,-0.000576937,-4.82574e-05,-1.89984e-06,0.000312775,0.00259091,0.00662282,0.00887183,-0.00462846,-0.0322001,-0.0584246,-0.089293,-0.109574,-0.115538,-0.103029,-0.10259,-0.116784,-0.123676,-0.0956266,-0.0319583,0.0332717,0.0774722,0.0806368,0.0619091,0.0372585,0.00873827,-0.00975403,-0.0111751,-0.00394409,-0.000956376,-7.14995e-05,0.0,0.000157606,0.00309581,0.0154895,0.0214909,0.00498754,-0.0227261,-0.0516269,-0.0897587,-0.129058,-0.149236,-0.152265,-0.151446,-0.158073,-0.155394,-0.109273,-0.0286368,0.0454833,0.0791437,0.0872852,0.0673827,0.0456704,0.0204312,-0.00589725,-0.0144992,-0.00465379,-0.000868515,-3.64012e-05,-9.40578e-06,5.92544e-05,0.0047945,0.026824,0.0414789,0.0302958,0.00395311,-0.0344172,-0.0765791,-0.120149,-0.144458,-0.149542,-0.151459,-0.155678,-0.142564,-0.0820541,0.00400688,0.0614395,0.0841321,0.0857591,0.0652463,0.0487859,0.0211997,-0.0102118,-0.0162121,-0.0045104,-0.000753709,-3.12415e-05,-7.20361e-07,6.37012e-05,0.00690867,0.0364764,0.0580922,0.0596537,0.0376803,-0.00388688,-0.0472933,-0.0872707,-0.112261,-0.121033,-0.122748,-0.116278,-0.0926841,-0.0392418,0.0303926,0.0782361,0.0884337,0.0806655,0.05621,0.0363366,0.00699753,-0.016932,-0.0145676,-0.00441479,-0.000836194,-1.75306e-05,0.0,0.000147047,0.00675376,0.0398207,0.0681092,0.0821184,0.0720301,0.0382067,0.00219773,-0.0316024,-0.0594764,-0.0723032,-0.0752603,-0.0594705,-0.0312749,0.0126223,0.0569914,0.0784929,0.0796248,0.0607226,0.0408509,0.01347,-0.0107831,-0.0191679,-0.0120247,-0.00326481,-0.000452516,0.0,0.0,8.30771e-05,0.00613019,0.0303562,0.0599303,0.0879733,0.100032,0.0841546,0.0614885,0.0268222,0.00279272,-0.0160608,-0.0149023,-0.000898296,0.0179349,0.0462481,0.066045,0.0643306,0.0547771,0.0347635,0.0138736,-0.00763036,-0.0188973,-0.015766,-0.00793215,-0.00214609,-0.000264476,-1.15652e-06,0.0,3.56157e-06,0.00480012,0.0191458,0.0429586,0.0691711,0.0971244,0.107326,0.0991077,0.0891555,0.0728215,0.0577009,0.0474598,0.0505239,0.0511055,0.0504343,0.0447213,0.0364647,0.0199372,0.00711048,-0.007973,-0.0158244,-0.0135447,-0.00819619,-0.00369924,-0.000871494,-2.88941e-05,-2.13511e-06,0.0,0.0,0.00176927,0.00851807,0.0261651,0.0465926,0.0730588,0.0930439,0.100684,0.100602,0.098698,0.0897881,0.0748684,0.0585264,0.0344249,0.0198576,0.00520873,0.000622877,-0.00179816,-0.0104358,-0.0126966,-0.0107743,-0.00707938,-0.00365786,-0.00112609,-0.00031614,0.000105769,0.0,0.0,0.0,0.000330131,0.00266017,0.00980338,0.0205924,0.0372892,0.0508827,0.0618645,0.0713306,0.073538,0.0662465,0.0532591,0.0407266,0.0221317,0.00475849,-0.00283731,-0.00956059,-0.0147522,-0.0116883,-0.00878057,-0.00459548,-0.00274753,-0.00121271,-0.000515444,-7.13438e-05,0.0,0.0,0.0,0.0,1.97356e-05,7.67838e-05,0.000668638,0.00278686,0.00513811,0.00682294,0.0091817,0.0101585,0.010094,0.0105905,0.0113571,0.0065593,-0.000257997,-0.00579281,-0.00802,-0.0101319,-0.00857097,-0.00532817,-0.00346573,-0.00213284,-0.00105501,-0.000350084,-5.77208e-05,0.0,0.0,0.0,0.0,0.0,0.0,0.0,-8.07915e-05,-0.000160819,-0.000468563,-0.000725057,-0.00203406,-0.00337706,-0.00513357,-0.0063537,-0.00772923,-0.00926969,-0.0101827,-0.00884113,-0.00655263,-0.00544516,-0.00357514,-0.0022031,-0.00113083,-0.000315067,-0.000112504,-2.44433e-05,-1.85547e-08,-3.10541e-07,0.0,0.0,0.0,0.0,0.0,0.0,0.0,0.0,-2.72838e-05,-0.000118616,-0.00021328,-0.00026434,