{"max":0.104162,"min":-0.10073,"acc":0.8503,"arr":[0.0,0.0,0.0,0.0,0.0,0.0,0.0,0.0,0.0,0.0,0.0,0.0,0.0,0.0,0.0,0.0,0.0,0.0,0.0,0.0,0.0,0.0,0.0,0.0,0.0,0.0,0.0,0.0,0.0,0.0,0.0,0.0,0.0,0.0,-2.50034e-05,-5.71533e-05,-8.50181e-05,-6.45927e-05,-0.000127181,-0.000110506,-0.000141382,-0.000146812,-0.000179763,-0.00012455,-0.000140658,-8.79181e-05,-4.34055e-05,-7.06262e-05,-5.37602e-05,-2.89848e-07,0.0,0.0,0.0,0.0,0.0,0.0,0.0,0.0,0.0,-2.79185e-06,-2.64833e-06,-8.21578e-07,-3.11877e-05,-0.000115693,-0.000322191,-0.000581789,-0.000912253,-0.0012587,-0.00174732,-0.00205172,-0.00242115,-0.00249696,-0.00248627,-0.00182903,-0.00164207,-0.00158313,-0.00114303,-0.00062832,-0.000265363,-3.52112e-05,0.0,0.0,0.0,0.0,0.0,0.0,-1.00593e-06,-2.02482e-05,-3.27902e-05,0.000504687,0.000605713,0.000407706,-1.36006e-06,-0.000347318,-0.000557734,0.000230908,0.001695,0.00187698,0.000800702,-0.00225409,-0.00377883,-0.00396011,-0.00456815,-0.00423617,-0.00267274,-0.00209449,-0.00128592,-0.000401766,-0.000122551,-4.34637e-05,-5.66345e-06,0.0,0.0,2.53153e-05,-3.84082e-06,6.00011e-05,0.000658652,0.00201464,0.0036976,0.00560069,0.00865555,0.0154199,0.0233213,0.0287031,0.0306875,0.0275196,0.0209719,0.0138394,0.00464529,-0.00203892,-0.00386255,-0.00563184,-0.0058741,-0.00671677,-0.00373668,-0.00298423,-0.00126004,-0.000429992,-6.93862e-05,0.0,0.0,0.0,0.000115012,0.000386221,0.00218418,0.00745523,0.0148275,0.0252624,0.0378842,0.0506803,0.0633752,0.071607,0.069198,0.0670198,0.0565687,0.044383,0.0285713,0.0123133,0.00123568,-0.00197791,-0.00604403,-0.0117998,-0.0120177,-0.00939644,-0.00496467,-0.00150661,-0.000307818,0.0,0.0,0.0,-6.89907e-06,0.00152897,0.00739368,0.0168231,0.030663,0.0473966,0.067005,0.0768638,0.0792456,0.0744288,0.0675002,0.0644519,0.059401,0.0521956,0.0431636,0.0292015,0.0135037,0.00523497,0.000446818,-0.00978794,-0.0178114,-0.0145579,-0.00936851,-0.0035319,-0.000726687,-7.21669e-05,0.0,-3.17552e-05,-0.000224148,0.00221133,0.0119864,0.0221125,0.0365665,0.0505961,0.0585168,0.0518675,0.0454068,0.0306276,0.0197877,0.00954905,0.0139692,0.0238545,0.030091,0.0277493,0.0140287,0.00910555,0.00301119,-0.00737597,-0.0169798,-0.0160473,-0.0110335,-0.0042151,-0.000826279,-9.30044e-05,0.0,-7.19997e-05,-0.000297487,0.00260369,0.0126965,0.0191556,0.0247295,0.0240642,0.0156316,0.000232516,-0.0160837,-0.0336737,-0.0400547,-0.0396368,-0.0229682,0.00267985,0.0214405,0.0274978,0.0194721,0.012831,0.0010649,-0.00958298,-0.0169042,-0.0159884,-0.0103676,-0.00373755,-0.000758898,-3.39609e-05,-2.18462e-05,-0.000163648,-0.000475562,0.00150797,0.00797792,0.00824042,0.0048361,-0.00935949,-0.0312753,-0.0559655,-0.075269,-0.0820447,-0.0736289,-0.0522847,-0.0158253,0.0213917,0.0397656,0.0393804,0.0259111,0.0100538,-0.00396976,-0.0159617,-0.0189548,-0.0142908,-0.00768945,-0.00251021,-0.000507052,-6.6886e-06,-2.55424e-05,-0.000216692,-0.000809781,0.000150778,0.00229542,-0.00187386,-0.0139731,-0.0343163,-0.0625055,-0.0882664,-0.10073,-0.089087,-0.0574049,-0.0137984,0.0309979,0.0612059,0.0687148,0.0511077,0.0230922,-0.000129505,-0.0164089,-0.0267235,-0.0212004,-0.0124456,-0.00495174,-0.00128551,-0.000269642,-1.85747e-05,-1.99204e-05,-0.000166299,-0.000530394,-0.000158577,-0.00138798,-0.00848254,-0.0239962,-0.0464016,-0.0711479,-0.0908536,-0.0896756,-0.060489,-0.00843581,0.0443511,0.0808245,0.0969985,0.0816151,0.0442603,0.00967669,-0.017539,-0.0300495,-0.0294996,-0.0212623,-0.0118532,-0.00399934,-0.000545757,-0.000122562,-2.39081e-05,0.0,-8.08545e-05,-0.000363335,-0.00114756,-0.00329636,-0.0109248,-0.0259653,-0.0456801,-0.0638805,-0.070916,-0.052555,-0.00841505,0.0520488,0.0911289,0.104162,0.0947488,0.0703362,0.0335944,-3.46176e-05,-0.0234615,-0.0322681,-0.0279285,-0.0209736,-0.0120168,-0.00395278,-0.000270663,-9.96082e-05,-1.85478e-05,0.0,-0.000104921,-0.000249634,-0.000981378,-0.00379992,-0.0125336,-0.0260313,-0.0441958,-0.0522427,-0.0456137,-0.0173766,0.0300803,0.0771744,0.0861027,0.073496,0.0530192,0.0434534,0.0277663,0.011878,-0.00490675,-0.0207051,-0.0219756,-0.0189072,-0.0120176,-0.00471989,-0.000487623,-8.7813e-05,-4.04429e-05,0.0,9.46031e-05,-6.05294e-05,-0.000627394,-0.00315693,-0.012646,-0.0271697,-0.0428661,-0.0445687,-0.0345134,-0.00807197,0.0274202,0.0472733,0.0303127,0.0161626,0.00434991,0.0155797,0.0248675,0.0335936,0.0244078,0.0017458,-0.0109475,-0.0139366,-0.0115568,-0.00548199,-0.00077239,-0.00021667,-2.63268e-05,0.0,0.000384984,0.0001867,-3.65176e-05,-0.00166179,-0.0107622,-0.0255276,-0.0407883,-0.0504099,-0.0440799,-0.0303878,-0.016098,-0.0180998,-0.036063,-0.0471962,-0.0397681,-0.00763768,0.0259266,0.0500927,0.045377,0.0238739,0.00188377,-0.00635026,-0.0094259,-0.00575875,-0.00107467,-0.000241359,-3.35689e-05,0.0,0.000176978,0.000367461,0.00127052,0.00183251,-0.00721776,-0.0228977,-0.0359203,-0.0500687,-0.0566156,-0.0594976,-0.0637408,-0.0719755,-0.0858735,-0.090302,-0.0702524,-0.0298633,0.0192076,0.0592257,0.0585639,0.0359214,0.0126177,0.000420682,-0.0060999,-0.00606356,-0.00171376,-0.000440593,-5.76539e-05,0.0,4.87406e-05,0.000545323,0.00458034,0.00705913,-0.00183889,-0.0144637,-0.0288275,-0.045776,-0.0622224,-0.0736859,-0.0817954,-0.0882882,-0.0977364,-0.0996243,-0.0782328,-0.0320637,0.0220036,0.0568542,0.0590011,0.0371763,0.0180381,0.00724627,-0.00376437,-0.00642267,-0.00215315,-0.000303014,-2.12279e-05,0.0,9.63802e-07,0.00178628,0.00955189,0.0160678,0.01116,-0.000799516,-0.0203648,-0.0411547,-0.0613812,-0.0748903,-0.0796327,-0.0844093,-0.0905402,-0.0879075,-0.0608315,-0.0128673,0.0304007,0.0524019,0.0533739,0.0346867,0.0201435,0.00891407,-0.00443657,-0.00660027,-0.00186621,-0.000250972,-2.18184e-05,0.0,0.0,0.00300143,0.0140998,0.0238148,0.0270246,0.0162281,-0.00540464,-0.0314887,-0.050806,-0.0653559,-0.0723098,-0.0738155,-0.0750614,-0.0639814,-0.0327213,0.0119531,0.0423811,0.051801,0.0471041,0.0275836,0.0169922,0.00457756,-0.00565029,-0.00597121,-0.00211018,-0.000461536,-1.75306e-05,0.0,-1.39706e-06,0.003032,0.0169229,0.0297712,0.040489,0.0371962,0.0176493,-0.00180394,-0.017961,-0.037371,-0.0497994,-0.0532038,-0.0457695,-0.0268238,0.00668811,0.0371138,0.0469013,0.0425398,0.0335226,0.0224661,0.00757281,-0.0023478,-0.00606961,-0.00563068,-0.0017668,-0.000415208,0.0,0.0,-1.98812e-05,0.00282729,0.013582,0.0287268,0.0462814,0.0575107,0.050172,0.0401146,0.0277188,0.0118889,-0.00402614,-0.00914131,-0.00137899,0.0181583,0.0396598,0.0492987,0.0397553,0.0322647,0.0231378,0.0105129,-5.86681e-05,-0.00541755,-0.00643587,-0.00430841,-0.00113183,-0.000160065,0.0,0.0,0.0,0.00182162,0.00863006,0.0207776,0.0374297,0.0569148,0.0684987,0.0717284,0.0711933,0.0635959,0.0529016,0.0459001,0.0473978,0.04867,0.0432091,0.0344697,0.0276175,0.0184063,0.00906413,0.00203259,-0.00252048,-0.00420523,-0.00339737,-0.00196796,-0.000483956,-1.50555e-05,0.0,0.0,0.0,0.000626779,0.00328569,0.012179,0.022611,0.0367451,0.0505207,0.0641667,0.0729045,0.0747096,0.0677995,0.0588749,0.0467811,0.0291332,0.018039,0.00949206,0.00518852,0.00286545,-0.000491076,-0.000751428,-0.00189261,-0.0020246,-0.00161709,-0.000688193,-0.000152014,0.000110215,0.0,0.0,0.0,7.18508e-05,0.000643046,0.00413719,0.00859999,0.0153468,0.0197895,0.0255619,0.0326277,0.034779,0.0323501,0.0244702,0.0162889,0.0084633,-0.000758113,-0.00407753,-0.00715345,-0.00605056,-0.0031235,-0.00280564,-0.00145335,-0.00110437,-0.000606004,-0.000250036,-6.56427e-05,0.0,0.0,0.0,0.0,-7.13584e-07,1.4614e-06,0.000201811,0.000567845,0.00101168,0.000377581,0.000238386,-0.00101859,-0.00384471,-0.0038988,-0.00182796,-0.00195607,-0.00316682,-0.00542455,-0.00620244,-0.00578807,-0.0044414,-0.00283912,-0.00139927,-0.00068072,-0.000294065,-0.000177205,-2.04393e-05,0.0,0.0,0.0,0.0,0.0,0.0,0.0,-1.64368e-05,-0.000148861,-0.000452915,-0.000919413,-0.00194315,-0.00302214,-0.00455697,-0.00539019,-0.00537839,-0.00576731,-0.00609734,-0.00529963,-0.00422367,-0.00358765,-0.00236333,-0.0010224,-0.000327552,4.89405e-05,-8.36306e-07,-9.85699e-06,0.0,0.0,0.0,0.0,0.0,0.0,0.0,0.0,0.0,0.0,-2.43932e-05,-0.000104446,-0.000188091,-0.000214167,-0.000322998,-0.000450893,-0.000500473,-0.000585655,