{"max":0.0245597,"min":-0.0258988,"acc":0.7665,"arr":[0.0,0.0,0.0,0.0,0.0,0.0,0.0,0.0,0.0,0.0,0.0,0.0,0.0,0.0,0.0,0.0,0.0,0.0,0.0,0.0,0.0,0.0,0.0,0.0,0.0,0.0,0.0,0.0,0.0,0.0,0.0,0.0,0.0,0.0,0.0,0.0,0.0,-2.29415e-05,-4.24775e-05,-2.8768e-05,-8.81779e-05,-3.90698e-05,-2.28131e-05,-4.47391e-05,-3.97275e-05,0.0,0.0,0.0,0.0,0.0,0.0,0.0,0.0,0.0,0.0,0.0,0.0,0.0,0.0,0.0,0.0,0.0,0.0,-1.5444e-05,-0.000124031,-0.000253591,-0.000215081,-0.00029165,-0.000560075,-0.000621307,-0.000820522,-0.000920959,-0.000878985,-0.000528062,-0.000481062,-0.000391555,-0.00039846,-0.000228722,-7.3706e-05,-6.48741e-06,0.0,0.0,0.0,0.0,0.0,0.0,0.0,0.0,0.0,-2.39731e-05,-7.97348e-05,-0.000155959,-0.0003297,-0.000410887,-0.000584693,-0.00104859,-0.00163507,-0.00176075,-0.00212397,-0.00259045,-0.00253802,-0.00204533,-0.00165306,-0.00140588,-0.000947246,-0.000534532,-0.000305631,-6.92494e-05,0.0,0.0,0.0,0.0,0.0,0.0,0.0,7.66605e-05,0.000341639,0.000401756,0.000678574,0.00153001,0.0028378,0.00421392,0.00686203,0.00709277,0.0080042,0.00823422,0.00599117,0.0037453,0.0011248,-0.000600101,-0.000850794,-0.00184263,-0.00147293,-0.000953385,-0.000447344,-0.000371948,-0.000169564,-2.96897e-05,-2.59785e-05,0.0,0.0,0.0,0.000121657,0.000351638,0.000274753,0.00100418,0.002627,0.00516954,0.00848428,0.0117917,0.0152456,0.0177165,0.0189226,0.0188559,0.0165046,0.0131519,0.00757521,0.00216383,-0.000701001,-0.000165611,-0.000704802,-0.00114258,-0.00110024,-0.00112644,-0.000868085,-0.000245921,-5.3596e-05,0.0,0.0,0.0,1.33323e-05,1.83319e-05,0.000592851,0.00196448,0.00507795,0.0096172,0.01434,0.0183243,0.0205282,0.0194245,0.0178576,0.0167013,0.0171235,0.0163116,0.0113954,0.00686754,0.00147053,0.000537679,8.83775e-05,-7.0312e-05,-0.00224485,-0.00284929,-0.00214437,-0.000888362,-0.000180187,-7.03977e-06,0.0,0.0,-4.04521e-05,0.00015866,0.00133341,0.00314552,0.00717606,0.0109468,0.014234,0.0153386,0.0146335,0.00987797,0.0057382,0.00283872,0.00379469,0.00688188,0.00655606,0.00374768,-0.000516206,-0.00140792,-0.00171877,-0.00135719,-0.00215107,-0.00269749,-0.00233638,-0.00101813,-0.000262739,-4.687e-05,0.0,-3.70297e-05,-0.000146936,-8.11873e-07,0.00127928,0.00226507,0.00401151,0.00602418,0.00586587,0.00410681,0.000116756,-0.00624197,-0.0107711,-0.0106123,-0.00671733,0.00105488,0.00333311,0.00269147,0.00142356,0.000202096,-0.00218986,-0.00195411,-0.00272529,-0.00225533,-0.00215931,-0.000902564,-0.000284663,-2.57507e-05,0.0,-4.00649e-05,-0.000152968,-0.00049544,0.000675182,0.000486824,0.00101546,-0.000109365,-0.00451734,-0.00886804,-0.0159235,-0.0192527,-0.0182927,-0.0133302,-0.00394098,0.0022455,0.0041586,0.00486586,0.00289987,-0.000824648,-0.00295529,-0.00302967,-0.00424897,-0.00294634,-0.00164631,-0.000625677,-0.000139962,0.0,0.0,-2.02348e-06,-6.85356e-05,-0.000248238,-0.000553096,-0.00126239,-0.00281136,-0.00611031,-0.0123745,-0.0184994,-0.021553,-0.0194849,-0.0120303,-0.00327783,0.00549334,0.00900898,0.00962091,0.00742221,0.00248498,-0.00162675,-0.00442064,-0.00649547,-0.00565631,-0.00343765,-0.00139779,-0.000353324,-5.50892e-05,0.0,0.0,0.0,-4.39325e-06,-0.000127198,-0.00068379,-0.00163246,-0.00486194,-0.00988671,-0.0153122,-0.0192561,-0.01749,-0.00999121,-0.000368028,0.010151,0.0165953,0.0177529,0.0134795,0.00606669,-0.000164913,-0.00518219,-0.00863264,-0.00832392,-0.00592825,-0.00311978,-0.00118795,-0.000119584,-9.1495e-06,0.0,0.0,0.0,-3.97031e-06,-0.000126143,-0.000808185,-0.00244962,-0.00600656,-0.0108243,-0.0149178,-0.0152227,-0.00828612,0.0028204,0.0136469,0.0214609,0.0245597,0.0234418,0.0172511,0.00751016,-0.000354276,-0.00656182,-0.00960132,-0.00843565,-0.00532437,-0.00307759,-0.00124216,-4.61786e-05,0.0,0.0,0.0,0.0,-2.44488e-05,-0.000140388,-0.000528174,-0.00255194,-0.00653175,-0.011045,-0.0141495,-0.0111693,-0.00156115,0.0110678,0.0210042,0.0224419,0.0210064,0.0176159,0.0130192,0.00898264,0.00352889,-0.00192706,-0.00601187,-0.0068179,-0.00528863,-0.00323983,-0.00129472,-0.000103569,0.0,0.0,0.0,0.0,-2.67474e-05,-0.000101427,-0.000530545,-0.0028993,-0.00706183,-0.011209,-0.0126129,-0.00876952,-0.000550229,0.00856756,0.0114039,0.00724416,0.00400841,0.00244525,0.00459275,0.00701694,0.00720846,0.00478246,0.00037903,-0.00415676,-0.00474397,-0.0034023,-0.00130883,-0.000138232,0.0,0.0,0.0,0.0,-2.11054e-05,-7.16794e-05,-0.000470342,-0.00280312,-0.00671908,-0.0104404,-0.012956,-0.0107,-0.00683759,-0.00364283,-0.00436526,-0.00872446,-0.0110271,-0.0090815,-0.000962397,0.00709754,0.0116344,0.00987202,0.00550718,-1.26925e-05,-0.00229376,-0.00314702,-0.00141267,-0.000182373,-1.90441e-05,-1.69679e-05,0.0,0.0,0.0,1.19232e-06,0.00017427,-0.00183941,-0.00675727,-0.0093155,-0.0121686,-0.0135135,-0.0127791,-0.0145325,-0.0161928,-0.0195661,-0.0227189,-0.0194599,-0.00996725,0.00420539,0.0133912,0.0123597,0.00698304,0.00287464,0.000811416,-0.00166265,-0.00156687,-0.000402319,-7.83041e-05,-3.49338e-05,0.0,-1.08142e-05,0.0,0.000426773,0.00100058,-0.00121895,-0.00477655,-0.00884851,-0.0112424,-0.0120145,-0.0144804,-0.0170184,-0.0190048,-0.0230228,-0.0258988,-0.0224002,-0.0128995,0.00175181,0.0103079,0.0119018,0.00590198,0.00326633,0.00303582,-0.000371403,-0.00146431,-0.000385704,-3.21837e-05,-1.7966e-06,0.0,-7.09679e-06,0.000342498,0.00204766,0.00324566,0.00105362,-0.0020643,-0.00595299,-0.0107166,-0.0134252,-0.0153037,-0.016553,-0.0191809,-0.0214589,-0.0216841,-0.0173157,-0.00836871,0.00368152,0.00874765,0.0101984,0.00596797,0.00386304,0.00309114,0.000373085,-0.00118756,-0.000308409,-1.03497e-05,0.0,0.0,0.0,0.000633735,0.00286922,0.00534948,0.00459152,0.00310972,-0.00163636,-0.00761937,-0.0108494,-0.0130829,-0.0164336,-0.0188135,-0.0191899,-0.016433,-0.0124494,-0.00361051,0.00622832,0.0108436,0.00998518,0.00631178,0.0042017,0.002712,0.000208159,-0.000943138,-0.000232584,-3.06432e-05,0.0,0.0,0.0,0.000380794,0.00288765,0.00624287,0.00748199,0.00899367,0.00415633,-0.000443377,-0.00324889,-0.00867127,-0.0130429,-0.0153459,-0.0142434,-0.0104337,-0.00394136,0.00536252,0.0102904,0.0123925,0.00966794,0.00678804,0.00453266,0.00126117,-0.000137188,-0.000744516,-0.00015261,0.0,0.0,0.0,0.0,6.70749e-05,0.00163669,0.00505864,0.0091095,0.0126175,0.0121914,0.0117277,0.00772661,0.00427223,0.000293602,-0.0035902,-0.00345741,0.00141072,0.00846077,0.0129314,0.0125927,0.0110219,0.00823709,0.0054789,0.002379,9.00728e-05,-0.000508393,-0.000522785,-5.10119e-05,0.0,0.0,0.0,0.0,-1.38863e-05,0.0006621,0.00243991,0.00662568,0.0111095,0.0140646,0.0182143,0.0199556,0.0195181,0.0176153,0.0150708,0.015297,0.0161204,0.0154588,0.0129981,0.0111063,0.00760818,0.00508694,0.00213462,-0.000250304,-0.000578181,-0.000402576,-0.000194769,-3.12211e-05,0.0,0.0,0.0,0.0,0.0,0.00049889,0.00159921,0.00320175,0.00612791,0.00879562,0.0143235,0.0182527,0.0205856,0.0211559,0.0210391,0.0190005,0.0134629,0.0102961,0.00620213,0.00325253,0.000825589,-0.00023353,-0.000849017,-0.000731342,-0.00051822,-0.000247332,-4.50986e-05,-1.15106e-05,0.0,0.0,0.0,0.0,0.0,3.3934e-05,0.000709037,0.0012487,0.00172134,0.00152852,0.00279421,0.00441222,0.00581284,0.00587843,0.00557772,0.00374211,0.00198824,-0.00129824,-0.00253375,-0.00314838,-0.00256577,-0.00168795,-0.0012543,-0.000804836,-0.00047937,-0.000176769,-3.05069e-05,-5.2321e-07,0.0,0.0,0.0,0.0,0.0,0.0,-7.36755e-06,0.000272409,0.000276057,-9.98575e-05,-0.000329494,-0.000589291,-0.00129952,-0.00130161,-0.000893957,-0.000837722,-0.0013822,-0.00225204,-0.00250085,-0.00213114,-0.00163262,-0.000934398,-0.000567551,-0.000298107,-0.000150947,-8.20666e-05,0.0,0.0,0.0,0.0,0.0,0.0,0.0,0.0,-3.59941e-06,-4.36971e-05,-0.00013222,-0.000329925,-0.000772755,-0.000961469,-0.00147372,-0.00152027,-0.00135155,-0.00146289,-0.00144308,-0.0013901,-0.00133037,-0.00102132,-0.000486455,-0.000147539,-6.21637e-05,-1.81386e-05,0.0,0.0,0.0,0.0,0.0,0.0,0.0,0.0,0.0,0.0,0.0,0.0,-7.59929e-06,-7.35526e-05,-0.000129486,-0.000115462,-0.000109882,-0.000130337,-9.32447e-05,-0.00015528,-0.000251012,-0.000283181,-0.000294214,-0.00012422,0.0,-1.42063e-05,-4.49273e-05,-1.1365e-05,0.0,0.0,0.0,0.0,0.0,0.0]}