{"max":0.162922,"min":-0.206902,"acc":0.8917,"arr":[0.0,0.0,0.0,0.0,0.0,0.0,0.0,0.0,0.0,0.0,0.0,0.0,-6.50864e-06,-1.59487e-05,-1.88852e-06,-7.86881e-08,0.0,0.0,0.0,0.0,0.0,0.0,0.0,0.0,0.0,0.0,0.0,0.0,0.0,0.0,0.0,0.0,-1.74859e-08,-7.70451e-08,-2.62777e-05,-6.07647e-05,-0.000101706,-8.34461e-05,-0.000149303,-0.000151881,-0.00018494,-0.000189309,-0.000229855,-0.000176269,-0.000205639,-0.000134871,-6.12595e-05,-9.23779e-05,-7.87976e-05,-1.10169e-05,-1.1374e-06,-1.13657e-07,0.0,0.0,0.0,0.0,0.0,0.0,-2.96214e-08,-2.79185e-06,-3.47041e-06,-2.50998e-06,-5.10536e-05,-0.000195673,-0.000507603,-0.000987739,-0.00131773,-0.0013989,-0.00203207,-0.00267497,-0.00320674,-0.00370431,-0.0033871,-0.00263401,-0.0026279,-0.00248324,-0.00177617,-0.00110315,-0.00053199,-0.000137841,-3.03764e-05,-2.31104e-06,0.0,0.0,0.0,0.0,-1.31181e-06,-2.05194e-05,-4.33801e-05,0.000901391,0.000834989,0.0011538,0.00149863,0.00148521,0.00362765,0.00896799,0.0138142,0.0139106,0.0151264,0.0120037,0.00735672,0.00361424,5.23582e-05,-0.00307302,-0.00304151,-0.00465949,-0.00340263,-0.00156112,-0.000670931,-0.000120705,-1.28785e-05,0.0,0.0,2.53153e-05,1.92543e-05,0.000220492,0.0017596,0.00632038,0.0111439,0.019034,0.0297852,0.0418432,0.0550362,0.0618498,0.0586431,0.0484718,0.0324608,0.0192989,0.00302654,-0.0106113,-0.0152582,-0.0215399,-0.0252028,-0.0248169,-0.0174569,-0.0126887,-0.00482251,-0.000973314,-0.000105037,-4.29311e-06,0.0,0.0,0.000119893,0.00157944,0.00780163,0.0213832,0.0386576,0.0570918,0.0777681,0.0972308,0.110033,0.112467,0.102179,0.0923634,0.0716737,0.053978,0.0309194,-0.000378008,-0.0186606,-0.0239184,-0.030337,-0.0396644,-0.0384623,-0.0292695,-0.0138239,-0.0036259,-0.000533299,-1.59082e-05,0.0,6.90001e-06,0.000315568,0.00566687,0.0195553,0.0405154,0.0664555,0.087226,0.110914,0.124604,0.123339,0.113158,0.105149,0.103907,0.0994001,0.0909823,0.0737432,0.042227,0.0210116,0.00413455,-0.00193617,-0.0197406,-0.0413186,-0.0402199,-0.0220468,-0.00760032,-0.0012789,-0.000100868,0.0,0.000233861,0.000251243,0.00811618,0.030533,0.0535603,0.0714932,0.0789532,0.0814213,0.0708353,0.0567388,0.0442848,0.0385194,0.0425655,0.0620687,0.0783179,0.0728913,0.055834,0.0327515,0.0339358,0.0275005,0.00377957,-0.0311474,-0.0418522,-0.0269044,-0.00930342,-0.00150228,-0.000117585,-3.19444e-07,-0.000106029,-0.000624439,0.00818908,0.0319269,0.0446143,0.0480943,0.0339059,0.00950673,-0.0172417,-0.0389341,-0.0597383,-0.0600243,-0.03858,0.00713934,0.0520063,0.0651679,0.0580678,0.0492339,0.0497057,0.0436353,0.0168578,-0.0191751,-0.0408542,-0.02718,-0.00952791,-0.00138822,-5.11315e-05,-2.48478e-05,-0.000242172,-0.0011039,0.00582911,0.0213879,0.0216774,0.00990279,-0.0246018,-0.0725255,-0.113434,-0.144761,-0.160866,-0.135029,-0.0751029,0.0065623,0.0712035,0.0867015,0.0743083,0.0597863,0.052813,0.0410217,0.00839577,-0.0205274,-0.0322864,-0.0207236,-0.00655025,-0.000986326,-3.54042e-05,-3.27539e-05,-0.000397161,-0.00136797,0.00450413,0.00723518,-0.00252263,-0.0313669,-0.080315,-0.136765,-0.182168,-0.206902,-0.193782,-0.126798,-0.0209937,0.0734301,0.119761,0.123215,0.0944043,0.065259,0.0420683,0.0178368,-0.0147025,-0.0297074,-0.0253135,-0.0129343,-0.00359611,-0.00065217,-2.74862e-05,-2.30303e-05,-0.000404946,-0.00123637,0.0017613,-0.00143073,-0.0200736,-0.0570741,-0.110402,-0.159336,-0.190161,-0.186221,-0.135308,-0.0379109,0.0677949,0.13241,0.155507,0.13195,0.0904288,0.046698,0.00974963,-0.0191685,-0.0407193,-0.0379609,-0.0233811,-0.00946033,-0.00150414,-0.000313726,-2.70142e-05,-2.95748e-06,-0.000301629,-0.00132133,-0.00160937,-0.0064802,-0.0259014,-0.0633059,-0.108315,-0.140221,-0.144519,-0.110819,-0.0381655,0.0633989,0.134106,0.162922,0.14626,0.111399,0.0635302,0.0150753,-0.0244279,-0.0473192,-0.0529449,-0.0399898,-0.023527,-0.00850475,-0.000626577,-0.000177211,-2.45699e-05,-2.63134e-06,-0.000159462,-0.000716283,-0.00158342,-0.00741699,-0.0271599,-0.058512,-0.0925491,-0.106693,-0.097511,-0.0545453,0.0293197,0.11803,0.142517,0.120156,0.0828637,0.0729727,0.0443821,0.0124095,-0.0207318,-0.0396512,-0.0416817,-0.0375483,-0.0243894,-0.00983198,-0.00132053,-0.000196812,-4.98942e-05,-5.00463e-05,0.000171242,-0.000219036,-0.000289359,-0.00492126,-0.0239059,-0.0531695,-0.0776887,-0.0861945,-0.075384,-0.036134,0.0316236,0.0876518,0.0702962,0.0413822,0.0203454,0.0314232,0.0393104,0.0374717,0.022742,0.00174327,-0.0127165,-0.026467,-0.0230081,-0.0108976,-0.00223201,-0.000407106,-3.27971e-05,-1.67193e-05,0.000384984,0.000942693,0.00237989,0.00136524,-0.0153217,-0.0423412,-0.0700046,-0.0898103,-0.0894546,-0.0623807,-0.0181583,0.000484878,-0.0219737,-0.0417784,-0.0367833,-0.00529883,0.0348993,0.0612838,0.0646672,0.0517767,0.0207489,-0.00553472,-0.0158743,-0.0104581,-0.0031181,-0.000645655,-7.36417e-05,-1.89984e-06,0.000312775,0.00290961,0.00861994,0.0116628,-0.00479976,-0.035133,-0.0638096,-0.0976951,-0.116228,-0.119518,-0.103849,-0.101883,-0.114737,-0.122257,-0.0939058,-0.0323741,0.0363475,0.0843707,0.0897509,0.0730445,0.045878,0.0130449,-0.00798435,-0.010447,-0.00436235,-0.00104103,-7.97483e-05,0.0,0.000157606,0.00391692,0.0181609,0.0265118,0.00748603,-0.0234554,-0.0557513,-0.0990795,-0.143144,-0.164855,-0.168601,-0.166381,-0.170686,-0.163281,-0.109342,-0.0236851,0.0564418,0.0880852,0.0954909,0.0758378,0.0551413,0.0260215,-0.0037054,-0.0145615,-0.00545637,-0.000932697,-3.89065e-05,-2.05388e-05,5.92544e-05,0.00632967,0.0316951,0.0478701,0.0362206,0.00545736,-0.0371096,-0.0844488,-0.133849,-0.163829,-0.171154,-0.171706,-0.170615,-0.151397,-0.0804799,0.0127523,0.0740869,0.0951982,0.0937749,0.0754205,0.0591396,0.0265877,-0.0088326,-0.0176642,-0.00565805,-0.000851884,-4.1426e-05,-7.20361e-07,6.92751e-05,0.00911708,0.0434487,0.0675574,0.0686723,0.0417855,0.000457473,-0.0471013,-0.0908433,-0.122957,-0.136628,-0.135138,-0.122826,-0.0934312,-0.0342995,0.0407179,0.0888832,0.0977468,0.0895282,0.0692931,0.0489474,0.010768,-0.0159958,-0.0162947,-0.00531235,-0.000929741,-2.5923e-05,0.0,0.0001728,0.00867604,0.0461938,0.0784764,0.0922521,0.0788325,0.0457481,0.0109211,-0.0251092,-0.0626235,-0.0781539,-0.0781684,-0.0576288,-0.0249735,0.0178041,0.0635939,0.0851846,0.0857985,0.0703846,0.0532678,0.0210889,-0.00983333,-0.020209,-0.0136993,-0.00367859,-0.000511254,-2.21363e-06,-6.07083e-07,0.000124558,0.00706334,0.034753,0.0686078,0.0962668,0.106183,0.0894902,0.0673725,0.0326527,0.00488217,-0.0163315,-0.0126867,0.00350068,0.022721,0.0483073,0.0663417,0.0655412,0.0605331,0.0438165,0.0185111,-0.00836302,-0.0212728,-0.0184871,-0.00939994,-0.00238377,-0.000293554,-1.15652e-06,-5.88112e-07,5.97253e-06,0.00541996,0.0221973,0.0495355,0.0771409,0.104456,0.111377,0.100878,0.0914395,0.074888,0.057701,0.0480285,0.0488413,0.0476909,0.0453702,0.0415378,0.0362498,0.0241719,0.00941014,-0.00696464,-0.0183808,-0.0161358,-0.0098982,-0.00448078,-0.00111362,-3.02962e-05,-2.13511e-06,0.0,0.0,0.00207302,0.0107286,0.0308579,0.0538597,0.0810545,0.101447,0.105185,0.104404,0.0976171,0.0868385,0.0708387,0.0567289,0.0316636,0.0170003,0.00358188,0.00319851,0.00263005,-0.00934693,-0.0145322,-0.0130126,-0.00894294,-0.00453023,-0.00148257,-0.000366946,0.000102137,0.0,0.0,0.0,0.000563884,0.00355394,0.0120108,0.0249403,0.043829,0.058777,0.0695727,0.0791336,0.0831425,0.0761829,0.0599132,0.0474449,0.0278843,0.00901711,0.00122331,-0.00734357,-0.0164421,-0.0145064,-0.0106672,-0.0056878,-0.00320273,-0.0013681,-0.000547631,-8.90255e-05,-1.30112e-06,0.0,0.0,0.0,5.06486e-05,9.30927e-05,0.00112565,0.0035922,0.00684828,0.00933994,0.0142726,0.0167071,0.0180327,0.0190212,0.0188511,0.0128611,0.00512822,-0.00324381,-0.0078965,-0.0117121,-0.0108214,-0.00672098,-0.00437728,-0.00271399,-0.00124067,-0.000396643,-6.87841e-05,-7.14829e-06,-7.49679e-07,0.0,0.0,0.0,0.0,0.0,-5.71704e-05,-7.08377e-05,-0.000322392,-0.000515444,-0.00202672,-0.0036436,-0.00559977,-0.00700422,-0.00844082,-0.00966333,-0.0108776,-0.00974854,-0.00741148,-0.00609325,-0.00427671,-0.00259417,-0.00144347,-0.000545423,-0.000125945,-2.59618e-05,-1.53702e-06,-3.10541e-07,0.0,0.0,0.0,0.0,0.0,0.0,-3.16916e-07,-1.32465e-06,-2.88533e-05,