{"max":0.0423433,"min":-0.0432077,"acc":0.7844,"arr":[0.0,0.0,0.0,0.0,0.0,0.0,0.0,0.0,0.0,0.0,0.0,0.0,0.0,0.0,0.0,0.0,0.0,0.0,0.0,0.0,0.0,0.0,0.0,0.0,0.0,0.0,0.0,0.0,0.0,0.0,0.0,0.0,0.0,0.0,-8.83875e-06,-2.63083e-05,-2.36047e-05,-2.55411e-05,-5.80791e-05,-7.51974e-05,-0.000119404,-7.19109e-05,-7.21165e-05,-6.3383e-05,-8.32709e-05,-2.6466e-05,-2.28231e-05,-4.32735e-05,-3.03432e-05,0.0,0.0,0.0,0.0,0.0,0.0,0.0,0.0,0.0,0.0,-2.03148e-06,-1.824e-06,0.0,-2.18369e-06,-3.6449e-05,-0.000150446,-0.000345676,-0.00046564,-0.000699917,-0.00102768,-0.00102384,-0.00123197,-0.00137779,-0.00134583,-0.00109872,-0.000963833,-0.000787837,-0.000603038,-0.000304136,-0.000105712,-1.14471e-05,0.0,0.0,0.0,0.0,0.0,0.0,0.0,-1.71346e-05,-1.84773e-05,-3.53105e-06,6.30387e-05,7.12862e-05,0.0002924,0.00056177,0.000349583,4.51162e-06,-0.00104106,-0.00137491,-0.00220382,-0.0030803,-0.00353098,-0.00335635,-0.00302896,-0.00271677,-0.00182835,-0.000894019,-0.000406177,-0.000101544,-3.12329e-05,-2.04485e-05,0.0,0.0,0.0,0.0,0.0,6.92717e-05,0.000355921,0.000808643,0.001409,0.00248489,0.00460259,0.00776393,0.0117247,0.0125734,0.0131857,0.0133075,0.0104445,0.00660139,0.00208582,-0.000633678,-0.00178382,-0.00244879,-0.00218682,-0.00189088,-0.000724877,-0.00073683,-0.000462313,-0.000118475,-2.59785e-05,0.0,0.0,0.0,0.000121657,0.000351638,0.000426946,0.00197146,0.00462796,0.00878412,0.0152036,0.0225682,0.0285346,0.0313544,0.0308703,0.0307879,0.0276432,0.0222936,0.0145556,0.00716526,0.00212702,0.000817537,-0.00165047,-0.00300713,-0.0028572,-0.00276535,-0.00156944,-0.00049571,-8.05795e-05,0.0,0.0,0.0,1.33323e-05,-3.89427e-05,0.00140087,0.0044191,0.00901872,0.0174057,0.0282437,0.0358109,0.0365364,0.0344038,0.0318209,0.030193,0.0292313,0.026818,0.0203471,0.0140706,0.00692145,0.00223205,0.000324438,-0.00124494,-0.00487752,-0.00508787,-0.0034259,-0.00140577,-0.000239008,-1.41824e-05,0.0,0.0,-0.000102149,-3.65416e-05,0.00253456,0.00599511,0.0115184,0.0190747,0.0273396,0.0287491,0.0268611,0.0198274,0.0135023,0.00894008,0.00919998,0.0125555,0.0131934,0.0116798,0.00555391,0.000802624,-0.00256462,-0.00317489,-0.00537764,-0.00545441,-0.00417822,-0.00173226,-0.000459976,-7.08188e-05,0.0,-3.70297e-05,-0.000287562,2.16822e-06,0.00237905,0.00360925,0.00721484,0.00954604,0.0117847,0.00923405,0.001309,-0.00885306,-0.0151463,-0.0157618,-0.00970059,0.00157606,0.00696577,0.00937485,0.00710742,0.00171889,-0.00418018,-0.00463543,-0.00654472,-0.00543625,-0.00376105,-0.00140958,-0.000384738,-2.57507e-05,0.0,-4.00649e-05,-0.000223295,-0.000207588,0.0015186,0.000729852,0.000948139,-0.00194748,-0.00815682,-0.0147482,-0.0252911,-0.0294,-0.0296839,-0.0234161,-0.00862475,0.00584538,0.0125917,0.0133057,0.0074757,3.36493e-05,-0.00592278,-0.00732986,-0.00856807,-0.00592712,-0.00305293,-0.00102082,-0.000160324,0.0,0.0,-2.02348e-06,-0.00012186,9.15154e-05,0.000315586,-0.00156662,-0.00477904,-0.0116669,-0.0217135,-0.0297062,-0.0344872,-0.0322329,-0.0208653,-0.00483273,0.0134211,0.021955,0.0213605,0.0148399,0.0043675,-0.00330888,-0.00938015,-0.012024,-0.0103987,-0.00624036,-0.00231879,-0.000523318,-0.000108241,0.0,0.0,-3.1333e-06,-0.00011197,0.000103471,-0.000514052,-0.00286608,-0.00848833,-0.0174208,-0.0266087,-0.0324996,-0.028551,-0.0168739,0.00177549,0.0221038,0.03359,0.0357243,0.0258687,0.0113811,-0.00131726,-0.0105505,-0.0138566,-0.014225,-0.0103731,-0.00551014,-0.00200077,-0.000201824,-5.85413e-05,-1.59853e-05,0.0,-1.23591e-05,-0.000138155,-0.000367817,-0.00126673,-0.00413714,-0.0103137,-0.0184707,-0.0249676,-0.0259445,-0.0141475,0.00467339,0.0249766,0.0382841,0.0423433,0.0395708,0.0272461,0.012127,-0.00194404,-0.0106328,-0.0153854,-0.0141871,-0.00968234,-0.00547676,-0.00213466,-0.000160649,-6.33546e-05,-1.85478e-05,0.0,0.0,-0.000107445,-0.000333492,-0.0010943,-0.0045254,-0.0104368,-0.0179515,-0.0225188,-0.0179133,-0.00240253,0.0158614,0.0325258,0.0358697,0.0327109,0.0274573,0.0216388,0.0141748,0.00720048,-0.00156514,-0.00981435,-0.011444,-0.00923935,-0.00563815,-0.00229241,-0.000220253,-2.97961e-05,-5.00303e-06,0.0,0.000168644,6.28987e-05,-0.000225382,-0.0010533,-0.00500028,-0.0112488,-0.0180773,-0.0195866,-0.0150383,-0.00215647,0.0133677,0.0178263,0.0108441,0.00664835,0.00527329,0.0101489,0.0150277,0.0171159,0.0117872,0.00157685,-0.00685089,-0.00736767,-0.00558125,-0.00224168,-0.000233956,-4.09237e-05,0.0,0.0,0.000384984,0.000162261,-0.000166787,-0.00105448,-0.00504132,-0.011066,-0.0177474,-0.0214816,-0.0191593,-0.0131381,-0.00805372,-0.00995017,-0.0164663,-0.0198427,-0.0158508,-0.00209172,0.013979,0.0250976,0.0224716,0.0113493,-0.00148054,-0.00346627,-0.00440333,-0.0023346,-0.000301146,-0.000104735,-1.69679e-05,0.0,0.000182271,0.000359818,-4.49781e-05,3.16411e-05,-0.00343335,-0.0104642,-0.0156729,-0.0202925,-0.0225126,-0.023189,-0.0264961,-0.0299869,-0.0347404,-0.0379073,-0.0315577,-0.0162742,0.00849315,0.0283162,0.0265557,0.0158334,0.0036656,0.000493991,-0.00202253,-0.00223397,-0.000576719,-0.000189235,-3.49338e-05,0.0,5.22142e-05,0.000498716,0.0012038,0.00192515,-0.00215626,-0.0072773,-0.0131841,-0.0176073,-0.0211345,-0.0262299,-0.0309269,-0.0345656,-0.0400608,-0.0432077,-0.0366441,-0.0197999,0.0062128,0.024637,0.0252517,0.0139904,0.00591043,0.00361372,-0.000724679,-0.00203097,-0.000545156,-7.22906e-05,-1.7966e-06,0.0,-7.09679e-06,0.000814626,0.00342773,0.00556015,0.00257416,-0.0025843,-0.00940286,-0.0163821,-0.0215594,-0.0263381,-0.0295694,-0.0336766,-0.0373898,-0.0373933,-0.0288965,-0.0130677,0.00969544,0.0213767,0.0219974,0.0131492,0.00744565,0.00426696,0.000115052,-0.00212242,-0.000515176,-2.16303e-05,0.0,0.0,0.0,0.000842416,0.00423972,0.00799499,0.00885588,0.00402297,-0.0031351,-0.0121055,-0.0176684,-0.0232428,-0.0277685,-0.0313914,-0.0328657,-0.0275895,-0.0189243,-0.00166324,0.0160997,0.0233017,0.0206885,0.0119986,0.00791695,0.00356378,-9.20986e-05,-0.00174147,-0.000469755,-8.11971e-05,0.0,0.0,0.0,0.000369631,0.00412652,0.00952651,0.0126486,0.0131074,0.00639356,0.000726083,-0.00456658,-0.0139839,-0.0205898,-0.0238494,-0.0214574,-0.0141812,-0.000954053,0.0128204,0.0204264,0.023366,0.0176179,0.0113701,0.00654477,0.00159257,-0.000868408,-0.00157951,-0.000457652,-3.00817e-05,0.0,0.0,0.0,8.57911e-05,0.00333559,0.00903159,0.0154661,0.0196548,0.0192995,0.0187836,0.0137888,0.00810818,0.00102754,-0.00253816,-0.000507296,0.00786272,0.0172471,0.0237148,0.0231224,0.0205771,0.0144187,0.00811956,0.00291952,0.000173358,-0.00111852,-0.00122176,-0.000293601,-2.089e-07,0.0,0.0,0.0,-1.38863e-05,0.00245382,0.0073505,0.0136796,0.0206494,0.0255416,0.0300826,0.0330214,0.0332172,0.0304571,0.0268637,0.0269614,0.026314,0.0244611,0.0211799,0.0191771,0.0135167,0.00776146,0.00292295,0.000485808,-0.000673645,-0.000834595,-0.000496983,-6.31912e-05,0.0,0.0,0.0,0.0,0.0,0.00103639,0.00417962,0.00775122,0.0129919,0.0179912,0.0248756,0.0309718,0.0353172,0.0346531,0.0326358,0.0280204,0.0193531,0.0146895,0.0103556,0.00671956,0.00293648,0.000438663,-0.000175282,-0.00059801,-0.000810357,-0.000474728,-0.000182592,-2.74767e-05,0.0,0.0,0.0,0.0,0.0,3.36991e-05,0.0011847,0.00277128,0.00451698,0.00528596,0.00882724,0.0111413,0.0125459,0.0122169,0.00949016,0.00599934,0.00337292,-0.000321744,-0.00213923,-0.00348608,-0.00329914,-0.00197987,-0.00171582,-0.00103898,-0.000658322,-0.000296858,-9.35711e-05,-5.2321e-07,0.0,0.0,0.0,0.0,0.0,0.0,-8.71224e-06,0.000215785,3.08272e-05,-0.000518014,-0.000623596,-0.00118186,-0.00272073,-0.00243762,-0.00216145,-0.0024185,-0.00291132,-0.00369894,-0.003946,-0.00323247,-0.00228712,-0.00134868,-0.000684038,-0.000390316,-0.000198698,-0.000115182,-1.53361e-05,0.0,0.0,0.0,0.0,0.0,0.0,0.0,-1.49546e-05,-9.25966e-05,-0.000253125,-0.000527684,-0.00116342,-0.00165572,-0.00236246,-0.00263795,-0.00274044,-0.00281443,-0.00271835,-0.00232084,-0.00202626,-0.00155889,-0.000899542,-0.000388536,-7.78962e-05,-3.70306e-05,-1.88106e-05,-3.74583e-06,0.0,0.0,0.0,0.0,0.0,0.0,0.0,0.0,0.0,0.0,-7.59929e-06,-7.35526e-05,-0.000151182,-0.000149555,-0.000188417,-0.000257477,-0.000270401,-0.000287595,-0.000370179,-0.000381419,-0.000355445,-0.000196091,