{"max":0.0510443,"min":-0.0538498,"acc":0.7969,"arr":[0.0,0.0,0.0,0.0,0.0,0.0,0.0,0.0,0.0,0.0,0.0,0.0,0.0,0.0,0.0,0.0,0.0,0.0,0.0,0.0,0.0,0.0,0.0,0.0,0.0,0.0,0.0,0.0,0.0,0.0,0.0,0.0,0.0,0.0,-2.48847e-05,-5.2079e-05,-2.6279e-05,-2.55411e-05,-5.80791e-05,-7.51974e-05,-0.000123675,-0.000100426,-8.0544e-05,-6.4607e-05,-9.62646e-05,-3.0044e-05,-3.05765e-05,-6.16788e-05,-4.36038e-05,-2.89848e-07,0.0,0.0,0.0,0.0,0.0,0.0,0.0,0.0,0.0,-2.03148e-06,-1.824e-06,0.0,-2.41861e-05,-6.73252e-05,-0.000183053,-0.000351245,-0.000496711,-0.000774402,-0.00117097,-0.00122946,-0.00152823,-0.00176099,-0.00176817,-0.00136786,-0.00113949,-0.000929619,-0.000719063,-0.00034061,-0.000112105,-1.14471e-05,0.0,0.0,0.0,0.0,0.0,0.0,0.0,-1.71346e-05,-1.84773e-05,-3.53105e-06,2.04307e-05,-2.5487e-05,9.02728e-05,0.00055923,0.000453419,0.000113783,-0.00061065,-0.0010894,-0.00212346,-0.00333314,-0.00436755,-0.00442621,-0.00398008,-0.0032437,-0.00189205,-0.000836299,-0.000432848,-0.000125007,-3.62391e-05,-4.34637e-05,-5.66345e-06,0.0,0.0,0.0,0.0,6.92717e-05,0.000611619,0.00125553,0.00210304,0.00371277,0.005937,0.00975819,0.0136044,0.0147274,0.0154394,0.0145968,0.0112344,0.00719036,0.00142639,-0.00172548,-0.00248844,-0.00297946,-0.00238146,-0.00182541,-0.000523858,-0.00101065,-0.000535392,-0.000144318,-2.7786e-05,0.0,0.0,0.0,0.000121657,0.000351638,0.000826021,0.00329097,0.00714861,0.0122867,0.0194543,0.0280926,0.0342207,0.0386107,0.0376877,0.0370116,0.0328017,0.0265032,0.016877,0.00819467,0.00272008,0.00105637,-0.00208425,-0.00359678,-0.00324159,-0.0039189,-0.00207299,-0.000601941,-8.16777e-05,0.0,0.0,0.0,1.33323e-05,0.000431598,0.0022591,0.00641705,0.0124617,0.0219401,0.034108,0.0418967,0.0432296,0.042171,0.0390584,0.0364163,0.033782,0.0299791,0.0232924,0.0157623,0.0062834,0.00163427,-0.000880846,-0.00300079,-0.00629939,-0.00653408,-0.00428815,-0.00177816,-0.000287192,-6.593e-05,0.0,-3.07875e-05,-0.00016908,0.000145603,0.00353575,0.00850106,0.0146392,0.0217636,0.0290952,0.0299236,0.029858,0.0231062,0.0155543,0.0101613,0.0094421,0.0128943,0.0146024,0.0133603,0.00392959,-0.00116033,-0.00482838,-0.00602921,-0.00760144,-0.00704219,-0.00513093,-0.00202121,-0.000537494,-9.04542e-05,0.0,-5.51022e-05,-0.000340827,0.000683683,0.00350295,0.00544008,0.00809911,0.00852128,0.00961506,0.00652797,-0.00110344,-0.0120344,-0.0190094,-0.019706,-0.0126338,0.000481287,0.00952702,0.0135133,0.00804065,0.000220107,-0.00652469,-0.00716592,-0.00880691,-0.00716754,-0.00487178,-0.00174282,-0.00048094,-2.57507e-05,0.0,-6.16662e-05,-0.000344183,0.000538304,0.00252413,0.00118867,-0.000669566,-0.00497121,-0.0125011,-0.0207591,-0.0326986,-0.0377582,-0.0370632,-0.0279383,-0.0085181,0.00895972,0.018161,0.0186655,0.00882949,-0.0020265,-0.00796392,-0.00945573,-0.010919,-0.00765923,-0.00406529,-0.0013168,-0.000270163,0.0,0.0,-3.25913e-05,-0.000231679,0.000544889,0.000961995,-0.00209218,-0.00753807,-0.0160134,-0.0278949,-0.0374553,-0.0443553,-0.0410857,-0.0260734,-0.0043083,0.0173061,0.0284652,0.0287314,0.0190927,0.00319926,-0.00610213,-0.0118439,-0.0145516,-0.0121684,-0.00771529,-0.00294211,-0.000631717,-0.000146714,-6.19339e-06,0.0,-3.94845e-06,-0.00014231,0.000311952,-0.00070107,-0.00426288,-0.0114305,-0.0219864,-0.032913,-0.0405331,-0.037308,-0.0221904,0.00311452,0.0277862,0.0412349,0.0444625,0.0340385,0.014962,-0.00211371,-0.0133714,-0.0163457,-0.0161558,-0.0120307,-0.00687784,-0.00238274,-0.000274788,-9.26735e-05,-1.74521e-05,0.0,-1.23591e-05,-0.000138155,-0.000413341,-0.00165924,-0.00548672,-0.0125546,-0.022244,-0.0306835,-0.0331479,-0.0200053,0.00413063,0.0320313,0.0468968,0.0510443,0.0471275,0.0341442,0.0161377,-0.000673334,-0.0113229,-0.0168683,-0.0160947,-0.0117243,-0.00691656,-0.00255742,-0.000207859,-7.0121e-05,-1.85478e-05,0.0,0.0,-0.000107445,-0.000381649,-0.00162782,-0.00603625,-0.012801,-0.0218829,-0.0277869,-0.0234998,-0.00506315,0.0187604,0.0391527,0.0417746,0.0370269,0.0303287,0.0247969,0.0165179,0.0107911,0.000633551,-0.00966188,-0.01269,-0.0108576,-0.00722299,-0.00288266,-0.000279134,-3.17383e-05,-5.00303e-06,0.0,0.000168644,6.28987e-05,-0.000258504,-0.00158717,-0.00654469,-0.0143293,-0.0225082,-0.0239889,-0.0196362,-0.00360559,0.0141086,0.0195635,0.0103203,0.00502396,0.00249896,0.00947789,0.0157454,0.0200485,0.015903,0.00412019,-0.00623727,-0.00812653,-0.00712237,-0.00308234,-0.00031259,-4.09237e-05,0.0,0.0,0.000384984,0.000219504,-6.29719e-05,-0.00114563,-0.00631403,-0.014154,-0.0218125,-0.0261358,-0.0245406,-0.0172687,-0.0107206,-0.0133646,-0.0225413,-0.0276547,-0.0223814,-0.00452582,0.0149904,0.0278585,0.0271254,0.0151676,0.00113166,-0.00290477,-0.00554121,-0.00321188,-0.000381021,-0.000104735,-1.69679e-05,0.0,0.000182271,0.000378632,0.000556557,0.000317005,-0.00512404,-0.0135723,-0.0192919,-0.0253866,-0.0282622,-0.0292967,-0.0321435,-0.0367926,-0.0443163,-0.049015,-0.0411724,-0.0199097,0.00941592,0.0317978,0.0312384,0.0200143,0.00713025,0.00191063,-0.00283166,-0.00320155,-0.00083668,-0.000240343,-3.49338e-05,0.0,5.22142e-05,0.000478096,0.00256111,0.00293899,-0.0032557,-0.0098817,-0.0166139,-0.022116,-0.0265238,-0.0326911,-0.0378114,-0.042577,-0.0498542,-0.0538498,-0.0455453,-0.0239878,0.0068,0.028038,0.0296461,0.0182272,0.00985279,0.00540356,-0.00172397,-0.00290825,-0.000836119,-9.96647e-05,-1.7966e-06,0.0,-7.09679e-06,0.00115733,0.00534684,0.00739618,0.00342562,-0.00203282,-0.0104838,-0.0186059,-0.0260146,-0.0324092,-0.0359129,-0.0409876,-0.0461723,-0.0452875,-0.0345508,-0.0158031,0.00991629,0.0231611,0.0268446,0.0171666,0.0114446,0.00586575,-0.0010213,-0.00299611,-0.00071448,-5.77062e-05,0.0,0.0,0.0,0.00143572,0.0064263,0.0103503,0.0110973,0.00633134,-0.00300956,-0.0141234,-0.0220904,-0.0285121,-0.0334395,-0.0377613,-0.0398363,-0.0341607,-0.0229078,-0.00261214,0.0177907,0.0262306,0.0251182,0.0162636,0.0114737,0.00344009,-0.00132158,-0.00247123,-0.000710861,-0.000149076,0.0,0.0,0.0,0.00109213,0.00681893,0.0126851,0.0166913,0.0170068,0.00844842,-0.00042745,-0.00696196,-0.0169198,-0.0250167,-0.0286042,-0.0266924,-0.0183585,-0.00183921,0.0148293,0.0245403,0.0276164,0.0214251,0.0148911,0.00728081,0.000308455,-0.00202366,-0.00211332,-0.000632216,-7.73468e-05,0.0,0.0,0.0,0.000521784,0.00454458,0.0117878,0.0200173,0.0255735,0.0243444,0.0212593,0.0152209,0.00834392,0.00103995,-0.00295674,-0.00169325,0.00764803,0.0205973,0.0289774,0.0278048,0.0237767,0.0173859,0.00906154,0.00207404,-0.00109955,-0.00201832,-0.00159727,-0.000404528,-3.01321e-05,0.0,0.0,0.0,0.00011659,0.00281845,0.00807717,0.0161092,0.025901,0.0318175,0.0346517,0.0368102,0.0358964,0.0333425,0.03033,0.0307443,0.0310899,0.030012,0.0259829,0.0212723,0.0140493,0.00783592,0.00260453,-0.000147301,-0.00142324,-0.00117165,-0.000784248,-0.000161947,-4.36471e-06,0.0,0.0,0.0,0.0,0.0011139,0.00445581,0.00846914,0.0157972,0.0230731,0.0304572,0.0372139,0.0414044,0.0404455,0.0372577,0.0321312,0.0222324,0.0161402,0.0100948,0.00542804,0.0023336,-0.000350356,-0.000561604,-0.00104862,-0.0010621,-0.000593321,-0.000282859,-7.33141e-05,0.000112923,0.0,0.0,0.0,0.0,6.8883e-05,0.00137192,0.00307153,0.00568975,0.0074339,0.0110576,0.0134971,0.0149128,0.0153454,0.0123153,0.00844373,0.00384177,-0.00106251,-0.00306255,-0.00490529,-0.00450387,-0.00249507,-0.00215466,-0.00139538,-0.000833203,-0.000400456,-0.000185337,-4.63606e-05,0.0,0.0,0.0,0.0,0.0,0.0,-8.71224e-06,0.00020571,-7.63934e-05,-0.000744487,-0.000868261,-0.00170476,-0.00372279,-0.00304555,-0.00207258,-0.00199882,-0.00240502,-0.00417449,-0.00485929,-0.00410398,-0.00276194,-0.00164174,-0.000967874,-0.000681141,-0.000343897,-0.000132428,-2.04393e-05,0.0,0.0,0.0,0.0,0.0,0.0,0.0,-1.49546e-05,-0.000119061,-0.000292011,-0.000571838,-0.00124476,-0.00182815,-0.00274766,-0.00330238,-0.00339191,-0.00339774,-0.00329932,-0.00281928,-0.00227792,-0.00170323,-0.00102198,-0.000450522,-0.000164474,-0.000148924,-2.46295e-05,-3.74583e-06,0.0,0.0,0.0,0.0,0.0,0.0,0.0,0.0,0.0,0.0,-7.59929e-06,-7.35526e-05,-0.000151182,-0.000149555,-0.000230851,-0.000298855,-0.000292334,-0.000338937,-0.000444088,-0.000417907,-0.000387938,-0.000217071,