{"max":0.0601857,"min":-0.0629722,"acc":0.8126,"arr":[0.0,0.0,0.0,0.0,0.0,0.0,0.0,0.0,0.0,0.0,0.0,0.0,0.0,0.0,0.0,0.0,0.0,0.0,0.0,0.0,0.0,0.0,0.0,0.0,0.0,0.0,0.0,0.0,0.0,0.0,0.0,0.0,0.0,0.0,-2.50034e-05,-5.71533e-05,-8.28378e-05,-4.31395e-05,-5.80791e-05,-7.51974e-05,-0.000123675,-0.000102354,-9.84381e-05,-6.93119e-05,-0.000100193,-4.96067e-05,-3.51206e-05,-6.16788e-05,-4.36038e-05,-2.89848e-07,0.0,0.0,0.0,0.0,0.0,0.0,0.0,0.0,0.0,-2.79185e-06,-2.0862e-06,0.0,-2.98244e-05,-8.73166e-05,-0.000248775,-0.000398609,-0.000531263,-0.000844041,-0.00127309,-0.00135395,-0.00172086,-0.00201807,-0.00203423,-0.00156918,-0.00125358,-0.00101941,-0.000778468,-0.000368292,-0.000124688,-1.34605e-05,0.0,0.0,0.0,0.0,0.0,0.0,0.0,-1.93371e-05,-1.92115e-05,-4.00586e-06,7.84842e-06,-5.69833e-05,-2.49172e-05,0.000400973,0.000376115,0.000602248,0.000524091,0.000129621,-0.00101038,-0.00234993,-0.00350778,-0.0042,-0.0041459,-0.00349181,-0.00206954,-0.00102194,-0.000549606,-0.000175576,-6.04174e-05,-4.34637e-05,-5.66345e-06,0.0,0.0,0.0,0.0,6.92717e-05,0.000613318,0.00128668,0.00213776,0.00381253,0.00597634,0.0100712,0.0147646,0.0175084,0.0192124,0.0183019,0.0145759,0.0107935,0.00509619,0.000953294,-0.001473,-0.00240955,-0.00257282,-0.00244541,-0.000842495,-0.00113451,-0.000570076,-0.000144318,-2.7786e-05,0.0,0.0,0.0,0.000121657,0.000317044,0.000917478,0.00380124,0.00788506,0.0131329,0.0211585,0.0306313,0.0377804,0.0434717,0.0440812,0.0430507,0.0385391,0.030881,0.0209723,0.0105356,0.00307288,0.000879508,-0.00215385,-0.00534281,-0.00443751,-0.00406904,-0.00226819,-0.000683991,-9.08886e-05,0.0,0.0,0.0,1.33323e-05,0.000442495,0.00289974,0.00795085,0.0148184,0.0252072,0.0387686,0.0468591,0.0489423,0.0478583,0.0445776,0.0410474,0.0377567,0.033111,0.0277468,0.0192349,0.00760087,0.0018496,-0.000889032,-0.00452021,-0.00822376,-0.00727235,-0.00475912,-0.00201554,-0.000322962,-6.593e-05,0.0,-3.07875e-05,-0.000177447,0.000423651,0.00511322,0.0104133,0.0171308,0.0251231,0.0329913,0.032801,0.0321763,0.0251435,0.0167911,0.00874032,0.00787958,0.0124464,0.0158911,0.0162465,0.00636309,0.000142434,-0.0046489,-0.00676423,-0.00963183,-0.00821143,-0.00592909,-0.00243135,-0.000558491,-9.04542e-05,0.0,-5.51022e-05,-0.000302731,0.000914115,0.00470117,0.00665605,0.0088664,0.00971066,0.00982999,0.00518611,-0.00382451,-0.0163372,-0.0226959,-0.0237873,-0.0172562,-0.00247644,0.0097872,0.0170099,0.0104944,0.00156627,-0.0064565,-0.00878602,-0.0112915,-0.00859639,-0.00566847,-0.00196491,-0.000486636,-2.57507e-05,0.0,-6.16662e-05,-8.47749e-05,0.000747182,0.00261435,0.00122963,-0.00139188,-0.00618756,-0.0153038,-0.0264262,-0.040105,-0.0452443,-0.0425529,-0.032461,-0.010849,0.00970276,0.0224859,0.0240563,0.0126494,-0.0012643,-0.0097631,-0.0120615,-0.0131348,-0.008685,-0.00466111,-0.00145422,-0.00028182,0.0,0.0,-3.25913e-05,-0.000274249,0.000548216,0.000748351,-0.00255814,-0.00857798,-0.0181543,-0.0321002,-0.0445259,-0.0533377,-0.0485661,-0.0302839,-0.00497229,0.0198654,0.0341103,0.0370358,0.0257383,0.0062834,-0.00818878,-0.0150038,-0.0175154,-0.0139515,-0.00847906,-0.00325643,-0.000716489,-0.000191921,-1.12633e-05,0.0,-3.94845e-06,-0.00015855,0.000458466,-0.000902096,-0.00484859,-0.012904,-0.0251031,-0.0378128,-0.0479778,-0.0458049,-0.0279871,0.00243825,0.0321756,0.0489542,0.0542956,0.0429594,0.0207515,-0.0020526,-0.0177308,-0.0204455,-0.0185999,-0.0134327,-0.0076178,-0.0026465,-0.000300484,-0.000106901,-2.3692e-05,0.0,-1.23591e-05,-0.000138155,-0.000287924,-0.00182158,-0.00630854,-0.0145705,-0.0256738,-0.03612,-0.0395382,-0.0248503,0.00267721,0.0368436,0.0556051,0.0601857,0.0552521,0.0413723,0.0193575,-0.00132659,-0.0150627,-0.0202366,-0.0185052,-0.0130955,-0.00770302,-0.00265264,-0.000208248,-7.0121e-05,-1.85478e-05,0.0,0.0,-0.000107445,-0.000424424,-0.00184997,-0.00704286,-0.014985,-0.0256856,-0.0326506,-0.0276317,-0.00632421,0.0216858,0.0470043,0.0498505,0.0441174,0.0350197,0.0280108,0.0185917,0.0107252,0.00037806,-0.0115962,-0.0144317,-0.0120353,-0.00800512,-0.00302104,-0.000284061,-3.17383e-05,-5.00303e-06,0.0,0.000168644,6.28987e-05,-0.000303831,-0.00181427,-0.00758409,-0.0164279,-0.0258882,-0.0281935,-0.0233684,-0.00447744,0.0160888,0.0246778,0.0140314,0.0068079,0.00219782,0.0101333,0.0165264,0.0226687,0.0190395,0.00470896,-0.00718275,-0.00922911,-0.0081064,-0.00330897,-0.000325622,-4.09237e-05,0.0,0.0,0.000384984,0.000219504,-8.78246e-05,-0.00139493,-0.00725833,-0.016244,-0.0252717,-0.0305635,-0.0284211,-0.0195038,-0.0117868,-0.0140387,-0.0262044,-0.0339522,-0.0280361,-0.00707946,0.0156873,0.032814,0.0326936,0.0181096,0.00106453,-0.00415364,-0.00656926,-0.00347598,-0.000423086,-0.000105837,-1.69679e-05,0.0,0.000176978,0.000378632,0.000534617,0.00025565,-0.00585812,-0.0156239,-0.0223792,-0.0301836,-0.033653,-0.0338026,-0.03683,-0.0417921,-0.0510272,-0.0571197,-0.048254,-0.0242377,0.009523,0.0381556,0.0383198,0.0244146,0.00815139,0.000862466,-0.00369559,-0.00343245,-0.000930775,-0.000266807,-3.49338e-05,0.0,4.87406e-05,0.000478096,0.00262852,0.00334433,-0.0032524,-0.0109075,-0.0184398,-0.0261145,-0.0325326,-0.0386865,-0.0437454,-0.0496055,-0.058328,-0.0629722,-0.0521148,-0.0271799,0.0086941,0.0349124,0.0363627,0.0227052,0.0106738,0.00464563,-0.00264015,-0.00318099,-0.00101256,-0.000124933,-1.7966e-06,0.0,-7.09679e-06,0.00124302,0.00574487,0.00882258,0.00458402,-0.00191227,-0.0120008,-0.0228294,-0.0323054,-0.0391667,-0.0428534,-0.048747,-0.0548119,-0.0538434,-0.0401826,-0.0166294,0.0132266,0.0304945,0.0331619,0.0201928,0.0116674,0.00526061,-0.00198899,-0.00345461,-0.00094702,-7.03112e-05,0.0,0.0,0.0,0.00187938,0.00753185,0.013254,0.0148898,0.00839503,-0.00377094,-0.0174813,-0.0268821,-0.034458,-0.040122,-0.0440226,-0.0462326,-0.0397563,-0.0257978,-0.00142888,0.0228987,0.0327289,0.0293031,0.0171037,0.0106894,0.00305205,-0.00217014,-0.00299513,-0.000908457,-0.000149076,0.0,0.0,0.0,0.00161048,0.00854834,0.0164127,0.0216861,0.0212878,0.0101392,-0.000706344,-0.00859185,-0.0201299,-0.0280724,-0.0312764,-0.0292401,-0.0187284,-0.000875296,0.018224,0.0296011,0.0319606,0.0225082,0.0142289,0.00568531,-0.000322014,-0.00226935,-0.00255265,-0.000769795,-7.73468e-05,0.0,0.0,0.0,0.000994764,0.00618863,0.0146318,0.0248624,0.0326274,0.0304467,0.0243034,0.0166029,0.00851917,0.000935142,-0.00321267,-0.00122068,0.0090204,0.0232483,0.0327817,0.0315008,0.025454,0.0160832,0.00681538,0.00101078,-0.00156807,-0.00215795,-0.00192731,-0.000457689,-3.01321e-05,0.0,0.0,0.0,0.000467784,0.00367515,0.00958728,0.0189861,0.0313511,0.0393208,0.0419483,0.0415513,0.0392969,0.0361148,0.0333871,0.0339849,0.0337958,0.0319308,0.0282069,0.023393,0.0139432,0.00567934,0.00173266,0.000119168,-0.0011058,-0.00125677,-0.000988116,-0.000186836,-4.36471e-06,0.0,0.0,0.0,6.33526e-05,0.00136128,0.00512463,0.00957122,0.0184608,0.0285128,0.037264,0.0441388,0.0468436,0.0441708,0.0405084,0.0347256,0.0239193,0.0173885,0.010867,0.00556523,0.00168233,-0.000597225,-0.000226851,-0.000623478,-0.000874654,-0.000840855,-0.000424761,-7.33141e-05,0.000112923,0.0,0.0,0.0,0.0,7.12938e-05,0.00146246,0.00335494,0.0065815,0.00909236,0.0134155,0.0167282,0.0175988,0.0168451,0.0130076,0.00973694,0.00585157,3.42497e-05,-0.00294859,-0.00528712,-0.00473829,-0.0019945,-0.00191036,-0.00128633,-0.000840191,-0.000408346,-0.000192697,-4.63606e-05,0.0,0.0,0.0,0.0,0.0,0.0,-1.02633e-05,0.000181736,3.21482e-05,-0.000615953,-0.000793691,-0.00190745,-0.00451854,-0.00365509,-0.00187215,-0.00110033,-0.00166637,-0.00371597,-0.00464528,-0.00407441,-0.00275771,-0.00166607,-0.00115532,-0.000754393,-0.000367262,-0.000132428,-2.04393e-05,0.0,0.0,0.0,0.0,0.0,0.0,0.0,-1.49546e-05,-0.000119512,-0.000308323,-0.000605029,-0.00141546,-0.00221379,-0.00314277,-0.00363518,-0.00383078,-0.00385937,-0.0037044,-0.00324643,-0.00255208,-0.00186546,-0.001226,-0.000644131,-0.0003173,-0.000190971,-2.56428e-05,-3.74583e-06,0.0,0.0,0.0,0.0,0.0,0.0,0.0,0.0,0.0,0.0,-7.59929e-06,-7.35526e-05,-0.000159897,-0.000165823,-0.000235847,-0.000313633,-0.000310053,-0.000382545,-0.000542104,-0.000501904,-0.000474719,-0.000294955,