{"max":0.0899995,"min":-0.0893225,"acc":0.833,"arr":[0.0,0.0,0.0,0.0,0.0,0.0,0.0,0.0,0.0,0.0,0.0,0.0,0.0,0.0,0.0,0.0,0.0,0.0,0.0,0.0,0.0,0.0,0.0,0.0,0.0,0.0,0.0,0.0,0.0,0.0,0.0,0.0,0.0,0.0,-2.50034e-05,-5.71533e-05,-8.50181e-05,-5.64176e-05,-0.000111071,-0.000102774,-0.000140489,-0.000146812,-0.000179763,-0.00012455,-0.000138765,-8.50635e-05,-4.34055e-05,-7.06262e-05,-5.37602e-05,-2.89848e-07,0.0,0.0,0.0,0.0,0.0,0.0,0.0,0.0,0.0,-2.79185e-06,-2.0862e-06,0.0,-2.98797e-05,-0.000104463,-0.000304841,-0.000513406,-0.000763863,-0.00110163,-0.00156669,-0.00181584,-0.00217818,-0.00225278,-0.0022148,-0.00156576,-0.00131419,-0.00126287,-0.0010019,-0.000585293,-0.000249374,-3.36003e-05,0.0,0.0,0.0,0.0,0.0,0.0,-1.00593e-06,-1.93371e-05,-1.92115e-05,0.000515772,0.000613132,0.000476736,6.27828e-05,-0.000196506,-0.000427629,-0.000195268,0.000359741,4.65874e-05,-0.00136944,-0.00422376,-0.00586569,-0.00555731,-0.00457574,-0.00371004,-0.00238731,-0.00183862,-0.00117075,-0.000354361,-0.000105612,-4.34637e-05,-5.66345e-06,0.0,0.0,2.53153e-05,-3.84082e-06,6.15956e-05,0.000699623,0.00200304,0.00367223,0.00568695,0.00863237,0.0148501,0.0221449,0.026566,0.0276062,0.0235744,0.017524,0.0109851,0.00292782,-0.00243868,-0.00385488,-0.00507022,-0.00536907,-0.00533637,-0.00241573,-0.00209455,-0.000788667,-0.000200053,-5.40894e-05,0.0,0.0,0.0,0.000115012,0.000350761,0.00214335,0.00695161,0.0131812,0.0221668,0.0332785,0.0461939,0.0574796,0.0635833,0.061073,0.0601525,0.0520622,0.0404485,0.0257146,0.0107188,0.0013274,0.000221415,-0.00410971,-0.00871238,-0.00847778,-0.0071953,-0.00399546,-0.00121501,-0.00024738,0.0,0.0,0.0,-6.89907e-06,0.001328,0.0067177,0.0147107,0.0254826,0.039995,0.0581184,0.0682072,0.0701831,0.0647364,0.0589983,0.0569188,0.0528695,0.046187,0.0378267,0.0260148,0.0122694,0.00487445,-2.51115e-05,-0.00702101,-0.0132218,-0.0115057,-0.00798035,-0.00306879,-0.000528917,-7.21669e-05,0.0,-3.17552e-05,-0.000264214,0.00192581,0.010118,0.0183123,0.0281907,0.0394581,0.0489652,0.0450239,0.0399732,0.0265288,0.0162387,0.00730066,0.0112249,0.02036,0.025644,0.0232574,0.0118362,0.0065972,-0.000655717,-0.00662723,-0.013618,-0.0129823,-0.00948134,-0.00368881,-0.000730855,-9.30044e-05,0.0,-7.19997e-05,-0.000482228,0.00183869,0.0100188,0.0136319,0.0174644,0.0177807,0.0142227,0.00327958,-0.0111877,-0.0289488,-0.0362,-0.0359512,-0.0213478,0.00130991,0.016183,0.023066,0.0152339,0.00806471,-0.00266101,-0.00922769,-0.0140072,-0.0134375,-0.00897097,-0.003195,-0.000701737,-3.39609e-05,-2.18462e-05,-0.000146472,-0.00036745,0.00091032,0.00601438,0.00528632,0.00168893,-0.00757568,-0.0233416,-0.0441089,-0.0626615,-0.0700915,-0.062899,-0.0456265,-0.0154716,0.015392,0.0321604,0.0324519,0.0186034,0.00406254,-0.00734411,-0.0136424,-0.0163797,-0.0122814,-0.00668316,-0.00216778,-0.000443518,-6.6886e-06,-2.54081e-05,-0.000177363,-0.00061586,8.12809e-05,0.00175809,-0.002273,-0.0124196,-0.0284117,-0.0511658,-0.0716094,-0.081797,-0.0726157,-0.045474,-0.00993029,0.0257712,0.048052,0.0553951,0.0393261,0.0149109,-0.004995,-0.0167368,-0.0225084,-0.0183002,-0.0109616,-0.00432848,-0.00109762,-0.000247154,-1.85747e-05,-2.73078e-06,-9.64173e-05,-0.000342942,1.2843e-05,-0.00121929,-0.00732419,-0.0200149,-0.0386055,-0.0585395,-0.0740086,-0.069563,-0.0435581,-0.000496817,0.0427961,0.0698582,0.0799839,0.065457,0.0339973,0.00422509,-0.0193516,-0.0265804,-0.0256665,-0.0186023,-0.0104792,-0.00359251,-0.000492995,-0.000115147,-2.39081e-05,0.0,-1.36384e-05,-0.000222937,-0.000595478,-0.00254935,-0.00902901,-0.022035,-0.0384084,-0.0532866,-0.057479,-0.039444,0.00057602,0.0520431,0.0821423,0.0899995,0.0803039,0.0597122,0.0273384,-0.00116846,-0.0207466,-0.0288624,-0.0254672,-0.0185762,-0.0106374,-0.00353019,-0.000318417,-9.30992e-05,-1.85478e-05,0.0,-2.07295e-06,-0.000131889,-0.000622531,-0.00268543,-0.0101205,-0.0221555,-0.0370885,-0.0442376,-0.0381251,-0.0107583,0.0314489,0.0693309,0.0743571,0.0632661,0.0471969,0.0393884,0.0258524,0.0131882,-0.0023119,-0.0170588,-0.0197859,-0.016711,-0.0109531,-0.00414681,-0.000412173,-6.16297e-05,-5.00303e-06,0.0,0.000165603,3.79807e-05,-0.000411945,-0.00275504,-0.0107494,-0.0235554,-0.036743,-0.0388187,-0.0302498,-0.00554911,0.0242283,0.0382132,0.0217854,0.00935283,0.00177547,0.0139483,0.0232491,0.0319208,0.0259327,0.00510577,-0.00893738,-0.0118291,-0.0108553,-0.00469763,-0.000654476,-0.000110231,0.0,0.0,0.000384984,0.000212043,9.1864e-05,-0.00157944,-0.0097006,-0.0223974,-0.0357198,-0.0439965,-0.0380402,-0.026006,-0.0150064,-0.0180867,-0.0364225,-0.046155,-0.0393159,-0.0101767,0.0209745,0.0454718,0.0443347,0.0239684,0.0027123,-0.00495065,-0.00851884,-0.00474983,-0.000811863,-0.000179059,-3.35689e-05,0.0,0.000176978,0.000367461,0.00130697,0.00188003,-0.00657172,-0.020602,-0.0314638,-0.0437465,-0.0483616,-0.0504332,-0.054783,-0.0629406,-0.0756919,-0.0809625,-0.0654625,-0.0301303,0.0135248,0.0519877,0.0536958,0.0337883,0.0132422,0.00116799,-0.00447582,-0.00476422,-0.00138641,-0.000417219,-5.31244e-05,0.0,4.87406e-05,0.000533592,0.00404476,0.00580438,-0.00233188,-0.0143752,-0.0261803,-0.0394458,-0.0510059,-0.0611936,-0.0685131,-0.0763923,-0.0861151,-0.0893225,-0.0714379,-0.03245,0.0150717,0.0484015,0.0524097,0.0324689,0.0163749,0.00766065,-0.00217307,-0.0046847,-0.00161398,-0.000208107,-1.7966e-06,0.0,-7.09679e-06,0.00165112,0.00802498,0.0131704,0.00804684,-0.00350117,-0.0190709,-0.0340888,-0.0488929,-0.0617096,-0.0664492,-0.0727177,-0.0790714,-0.0780457,-0.0558615,-0.0171491,0.0221627,0.0443733,0.0468317,0.0302181,0.0184342,0.00933776,-0.00234244,-0.00517409,-0.00155792,-0.00013523,0.0,0.0,0.0,0.00285225,0.0115637,0.0195308,0.0214769,0.0114847,-0.00509657,-0.0242378,-0.0398937,-0.0521765,-0.0594088,-0.0620468,-0.0642136,-0.0562878,-0.033646,0.00474247,0.0329319,0.0441949,0.0410645,0.0250249,0.0170228,0.00546272,-0.00366739,-0.00502809,-0.0016954,-0.000361507,0.0,0.0,-1.39706e-06,0.00282388,0.0142785,0.0243189,0.0328579,0.0309521,0.0155737,0.000917677,-0.0126508,-0.0292761,-0.0408455,-0.0446152,-0.0404529,-0.0263544,0.000938911,0.0281285,0.0388854,0.0389659,0.0311232,0.0210213,0.00841463,-0.00107716,-0.00482092,-0.00463507,-0.0013704,-0.000292703,0.0,0.0,-1.98812e-05,0.00199218,0.010723,0.0233123,0.0382124,0.0486674,0.0441329,0.0365191,0.0266068,0.0129596,-0.000346418,-0.00653338,-0.0026411,0.0126241,0.0328471,0.0431969,0.0374726,0.0315473,0.0224125,0.0109859,0.000749174,-0.00429189,-0.00482638,-0.00359097,-0.000874792,-0.000116118,0.0,0.0,0.0,0.00084894,0.00619961,0.0160311,0.0302691,0.0475595,0.058026,0.0610558,0.0602548,0.0557084,0.0482794,0.0432598,0.0424554,0.0442949,0.0405745,0.0339307,0.0283867,0.0196121,0.0098694,0.00243158,-0.00173351,-0.003016,-0.00251047,-0.00160879,-0.000385389,-4.36471e-06,0.0,0.0,0.0,0.000374394,0.00263375,0.00903706,0.0179168,0.0299582,0.0425312,0.0542592,0.0619127,0.0636968,0.0592563,0.0543841,0.0451637,0.0304867,0.0209986,0.0129061,0.00760707,0.00360712,-0.000454133,-0.000494651,-0.00152518,-0.00160006,-0.00127276,-0.000534307,-8.38071e-05,0.000112923,0.0,0.0,0.0,2.53192e-05,0.000499243,0.00310629,0.00645034,0.0124847,0.0153796,0.020299,0.0260853,0.027255,0.0254099,0.0197513,0.0138266,0.00885087,0.00090735,-0.00277223,-0.00663943,-0.00603905,-0.00313395,-0.00268723,-0.00178802,-0.00114495,-0.000482625,-0.000198015,-4.63606e-05,0.0,0.0,0.0,0.0,0.0,1.4614e-06,0.00020969,0.000623064,0.000925191,-0.000120867,-0.000247561,-0.00208884,-0.00507749,-0.00500352,-0.00334803,-0.002471,-0.00283232,-0.00506713,-0.00654443,-0.00644086,-0.00477809,-0.0029552,-0.00181704,-0.00114177,-0.000510039,-0.000143583,-2.04393e-05,0.0,0.0,0.0,0.0,0.0,0.0,0.0,-1.64368e-05,-0.000139761,-0.000395448,-0.000793492,-0.00173654,-0.00272475,-0.00404447,-0.00483009,-0.00523025,-0.00551816,-0.00550754,-0.00483189,-0.0040451,-0.00315368,-0.00202847,-0.000975722,-0.000520459,-0.000239123,-4.93163e-05,-3.74583e-06,0.0,0.0,0.0,0.0,0.0,0.0,0.0,0.0,0.0,0.0,-2.43932e-05,-0.000104446,-0.000188091,-0.000201047,-0.00027775,-0.000400031,-0.000426886,-0.000496294,-0.000718945,-0.000756774,-0.000745107,