{"max":0.0230826,"min":-0.0239828,"acc":0.7738,"arr":[0.0,0.0,0.0,0.0,0.0,0.0,0.0,0.0,0.0,0.0,0.0,0.0,0.0,0.0,0.0,0.0,0.0,0.0,0.0,0.0,0.0,0.0,0.0,0.0,0.0,0.0,0.0,0.0,0.0,0.0,0.0,0.0,0.0,0.0,0.0,0.0,0.0,-2.29415e-05,-4.24775e-05,-2.8768e-05,-8.81779e-05,-3.90698e-05,-2.28131e-05,-4.47391e-05,-3.97275e-05,0.0,0.0,0.0,0.0,0.0,0.0,0.0,0.0,0.0,0.0,0.0,0.0,0.0,0.0,0.0,0.0,0.0,0.0,-1.5444e-05,-0.000124031,-0.000253591,-0.000215081,-0.00029165,-0.00055697,-0.000573346,-0.00074746,-0.000894022,-0.000811074,-0.000496924,-0.000481062,-0.000391555,-0.00039846,-0.000228722,-7.3706e-05,-6.48741e-06,0.0,0.0,0.0,0.0,0.0,0.0,0.0,0.0,0.0,-2.39731e-05,-7.97348e-05,-0.000155959,-0.0003297,-0.000410887,-0.000584693,-0.00104484,-0.00157054,-0.00165185,-0.00201736,-0.00246255,-0.00241003,-0.00195183,-0.00154272,-0.00125847,-0.000837311,-0.00047048,-0.000285548,-6.92494e-05,0.0,0.0,0.0,0.0,0.0,0.0,0.0,7.66605e-05,0.000341639,0.000401756,0.000557971,0.00140599,0.00259757,0.00386895,0.0063171,0.00640354,0.00745511,0.00726522,0.00516605,0.00336028,0.00128544,-0.000346382,-0.000633348,-0.00132823,-0.00108927,-0.000801212,-0.000348104,-0.000298006,-0.000141146,-2.96897e-05,-2.59785e-05,0.0,0.0,0.0,0.000121657,0.000351638,0.000176716,0.000564763,0.00185576,0.00440285,0.00765038,0.0108868,0.013905,0.0165575,0.0181936,0.017744,0.0159111,0.0128494,0.00794077,0.00291039,-9.04935e-05,0.00056282,0.000153355,-0.000476833,-0.000745212,-0.000906722,-0.000779557,-0.000234615,-5.3596e-05,0.0,0.0,0.0,1.33323e-05,1.83319e-05,0.000277153,0.00156588,0.00421632,0.00871126,0.0131269,0.0169864,0.0189589,0.0183214,0.0166378,0.0156671,0.0160309,0.0150884,0.0115946,0.00767922,0.00227802,0.00124137,0.000879151,0.000788115,-0.0018005,-0.00256788,-0.00198039,-0.000879332,-0.000180187,-7.03977e-06,0.0,0.0,-1.55633e-05,0.000183954,0.000768123,0.00245145,0.006555,0.0102948,0.0132651,0.0145874,0.013642,0.00917243,0.00500991,0.00228686,0.00357977,0.00632125,0.00703159,0.00429157,-0.00010536,-0.00065738,-0.000838685,-0.000762005,-0.00183674,-0.00252383,-0.00225148,-0.00101813,-0.000262739,-4.687e-05,0.0,0.0,-9.55401e-05,7.06921e-05,0.00109889,0.00227344,0.00412027,0.00629777,0.00610616,0.0043472,5.6233e-05,-0.00602543,-0.0104619,-0.0103408,-0.00642556,0.00125348,0.00388199,0.00301735,0.00117518,0.0005421,-0.00132518,-0.00153654,-0.00243363,-0.00213181,-0.00208001,-0.000902564,-0.000284663,-2.57507e-05,0.0,0.0,-9.58266e-05,-0.000414217,0.000772341,0.000622724,0.00123612,0.000408711,-0.00381938,-0.00815533,-0.0153395,-0.0181398,-0.0171463,-0.0124073,-0.0036392,0.00277769,0.00433782,0.00492404,0.00259103,-0.000298612,-0.00214858,-0.00238,-0.00386524,-0.00270504,-0.00152066,-0.000606257,-0.000139962,0.0,0.0,0.0,-3.08488e-05,-0.000202217,-0.000485951,-0.00111045,-0.00252737,-0.0055344,-0.0114553,-0.0175606,-0.0205033,-0.018072,-0.0112348,-0.00320827,0.00535518,0.0088015,0.00887184,0.00735423,0.00260525,-0.000860288,-0.00354742,-0.00561613,-0.00517058,-0.00310637,-0.00123471,-0.000339672,-5.50892e-05,0.0,0.0,0.0,0.0,-8.98556e-05,-0.000570239,-0.00145839,-0.00460397,-0.00963255,-0.0146511,-0.0182443,-0.0162085,-0.00909828,-0.000272748,0.00981928,0.0161113,0.0168768,0.0128297,0.00624333,0.000441991,-0.00440554,-0.00747596,-0.00749097,-0.00547878,-0.00285097,-0.00105009,-0.000119584,-9.1495e-06,0.0,0.0,0.0,-3.97031e-06,-0.000126143,-0.000707223,-0.00229441,-0.00586524,-0.0105586,-0.0142456,-0.0143205,-0.00734532,0.00284997,0.0128124,0.0201488,0.0230826,0.0219741,0.0166288,0.00776845,0.000271909,-0.00569717,-0.00847957,-0.00769408,-0.00487254,-0.00288334,-0.00116716,-4.61786e-05,0.0,0.0,0.0,0.0,-2.44488e-05,-0.000140388,-0.000492051,-0.00237805,-0.00604761,-0.010319,-0.0130293,-0.0100682,-0.00113195,0.0109306,0.020218,0.0215813,0.0198628,0.0161802,0.0121885,0.00836014,0.00374817,-0.000927819,-0.00494083,-0.00607309,-0.00483437,-0.00309132,-0.00126079,-0.000102219,0.0,0.0,0.0,0.0,-2.67474e-05,-0.000101427,-0.000509914,-0.0026699,-0.00649117,-0.0102689,-0.0114938,-0.00785177,-0.000483679,0.00852956,0.0113789,0.00755257,0.00411503,0.00214612,0.00395611,0.00635252,0.007406,0.00542924,0.00101244,-0.00359462,-0.00442565,-0.00325341,-0.00127503,-0.000136207,0.0,0.0,0.0,0.0,-2.11054e-05,-7.16794e-05,-0.000417089,-0.00244101,-0.00609906,-0.00957887,-0.0119552,-0.00981225,-0.00678986,-0.00351004,-0.00403836,-0.00796941,-0.00983155,-0.00808958,-0.00148813,0.00624577,0.0115291,0.0106476,0.00618585,0.000104486,-0.00225112,-0.00297001,-0.00137829,-0.000182373,-1.90441e-05,-1.69679e-05,0.0,0.0,0.0,1.19232e-06,0.000244271,-0.00139128,-0.00626244,-0.00896974,-0.0113745,-0.0123487,-0.011672,-0.0133341,-0.0150504,-0.0182346,-0.0209163,-0.0177131,-0.00933479,0.00305596,0.0125723,0.012775,0.0081253,0.00308729,0.000569226,-0.00147989,-0.00153035,-0.000402319,-7.83041e-05,-3.49338e-05,0.0,0.0,0.0,0.000426773,0.00107029,-0.000807111,-0.00440799,-0.00854734,-0.0107166,-0.0112841,-0.0136734,-0.0159422,-0.0177098,-0.0211762,-0.0239828,-0.0209275,-0.0120097,0.000974239,0.00978981,0.011713,0.00686707,0.003869,0.00282489,-0.000642767,-0.00139437,-0.000380486,-3.21837e-05,-1.7966e-06,0.0,0.0,0.000342498,0.00210953,0.00339492,0.00146673,-0.00184249,-0.00580846,-0.0101264,-0.0122703,-0.0143146,-0.0157913,-0.0178398,-0.0197069,-0.0199568,-0.016038,-0.00774846,0.00316644,0.00886161,0.0101594,0.00622694,0.0043259,0.00295208,-2.62565e-05,-0.00113709,-0.000285205,-1.03497e-05,0.0,0.0,0.0,0.000639906,0.00297058,0.00550266,0.00472408,0.00311304,-0.00159013,-0.00692787,-0.00981673,-0.0125564,-0.0154273,-0.0174147,-0.0174377,-0.0148042,-0.0114561,-0.00340985,0.00591575,0.0110412,0.0101235,0.00611902,0.00424888,0.0023095,-0.00025808,-0.000943138,-0.000232584,-3.06432e-05,0.0,0.0,0.0,0.000410795,0.00300889,0.00624,0.00746562,0.00882857,0.00388983,-9.75048e-05,-0.00269473,-0.00834904,-0.0121876,-0.0139617,-0.0125348,-0.00888214,-0.00322108,0.00522562,0.0104968,0.0123454,0.00945623,0.00622303,0.00415481,0.000907607,-0.000217884,-0.00069577,-0.00015261,0.0,0.0,0.0,0.0,0.000110791,0.00172807,0.00504402,0.00911998,0.01274,0.0120436,0.0113646,0.00715961,0.00356284,6.90899e-06,-0.00308157,-0.00226121,0.00216477,0.00845803,0.0124197,0.0121421,0.0106727,0.00797286,0.00488435,0.00177464,-0.000217982,-0.000485592,-0.000460339,-5.10119e-05,0.0,0.0,0.0,0.0,0.0,0.000685244,0.00252155,0.00689105,0.0114317,0.0145513,0.0182443,0.0196959,0.0187049,0.0161669,0.0144697,0.0151137,0.0153035,0.0146974,0.0120973,0.0103404,0.00696462,0.00440713,0.0013355,-0.000660289,-0.000587313,-0.000353028,-0.000194769,-3.12211e-05,0.0,0.0,0.0,0.0,0.0,0.00049889,0.00159921,0.00324827,0.00626827,0.00919566,0.0145532,0.0182545,0.0204867,0.0198322,0.0188694,0.0169859,0.0122459,0.00952184,0.00556591,0.002894,0.000420182,-0.000957279,-0.0015465,-0.000811296,-0.00049825,-0.000247332,-4.50986e-05,-1.15106e-05,0.0,0.0,0.0,0.0,0.0,3.3934e-05,0.000709037,0.0012487,0.00172134,0.00153984,0.00253085,0.00431638,0.0059408,0.00584204,0.00493165,0.00278712,0.000949484,-0.00166732,-0.00278814,-0.00341861,-0.00284949,-0.00211447,-0.00131235,-0.000804836,-0.00047937,-0.000176769,-3.05069e-05,-5.2321e-07,0.0,0.0,0.0,0.0,0.0,0.0,-7.36755e-06,0.000272409,0.000276057,-8.25534e-05,-0.000462929,-0.000896547,-0.00150254,-0.00137379,-0.0012296,-0.00114546,-0.00151779,-0.00203458,-0.00226971,-0.0019372,-0.00147456,-0.000837313,-0.000551461,-0.000298107,-0.000150947,-8.20666e-05,0.0,0.0,0.0,0.0,0.0,0.0,0.0,0.0,-3.59941e-06,-4.36971e-05,-0.00013222,-0.00031249,-0.000705234,-0.000830913,-0.00133462,-0.00143615,-0.00132814,-0.00138721,-0.00135779,-0.00126984,-0.00120815,-0.00092419,-0.000451137,-0.000145456,-6.21637e-05,-1.81386e-05,0.0,0.0,0.0,0.0,0.0,0.0,0.0,0.0,0.0,0.0,0.0,0.0,-7.59929e-06,-7.35526e-05,-0.000125526,-7.8353e-05,-9.99086e-05,-0.000130337,-9.32447e-05,-0.00015528,-0.000251012,-0.000283181,-0.000294214,-0.00012422,0.0,-1.42063e-05,-4.49273e-05,-1.1365e-05,0.0,0.0,0.0,0.0,0.0,0.0]}