{"max":0.0537592,"min":-0.0588148,"acc":0.8238,"arr":[0.0,0.0,0.0,0.0,0.0,0.0,0.0,0.0,0.0,0.0,0.0,0.0,0.0,0.0,0.0,0.0,0.0,0.0,0.0,0.0,0.0,0.0,0.0,0.0,0.0,0.0,0.0,0.0,0.0,0.0,0.0,0.0,0.0,0.0,-2.48847e-05,-5.53728e-05,-7.62499e-05,-4.29021e-05,-5.80791e-05,-7.51974e-05,-0.000123675,-0.000102354,-9.84381e-05,-6.93119e-05,-0.000100193,-4.96067e-05,-3.51206e-05,-6.16788e-05,-4.36038e-05,-2.89848e-07,0.0,0.0,0.0,0.0,0.0,0.0,0.0,0.0,0.0,-2.03148e-06,-1.824e-06,0.0,-2.41861e-05,-7.2301e-05,-0.000233759,-0.000393624,-0.00051299,-0.000774978,-0.00118836,-0.00130602,-0.00163371,-0.00187833,-0.00191697,-0.00150518,-0.00118601,-0.000944428,-0.000749289,-0.000351739,-0.000112105,-1.14471e-05,0.0,0.0,0.0,0.0,0.0,0.0,0.0,-1.71346e-05,-1.84773e-05,-3.53105e-06,2.04307e-05,-4.19676e-05,-7.74217e-06,0.000435586,0.000435866,0.000576854,0.000258947,-0.000504792,-0.00167723,-0.00281868,-0.0038979,-0.004341,-0.00415066,-0.0033887,-0.00199599,-0.000902723,-0.000471037,-0.0001687,-6.04174e-05,-4.34637e-05,-5.66345e-06,0.0,0.0,0.0,0.0,6.92717e-05,0.000611619,0.00127833,0.00212556,0.00373107,0.00606892,0.0102428,0.0145884,0.0167629,0.0172768,0.0160783,0.0125207,0.00852582,0.0023345,-0.00108021,-0.00257865,-0.00311262,-0.00274751,-0.00268869,-0.00101597,-0.00111408,-0.000570076,-0.000144318,-2.7786e-05,0.0,0.0,0.0,0.000121657,0.000351638,0.000871888,0.00364049,0.0076939,0.0128343,0.0209727,0.0302371,0.0365697,0.0411563,0.0404098,0.0391946,0.0348107,0.0277166,0.0183325,0.00901383,0.0029487,0.000264289,-0.00266002,-0.00498225,-0.00387332,-0.00372617,-0.00210789,-0.000627081,-8.16777e-05,0.0,0.0,0.0,1.33323e-05,0.000431598,0.00253813,0.00730807,0.0139791,0.0243002,0.0371858,0.0451456,0.0469534,0.0450162,0.0414636,0.0383089,0.0354692,0.0314058,0.0252091,0.0170747,0.00687586,0.00152601,-0.00123787,-0.00392491,-0.00714948,-0.00642303,-0.00436777,-0.00184026,-0.000287592,-6.593e-05,0.0,-3.07875e-05,-0.00016908,0.000145603,0.00406867,0.00945794,0.0159693,0.0240002,0.0311568,0.0315621,0.0311616,0.0239886,0.0156883,0.00875906,0.00797936,0.0116429,0.0146906,0.0142455,0.0049163,-0.000777292,-0.00538951,-0.00625065,-0.00853868,-0.00725983,-0.00544414,-0.0021479,-0.000550386,-9.04542e-05,0.0,-5.51022e-05,-0.000292162,0.000928612,0.00409761,0.00620647,0.00847415,0.00901663,0.00933681,0.0054625,-0.00243194,-0.0147017,-0.0217385,-0.0224248,-0.0156767,-0.00206349,0.00869457,0.0149766,0.0087754,0.000304843,-0.00715752,-0.0076491,-0.00981486,-0.0076497,-0.00527945,-0.00182903,-0.000486636,-2.57507e-05,0.0,-6.16662e-05,-6.33579e-05,0.000803701,0.00259281,0.00134822,-0.00101709,-0.00595008,-0.0146829,-0.0241011,-0.036662,-0.0419854,-0.0406072,-0.0314104,-0.011204,0.00796327,0.0190971,0.0201925,0.0101627,-0.00219712,-0.00882637,-0.010508,-0.0118898,-0.00803513,-0.00438181,-0.00135734,-0.000270163,0.0,0.0,-3.25913e-05,-0.000251546,0.000465116,0.000775214,-0.00236447,-0.00796715,-0.0172872,-0.0306604,-0.0415458,-0.0495463,-0.0458008,-0.0294162,-0.00611992,0.0167388,0.0294894,0.0316264,0.0214977,0.00443649,-0.00691587,-0.0130947,-0.0160419,-0.0130112,-0.00807772,-0.00313308,-0.000651391,-0.000156129,-1.12633e-05,0.0,-3.94845e-06,-0.000147423,0.000292716,-0.000825206,-0.00443758,-0.0119519,-0.0234883,-0.0357696,-0.0449459,-0.0430647,-0.0263609,0.00154387,0.0285848,0.0433943,0.0480106,0.0373936,0.0172745,-0.00136073,-0.0150595,-0.0180753,-0.0174848,-0.012815,-0.00729433,-0.00252817,-0.000287661,-9.89134e-05,-2.3692e-05,0.0,-1.23591e-05,-0.000138155,-0.000418074,-0.00175307,-0.00577492,-0.0134123,-0.023839,-0.0338259,-0.0373703,-0.0237848,0.00224552,0.0333076,0.0493525,0.0537592,0.0499694,0.0368488,0.017416,-0.000812053,-0.0128629,-0.0183041,-0.017447,-0.0126098,-0.00734984,-0.00268832,-0.000207859,-7.0121e-05,-1.85478e-05,0.0,0.0,-0.000107445,-0.000384804,-0.00173072,-0.00653983,-0.0139116,-0.0237631,-0.0306858,-0.0260409,-0.00628444,0.0194632,0.0422111,0.0451077,0.0403901,0.0329571,0.0263649,0.0170226,0.00983875,9.21342e-05,-0.0105424,-0.0134617,-0.0114868,-0.00765259,-0.00303983,-0.000284061,-3.17383e-05,-5.00303e-06,0.0,0.000168644,6.28987e-05,-0.000273396,-0.00167955,-0.00710158,-0.0155363,-0.0243963,-0.0264394,-0.0215784,-0.00345524,0.0158115,0.022223,0.0127364,0.00627055,0.00277012,0.00972922,0.0150488,0.0200103,0.0160126,0.00380359,-0.00651567,-0.00866314,-0.00773345,-0.00331756,-0.000318613,-4.09237e-05,0.0,0.0,0.000384984,0.000219504,-6.6575e-05,-0.00125819,-0.00681583,-0.0153205,-0.0237221,-0.0288506,-0.026374,-0.0174999,-0.0102134,-0.0126795,-0.0230484,-0.029636,-0.0252166,-0.00631595,0.0150161,0.0293981,0.0284878,0.0156574,0.00108398,-0.00360033,-0.00613379,-0.00342996,-0.000383712,-0.000105837,-1.69679e-05,0.0,0.000182271,0.000378632,0.000555405,0.000353135,-0.00537973,-0.0147256,-0.0205864,-0.0273773,-0.0305582,-0.0308498,-0.0336645,-0.0386788,-0.0472739,-0.0531652,-0.0449801,-0.0226878,0.00948417,0.0349049,0.0340212,0.02121,0.0071315,0.0011439,-0.00327851,-0.00335786,-0.000878251,-0.000266807,-3.49338e-05,0.0,5.22142e-05,0.000478096,0.00255996,0.00304123,-0.00353333,-0.0107227,-0.0174036,-0.0238567,-0.0293503,-0.0356741,-0.0405587,-0.0461649,-0.0542938,-0.0588148,-0.0495477,-0.0263622,0.00740885,0.0315149,0.0325866,0.0196819,0.00921619,0.00476933,-0.00222141,-0.0032033,-0.000979179,-0.000124933,-1.7966e-06,0.0,-7.09679e-06,0.00124302,0.00555926,0.00799104,0.00341591,-0.00251926,-0.0112992,-0.0203759,-0.0289795,-0.0357922,-0.0394159,-0.0450742,-0.0509695,-0.0499486,-0.0385018,-0.0175189,0.0108018,0.0265582,0.0299203,0.0181079,0.0103749,0.00539009,-0.00163577,-0.00337223,-0.000799278,-7.03112e-05,0.0,0.0,0.0,0.00177124,0.00681365,0.011284,0.0118252,0.00610008,-0.00406133,-0.0162433,-0.0245895,-0.0317161,-0.0367914,-0.0415354,-0.0437183,-0.0377067,-0.0259347,-0.00367035,0.0193093,0.0292058,0.0271587,0.0164098,0.0103898,0.00307003,-0.00175914,-0.00277964,-0.000715654,-0.000149076,0.0,0.0,0.0,0.00127659,0.00759096,0.0137865,0.0174742,0.0174363,0.00842154,-0.0013148,-0.0083443,-0.0192334,-0.0270004,-0.0304605,-0.0283831,-0.0193572,-0.00221064,0.0158621,0.0255383,0.0297171,0.0220617,0.0145709,0.00653715,-6.89266e-06,-0.00215708,-0.00231505,-0.0006663,-7.73468e-05,0.0,0.0,0.0,0.000713595,0.00536338,0.0127788,0.0214998,0.0280657,0.02678,0.0219428,0.0153142,0.00775828,8.69271e-05,-0.00378399,-0.00226868,0.00712392,0.0204559,0.0298958,0.0294178,0.024944,0.0168158,0.00783837,0.00166345,-0.00145544,-0.00226163,-0.00180721,-0.000433985,-3.01321e-05,0.0,0.0,0.0,0.000467784,0.00331153,0.00883899,0.0170204,0.0282091,0.0349146,0.0369391,0.0381298,0.0364913,0.0336995,0.0312998,0.0320562,0.0320952,0.0305878,0.0267962,0.0223402,0.013944,0.00671532,0.00213906,-2.39525e-05,-0.00142095,-0.0013839,-0.00097214,-0.000184063,-4.36471e-06,0.0,0.0,0.0,6.33526e-05,0.00130909,0.0048828,0.00921673,0.0175212,0.025553,0.0333676,0.0401601,0.0439827,0.0420145,0.0384427,0.0334498,0.023453,0.0166894,0.0104182,0.00575005,0.00213615,-0.000397837,-0.000136387,-0.000653329,-0.000987343,-0.000828057,-0.000416973,-7.33141e-05,0.000112923,0.0,0.0,0.0,0.0,7.12938e-05,0.00149729,0.00347265,0.00649036,0.00886072,0.0128081,0.0158493,0.0166857,0.0161533,0.012491,0.00929066,0.00540455,-0.000670987,-0.00339634,-0.00523183,-0.00447188,-0.00171974,-0.00154224,-0.0011189,-0.000820035,-0.000408346,-0.000192697,-4.63606e-05,0.0,0.0,0.0,0.0,0.0,0.0,-1.02633e-05,0.00019598,-4.67271e-06,-0.000671347,-0.000912233,-0.0018707,-0.00432144,-0.00368527,-0.00217187,-0.00185068,-0.00238516,-0.00405084,-0.00484681,-0.00384193,-0.00248945,-0.00145447,-0.000963119,-0.000681141,-0.000343897,-0.000132428,-2.04393e-05,0.0,0.0,0.0,0.0,0.0,0.0,0.0,-1.49546e-05,-0.000119512,-0.000308323,-0.000596735,-0.00134634,-0.00199217,-0.0028993,-0.00345859,-0.00359845,-0.00365229,-0.00351875,-0.00305678,-0.00244916,-0.00178573,-0.00112631,-0.000524098,-0.000196785,-0.000148924,-2.46295e-05,-3.74583e-06,0.0,0.0,0.0,0.0,0.0,0.0,0.0,0.0,0.0,0.0,-7.59929e-06,-7.35526e-05,-0.000151182,-0.000149555,-0.000233232,-0.000313633,-0.000310053,-0.000382545,-0.000487922,-0.000460695,