{"max":0.0627642,"min":-0.0675347,"acc":0.8279,"arr":[0.0,0.0,0.0,0.0,0.0,0.0,0.0,0.0,0.0,0.0,0.0,0.0,0.0,0.0,0.0,0.0,0.0,0.0,0.0,0.0,0.0,0.0,0.0,0.0,0.0,0.0,0.0,0.0,0.0,0.0,0.0,0.0,0.0,0.0,-2.50034e-05,-5.71533e-05,-8.28378e-05,-4.31395e-05,-5.80791e-05,-7.51974e-05,-0.000129753,-0.00013235,-0.000135304,-0.00010632,-0.000131463,-8.07222e-05,-4.31755e-05,-6.16788e-05,-4.36038e-05,-2.89848e-07,0.0,0.0,0.0,0.0,0.0,0.0,0.0,0.0,0.0,-2.79185e-06,-2.0862e-06,0.0,-2.98244e-05,-8.73166e-05,-0.000248775,-0.000398609,-0.000531263,-0.000852678,-0.0013156,-0.00146458,-0.00184702,-0.00213179,-0.00213672,-0.0016489,-0.00131279,-0.0010613,-0.000805128,-0.000386935,-0.000125809,-1.34605e-05,0.0,0.0,0.0,0.0,0.0,0.0,-1.00593e-06,-1.93371e-05,-1.92115e-05,-4.72747e-06,-2.34214e-05,-0.000125547,-0.000158654,0.000240394,0.000459316,0.000797863,0.000796207,0.000104292,-0.0012756,-0.00297232,-0.00420023,-0.00475182,-0.00451129,-0.00373022,-0.0021189,-0.00101137,-0.000548104,-0.000175576,-6.04174e-05,-4.34637e-05,-5.66345e-06,0.0,0.0,0.0,-3.84082e-06,6.92717e-05,0.000613318,0.0012607,0.00206587,0.00363107,0.00582147,0.00995159,0.0148041,0.0178563,0.0191276,0.0172275,0.0130331,0.00932952,0.00392096,-0.000419093,-0.0027358,-0.00342147,-0.00295485,-0.00263059,-0.000879802,-0.00132689,-0.000657799,-0.000145954,-2.7786e-05,0.0,0.0,0.0,0.000115012,0.000317044,0.000917478,0.00379339,0.00811472,0.0141584,0.0230627,0.0332581,0.040666,0.0461461,0.046446,0.0446128,0.0389603,0.0303893,0.0203344,0.0103906,0.00289296,0.000225953,-0.00307348,-0.0060987,-0.00492009,-0.00441887,-0.00259402,-0.000771534,-0.000128345,0.0,0.0,0.0,1.33323e-05,0.000555195,0.00339928,0.00868384,0.016775,0.0287126,0.0425372,0.0506489,0.052945,0.0509894,0.0470088,0.0432846,0.0390478,0.03339,0.0274738,0.0194078,0.00776652,0.00169577,-0.00166595,-0.0055525,-0.00969397,-0.00807868,-0.00538069,-0.00224633,-0.000356309,-6.593e-05,0.0,-3.17552e-05,-0.000200817,0.000709081,0.00609039,0.0118314,0.0197472,0.0284426,0.0357246,0.0347326,0.0332079,0.0245656,0.0162329,0.00793592,0.00753032,0.0117953,0.0149139,0.0148511,0.00570703,-0.000547672,-0.0058331,-0.00796174,-0.011055,-0.00916795,-0.00676289,-0.00278302,-0.000599007,-9.04542e-05,0.0,-7.19997e-05,-0.000402782,0.00106427,0.00618005,0.0081774,0.0110325,0.0117369,0.0101923,0.00498429,-0.0052667,-0.0187225,-0.0251463,-0.0263992,-0.0195111,-0.00478829,0.00824013,0.0162866,0.00941402,0.00144897,-0.00747261,-0.0104732,-0.0124422,-0.00953776,-0.0063905,-0.00225529,-0.000544818,-2.57507e-05,0.0,-0.000103123,-0.000151063,0.00088531,0.00368101,0.00251938,-0.000104473,-0.00555583,-0.0164831,-0.0290347,-0.0438367,-0.0497567,-0.0470407,-0.0356837,-0.0134883,0.00836237,0.0226559,0.0243507,0.0125966,-0.00152144,-0.0108055,-0.0133726,-0.0137659,-0.00948471,-0.00508942,-0.00158018,-0.000319309,0.0,0.0,-7.32074e-05,-0.000334559,0.000566278,0.00187999,-0.00144592,-0.00835615,-0.0193932,-0.0355319,-0.0496785,-0.0587934,-0.0536933,-0.0343998,-0.0077201,0.0188881,0.0349852,0.0388986,0.0267386,0.00705891,-0.00881212,-0.0160496,-0.0189743,-0.0145581,-0.00907198,-0.00349591,-0.000777249,-0.000216015,-1.12633e-05,0.0,-2.15381e-05,-0.000199164,0.000411657,-0.000539087,-0.00459224,-0.0134797,-0.0273458,-0.0419022,-0.0533856,-0.0509786,-0.0323039,0.000582912,0.032774,0.0509005,0.0564934,0.0444489,0.021006,-0.00217492,-0.0181784,-0.0219458,-0.019818,-0.0142876,-0.00821322,-0.00293828,-0.000342345,-0.000106901,-2.3692e-05,0.0,-1.36384e-05,-0.00014679,-0.000296559,-0.00189384,-0.00649943,-0.0157977,-0.028056,-0.0397117,-0.0444542,-0.0293795,0.000482141,0.0372309,0.057552,0.0627642,0.0572543,0.0428909,0.0193452,-0.00195101,-0.016134,-0.0214935,-0.0197536,-0.0140827,-0.00818972,-0.00280955,-0.000229171,-8.55098e-05,-1.85478e-05,0.0,0.0,-0.000107445,-0.000428175,-0.00198341,-0.00760992,-0.0165559,-0.0280535,-0.0357657,-0.0321272,-0.00970696,0.0209567,0.0477401,0.0508381,0.0449314,0.0358819,0.029177,0.0197085,0.011101,-0.00018705,-0.012181,-0.0155626,-0.0130833,-0.0086244,-0.00321191,-0.000307505,-5.27065e-05,-5.00303e-06,0.0,0.000168644,6.03685e-05,-0.00032416,-0.00195076,-0.0082021,-0.0180228,-0.0281055,-0.0310861,-0.0268114,-0.00763283,0.0149184,0.0244553,0.0127608,0.00523726,0.000302975,0.00920889,0.0165531,0.0239026,0.0204974,0.00486406,-0.00781604,-0.0101765,-0.00879965,-0.00355606,-0.000406328,-6.47255e-05,0.0,0.0,0.000384984,0.000215316,-0.000110057,-0.00151142,-0.00779722,-0.0176767,-0.0276576,-0.0336639,-0.0316297,-0.0225327,-0.0139404,-0.0154579,-0.0290388,-0.0369418,-0.0316118,-0.0107376,0.0137197,0.0338218,0.0342868,0.0191848,0.00119902,-0.00512014,-0.00743896,-0.00374852,-0.000490208,-0.000111364,-1.69679e-05,0.0,0.000176978,0.000378545,0.000619884,0.00053199,-0.00604712,-0.0166721,-0.0241371,-0.0327938,-0.0369068,-0.0372321,-0.0407643,-0.0458207,-0.0552642,-0.0608104,-0.0524,-0.0276555,0.00687091,0.0395879,0.0409275,0.0253497,0.00830731,0.000258609,-0.00436191,-0.00370034,-0.00104529,-0.000273888,-3.49338e-05,0.0,4.87406e-05,0.000478096,0.00287872,0.00359603,-0.00346695,-0.0119019,-0.0201334,-0.0284439,-0.0354655,-0.0424348,-0.0481723,-0.0543107,-0.0634369,-0.0675347,-0.055494,-0.0295225,0.00765484,0.0360349,0.0390803,0.0241394,0.0105703,0.0045495,-0.00294325,-0.00348671,-0.00109662,-0.000124933,-1.7966e-06,0.0,-7.09679e-06,0.00141005,0.0063768,0.00949056,0.00448452,-0.00285904,-0.0130639,-0.024051,-0.0342641,-0.0423098,-0.0463762,-0.0524297,-0.0592684,-0.0582293,-0.0433398,-0.0182148,0.0127938,0.0315525,0.0358288,0.0219921,0.0115081,0.00542967,-0.00217592,-0.00378989,-0.00100196,-7.03112e-05,0.0,0.0,0.0,0.00220847,0.00826841,0.0140908,0.015316,0.00850576,-0.00360431,-0.0174936,-0.0277784,-0.0365953,-0.04309,-0.0472864,-0.0498042,-0.0431677,-0.0285266,-0.00201366,0.0228327,0.034115,0.0312202,0.0182744,0.0104784,0.00276088,-0.00240457,-0.00335371,-0.0010354,-0.000198667,0.0,0.0,0.0,0.00167663,0.00920665,0.017014,0.0228258,0.022618,0.0111863,0.000121627,-0.00880696,-0.0212207,-0.0304124,-0.0338935,-0.0320911,-0.0216145,-0.00273822,0.0184683,0.0301827,0.032613,0.0232587,0.0147804,0.00516309,-0.00114558,-0.00253234,-0.0028105,-0.000857431,-0.000131924,0.0,0.0,0.0,0.000994764,0.00624426,0.0152769,0.0258964,0.033565,0.0317965,0.0249176,0.0158693,0.00664902,-0.00155314,-0.00605313,-0.00383201,0.00730522,0.0227463,0.0332721,0.0312935,0.0255805,0.0160838,0.00693888,0.000892379,-0.00197042,-0.00209978,-0.00203676,-0.000481495,-3.01321e-05,0.0,0.0,0.0,0.000467784,0.00367775,0.0101472,0.0197079,0.0326031,0.0414365,0.0435355,0.0421352,0.0385861,0.0346417,0.0318521,0.0329676,0.03316,0.0318905,0.0281963,0.0234856,0.014457,0.00609991,0.00184945,-2.03814e-05,-0.00111839,-0.00117606,-0.000999936,-0.000186836,-4.36471e-06,0.0,0.0,0.0,6.33526e-05,0.00136128,0.00517779,0.0100349,0.0193802,0.0303217,0.0398819,0.0469199,0.0486519,0.0451628,0.0409954,0.0343851,0.0237967,0.0175305,0.0107742,0.00576965,0.0019446,-0.000703162,-0.00024227,-0.000589067,-0.000787129,-0.000822561,-0.000424761,-7.33141e-05,0.000112923,0.0,0.0,0.0,0.0,7.12938e-05,0.00146246,0.00357825,0.0075166,0.0106087,0.0151824,0.0191273,0.0202988,0.019219,0.0147036,0.0102571,0.00605449,-0.000315322,-0.00370739,-0.00581651,-0.00514021,-0.00207321,-0.00191312,-0.00131451,-0.000909945,-0.000416705,-0.000192697,-4.63606e-05,0.0,0.0,0.0,0.0,0.0,0.0,-1.02633e-05,0.000191811,0.000217989,-0.000520365,-0.000736376,-0.0020703,-0.00475232,-0.00392875,-0.00193738,-0.00121874,-0.00205034,-0.00428565,-0.00498477,-0.00435654,-0.00288214,-0.001824,-0.00125584,-0.000790332,-0.000369619,-0.000132428,-2.04393e-05,0.0,0.0,0.0,0.0,0.0,0.0,0.0,-1.49546e-05,-0.000119512,-0.000320722,-0.000655136,-0.0015112,-0.00230679,-0.00328748,-0.00391634,-0.0041603,-0.00423736,-0.00410256,-0.003587,-0.0028156,-0.00206547,-0.00137054,-0.00070826,-0.000369809,-0.000190971,-2.56428e-05,-3.74583e-06,0.0,0.0,0.0,0.0,0.0,0.0,0.0,0.0,0.0,0.0,-7.7883e-06,-8.64051e-05,-0.000166197,-0.000165823,-0.000236437,-0.000337837,-0.000325402,-0.000382545,-0.00054667,-0.000518645,-0.000527904,-0.0003353,