{"max":0.132067,"min":-0.135494,"acc":0.8668,"arr":[0.0,0.0,0.0,0.0,0.0,0.0,0.0,0.0,0.0,0.0,0.0,0.0,-6.42121e-06,-1.40602e-05,0.0,0.0,0.0,0.0,0.0,0.0,0.0,0.0,0.0,0.0,0.0,0.0,0.0,0.0,0.0,0.0,0.0,0.0,0.0,-2.56804e-08,-2.55074e-05,-5.77857e-05,-8.51305e-05,-6.46175e-05,-0.000131492,-0.00012272,-0.000158164,-0.000164197,-0.000194118,-0.000138717,-0.000171844,-0.000118766,-5.31662e-05,-8.16234e-05,-7.13221e-05,-4.13813e-06,-5.04232e-07,-4.11059e-08,0.0,0.0,0.0,0.0,0.0,0.0,0.0,-2.79185e-06,-2.80071e-06,-1.0618e-06,-3.53849e-05,-0.00014195,-0.000381656,-0.000737202,-0.000922858,-0.000962109,-0.00145361,-0.00226711,-0.00285113,-0.00304881,-0.00291365,-0.00224208,-0.00193036,-0.00184539,-0.00136815,-0.000751539,-0.00029453,-3.72503e-05,0.0,0.0,0.0,0.0,0.0,0.0,-1.00593e-06,-2.02482e-05,-3.29373e-05,0.000458128,0.000473058,0.000421764,3.41183e-05,-0.000375275,0.000194155,0.00253645,0.00383368,0.00320575,0.0030502,0.000196583,-0.00238169,-0.00306092,-0.00377363,-0.00446593,-0.00282525,-0.00220619,-0.00136821,-0.00074723,-0.000326511,-8.69108e-05,-5.66345e-06,0.0,0.0,2.53153e-05,-1.1895e-05,6.00011e-05,0.000744663,0.00243233,0.00460358,0.00783199,0.0127851,0.02182,0.0330487,0.0407313,0.040147,0.0327356,0.0217718,0.0125918,0.000672938,-0.0090486,-0.0114922,-0.0133828,-0.0118852,-0.0106283,-0.0064008,-0.00536922,-0.00237643,-0.000657509,-8.66962e-05,0.0,0.0,0.0,0.00011448,0.000403203,0.0034724,0.011256,0.0208247,0.0333371,0.0477334,0.0637924,0.0793769,0.086229,0.0828535,0.0794417,0.0666179,0.05071,0.0294057,0.00843976,-0.00710216,-0.0103342,-0.0131689,-0.0174406,-0.0182657,-0.0150356,-0.00792452,-0.00229997,-0.000376858,0.0,0.0,0.0,0.000332525,0.00276447,0.0112616,0.0232012,0.0407004,0.0570778,0.0780143,0.0900007,0.0914474,0.0883625,0.082999,0.0794235,0.0731925,0.0652079,0.0518911,0.0330904,0.0132069,0.00279136,-0.000460701,-0.0110793,-0.0223551,-0.0221649,-0.0137391,-0.0049932,-0.000959137,-7.21669e-05,0.0,-3.21891e-05,2.17528e-05,0.00424164,0.0175085,0.0303642,0.0474398,0.0607192,0.0680535,0.0576707,0.0483073,0.0342397,0.0230128,0.0154009,0.0233208,0.0341881,0.0386652,0.034373,0.01607,0.0118471,0.00723629,-0.00333944,-0.020612,-0.0229858,-0.0163128,-0.00565931,-0.00108632,-9.30044e-05,0.0,-8.35419e-05,-0.000395271,0.00396293,0.0180147,0.0268425,0.0340238,0.0315406,0.015094,-0.00547581,-0.0233806,-0.0443441,-0.0520374,-0.0488562,-0.020535,0.0134137,0.0332524,0.034111,0.0248177,0.0202118,0.0113022,-0.00249398,-0.0183446,-0.0219305,-0.0149103,-0.00507855,-0.000962137,-3.50841e-05,-2.18462e-05,-0.000205843,-0.000509702,0.00268395,0.0127087,0.0141954,0.00827413,-0.0118607,-0.0417193,-0.0756987,-0.100477,-0.110049,-0.0967883,-0.065923,-0.0132965,0.035409,0.0537383,0.0482168,0.0341842,0.018477,0.0062859,-0.00917816,-0.0199765,-0.0180527,-0.0107204,-0.00348104,-0.000599735,-1.12647e-05,-2.55424e-05,-0.000321064,-0.00097126,0.000550052,0.00303593,-0.00268604,-0.0188592,-0.0470012,-0.0847106,-0.117903,-0.135494,-0.122422,-0.0807177,-0.0198931,0.0444781,0.0820009,0.0882209,0.0629926,0.0316909,0.00493258,-0.0108241,-0.0250918,-0.0236437,-0.0151711,-0.00701698,-0.00199846,-0.000379661,-2.12578e-05,-1.99204e-05,-0.00023094,-0.00090073,-3.95771e-05,-0.00237283,-0.0122483,-0.0325731,-0.0637741,-0.0971433,-0.12325,-0.121256,-0.0826751,-0.0150258,0.0552743,0.103624,0.122407,0.101859,0.056181,0.013625,-0.0178168,-0.0312755,-0.0343274,-0.0265336,-0.0148644,-0.00545141,-0.000977249,-0.000177023,-2.4562e-05,-1.90781e-06,-0.000126161,-0.000716623,-0.00139674,-0.00442359,-0.0143964,-0.035545,-0.0624703,-0.0878731,-0.0969978,-0.0708208,-0.0129777,0.0641845,0.114859,0.132067,0.118354,0.0876703,0.0414861,-0.000517862,-0.0272668,-0.0383309,-0.0352527,-0.025979,-0.0147782,-0.0050644,-0.000439702,-0.000123204,-1.85478e-05,-2.63134e-06,-0.000110326,-0.000446308,-0.00139842,-0.00535548,-0.0168868,-0.0360496,-0.0595843,-0.0712924,-0.0642923,-0.0246536,0.0388493,0.0989573,0.109261,0.0931031,0.0649509,0.0531727,0.0323547,0.00922165,-0.0101957,-0.0244248,-0.0268641,-0.0226183,-0.0140647,-0.00591645,-0.000909696,-0.000117999,-4.04429e-05,0.0,0.000171253,-0.000148115,-0.000938434,-0.00463815,-0.0168911,-0.0368106,-0.055675,-0.0607267,-0.0499555,-0.0152866,0.0340744,0.0640781,0.0434675,0.0223349,0.0044516,0.0182974,0.0281222,0.0350977,0.0243945,0.00195662,-0.010469,-0.0160887,-0.01296,-0.00627938,-0.00126679,-0.000229967,-2.63268e-05,0.0,0.000384984,0.000329163,0.000110106,-0.00231095,-0.0140736,-0.0322274,-0.0517102,-0.0648345,-0.0602408,-0.0403537,-0.0174017,-0.0148769,-0.0377734,-0.0530279,-0.0465009,-0.00969569,0.0304931,0.0569793,0.0519244,0.0304431,0.00586779,-0.00663909,-0.0103739,-0.0064234,-0.00161943,-0.000320342,-4.82574e-05,0.0,0.000176978,0.00109637,0.0027875,0.00298414,-0.00874751,-0.0274842,-0.0464868,-0.0657983,-0.0779669,-0.0805745,-0.0794834,-0.088379,-0.105085,-0.108343,-0.0827243,-0.031317,0.0272369,0.0705911,0.0695954,0.0480002,0.0188059,0.00229749,-0.00618687,-0.00696149,-0.00249634,-0.000622337,-7.06588e-05,0.0,4.87406e-05,0.00131421,0.00771864,0.0107363,-0.00161346,-0.0186677,-0.0388475,-0.0636306,-0.0896759,-0.104659,-0.112841,-0.117725,-0.127428,-0.126354,-0.0919255,-0.0317039,0.0308331,0.0675166,0.0713961,0.0508523,0.0266061,0.0115283,-0.00322207,-0.00919881,-0.00331002,-0.000558545,-2.91158e-05,-1.44072e-07,3.87514e-07,0.00238376,0.0145868,0.0230772,0.0159926,4.99494e-06,-0.0269541,-0.0566498,-0.0854946,-0.103009,-0.110945,-0.115498,-0.120644,-0.114283,-0.070438,-0.00779724,0.0426917,0.0649589,0.0667025,0.0465295,0.0306327,0.014246,-0.00607433,-0.0103843,-0.00322866,-0.000461531,-3.12415e-05,-7.20361e-07,-5.8303e-06,0.00398575,0.0203547,0.0349951,0.0377547,0.0233051,-0.00574065,-0.0415129,-0.0679005,-0.0859811,-0.0962282,-0.0987275,-0.096272,-0.0801229,-0.0391946,0.0185969,0.0548162,0.0652421,0.0611593,0.0395435,0.0249595,0.00655677,-0.00958806,-0.00939753,-0.00325828,-0.000610834,-1.75306e-05,0.0,3.4075e-05,0.00419094,0.0240455,0.0427388,0.0551711,0.0502716,0.0254812,-0.0022507,-0.0269134,-0.0491688,-0.0623154,-0.0652015,-0.0535778,-0.0292654,0.00973106,0.0478184,0.0593872,0.0565581,0.0461537,0.0317164,0.0100677,-0.00608995,-0.0113006,-0.00804135,-0.00256855,-0.000392693,0.0,0.0,-6.06598e-07,0.00336344,0.0188215,0.0400596,0.0620883,0.0752597,0.0651764,0.0482079,0.0258434,0.00769674,-0.00814254,-0.00934636,0.00247377,0.0240389,0.0470985,0.058588,0.0490071,0.0414142,0.0275195,0.0123185,-0.00252642,-0.0111727,-0.00962329,-0.00566762,-0.00158308,-0.0001826,-1.15652e-06,0.0,0.0,0.00273446,0.0121145,0.0289286,0.0502997,0.0744592,0.0879373,0.0851422,0.0797743,0.0684057,0.0564586,0.0504986,0.0528517,0.0547792,0.0490561,0.0394192,0.0300039,0.017094,0.00682219,-0.0020981,-0.00732417,-0.00795477,-0.00517773,-0.00272845,-0.000661586,-2.50088e-05,-2.13511e-06,0.0,0.0,0.00138983,0.00567366,0.0171304,0.0315261,0.0520406,0.0708386,0.0825125,0.0876575,0.0869627,0.078588,0.0690535,0.0547475,0.032577,0.0185772,0.00704015,0.000406963,-0.000583567,-0.00548275,-0.00579955,-0.00496595,-0.00405564,-0.00271189,-0.00110522,-0.000188147,0.000105769,0.0,0.0,0.0,0.000349193,0.00143589,0.00581953,0.0122777,0.0223852,0.0311214,0.0407843,0.0492406,0.0524637,0.0472144,0.0359904,0.0238633,0.0100022,-0.00381652,-0.00854146,-0.0114576,-0.0108479,-0.0069847,-0.00429536,-0.00213926,-0.00168326,-0.000974755,-0.000415265,-7.13438e-05,0.0,0.0,0.0,0.0,1.97356e-05,0.000165055,0.000549732,0.0013137,0.00190184,0.00179299,0.00186326,0.000760396,-0.00171369,-0.00134182,0.00086754,-0.000405577,-0.00381035,-0.00643905,-0.00761192,-0.00819416,-0.00675322,-0.00400313,-0.00187055,-0.00104006,-0.000541897,-0.000277894,-4.20264e-05,0.0,0.0,0.0,0.0,0.0,0.0,0.0,-7.24064e-05,-0.000113322,-0.000310758,-0.000856856,-0.00193248,-0.00296555,-0.00496612,-0.00586997,-0.00636166,-0.00737683,-0.00781088,-0.00649886,-0.00490613,-0.00430735,-0.0032816,-0.0019022,-0.000694746,-8.58954e-05,-7.60151e-05,-2.16785e-05,-1.85547e-08,0.0,0.0,0.0,0.0,0.0,0.0,0.0,0.0,0.0,-2.65868e-05,-0.000115452,-0.000205565,-0.000234321,-0.000392475,