{"max":0.264871,"min":-0.315158,"acc":0.9007,"arr":[0.0,0.0,0.0,0.0,0.0,0.0,0.0,0.0,0.0,0.0,0.0,0.0,-6.13741e-05,-0.000207251,-8.10828e-05,-3.37845e-06,0.0,0.0,0.0,0.0,0.0,0.0,0.0,0.0,0.0,0.0,0.0,0.0,0.0,0.0,0.0,0.0,-1.92963e-06,-9.54902e-06,-0.000521122,-0.001234,-0.00122475,-0.00127944,-0.00277694,-0.00343835,-0.00420071,-0.00308723,-0.0022552,-0.00238666,-0.00255507,-0.00157291,-0.000878454,-0.000688673,-0.000576856,-0.000600727,-0.000464622,-0.000127654,0.0,0.0,0.0,0.0,0.0,0.0,-5.98059e-07,-1.81726e-05,-8.2351e-05,-3.76684e-05,-0.000811756,-0.00333413,-0.00494804,-0.00757542,-0.0134516,-0.0180011,-0.0229885,-0.0228209,-0.0212722,-0.0199711,-0.0174059,-0.0128558,-0.00989015,-0.00602549,-0.0039608,-0.00309244,-0.00198527,-0.000995045,-0.000373156,-9.87458e-05,0.0,0.0,0.0,0.0,-2.82415e-06,-9.06245e-05,-0.00011237,-0.00027366,-0.00197172,-0.00537247,-0.0104473,-0.0183057,-0.0275479,-0.0371741,-0.0478064,-0.0528801,-0.052655,-0.0492509,-0.0421211,-0.0347381,-0.0277143,-0.017939,-0.00996983,-0.0051206,-0.00214933,-0.000112963,-0.000821314,-0.000183375,-3.36318e-05,0.0,0.0,-2.49952e-06,-1.24058e-05,-7.74804e-05,0.000240563,9.84706e-05,-0.00185465,-0.00567382,-0.0142313,-0.0268813,-0.0450521,-0.0583854,-0.0709976,-0.0798534,-0.0854716,-0.0819116,-0.0655498,-0.0499932,-0.0367552,-0.0184532,0.00253381,0.0108514,0.0147955,0.0138308,0.00680983,0.000911041,-0.000117689,-3.06738e-05,0.0,0.0,-3.1425e-05,-6.44422e-06,0.000981577,0.0036804,0.00512531,0.00321511,-0.00327614,-0.00915354,-0.0328932,-0.0549103,-0.0716135,-0.0877359,-0.0893907,-0.0784007,-0.0483484,-0.0183772,0.0124828,0.0272851,0.0400568,0.050644,0.0597972,0.0554481,0.0247131,0.00359706,-0.000736492,-2.69542e-05,0.0,-1.92335e-07,-0.000179893,-0.000443248,0.00245545,0.00798862,0.0111384,0.0116588,0.00212614,-0.00503435,-0.0322323,-0.069398,-0.100254,-0.144401,-0.190581,-0.195794,-0.15375,-0.0876388,-0.0348072,0.00966531,0.0354558,0.0654806,0.090594,0.0784021,0.0335004,0.0045789,0.000176336,-0.000180861,0.0,-5.38603e-05,-0.000520555,-0.000841951,0.00157669,0.00729181,0.00479481,0.00340655,-0.00821071,-0.0233216,-0.0588376,-0.103999,-0.155369,-0.213369,-0.291536,-0.315158,-0.254311,-0.152166,-0.0807434,-0.0347408,-0.000742035,0.0458231,0.0724369,0.0564563,0.0152411,-0.00310096,-0.00140664,-0.00021889,-1.98769e-05,-0.000402556,-0.00154732,-0.00356015,-0.00292724,0.000867918,-0.00645672,-0.0105172,-0.0248447,-0.0310931,-0.068048,-0.0920761,-0.137135,-0.196598,-0.286143,-0.306954,-0.228583,-0.11439,-0.0530798,-0.034146,-0.0103336,0.0176077,0.0265227,0.0106534,-0.0109356,-0.0141273,-0.00495764,-0.000217305,-6.54969e-05,-0.000618178,-0.00247695,-0.00741529,-0.0104089,-0.00967706,-0.0183394,-0.0191675,-0.0230212,-0.0199193,-0.0332359,-0.0365889,-0.0564535,-0.1315,-0.235818,-0.227095,-0.11418,-0.0143575,0.00666524,-0.0117934,-0.0131927,-0.00862166,-0.0135462,-0.0284024,-0.0357746,-0.0213405,-0.00529429,-0.000532754,-8.18739e-05,-0.00069225,-0.00312617,-0.00796045,-0.0111155,-0.0153635,-0.0212508,-0.0136223,-0.00225705,0.0296028,0.0417784,0.0538828,0.0279128,-0.0929468,-0.194621,-0.138029,-0.00830642,0.0751255,0.0462085,0.00191983,-0.0266096,-0.0323015,-0.0388673,-0.0432921,-0.0304133,-0.0160689,-0.00402919,-0.000242565,-3.92847e-05,-0.000877219,-0.00420697,-0.00673927,-0.0108537,-0.0134697,-0.00770745,0.0083828,0.0462932,0.0934215,0.140377,0.139319,0.0584162,-0.101422,-0.163082,-0.0656569,0.0885738,0.13247,0.0665595,-0.00200408,-0.0380385,-0.0426216,-0.0467797,-0.0399341,-0.0218497,-0.00859626,-0.0017299,-0.00012411,-5.03724e-06,-0.00098278,-0.00337773,-0.00656714,-0.00952789,-0.00427364,0.0262561,0.0644697,0.118144,0.170536,0.221958,0.188464,0.0612203,-0.0812777,-0.123503,-0.0145313,0.135927,0.156598,0.0716257,0.00218808,-0.0274171,-0.0300475,-0.0317525,-0.026203,-0.0110422,-0.00207125,-0.000572392,-0.000205681,-9.12201e-07,-0.000551083,-0.00211646,-0.00452529,-0.000487445,0.0222237,0.0776669,0.13389,0.182657,0.225578,0.261893,0.20646,0.0693687,-0.0416153,-0.0706636,0.0281222,0.159285,0.179947,0.0963468,0.0361181,0.0171472,-0.000962692,-0.0112009,-0.012932,-0.00809637,-9.39222e-05,-1.91446e-05,-0.00046412,-4.00463e-06,-0.000250726,-0.00100516,0.000492058,0.0158209,0.0549985,0.125702,0.191682,0.225122,0.240611,0.244082,0.187521,0.0964624,0.0100488,-0.00784355,0.0831978,0.207765,0.222167,0.149405,0.105151,0.0661474,0.0272489,0.00823548,0.00121796,-0.00484051,-0.00159508,-0.000799853,-4.89387e-05,-2.25114e-06,-4.339e-05,-0.000102428,0.0036444,0.0181479,0.0663231,0.135377,0.197251,0.228309,0.212412,0.183139,0.155778,0.108071,0.0605523,0.0861062,0.181436,0.263114,0.242977,0.171262,0.118273,0.0634194,0.0243407,0.00799702,-0.0010846,-0.0090585,-0.00514703,-0.000111046,-7.68814e-05,-5.37083e-06,-2.43145e-05,-0.000624481,-0.00095393,0.00493082,0.043619,0.103053,0.152151,0.175421,0.146622,0.106676,0.0967034,0.0965484,0.104251,0.171981,0.25782,0.264871,0.203147,0.131336,0.0680675,0.0261971,-0.000308729,-0.0171041,-0.0194874,-0.0148436,-0.00801214,-0.00167127,-0.000141912,0.0,-2.58335e-05,-0.000450092,-0.00731364,-0.00780596,0.00453504,0.0387042,0.0730281,0.0836442,0.058922,0.0288772,0.027057,0.0542538,0.112917,0.187279,0.222356,0.182797,0.097896,0.0379475,-0.015386,-0.0370359,-0.0419458,-0.0460436,-0.0328882,-0.0200731,-0.00863592,-0.00137536,-0.000262058,-6.11688e-05,-1.10097e-05,-0.000235408,-0.00920047,-0.0220923,-0.0296299,-0.0343421,-0.0245592,-0.0309978,-0.0570234,-0.08941,-0.0810621,-0.0197634,0.0516396,0.0992826,0.108087,0.0641319,-0.00872847,-0.0506588,-0.0765707,-0.0783866,-0.0719717,-0.0617375,-0.037405,-0.0181774,-0.00690759,-0.000355561,-1.80903e-05,-1.55261e-07,-9.79232e-05,-0.000452566,-0.00765732,-0.0269292,-0.049951,-0.082071,-0.109159,-0.136825,-0.16418,-0.179857,-0.155984,-0.100052,-0.0317608,0.00728792,0.00854198,-0.0180974,-0.0454387,-0.0714694,-0.0856091,-0.0844461,-0.0690262,-0.057147,-0.0317504,-0.0147012,-0.00466522,-0.000486539,-2.00718e-06,0.0,-3.42042e-05,-0.000548492,-0.00793451,-0.0256447,-0.0533363,-0.0934022,-0.137068,-0.175429,-0.195658,-0.195304,-0.161064,-0.115728,-0.084067,-0.0585099,-0.0423896,-0.0368046,-0.0406665,-0.0551876,-0.0633743,-0.0607067,-0.0478281,-0.0366447,-0.0201969,-0.00919835,-0.00293557,-0.000320084,-1.46414e-06,-1.0128e-07,-8.92063e-06,-0.000530078,-0.00607851,-0.0179578,-0.0401052,-0.0803668,-0.120603,-0.149147,-0.164294,-0.158802,-0.127662,-0.102197,-0.0934487,-0.0740826,-0.0458018,-0.0312826,-0.019096,-0.0193842,-0.0190533,-0.0226108,-0.019518,-0.0168082,-0.00974343,-0.00521182,-0.00218334,-0.000256093,-1.43791e-07,-9.81153e-08,-1.82647e-07,-0.00033595,-0.00367223,-0.0103838,-0.0264368,-0.0535612,-0.0844706,-0.105339,-0.115669,-0.10591,-0.0901605,-0.0800028,-0.0715947,-0.0559397,-0.0207581,-0.00263818,0.0170116,0.025327,0.0296336,0.015278,0.00858578,-0.00200796,-0.00441567,-0.00230009,-0.00106922,-2.53042e-05,-2.6546e-07,0.0,0.0,-0.000114104,-0.00110361,-0.00500265,-0.0141176,-0.0296735,-0.0465072,-0.0578528,-0.0638596,-0.0624699,-0.0552809,-0.0610793,-0.0578907,-0.0367036,-0.00268942,0.0201077,0.0414773,0.0560272,0.04905,0.0339689,0.0163236,0.00204956,-0.00198976,-0.00145158,-6.98933e-05,1.34726e-05,0.0,0.0,0.0,-2.39967e-05,-0.000185847,-0.00192303,-0.00549587,-0.0136466,-0.0213982,-0.0269069,-0.0348418,-0.0394774,-0.0404321,-0.0523478,-0.0564485,-0.0362886,-0.0152463,-0.00460407,0.00514915,0.0176359,0.0192934,0.0107741,0.00353014,-0.000790496,-0.0021054,-0.00154695,4.06162e-05,-1.42899e-05,0.0,0.0,0.0,-1.47901e-05,-4.09539e-05,-0.000658653,-0.00335626,-0.00858399,-0.0183683,-0.0314993,-0.0424314,-0.0534895,-0.0711201,-0.0837503,-0.0831494,-0.075517,-0.0724964,-0.0717909,-0.0669109,-0.050529,-0.0361109,-0.0224932,-0.0127871,-0.00516563,-0.00222818,-0.00116811,-4.83035e-05,-1.5059e-05,0.0,0.0,0.0,0.0,0.0,-0.000261915,-0.000945949,-0.00355157,-0.00754487,-0.0151747,-0.0234363,-0.0299244,-0.0388312,-0.044267,-0.0477522,-0.0498348,-0.044976,-0.0426869,-0.0349838,-0.0268797,-0.0190673,-0.0106455,-0.00468429,-0.00164822,-0.000115682,-4.89045e-05,-1.10384e-06,0.0,