{"max":0.0782178,"min":-0.0714738,"acc":0.8291,"arr":[0.0,0.0,0.0,0.0,0.0,0.0,0.0,0.0,0.0,0.0,0.0,0.0,0.0,0.0,0.0,0.0,0.0,0.0,0.0,0.0,0.0,0.0,0.0,0.0,0.0,0.0,0.0,0.0,0.0,0.0,0.0,0.0,0.0,0.0,-7.5012e-05,-0.000189792,-0.000315505,-0.000110706,-8.35944e-05,-0.000129425,-0.000213168,-0.000299434,2.6342e-05,-0.0001474,-0.000329144,-0.000277914,-0.000132248,-0.00014585,-7.99557e-05,-7.85256e-07,0.0,0.0,0.0,0.0,0.0,0.0,0.0,0.0,0.0,-8.98915e-06,-5.54924e-06,0.0,-9.73298e-05,-0.000289605,-0.000662476,-0.000707436,-0.000899035,-0.00148853,-0.00232136,-0.00258784,-0.00301912,-0.00358368,-0.00346713,-0.00264216,-0.0020089,-0.00123906,-0.000884255,-0.000575246,-0.000181355,-2.91367e-05,0.0,0.0,0.0,0.0,0.0,0.0,-1.46528e-06,-3.77129e-05,-2.76434e-05,-2.64173e-05,-0.00024958,-0.000572263,-0.00131145,-0.00222662,-0.00292136,-0.00428237,-0.00610685,-0.00828375,-0.00969537,-0.0107276,-0.00949205,-0.00792548,-0.00645131,-0.00444623,-0.00164521,-0.000325767,-0.000397655,0.000134238,3.00297e-06,-2.69707e-05,-3.58341e-06,0.0,0.0,0.0,-5.59469e-06,-2.1589e-05,-9.67213e-05,-0.000298184,-0.000654973,-0.00128952,-0.00279631,-0.00370783,-0.00661489,-0.00890364,-0.0132036,-0.0203271,-0.0248593,-0.025847,-0.0207899,-0.0172013,-0.0133425,-0.00526702,0.00299379,0.00443463,0.00294337,0.0016451,0.000101302,-0.000155777,-4.05056e-05,0.0,0.0,0.0,-1.73341e-05,-5.42569e-05,0.000114332,9.15673e-05,-0.000773482,-0.00133328,-0.002742,-0.00419088,-0.00966929,-0.0151349,-0.022582,-0.0334691,-0.0425178,-0.0424973,-0.0363956,-0.02453,-0.0105184,0.002261,0.0108504,0.0120576,0.0115667,0.00943658,0.00384362,0.000635638,-0.000156832,0.0,0.0,0.0,-1.38258e-06,0.000226838,0.000625366,0.00080963,-5.71024e-05,-0.00140516,-0.00321612,-0.00314263,-0.00541769,-0.0144553,-0.0287791,-0.0466329,-0.0608489,-0.0628267,-0.0515957,-0.033984,-0.0113204,0.00708857,0.0156619,0.0157574,0.0162495,0.0120492,0.00463912,0.00026752,-0.000254883,-8.30475e-05,0.0,-2.09974e-05,-0.000182345,-0.000234112,-3.74296e-05,0.000162732,-0.00133009,-0.00256697,-0.00377666,-0.00431631,-0.00657418,-0.0166912,-0.0351654,-0.056567,-0.0713716,-0.0714738,-0.0579918,-0.0370129,-0.0097501,0.00770868,0.0146194,0.0144593,0.0121387,0.00731797,0.00142245,-0.000742493,-0.000482458,-0.000107672,0.0,-7.18691e-05,-0.000440806,-0.00115943,-0.00157517,-0.00152699,-0.00223949,-0.00312102,-0.0041887,-0.00444236,-0.00586928,-0.0151738,-0.0342598,-0.0519801,-0.0632544,-0.0638561,-0.0497669,-0.0238394,-0.00237391,0.00859577,0.0146592,0.0115705,0.00426327,0.00208444,-0.00145509,-0.00142262,-0.000693834,-2.5018e-05,0.0,-0.000118767,-0.000499718,-0.00159826,-0.00216024,-0.00226003,-0.00175042,-0.00054738,-0.000682597,0.00251652,0.00311022,-0.00412608,-0.0194538,-0.0337834,-0.0468816,-0.0476228,-0.0287944,-0.00286255,0.0160877,0.0196252,0.0153963,0.00575096,-0.00148121,-0.00303317,-0.00320154,-0.00151835,-0.000476787,0.0,0.0,-0.000114615,-0.000374471,-0.000960942,-0.000776091,-0.000644148,0.00183993,0.00544928,0.00929387,0.0172982,0.016043,0.012663,-0.000333173,-0.0216405,-0.0372282,-0.0347543,-0.00955121,0.0196399,0.0304488,0.0242845,0.00909024,-0.00193065,-0.00618752,-0.00544562,-0.00290715,-0.00106242,-0.000364954,-1.86434e-05,0.0,-4.13889e-05,-0.000244122,1.4689e-05,0.000848683,0.00164214,0.0073656,0.015843,0.0275923,0.0307689,0.0339334,0.0227163,-0.000135327,-0.0264027,-0.0370995,-0.0274632,0.00545625,0.0338871,0.0377684,0.0213688,0.00464037,-0.00472965,-0.00829029,-0.00583327,-0.00266057,-0.000489681,-0.00018392,-4.893e-05,0.0,-1.70613e-05,-0.000154715,0.000268493,0.00123645,0.00439988,0.0149116,0.0290002,0.0432468,0.0482403,0.0455774,0.0236956,-0.011407,-0.0328793,-0.0382761,-0.0214778,0.0158173,0.0445934,0.0377604,0.0173548,0.00242762,-0.00565245,-0.00724069,-0.00495437,-0.00221814,-0.000363452,-0.000175254,-3.30351e-05,0.0,-2.0701e-06,-0.000122106,0.000487804,0.00132843,0.00831542,0.0241635,0.0438793,0.0606744,0.0638923,0.0517008,0.0211438,-0.0123956,-0.0271841,-0.0278908,-0.00477315,0.0267833,0.0491394,0.0373068,0.0181777,0.00485505,-0.00161298,-0.00463741,-0.00333763,-0.000820836,-0.00013622,-0.000166542,-8.91079e-06,0.0,-1.96521e-05,-5.06143e-05,0.000801911,0.00371848,0.0131018,0.0329051,0.0597044,0.0761873,0.0770273,0.0619936,0.0372856,0.0180364,0.0035138,0.00248292,0.0183612,0.0434394,0.0575975,0.0457371,0.0279526,0.0156235,0.00476463,-0.000180898,-0.000716954,-0.000725959,-0.000331481,-8.45064e-05,0.0,0.0,-3.79313e-05,-3.18303e-05,0.000733083,0.00436557,0.0123178,0.0355964,0.0595214,0.0775856,0.0782178,0.0680453,0.0567765,0.0432037,0.0313844,0.0329415,0.0451838,0.0570615,0.0641677,0.0502775,0.0285497,0.0108675,0.000932304,5.67858e-05,0.000406111,-0.00143029,-0.000389375,0.000327536,-1.43263e-05,0.0,-2.03951e-05,-9.00849e-05,0.000124187,0.00141211,0.00758799,0.0260554,0.0422677,0.0539066,0.0526933,0.0493656,0.0470564,0.0422502,0.0363888,0.0443126,0.0566029,0.0610465,0.0580601,0.0382332,0.0139967,-0.00231597,-0.00650591,-0.00332186,-0.00191417,-0.00174523,-0.000234352,0.000428871,-2.94953e-05,0.0,-2.12885e-05,-8.87026e-05,-0.000222946,0.000774976,0.0027967,0.0102455,0.015988,0.018735,0.014942,0.0108988,0.0082033,0.0106716,0.0194624,0.0352802,0.0457009,0.0442097,0.0362481,0.0142752,-0.00594022,-0.0132402,-0.0121856,-0.00803229,-0.00435736,-0.00252865,-0.000597086,-2.03025e-05,-1.5169e-06,0.0,-8.84597e-06,5.16001e-05,-0.000489403,-0.00137462,-0.00266783,-0.00432071,-0.0049358,-0.0111929,-0.0196191,-0.0241074,-0.0232682,-0.0132301,0.00101513,0.0135786,0.0190712,0.0196541,0.0101649,-0.00486972,-0.0157508,-0.0177779,-0.0157446,-0.0103547,-0.00576254,-0.00296674,-0.000818164,-4.48056e-05,0.0,0.0,0.0,5.46399e-05,-0.000667977,-0.00370175,-0.00900203,-0.0143834,-0.0217405,-0.0318552,-0.0407178,-0.0447519,-0.0380471,-0.0220878,-0.00884319,-0.00322529,-0.000652518,-0.000710954,-0.00612861,-0.012905,-0.0177842,-0.0192431,-0.0151056,-0.0100059,-0.00556143,-0.00257738,-0.000670651,-0.000132464,0.0,0.0,0.0,-4.25568e-05,-0.000807345,-0.00446868,-0.0110222,-0.0196875,-0.0299647,-0.0413077,-0.0487259,-0.0508305,-0.04051,-0.026866,-0.0205884,-0.0182428,-0.0142608,-0.00964716,-0.010546,-0.0106715,-0.0132646,-0.014464,-0.0104559,-0.00662662,-0.00391664,-0.0019804,-0.000563658,-9.6851e-05,0.0,0.0,0.0,-0.00012723,-0.000864339,-0.00348464,-0.00919447,-0.0190701,-0.0304232,-0.0406888,-0.0470743,-0.0481172,-0.0392492,-0.0347468,-0.0306536,-0.0266494,-0.0194983,-0.0124558,-0.00671888,-0.00128223,-0.00370105,-0.00576018,-0.00426528,-0.00306295,-0.00232439,-0.00122009,-0.00031216,-7.46366e-05,0.0,0.0,0.0,-4.47315e-05,-0.000590283,-0.00231258,-0.00646235,-0.0140601,-0.0238105,-0.032949,-0.0392058,-0.0381722,-0.0346664,-0.0344964,-0.0287623,-0.0243595,-0.0128515,-0.00398536,0.00275304,0.00950186,0.00574914,0.00216207,0.00079288,-0.000304922,-0.000606311,-0.000584874,-0.000144222,-2.73902e-05,0.0,0.0,0.0,-6.86459e-06,-0.0001852,-0.00127206,-0.00348598,-0.00749245,-0.0132626,-0.018703,-0.0234937,-0.0248091,-0.0244892,-0.0256362,-0.0192052,-0.0137815,-0.00233554,0.00495092,0.0109768,0.0146639,0.0112366,0.00611615,0.00238184,0.000635614,-0.000314005,-0.000419525,-6.71698e-05,-1.37848e-05,0.0,0.0,0.0,0.0,-6.02799e-06,-0.000278812,-0.000973372,-0.00245551,-0.0042219,-0.00609886,-0.00870006,-0.0109283,-0.0137942,-0.0142224,-0.0103992,-0.00304252,0.00412372,0.00567467,0.00784106,0.00836764,0.00623447,0.00334004,0.000664655,0.000336474,0.000207773,-0.00023856,-3.25233e-05,0.0,0.0,0.0,0.0,0.0,0.0,-2.87199e-05,-0.000349488,-0.00123683,-0.00225326,-0.00405068,-0.00619682,-0.00853175,-0.0123828,-0.0117535,-0.0106992,-0.0057986,-0.00176941,-0.00111395,-0.00330504,-0.00320346,-0.00161,-0.00146558,-0.000817629,-0.000295697,0.000103527,-3.87607e-05,0.0,0.0,0.0,0.0,0.0,0.0,0.0,-1.84607e-05,-0.000160257,-0.0005442,-0.00109488,-0.00243094,-0.0034794,-0.00449834,-0.00591536,-0.0059945,-0.00593208,-0.00546017,-0.00535448,-0.00425632,-0.00321814,-0.00248294,-0.0013659,-0.000849658,-0.000395495,-0.000116137,-2.16094e-05,0.0,0.0,0.0,0.0,0.0,0.0,0.0,0.0,0.0,0.0,-3.22702e-05,-0.000147668,-0.000227888,