{"max":0.21742,"min":-0.265312,"acc":0.8917,"arr":[0.0,0.0,0.0,0.0,0.0,0.0,0.0,0.0,0.0,0.0,0.0,0.0,-5.98846e-05,-0.000175079,-4.89106e-05,-2.03794e-06,0.0,0.0,0.0,0.0,0.0,0.0,0.0,0.0,0.0,0.0,0.0,0.0,0.0,0.0,0.0,0.0,-1.92963e-06,-9.54902e-06,-0.000289166,-0.000653174,-0.000632772,-0.000768182,-0.00172884,-0.00217556,-0.00253155,-0.00194822,-0.00141769,-0.00133505,-0.00136617,-0.00095585,-0.000563561,-0.000495354,-0.000421623,-0.000301806,-0.00021014,-6.80069e-05,0.0,0.0,0.0,0.0,0.0,0.0,-5.98059e-07,-8.98915e-06,-4.97709e-05,-3.0802e-05,-0.000521405,-0.00195522,-0.00302773,-0.00481551,-0.00866697,-0.0121763,-0.0153243,-0.0157632,-0.0151561,-0.014282,-0.0124862,-0.00936367,-0.00735546,-0.0047541,-0.003131,-0.00234713,-0.00139631,-0.00061178,-0.000251602,-7.98845e-05,0.0,0.0,0.0,0.0,-2.79874e-06,-5.3251e-05,-6.95948e-05,-0.000219342,-0.00130079,-0.00353632,-0.00670527,-0.0121871,-0.0189691,-0.0262366,-0.0338712,-0.0378487,-0.0382654,-0.0368899,-0.0325015,-0.0275892,-0.0220679,-0.0146196,-0.00812128,-0.00395209,-0.00160534,-2.22106e-05,-0.000508934,-0.000133273,-2.21631e-05,0.0,0.0,-2.41308e-06,-1.12019e-05,-5.99692e-05,6.74539e-05,-2.40035e-05,-0.00143203,-0.0042731,-0.00992507,-0.0191829,-0.0322097,-0.0433542,-0.0542968,-0.0645789,-0.0698188,-0.0687271,-0.0567573,-0.0434908,-0.0313124,-0.0142007,0.0025749,0.00892083,0.0113339,0.00978231,0.00436823,0.000481545,-0.000141256,-2.90557e-05,0.0,0.0,-2.68311e-05,-3.37653e-05,0.00073788,0.00241388,0.00343934,0.0016754,-0.0036469,-0.00802755,-0.0252356,-0.0443115,-0.0613584,-0.0781667,-0.0869404,-0.082949,-0.057167,-0.0270181,0.00291258,0.020534,0.0335153,0.0413153,0.0463665,0.0411583,0.0182877,0.00276638,-0.000488921,-2.25024e-05,0.0,-1.12776e-07,-0.000112106,-0.000138448,0.001984,0.00514669,0.00680483,0.00707362,0.000186651,-0.00385661,-0.0203969,-0.0507337,-0.0819775,-0.124991,-0.168473,-0.17604,-0.139258,-0.0778384,-0.0244446,0.0165994,0.0359264,0.0531117,0.0663729,0.0553212,0.0229013,0.00279971,-0.000291713,-0.000150623,0.0,-4.15534e-05,-0.000404682,-0.000617517,0.000675821,0.00405246,0.00188614,0.00159994,-0.00567286,-0.0142743,-0.0376228,-0.075601,-0.124178,-0.182121,-0.247192,-0.265312,-0.211492,-0.122699,-0.0537195,-0.0109545,0.0121543,0.0396225,0.0526348,0.0377071,0.00821383,-0.00318429,-0.00152599,-0.000166624,-1.25049e-05,-0.000334003,-0.00131927,-0.00282222,-0.00285005,-0.00144446,-0.00600213,-0.00829824,-0.0166066,-0.0207738,-0.0454404,-0.0725094,-0.116145,-0.170477,-0.238566,-0.252124,-0.186549,-0.0902977,-0.0315352,-0.0105612,0.00433505,0.0177783,0.0186793,0.00508432,-0.00935545,-0.0101417,-0.00315029,-0.000142594,-4.37569e-05,-0.000528597,-0.00204878,-0.00518712,-0.00760723,-0.00798192,-0.0139138,-0.0147352,-0.015922,-0.0131699,-0.021231,-0.0286937,-0.0530162,-0.113,-0.185581,-0.181475,-0.0957132,-0.00911092,0.0189792,0.00752653,0.000431815,-0.00368537,-0.0100461,-0.0199805,-0.0225237,-0.0133143,-0.00320255,-0.000300121,-5.55164e-05,-0.00061896,-0.00236757,-0.00537237,-0.00774251,-0.0107635,-0.0148694,-0.0102099,0.00055703,0.0246914,0.0377454,0.0424668,0.014859,-0.0741154,-0.144627,-0.112113,-0.0113988,0.0658466,0.0560821,0.0175071,-0.0115663,-0.022127,-0.0282748,-0.0287427,-0.0190127,-0.00922827,-0.0023501,-0.000143917,-3.23611e-05,-0.000656291,-0.00278228,-0.004392,-0.00656716,-0.00809649,-0.00447227,0.00860095,0.0396737,0.0799461,0.115024,0.103871,0.0343431,-0.0779764,-0.124695,-0.0635986,0.0596299,0.114249,0.0732967,0.011425,-0.0253103,-0.0329528,-0.034925,-0.0275337,-0.0139863,-0.00467672,-0.000964032,-9.09698e-05,-4.67473e-06,-0.000566312,-0.00209972,-0.00342726,-0.00484757,-0.000491908,0.019663,0.0506545,0.0989758,0.1474,0.175257,0.128729,0.0241283,-0.0753309,-0.107147,-0.0314245,0.0961884,0.132174,0.0726034,0.00639348,-0.0228755,-0.0278105,-0.0252583,-0.0190566,-0.00773698,-0.0012362,-0.000277414,-0.000112343,-8.5566e-07,-0.000265468,-0.00120847,-0.0019056,0.00106202,0.0177081,0.0578796,0.107268,0.159761,0.197814,0.205746,0.136452,0.0273111,-0.050768,-0.0703929,0.00629008,0.120265,0.148226,0.0848103,0.0317737,0.00948395,-0.00487311,-0.0099637,-0.0101579,-0.00582101,-0.000335351,-7.84413e-05,-0.000218884,-2.35889e-06,-0.000114711,-0.000543866,0.00111828,0.011256,0.0408942,0.0975229,0.158251,0.200821,0.21742,0.202556,0.141144,0.0697842,0.0076508,-0.00712195,0.0639015,0.164319,0.179998,0.125475,0.0861619,0.053147,0.0214997,0.00653052,0.00143023,-0.00315688,-0.00118706,-0.000514,-2.28232e-05,-1.71228e-06,-3.79313e-05,-7.18056e-05,0.00294033,0.0135368,0.0508478,0.111789,0.167138,0.202394,0.196485,0.173168,0.145073,0.104811,0.0670755,0.0809519,0.149098,0.210128,0.198055,0.145023,0.10062,0.0554578,0.0220634,0.00831398,0.00188637,-0.00429999,-0.00256124,9.80935e-05,-7.22146e-05,-5.37083e-06,-2.14951e-05,-0.000313363,6.46233e-05,0.00519886,0.0362017,0.0881722,0.129065,0.149615,0.133536,0.113264,0.105748,0.0978539,0.0967121,0.141651,0.205415,0.213521,0.167534,0.110445,0.057828,0.0207211,-0.000988863,-0.0110767,-0.0119729,-0.00852231,-0.00443714,-0.00061485,-0.00012257,0.0,-2.45417e-05,-0.000168856,-0.00407125,-0.00384343,0.00720381,0.0354112,0.0590226,0.0645221,0.0471409,0.0287803,0.0280377,0.0435301,0.0823753,0.141527,0.175054,0.149218,0.0845973,0.030085,-0.0153288,-0.0332488,-0.0366103,-0.0355702,-0.0242172,-0.0137828,-0.00531271,-0.000707543,-0.000140019,-3.3067e-05,-1.08051e-05,-0.000114587,-0.00561755,-0.0141525,-0.0201286,-0.0245425,-0.0206196,-0.0302925,-0.0533726,-0.0760755,-0.0683692,-0.0251483,0.0295792,0.0734291,0.0864374,0.0546623,-0.00119832,-0.0450807,-0.0667022,-0.0663098,-0.0590109,-0.0467438,-0.0275657,-0.0128266,-0.00440486,-0.00028924,-1.40194e-05,-1.44998e-07,-5.09598e-05,-0.000409383,-0.0055977,-0.0190871,-0.0379147,-0.0627859,-0.0849014,-0.10902,-0.132538,-0.14549,-0.127901,-0.0820277,-0.0272276,0.0067519,0.00995695,-0.0105657,-0.0359441,-0.0630102,-0.0725269,-0.0692332,-0.0555762,-0.0422667,-0.0230325,-0.0103106,-0.0031823,-0.000360266,-1.94038e-06,0.0,-2.52688e-05,-0.000460183,-0.00594215,-0.0196322,-0.0418472,-0.0738254,-0.107765,-0.138608,-0.158033,-0.160446,-0.136701,-0.0974369,-0.0654158,-0.0448313,-0.0324182,-0.028588,-0.0366938,-0.0502776,-0.0540317,-0.0502312,-0.0388875,-0.0273599,-0.0148063,-0.00655584,-0.00214568,-0.00026292,-8.6745e-07,-6.36095e-08,-8.29995e-06,-0.000470524,-0.00460424,-0.0140511,-0.0326406,-0.0645027,-0.0974265,-0.123209,-0.137668,-0.137046,-0.114364,-0.0907483,-0.0769367,-0.0613232,-0.0373963,-0.0255304,-0.0187499,-0.0202971,-0.0190881,-0.0211484,-0.0171096,-0.0126364,-0.00727153,-0.00368053,-0.00144436,-0.000210897,-1.4198e-07,-6.16217e-08,-1.35993e-07,-0.000298375,-0.00266924,-0.00810456,-0.02141,-0.0437732,-0.0697276,-0.0900167,-0.102036,-0.0986495,-0.0850789,-0.0729198,-0.0623845,-0.0471259,-0.0149743,0.000323244,0.0117797,0.0153545,0.0170677,0.00780946,0.00384294,-0.00192485,-0.00285316,-0.00123496,-0.000575543,-1.27943e-05,-2.62117e-07,0.0,0.0,-9.81635e-05,-0.000842352,-0.00395037,-0.011368,-0.0243459,-0.0390963,-0.0513291,-0.0603905,-0.0618249,-0.0547464,-0.0547946,-0.048474,-0.0272431,0.00366101,0.0195223,0.031588,0.0385698,0.0327599,0.0225147,0.0108918,0.00152653,-0.000933503,-0.000528116,-2.47927e-05,1.92367e-05,0.0,0.0,0.0,-2.01691e-05,-0.000152973,-0.00136242,-0.00423532,-0.0101407,-0.0169885,-0.0234598,-0.0326947,-0.037066,-0.036759,-0.0429456,-0.0416086,-0.0221626,-0.0022022,0.00297337,0.00698226,0.0127921,0.0127152,0.00739671,0.00219527,-0.000321717,-0.00108445,-0.000788582,-5.22573e-05,-8.52628e-06,0.0,0.0,0.0,-1.10697e-05,-3.03288e-05,-0.000455391,-0.00230342,-0.00583672,-0.0126799,-0.0227275,-0.0322911,-0.0410522,-0.0536683,-0.0613646,-0.0585862,-0.050695,-0.0459354,-0.0459661,-0.0448415,-0.0348172,-0.024339,-0.015158,-0.00808161,-0.00312444,-0.00129301,-0.000636798,-4.32258e-05,-8.98909e-06,0.0,0.0,0.0,0.0,0.0,-0.000189634,-0.000710175,-0.00252714,-0.00545385,-0.0109886,-0.0163284,-0.0208572,-0.0271768,-0.0308624,-0.0331927,-0.0335224,-0.0305785,-0.0294468,-0.024134,-0.0178772,-0.0123612,-0.00727042,-0.0031275,-0.000988826,