{"max":0.131998,"min":-0.134979,"acc":0.854,"arr":[0.0,0.0,0.0,0.0,0.0,0.0,0.0,0.0,0.0,0.0,0.0,0.0,0.0,0.0,0.0,0.0,0.0,0.0,0.0,0.0,0.0,0.0,0.0,0.0,0.0,0.0,0.0,0.0,0.0,0.0,0.0,0.0,0.0,0.0,-7.5012e-05,-0.000189792,-0.000333893,-0.000328791,-0.000724328,-0.000572174,-0.000403722,-0.000395117,-0.000192709,-0.00027854,-0.000480082,-0.000385313,-0.000184486,-0.000199156,-0.000105458,-7.85256e-07,0.0,0.0,0.0,0.0,0.0,0.0,0.0,0.0,0.0,-8.98915e-06,-8.59291e-06,-4.44845e-06,-0.000116191,-0.000589848,-0.00121731,-0.00188783,-0.003283,-0.00417802,-0.00505985,-0.00531867,-0.00617823,-0.00650743,-0.00573826,-0.00430333,-0.00389857,-0.0026035,-0.0015992,-0.0011131,-0.000453028,-5.13235e-05,0.0,0.0,0.0,0.0,0.0,0.0,-1.46528e-06,-3.85632e-05,-4.19629e-05,-5.74776e-05,-0.00035974,-0.00127941,-0.00257003,-0.00515551,-0.00749279,-0.0104151,-0.0139922,-0.0160931,-0.0182482,-0.0189061,-0.0164233,-0.0141052,-0.0122014,-0.00859253,-0.00426353,-0.00176787,-0.00099579,-0.000109784,-2.35565e-05,-2.69707e-05,-3.58341e-06,0.0,0.0,-2.41308e-06,-9.97296e-06,-2.99486e-05,-0.000115942,2.13013e-05,-0.000494206,-0.00205703,-0.00442913,-0.00816273,-0.0134082,-0.0193235,-0.0275004,-0.0358813,-0.0420121,-0.0423646,-0.0343454,-0.025852,-0.0197268,-0.00900418,0.00268983,0.0062108,0.00538128,0.0031025,0.00157042,8.7278e-05,-0.000127447,0.0,0.0,0.0,-2.15166e-05,-9.14317e-05,3.4621e-05,0.000832974,0.000422609,-0.00077779,-0.00265068,-0.00486131,-0.0140062,-0.0246251,-0.0393355,-0.0547919,-0.0641081,-0.0621744,-0.051617,-0.0327876,-0.0106178,0.00667964,0.0174238,0.0194805,0.0204603,0.0185375,0.00883329,0.00115971,-0.000291183,0.0,0.0,0.0,-1.37962e-05,0.000132881,0.000783028,0.00241875,0.0010946,-0.000484986,-0.00130101,-0.00130151,-0.00956538,-0.0276694,-0.0525521,-0.0802323,-0.101614,-0.104805,-0.0869438,-0.0526388,-0.0150434,0.014149,0.0245097,0.0256375,0.0297946,0.0250242,0.0114168,0.00162977,-0.000545702,-8.54284e-05,0.0,-2.11855e-05,-0.000234595,-0.000261289,-0.000259117,0.00124014,-0.00102175,-0.00266019,-0.0028692,-0.00447576,-0.0142592,-0.0360681,-0.0675317,-0.103281,-0.130692,-0.134979,-0.109075,-0.0659826,-0.01839,0.00960496,0.0185738,0.0249295,0.0269354,0.0181628,0.0041952,-0.000543752,-0.000684411,-0.000110679,0.0,-7.65965e-05,-0.000715438,-0.00167077,-0.00240472,-0.00169165,-0.0030578,-0.00315487,-0.00445448,-0.00806613,-0.0179842,-0.0367579,-0.0644458,-0.0953208,-0.119947,-0.123087,-0.0957414,-0.0452932,-0.0021327,0.0107564,0.018151,0.019267,0.0134888,0.00567118,-0.00184124,-0.00244566,-0.00094559,-5.04154e-05,-4.01708e-05,-0.000234619,-0.0010839,-0.00268867,-0.00399334,-0.00368884,-0.00293152,-0.00255228,-0.00250568,-0.0023364,-0.00739017,-0.0132964,-0.0332727,-0.0635587,-0.086293,-0.0855616,-0.0525524,-0.00320958,0.0274349,0.023508,0.0184378,0.00926747,0.00109342,-0.0046733,-0.00576402,-0.00331169,-0.000974559,-2.31033e-05,-4.69005e-05,-0.000330094,-0.00127385,-0.00223258,-0.00280898,-0.00288617,0.000133317,0.00469076,0.00983855,0.0179964,0.0177751,0.0189322,-0.000895199,-0.0385101,-0.064451,-0.0562357,-0.0139656,0.0344717,0.0471153,0.0292397,0.00947527,-0.0027644,-0.0100591,-0.0100151,-0.00530002,-0.00259561,-0.00066077,-4.67637e-05,-2.80787e-05,-0.000240267,-0.000986071,-0.000816486,-0.000743355,0.0012386,0.00917655,0.0205551,0.0364382,0.044306,0.0539137,0.0419925,0.00553504,-0.0384199,-0.0591418,-0.042539,0.0144807,0.0600246,0.057977,0.025581,0.00421113,-0.00837258,-0.0148771,-0.0105845,-0.00464611,-0.00115173,-0.000158471,-4.97611e-05,0.0,-0.000131006,-0.000765091,-0.000222772,0.000661783,0.00633646,0.0227469,0.0426431,0.0646381,0.0773109,0.078133,0.0477693,-0.00782091,-0.0474939,-0.0628046,-0.0341247,0.0316979,0.0730074,0.0574617,0.0209121,0.000527417,-0.0103028,-0.011867,-0.00863855,-0.00338477,-0.000552003,-0.000287034,-3.30351e-05,-8.5566e-07,-0.000144162,-0.000577186,-3.25438e-05,0.00259201,0.0144063,0.0390148,0.0687191,0.0977969,0.105747,0.0928929,0.0451631,-0.010151,-0.0404789,-0.0483872,-0.013419,0.0491514,0.0811839,0.060168,0.0268076,0.00672118,-0.004855,-0.00749713,-0.00658967,-0.00246735,-0.000684333,-0.000312786,-1.02544e-05,0.0,-0.000111851,-0.000332591,0.00118273,0.00661181,0.0230968,0.0592247,0.0979859,0.125025,0.12501,0.106102,0.0675737,0.0336086,0.00480312,-0.00132405,0.0306735,0.0799799,0.0983829,0.0772284,0.0500046,0.0261417,0.00779179,0.000637134,-0.000497056,-0.000864526,-0.000739184,-0.000152023,-9.98141e-07,0.0,-3.79313e-05,-0.000107312,0.00161772,0.00746012,0.027169,0.0663313,0.103978,0.131998,0.128957,0.111593,0.0940533,0.0701905,0.0504044,0.0539882,0.0808269,0.104379,0.11158,0.087011,0.0554234,0.0281778,0.00911552,0.00336582,0.00226681,-0.00128425,-0.000650868,0.000210804,-6.59033e-05,0.0,-2.03951e-05,-0.000132192,0.00019224,0.00277071,0.0199872,0.0513562,0.0791237,0.0971883,0.0924447,0.0847267,0.0773247,0.0674845,0.0596895,0.0760868,0.100981,0.10662,0.0990063,0.0654696,0.0306196,0.00712836,-0.00372734,-0.00500873,-0.00413708,-0.00309631,-0.00101919,0.000240061,-9.44175e-05,0.0,-2.12885e-05,-0.000126331,-0.00116587,-0.000579438,0.00673153,0.0232529,0.0350113,0.0393148,0.0308691,0.0235439,0.0197077,0.0241709,0.0397562,0.0686128,0.0827474,0.0743681,0.0538031,0.020724,-0.00984905,-0.0198736,-0.0209185,-0.0181243,-0.0103219,-0.00546587,-0.00153161,-0.000108317,-2.06321e-05,0.0,-9.35897e-06,5.42684e-06,-0.00181349,-0.00438657,-0.00602393,-0.00861812,-0.00895583,-0.0166757,-0.0307476,-0.0421307,-0.0394741,-0.0190185,0.00911559,0.0355477,0.0395745,0.0281346,0.00716141,-0.0198827,-0.0350446,-0.0339261,-0.0273565,-0.0206795,-0.0115774,-0.00491848,-0.00174382,-0.000114847,-1.89327e-06,0.0,0.0,-3.40385e-05,-0.00206566,-0.00774026,-0.0164377,-0.028743,-0.0417573,-0.0570588,-0.0718045,-0.0776001,-0.0649229,-0.0373134,-0.00908963,0.00533171,0.0022105,-0.00662136,-0.0187986,-0.0324065,-0.0370447,-0.0342679,-0.0245511,-0.0180778,-0.0100163,-0.00488142,-0.00112768,-0.000222563,-1.82316e-06,0.0,-3.97208e-07,-0.000175112,-0.00236808,-0.00851068,-0.0197477,-0.0352853,-0.0537662,-0.0723057,-0.0837374,-0.0854128,-0.0699621,-0.0466389,-0.0293553,-0.0249971,-0.0219438,-0.0178235,-0.0228818,-0.0272467,-0.0271484,-0.024782,-0.0168196,-0.0113652,-0.00774671,-0.00424431,-0.00119956,-0.000147961,0.0,0.0,-5.65258e-06,-0.000324412,-0.00195799,-0.00644829,-0.0152883,-0.0320626,-0.0513184,-0.0685148,-0.0776267,-0.0772986,-0.0650231,-0.0533971,-0.044757,-0.0400907,-0.0294094,-0.0164131,-0.0154079,-0.0106091,-0.010359,-0.0106895,-0.00635196,-0.00470819,-0.00444967,-0.00253618,-0.000839739,-0.000118954,0.0,0.0,0.0,-0.000186767,-0.00117691,-0.00405164,-0.0110228,-0.0239563,-0.0402788,-0.0534321,-0.0621453,-0.0603446,-0.0529344,-0.0500686,-0.043042,-0.0359163,-0.0169175,-0.00223051,0.000275993,0.00726846,0.00653837,0.00400596,0.0028236,0.000959379,-0.000589834,-0.000509156,-0.000320982,-3.00296e-05,0.0,0.0,0.0,-5.46287e-05,-0.000386004,-0.00204368,-0.00601509,-0.0138603,-0.0232358,-0.0303143,-0.0363269,-0.0391573,-0.0363866,-0.0391904,-0.0324523,-0.0200198,-0.000725291,0.0105094,0.015057,0.0191389,0.0172929,0.0125598,0.00686678,0.00303357,0.000613474,-0.000151693,1.22216e-05,-1.55465e-05,0.0,0.0,0.0,-6.39461e-06,-5.78931e-05,-0.000560561,-0.00213714,-0.00533739,-0.00864463,-0.0110453,-0.0152362,-0.0202805,-0.0243063,-0.0267312,-0.0220033,-0.00796853,0.0046634,0.00770361,0.00753476,0.00875009,0.00995401,0.00561852,0.00271269,0.00119405,0.000452051,-0.000146297,3.5647e-05,0.0,0.0,0.0,0.0,-1.01828e-05,-8.4739e-08,-0.000129298,-0.00078606,-0.00187003,-0.00422249,-0.0081223,-0.0117191,-0.0160325,-0.023354,-0.0263207,-0.0253948,-0.0191098,-0.0121058,-0.0103005,-0.013257,-0.0102521,-0.00549544,-0.00318077,-0.00154087,-0.000304019,0.00013073,-3.87607e-05,0.0,0.0,0.0,0.0,0.0,0.0,0.0,-4.60764e-05,-0.000260712,-0.000981149,-0.00209944,-0.00447002,-0.0067078,-0.00927197,-0.0121852,-0.0126757,-0.0133962,-0.0132628,-0.0118322,-0.00948081,-0.00783027,-0.00589701,-0.00328386,-0.00191559,-0.000973649,-0.000377153,-6.36079e-05,0.0,0.0,0.0,0.0,0.0,0.0,0.0,0.0,0.0,0.0,-3.58829e-05,-0.000174058,