{"max":0.113116,"min":-0.111663,"acc":0.8475,"arr":[0.0,0.0,0.0,0.0,0.0,0.0,0.0,0.0,0.0,0.0,0.0,0.0,0.0,0.0,0.0,0.0,0.0,0.0,0.0,0.0,0.0,0.0,0.0,0.0,0.0,0.0,0.0,0.0,0.0,0.0,0.0,0.0,0.0,0.0,-7.5012e-05,-0.000189792,-0.000333893,-0.000248893,-0.000590672,-0.000428973,-0.000297532,-0.000347934,-0.000152288,-0.000224135,-0.000379285,-0.000326705,-0.000133173,-0.000168317,-0.000105458,-7.85256e-07,0.0,0.0,0.0,0.0,0.0,0.0,0.0,0.0,0.0,-8.98915e-06,-8.59291e-06,-4.44845e-06,-0.000110077,-0.000500961,-0.00106039,-0.0013869,-0.00224756,-0.00314586,-0.00403075,-0.00454049,-0.00532024,-0.00551651,-0.00524114,-0.00406954,-0.0032438,-0.00219204,-0.00141173,-0.00100016,-0.000414618,-4.71414e-05,0.0,0.0,0.0,0.0,0.0,0.0,-1.46528e-06,-3.85632e-05,-4.19629e-05,-3.92638e-05,-0.000293361,-0.00107513,-0.0021269,-0.00369629,-0.00527312,-0.00751287,-0.0106657,-0.0130427,-0.0152759,-0.015824,-0.014067,-0.0122856,-0.0101991,-0.00713714,-0.00332584,-0.00133641,-0.000735966,-1.35954e-05,-3.7043e-06,-2.69707e-05,-3.58341e-06,0.0,0.0,-2.41308e-06,-5.59469e-06,-2.99486e-05,-9.54251e-05,2.59817e-05,-0.000389688,-0.00194918,-0.004056,-0.0066075,-0.0106262,-0.015068,-0.0217861,-0.0297723,-0.0354493,-0.0364859,-0.0303082,-0.0242494,-0.0174377,-0.00756105,0.00246016,0.00553155,0.00365216,0.00203675,0.000844451,-0.000132925,-0.000120416,0.0,0.0,0.0,-1.73341e-05,-6.95589e-05,-1.55898e-05,0.000447159,0.000351897,-0.000529105,-0.00261629,-0.0046451,-0.0116251,-0.0206786,-0.0322601,-0.0458418,-0.0559794,-0.0558695,-0.0483785,-0.0309257,-0.0114638,0.00307423,0.0136062,0.0159227,0.0162308,0.0141982,0.00663053,0.000903566,-0.000255121,0.0,0.0,0.0,-5.08404e-06,0.00020724,0.000559258,0.00186619,0.00122514,-0.0003922,-0.00159648,-0.000893275,-0.0066708,-0.0227153,-0.0428627,-0.0673268,-0.0864098,-0.0893335,-0.0762657,-0.0467906,-0.0137246,0.00984331,0.0190165,0.0214924,0.0250285,0.0201783,0.00894488,0.0012543,-0.000439893,-8.54284e-05,0.0,-2.09974e-05,-0.000202019,-0.000107008,-0.00026983,0.000745794,-0.000904437,-0.00185461,-0.00136075,-0.00206569,-0.00990397,-0.0300142,-0.055864,-0.0855131,-0.108367,-0.111663,-0.0920876,-0.0559967,-0.0161808,0.00707847,0.0168907,0.0207929,0.0224662,0.0152499,0.00340116,-0.000381439,-0.000658156,-0.000110679,0.0,-7.18691e-05,-0.000542176,-0.00129682,-0.00225015,-0.00142313,-0.00218467,-0.00216719,-0.00212004,-0.00354042,-0.0117561,-0.0302754,-0.053384,-0.0791065,-0.0980549,-0.100544,-0.0801091,-0.0378589,-0.0055281,0.00733968,0.0168901,0.0170902,0.0113156,0.00546104,-0.00122502,-0.00178678,-0.00106206,-5.04154e-05,-4.01708e-05,-0.000203428,-0.000793751,-0.00213175,-0.0033029,-0.00306247,-0.00237995,-0.00112059,0.000330783,0.00249926,-0.00328005,-0.0116239,-0.0290601,-0.0519117,-0.0689716,-0.069418,-0.0439622,-0.00286696,0.0211529,0.0203346,0.0171922,0.0076388,0.00193204,-0.00254657,-0.00429336,-0.00243303,-0.000791991,-2.31033e-05,-4.69005e-05,-0.000259335,-0.000825483,-0.00180085,-0.00210811,-0.00208469,0.0011141,0.00635669,0.0102508,0.0187891,0.0160611,0.015599,-0.000675634,-0.0303366,-0.0506067,-0.0452011,-0.0121715,0.0296602,0.0395653,0.0256724,0.00905599,-0.00180796,-0.00590083,-0.00718726,-0.00453092,-0.00220257,-0.000525128,-4.67637e-05,-2.80787e-05,-0.000205193,-0.000564199,-0.000326447,-9.14496e-05,0.000965808,0.0094444,0.0201773,0.0338361,0.0394024,0.044967,0.0338646,0.00432907,-0.0317587,-0.0483817,-0.0352933,0.0103636,0.0493575,0.0472853,0.0229046,0.00410524,-0.0054252,-0.0110436,-0.00869993,-0.00407677,-0.000976731,-0.000111356,-4.97611e-05,0.0,-0.000119208,-0.000415029,0.000226994,0.0012247,0.00526733,0.021069,0.0391714,0.0567779,0.0658171,0.0648793,0.0377253,-0.00911468,-0.0419957,-0.0534493,-0.0299571,0.0238959,0.0593655,0.0480886,0.0195376,0.0024215,-0.00747298,-0.0096972,-0.00787393,-0.00330095,-0.000615074,-0.000284233,-3.30351e-05,0.0,-0.000139933,-0.000295269,0.000300817,0.00218152,0.0117169,0.0341882,0.0612122,0.084823,0.0891737,0.0760216,0.0348116,-0.0119003,-0.0373137,-0.0418553,-0.0119617,0.0374294,0.0671218,0.0513857,0.0260335,0.00712277,-0.00299327,-0.0065588,-0.00581545,-0.00204682,-0.000406221,-0.000221231,-1.02544e-05,0.0,-0.000111609,-0.000181457,0.000806669,0.00495887,0.0190789,0.0498176,0.0851898,0.107479,0.104659,0.0856442,0.0531505,0.0265194,0.00272185,-0.0011638,0.022669,0.0630215,0.0832801,0.0681541,0.0467578,0.0236407,0.00824136,0.000964407,-0.000774854,-0.00083646,-0.000804946,-0.000165457,-9.98141e-07,0.0,-3.79313e-05,-6.70392e-05,0.000826962,0.00566715,0.0218585,0.0564239,0.0897008,0.113116,0.109497,0.094324,0.0805347,0.062791,0.0457595,0.0468704,0.0651872,0.086053,0.0974897,0.0796861,0.0493559,0.0236916,0.00760802,0.00330743,0.00196537,-0.00169471,-0.00104218,0.000247934,-1.60362e-05,0.0,-2.03951e-05,-0.000104966,-0.000198791,0.00188469,0.0164198,0.0438812,0.0665859,0.0832032,0.079565,0.0737566,0.0682793,0.0606931,0.0535435,0.0646999,0.0830118,0.0911201,0.0875799,0.0591637,0.0246194,0.00272653,-0.00413991,-0.00372521,-0.00297037,-0.00285816,-0.000789551,0.000356838,-3.33694e-05,0.0,-2.12885e-05,-9.18142e-05,-0.000903296,-2.18131e-05,0.00590157,0.0193275,0.0280419,0.0333184,0.0266156,0.0201889,0.0166154,0.0197264,0.0323897,0.0546674,0.066958,0.0654042,0.0507459,0.01981,-0.00951819,-0.0182463,-0.0175126,-0.0133913,-0.00703555,-0.00385391,-0.00107612,-5.14945e-05,-4.62796e-06,0.0,-9.35897e-06,1.47824e-05,-0.0012981,-0.00346391,-0.00430406,-0.00624075,-0.0067548,-0.0137353,-0.0259224,-0.0346892,-0.032715,-0.0176342,0.00515576,0.02512,0.0300579,0.026868,0.0108112,-0.0149383,-0.028615,-0.0282717,-0.0229402,-0.0152242,-0.00810454,-0.00354679,-0.00123867,-9.27898e-05,-7.01121e-08,0.0,0.0,-2.63162e-05,-0.00158676,-0.00655102,-0.0138852,-0.023357,-0.0332501,-0.0469148,-0.060176,-0.0652856,-0.0556147,-0.0325256,-0.0104661,0.000246322,0.000436925,-0.00293245,-0.0122075,-0.0249222,-0.0292104,-0.0285183,-0.0210786,-0.0140571,-0.00790759,-0.00381807,-0.00093139,-0.000214374,0.0,0.0,-3.97208e-07,-0.000162205,-0.00189648,-0.0072529,-0.017022,-0.0301504,-0.0448165,-0.0605016,-0.0705431,-0.073326,-0.0600395,-0.04005,-0.0274365,-0.0230457,-0.0183078,-0.0132972,-0.016697,-0.0203367,-0.0210156,-0.0207094,-0.0147082,-0.00927244,-0.00610002,-0.00318278,-0.000743155,-0.000141494,0.0,0.0,-5.65258e-06,-0.000285543,-0.00163585,-0.00555371,-0.0135792,-0.0277624,-0.0434622,-0.0580353,-0.0667411,-0.0673456,-0.0561816,-0.0470489,-0.0393303,-0.0353094,-0.0246515,-0.0133758,-0.0112418,-0.00678199,-0.00702481,-0.00856453,-0.0059056,-0.00381577,-0.00355369,-0.00179312,-0.000444113,-0.000117367,0.0,0.0,0.0,-0.000138178,-0.00098558,-0.00349151,-0.0096803,-0.020685,-0.0344787,-0.0469164,-0.0543423,-0.0534154,-0.0468995,-0.0445818,-0.0368505,-0.0308874,-0.0142852,-0.00181443,0.00192943,0.00818077,0.00682401,0.00355218,0.00237674,0.00123551,-0.000327398,-0.000353023,-0.000314413,-3.00296e-05,0.0,0.0,0.0,-4.12544e-05,-0.000291457,-0.0017284,-0.00491004,-0.0111923,-0.0194156,-0.0266885,-0.0326334,-0.0351866,-0.0331888,-0.0348428,-0.0273927,-0.017685,-0.000954619,0.00772632,0.0124583,0.016675,0.0154763,0.0106466,0.00577365,0.00305947,0.000572839,-0.000155171,1.22216e-05,-1.44534e-05,0.0,0.0,0.0,-6.39461e-06,-3.33789e-05,-0.000468486,-0.00157038,-0.00388733,-0.00669274,-0.00902753,-0.0128908,-0.0180093,-0.0209422,-0.0220884,-0.0167807,-0.006652,0.00398371,0.00591046,0.00646248,0.00720473,0.00914356,0.00531859,0.00245551,0.00148595,0.00052768,-0.000141249,3.5647e-05,0.0,0.0,0.0,0.0,0.0,-8.4739e-08,-0.000109633,-0.00062808,-0.00176577,-0.00338138,-0.00611312,-0.00891747,-0.0124632,-0.0182622,-0.0199506,-0.0194845,-0.0149218,-0.00955525,-0.00806247,-0.0102998,-0.00815231,-0.0045872,-0.00233115,-0.00118049,-0.000113618,0.000149049,-3.87607e-05,0.0,0.0,0.0,0.0,0.0,0.0,0.0,-2.08764e-05,-0.000240944,-0.000868577,-0.00163088,-0.00352058,-0.00532602,-0.0073019,-0.00949641,-0.00977681,-0.0103543,-0.0099444,-0.00945155,-0.00803035,-0.00648112,-0.00490429,-0.00277879,-0.00174244,-0.000839606,-0.000290052,-4.66682e-05,0.0,0.0,0.0,0.0,0.0,0.0,0.0,0.0,0.0,0.0,-3.58829e-05,