{"max":0.0835961,"min":-0.0788319,"acc":0.8194,"arr":[0.0,0.0,0.0,0.0,0.0,0.0,0.0,0.0,0.0,0.0,0.0,0.0,0.0,0.0,0.0,0.0,0.0,0.0,0.0,0.0,0.0,0.0,0.0,0.0,0.0,0.0,0.0,0.0,0.0,0.0,0.0,0.0,0.0,0.0,-7.5012e-05,-0.000189792,-0.000315505,-0.000117475,-0.000199796,-0.000259035,-0.000294136,-0.000299781,1.01611e-05,-0.000176872,-0.0003585,-0.000295366,-0.000133173,-0.00014585,-7.99557e-05,-7.85256e-07,0.0,0.0,0.0,0.0,0.0,0.0,0.0,0.0,0.0,-8.98915e-06,-5.54924e-06,0.0,-9.81713e-05,-0.0003098,-0.000785942,-0.000814794,-0.00107898,-0.00161272,-0.00251105,-0.0028678,-0.00345049,-0.0040271,-0.00382303,-0.00291796,-0.00219387,-0.0013737,-0.00100643,-0.000663012,-0.000221429,-2.91367e-05,0.0,0.0,0.0,0.0,0.0,0.0,-1.46528e-06,-3.77129e-05,-2.76434e-05,-2.78692e-05,-0.000274575,-0.000690398,-0.00146644,-0.00248238,-0.00330768,-0.00480046,-0.00689874,-0.00914094,-0.0106621,-0.0116692,-0.0102826,-0.00848736,-0.00697427,-0.00490005,-0.00197065,-0.000545476,-0.000528135,0.00011321,3.00297e-06,-2.69707e-05,-3.58341e-06,0.0,0.0,0.0,-5.59469e-06,-2.84606e-05,-9.67213e-05,-0.00033004,-0.000787389,-0.00144036,-0.00311225,-0.00448184,-0.00741853,-0.00982322,-0.0145648,-0.0223432,-0.0269737,-0.0278247,-0.0221601,-0.0170237,-0.0127757,-0.00497061,0.00293346,0.00463643,0.00299268,0.00166861,9.40134e-05,-0.000156128,-4.05056e-05,0.0,0.0,0.0,-1.73341e-05,-5.64462e-05,6.58605e-05,-0.000115559,-0.00104313,-0.00170636,-0.00285943,-0.00442618,-0.0101086,-0.0162401,-0.0241913,-0.0356176,-0.0455033,-0.0451649,-0.0377733,-0.023684,-0.00981253,0.00260056,0.0117051,0.0131316,0.013188,0.010467,0.00434478,0.00058961,-0.000185128,0.0,0.0,0.0,-1.38258e-06,0.000196715,0.000491144,0.000462339,-0.000527159,-0.00209693,-0.0033233,-0.00259677,-0.00589831,-0.0168805,-0.0313492,-0.0506386,-0.0661839,-0.0680027,-0.0553219,-0.0347595,-0.0119046,0.00724983,0.0174189,0.0178014,0.0184728,0.0137274,0.00534107,0.000327734,-0.000274398,-8.54284e-05,0.0,-2.09974e-05,-0.000182345,-0.000260795,-0.000204519,-0.000310189,-0.00209276,-0.00292969,-0.00337479,-0.00332374,-0.00738065,-0.0196301,-0.0393991,-0.061483,-0.0781347,-0.0788319,-0.0633821,-0.0397891,-0.0114486,0.00756432,0.0169806,0.0170355,0.0145,0.00856003,0.00177055,-0.000741312,-0.000594029,-0.000110679,0.0,-7.18691e-05,-0.000444565,-0.00120688,-0.00180244,-0.00228748,-0.0027339,-0.00281393,-0.00331509,-0.00366134,-0.00704383,-0.0182737,-0.0372957,-0.0559585,-0.0697651,-0.0704633,-0.0541888,-0.026309,-0.00427989,0.00915299,0.0172139,0.0139801,0.00574972,0.00239983,-0.00112121,-0.00134514,-0.000849464,-2.5018e-05,-4.01708e-05,-0.000153043,-0.000544094,-0.0016892,-0.0024912,-0.00295943,-0.00234631,-0.000467437,-0.000393401,0.00231338,0.00233272,-0.00562808,-0.0213259,-0.037145,-0.0516034,-0.0518513,-0.0310094,-0.00326533,0.0161305,0.0206883,0.0175689,0.00660797,-0.00107336,-0.00305113,-0.00309649,-0.00155142,-0.000530093,0.0,-4.67204e-05,-0.000195607,-0.000479987,-0.001173,-0.00116728,-0.00170218,0.00101349,0.00520253,0.00891796,0.0173759,0.0165186,0.0131692,-0.00110036,-0.0236973,-0.0398643,-0.037028,-0.0108606,0.0209215,0.0315333,0.025167,0.0101531,-0.00190652,-0.0059882,-0.00554201,-0.00300345,-0.00135116,-0.000365735,-1.86434e-05,-5.02135e-06,-0.000113867,-0.000316995,-0.000118579,0.000415713,0.000562954,0.00701593,0.0155838,0.028256,0.0324233,0.0366121,0.0241378,0.00053503,-0.0271957,-0.038852,-0.0293434,0.00517534,0.0363333,0.0389157,0.0220283,0.0048793,-0.00493488,-0.00847284,-0.00630596,-0.00291306,-0.000627455,-0.000184032,-4.893e-05,0.0,-1.70613e-05,-0.000191096,0.000141124,0.000976811,0.00385787,0.0145811,0.0294107,0.045913,0.0521863,0.0490805,0.0251458,-0.011899,-0.0353005,-0.0416193,-0.0243832,0.0166977,0.0476861,0.0393829,0.017069,0.00219108,-0.00602939,-0.00747031,-0.00563219,-0.00264203,-0.000474426,-0.000175254,-3.30351e-05,0.0,-2.0701e-06,-0.000122106,0.000384785,0.00140828,0.00848212,0.0242051,0.0456045,0.0649074,0.0687657,0.055492,0.0232637,-0.012789,-0.0294606,-0.0321601,-0.00728256,0.0287428,0.0517155,0.0385245,0.0188756,0.00510508,-0.0016104,-0.00482153,-0.0040444,-0.00135102,-0.000169833,-0.000166542,-8.91079e-06,0.0,-1.96521e-05,-5.06143e-05,0.000749019,0.00393488,0.0140514,0.0345816,0.0632143,0.0815381,0.0816241,0.0651173,0.0392257,0.0179888,0.0021042,0.000149584,0.0179928,0.0459205,0.0608776,0.0489083,0.0308941,0.0172017,0.00574245,1.48633e-05,-0.00080084,-0.000516194,-0.000469642,-8.45064e-05,0.0,0.0,-3.79313e-05,-3.18303e-05,0.000730717,0.004664,0.0143674,0.0389686,0.0634585,0.0830337,0.0835961,0.0714814,0.0591236,0.0445402,0.0322994,0.0341874,0.0475016,0.0604725,0.0686115,0.0560201,0.0329717,0.0136895,0.00326543,0.00153511,0.000741603,-0.00147713,-0.000543647,0.000325826,-1.60362e-05,0.0,-2.03951e-05,-9.00849e-05,0.000120082,0.00194605,0.0100635,0.029755,0.0465331,0.0581295,0.056521,0.0524536,0.0501235,0.044558,0.0386079,0.0481879,0.0614425,0.0653845,0.0620565,0.041449,0.0161793,-0.00181056,-0.00583862,-0.00330866,-0.00234308,-0.00224368,-0.000363978,0.000422297,-3.13689e-05,0.0,-2.12885e-05,-8.87026e-05,-0.0001016,0.0013522,0.00451651,0.0130287,0.0189536,0.0220297,0.0172379,0.0126419,0.0097967,0.0127294,0.0221804,0.0398449,0.049898,0.0475405,0.0376483,0.0146135,-0.00752627,-0.0153849,-0.0135724,-0.00939521,-0.00521823,-0.00306385,-0.000721104,-2.30015e-05,-1.5169e-06,0.0,-8.84597e-06,5.10653e-05,-0.000381754,-0.000929995,-0.00164807,-0.00295895,-0.00377942,-0.0104186,-0.0195657,-0.024719,-0.0244164,-0.0136346,0.00129888,0.0161725,0.0217618,0.0217284,0.0102776,-0.00572508,-0.0184497,-0.0208962,-0.0176075,-0.0116901,-0.00630816,-0.00329449,-0.000937437,-7.57362e-05,0.0,0.0,0.0,4.25533e-05,-0.000603429,-0.00362287,-0.00876584,-0.0146715,-0.0224095,-0.0332945,-0.0427943,-0.047186,-0.0403509,-0.0233141,-0.00895977,-0.00250562,0.000557354,-0.000164537,-0.00684,-0.0140695,-0.0197376,-0.0215677,-0.0167083,-0.0111292,-0.00598366,-0.0029197,-0.000826866,-0.0001936,0.0,0.0,0.0,-6.28794e-05,-0.000841745,-0.00465351,-0.0117952,-0.0211445,-0.0322913,-0.0445071,-0.0523059,-0.0544463,-0.0432659,-0.0283733,-0.0217756,-0.0199121,-0.0143792,-0.00989212,-0.0112078,-0.0111887,-0.0142475,-0.0160468,-0.0116953,-0.00767984,-0.00453988,-0.00229407,-0.00064983,-0.000133818,0.0,0.0,0.0,-0.000154505,-0.000907214,-0.00369821,-0.00975238,-0.0203666,-0.0326545,-0.0440355,-0.0510784,-0.0516009,-0.0420517,-0.036875,-0.0321397,-0.02959,-0.0199922,-0.0122003,-0.00740261,-0.00144221,-0.00411649,-0.00671908,-0.00506442,-0.00368019,-0.00260515,-0.00129066,-0.000356485,-0.000116651,0.0,0.0,0.0,-6.05617e-05,-0.000621053,-0.00245559,-0.00694526,-0.0149428,-0.0255537,-0.0356566,-0.0421561,-0.040882,-0.0365274,-0.0359978,-0.0302998,-0.0268055,-0.0128934,-0.00303628,0.00294762,0.0101308,0.00602076,0.00130965,0.000150405,-0.000619206,-0.000658906,-0.000593079,-0.000150083,-2.73902e-05,0.0,0.0,0.0,-2.2086e-05,-0.000197607,-0.00133551,-0.00370688,-0.00812125,-0.0143769,-0.0203085,-0.0248761,-0.0264975,-0.0261677,-0.0271306,-0.0209589,-0.0152702,-0.00237631,0.00652769,0.0117207,0.0153457,0.0122123,0.00571081,0.00183838,0.00050229,-0.000341776,-0.000419525,-6.83254e-05,-1.37848e-05,0.0,0.0,0.0,-2.63487e-06,-6.02799e-06,-0.000308541,-0.00107744,-0.00274825,-0.00470985,-0.00673363,-0.00878821,-0.0116376,-0.0152853,-0.0162326,-0.0123197,-0.00444485,0.00371678,0.00522211,0.00750408,0.00802994,0.00679924,0.00317824,0.000358592,0.000246798,0.000192356,-0.00023856,-3.25233e-05,0.0,0.0,0.0,0.0,0.0,0.0,-2.87199e-05,-0.00037025,-0.00133897,-0.00241465,-0.00403742,-0.0053767,-0.00866183,-0.013695,-0.013374,-0.0121369,-0.00751811,-0.00350448,-0.00276143,-0.00435028,-0.00400737,-0.00179676,-0.00141898,-0.00102231,-0.000411962,0.000103527,-3.87607e-05,0.0,0.0,0.0,0.0,0.0,0.0,0.0,-1.84607e-05,-0.000166548,-0.000594197,-0.00115359,-0.00249797,-0.00356885,-0.00488612,-0.00648323,-0.00646637,-0.00647355,-0.00624088,-0.0063178,-0.00516633,-0.00377642,-0.00276784,-0.00137106,-0.000969005,-0.000527735,-0.000212851,-2.16094e-05,0.0,0.0,0.0,0.0,0.0,0.0,0.0,0.0,0.0,0.0,-3.58829e-05,-0.000168584,