{"max":0.209959,"min":-0.257975,"acc":0.8897,"arr":[0.0,0.0,0.0,0.0,0.0,0.0,0.0,0.0,0.0,0.0,0.0,0.0,-5.98846e-05,-0.000175079,-4.89106e-05,-2.03794e-06,0.0,0.0,0.0,0.0,0.0,0.0,0.0,0.0,0.0,0.0,0.0,0.0,0.0,0.0,0.0,0.0,-1.92963e-06,-9.54902e-06,-0.000289166,-0.000653077,-0.000620158,-0.000699116,-0.00159483,-0.0019939,-0.00251033,-0.00190214,-0.00138087,-0.00124387,-0.00113886,-0.000870661,-0.000532208,-0.00048976,-0.000391824,-0.000197096,-0.000161806,-1.26199e-05,0.0,0.0,0.0,0.0,0.0,0.0,-5.98059e-07,-8.98915e-06,-3.04524e-05,-2.65139e-05,-0.000507003,-0.00193921,-0.00299561,-0.00458819,-0.00787387,-0.0114901,-0.0146511,-0.0148056,-0.0141004,-0.013379,-0.0115554,-0.00869168,-0.00697705,-0.00464475,-0.00303075,-0.00220047,-0.00128294,-0.000567324,-0.000251602,-7.98845e-05,0.0,0.0,0.0,0.0,-2.79874e-06,-4.11304e-05,-6.61273e-05,-0.000197257,-0.0012225,-0.00340605,-0.00646035,-0.0114687,-0.0174765,-0.024424,-0.0319255,-0.0350549,-0.0357391,-0.0347324,-0.0302463,-0.0256842,-0.0209693,-0.0143659,-0.00739562,-0.00348062,-0.00150267,4.77854e-05,-0.000492566,-0.000131241,-2.21631e-05,0.0,0.0,-2.41308e-06,-1.12019e-05,-4.67298e-05,6.74937e-05,0.000161075,-0.00115016,-0.00432334,-0.00958115,-0.0182285,-0.0306527,-0.041188,-0.0520321,-0.0627979,-0.0679683,-0.0659424,-0.0534958,-0.0407636,-0.0301176,-0.0132194,0.00357794,0.00893841,0.01054,0.00878991,0.00373359,0.000513748,-4.53881e-05,-3.46207e-06,0.0,0.0,-2.44301e-05,-3.37646e-05,0.000734689,0.00237433,0.00302137,0.000814118,-0.00426186,-0.00838044,-0.0240588,-0.0422334,-0.0596965,-0.0771528,-0.0883212,-0.0838206,-0.0565156,-0.0252256,0.00300113,0.020062,0.0333865,0.0407173,0.0440831,0.0383029,0.0166859,0.00244894,-0.000492678,-2.25024e-05,0.0,-1.12776e-07,-0.000111787,-0.000134502,0.0019554,0.00471527,0.00523569,0.0054962,-0.00139829,-0.00553859,-0.0203008,-0.0480342,-0.0790171,-0.122564,-0.165693,-0.173267,-0.137158,-0.0753337,-0.0233676,0.0168592,0.0353835,0.0502593,0.0623953,0.0511043,0.020944,0.00208511,-0.000653207,-0.00014606,0.0,-4.01803e-05,-0.000396583,-0.000667447,0.000471085,0.00276448,0.000773035,0.000863301,-0.00672402,-0.0154748,-0.0367754,-0.0702882,-0.117833,-0.175546,-0.238129,-0.257975,-0.205803,-0.118056,-0.0498611,-0.00898169,0.0126165,0.0367905,0.0496425,0.0346085,0.00725179,-0.00335888,-0.00157923,-0.000156134,-1.25049e-05,-0.000196832,-0.00119497,-0.00269082,-0.00286404,-0.00260329,-0.00654347,-0.00893295,-0.0173679,-0.0212875,-0.0423595,-0.0662372,-0.110116,-0.165296,-0.230366,-0.245967,-0.180893,-0.0847054,-0.0271788,-0.00787234,0.00406578,0.0157838,0.0174568,0.00415973,-0.00916058,-0.00966544,-0.00288999,-0.000142572,-4.37569e-05,-0.000341938,-0.00178261,-0.00474685,-0.00721192,-0.00849172,-0.0139568,-0.0154257,-0.0161971,-0.0110867,-0.016471,-0.0234494,-0.0516138,-0.11103,-0.178605,-0.17431,-0.091755,-0.00556318,0.0213073,0.00937713,0.000188256,-0.00462407,-0.00901205,-0.019126,-0.0208357,-0.0121734,-0.00287795,-0.000214154,-5.55164e-05,-0.000432373,-0.00208152,-0.00509482,-0.00757544,-0.0111003,-0.0151383,-0.0107283,0.000883457,0.0272647,0.0400771,0.0414962,0.0107266,-0.0747575,-0.137982,-0.107065,-0.0111354,0.0658065,0.0571926,0.018536,-0.0108552,-0.0216698,-0.0265705,-0.027238,-0.0178183,-0.00858211,-0.00218043,-0.000104991,-3.23611e-05,-0.000554658,-0.00255794,-0.00431229,-0.00640357,-0.00847488,-0.00568043,0.00702512,0.0397906,0.0794985,0.112487,0.0977398,0.0283084,-0.0765723,-0.118784,-0.0610369,0.0562102,0.111137,0.0714829,0.0127708,-0.0239525,-0.0325997,-0.0341251,-0.0261591,-0.0131775,-0.00441387,-0.00087586,-9.09102e-05,-4.67473e-06,-0.000554596,-0.00192051,-0.00323397,-0.00472307,-0.0013003,0.016193,0.0467517,0.0964009,0.14302,0.167082,0.119841,0.0203527,-0.0721546,-0.10229,-0.0308495,0.0903623,0.126342,0.0696978,0.00799514,-0.0218781,-0.0285283,-0.0248577,-0.0176858,-0.00687759,-0.00110754,-0.000234228,-0.000112263,-8.5566e-07,-0.000265332,-0.0011599,-0.00179008,0.00109192,0.0159502,0.0526825,0.101443,0.154565,0.190408,0.194338,0.127415,0.0251178,-0.0479452,-0.0682535,0.00474442,0.111209,0.140442,0.0806203,0.0314177,0.00748168,-0.00802359,-0.0107086,-0.00955551,-0.00558557,-0.000408925,-5.8121e-05,-0.000218884,-2.35889e-06,-0.000114711,-0.000522131,0.00115308,0.010955,0.0381498,0.0919811,0.151937,0.193865,0.209959,0.193501,0.13553,0.0664994,0.00684188,-0.00803547,0.0598396,0.153585,0.170589,0.120784,0.0840286,0.0501478,0.0184227,0.00616102,0.00205049,-0.00320788,-0.00152755,-0.000397508,-2.28232e-05,-1.71228e-06,-3.79313e-05,-6.5813e-05,0.00314036,0.0131643,0.0476954,0.106906,0.161715,0.196326,0.191054,0.170329,0.14341,0.104862,0.067834,0.0802929,0.143206,0.200091,0.190514,0.141683,0.0983914,0.0523219,0.0199335,0.00798301,0.00178468,-0.00436053,-0.00261099,0.00014243,-7.22146e-05,-5.37083e-06,-2.14951e-05,-0.000310848,0.000381339,0.00538039,0.0346493,0.0849937,0.12394,0.143219,0.12894,0.111376,0.104015,0.0965819,0.0951958,0.137154,0.197167,0.205708,0.162623,0.10736,0.0546429,0.0168711,-0.0037122,-0.01152,-0.0124072,-0.00912839,-0.00444213,-0.000576948,-0.00010913,0.0,-2.45417e-05,-0.000166926,-0.00363149,-0.00306906,0.00749694,0.0337678,0.0557512,0.0607443,0.0444315,0.0273811,0.0271896,0.0409728,0.0783849,0.133603,0.166031,0.14259,0.0808406,0.0288892,-0.0170024,-0.0357035,-0.0380413,-0.0355451,-0.0236737,-0.013406,-0.00502729,-0.000618125,-0.000106584,-3.3067e-05,-1.08051e-05,-0.000107599,-0.00506538,-0.0130388,-0.019502,-0.0244392,-0.0209465,-0.0298596,-0.0537842,-0.0757532,-0.0687066,-0.026285,0.0260805,0.0678013,0.0815198,0.050836,-0.00294689,-0.0440258,-0.0657777,-0.0664801,-0.0582734,-0.0454711,-0.0267508,-0.0119776,-0.00394759,-0.000254727,-1.39517e-05,-1.44998e-07,-5.09598e-05,-0.000394608,-0.00495422,-0.0179124,-0.036191,-0.0598715,-0.0813754,-0.105113,-0.128641,-0.141104,-0.12286,-0.077719,-0.0255739,0.00447625,0.00874307,-0.0111026,-0.0356257,-0.0594793,-0.0694868,-0.0685956,-0.0537927,-0.0398646,-0.0215236,-0.00961653,-0.00280961,-0.000329087,-1.88685e-06,0.0,-2.52688e-05,-0.000446927,-0.00549478,-0.0186068,-0.0401842,-0.0701614,-0.102797,-0.132826,-0.152062,-0.154787,-0.130874,-0.0920466,-0.0624392,-0.0441383,-0.031347,-0.027235,-0.0355312,-0.0463972,-0.0511812,-0.0503002,-0.0386066,-0.0261676,-0.0139767,-0.00623825,-0.00191593,-0.000235932,-8.6745e-07,-6.36095e-08,-8.29995e-06,-0.000465194,-0.00443709,-0.0134439,-0.0311476,-0.061584,-0.0938959,-0.119075,-0.133344,-0.132348,-0.110029,-0.087407,-0.0743175,-0.059131,-0.0363348,-0.024218,-0.0188477,-0.0180447,-0.0174682,-0.022485,-0.0180505,-0.0124979,-0.0066529,-0.00339085,-0.00127104,-0.000202825,-1.4198e-07,-6.16217e-08,-1.35993e-07,-0.000289836,-0.00260169,-0.00782348,-0.0205449,-0.0425851,-0.0682007,-0.087866,-0.0991412,-0.0953857,-0.0830571,-0.0718016,-0.0607885,-0.0460601,-0.0150583,0.000160165,0.0105937,0.0165534,0.0172505,0.00535209,0.0016296,-0.00276682,-0.00293227,-0.00116497,-0.000477181,-1.27873e-05,-2.62117e-07,0.0,0.0,-9.18043e-05,-0.000802726,-0.00380903,-0.0111195,-0.0238578,-0.0386768,-0.050807,-0.0597091,-0.0614892,-0.054649,-0.0543241,-0.046926,-0.0260376,0.00310366,0.0185001,0.0308854,0.038415,0.0323307,0.020049,0.00838776,0.000381951,-0.00127708,-0.000777411,4.45011e-05,1.92756e-05,0.0,0.0,0.0,-1.98484e-05,-0.000144716,-0.0013028,-0.00388526,-0.0100062,-0.0164996,-0.0232979,-0.0323519,-0.0368535,-0.0368886,-0.0417628,-0.0394655,-0.0192686,-0.000630457,0.00380509,0.00701762,0.0133726,0.0127581,0.00710733,0.0012246,-0.000886444,-0.00130843,-0.000833569,1.58227e-05,-8.47049e-06,0.0,0.0,0.0,-1.10697e-05,-3.03288e-05,-0.000344419,-0.00191668,-0.00551824,-0.0121724,-0.0220835,-0.0310903,-0.0391468,-0.0510475,-0.05903,-0.05566,-0.046492,-0.0423595,-0.0420829,-0.0416785,-0.0326472,-0.0221369,-0.0135057,-0.00726055,-0.00273976,-0.00123887,-0.000635767,-7.51972e-06,-8.98909e-06,0.0,0.0,0.0,0.0,0.0,-0.000123064,-0.00062587,-0.00240507,-0.00503112,-0.0103421,-0.0150597,-0.0194209,-0.0255567,-0.0289873,-0.0309672,-0.0311483,-0.0286046,-0.0278697,-0.0228022,-0.0167416,-0.0116236,-0.00671793,-0.00289688,