{"max":0.0120675,"min":-0.010859,"acc":0.6812,"arr":[0.0,0.0,0.0,0.0,0.0,0.0,0.0,0.0,0.0,0.0,0.0,0.0,0.0,0.0,0.0,0.0,0.0,0.0,0.0,0.0,0.0,0.0,0.0,0.0,0.0,0.0,0.0,0.0,0.0,0.0,0.0,0.0,0.0,0.0,0.0,0.0,0.0,0.0,0.0,0.0,0.0,0.0,-2.4496e-05,-4.5119e-05,-3.70549e-05,0.0,0.0,0.0,0.0,0.0,0.0,0.0,0.0,0.0,0.0,0.0,0.0,0.0,0.0,0.0,0.0,0.0,0.0,0.0,0.0,-3.18434e-05,-9.751e-05,-0.000150354,-0.000279526,-0.000211728,-0.000320539,-0.000525946,-0.000492913,-0.000180868,-0.00017979,-8.53011e-05,-0.000119014,-6.53804e-05,-3.99065e-05,-5.79555e-06,0.0,0.0,0.0,0.0,0.0,0.0,0.0,0.0,0.0,-2.24307e-05,-2.95429e-05,-7.47689e-06,-4.42428e-05,-0.000246609,-0.000257268,-0.00025985,-0.000535449,-0.00104494,-0.00123563,-0.00141559,-0.00132149,-0.00113742,-0.000987142,-0.000690604,-0.000560602,-0.000264415,-0.000144878,-3.71302e-05,0.0,0.0,0.0,0.0,0.0,0.0,0.0,0.0,0.0,-2.96301e-05,-6.93569e-05,-0.000229285,-0.000424612,-0.000515311,-0.00140041,-0.000903622,-0.00108907,-0.00293289,-0.00389268,-0.00373786,-0.00294093,-0.00174014,-0.00117701,-0.00121937,-3.36551e-05,0.00095768,4.14564e-05,-8.55053e-05,-1.31311e-05,-3.04393e-05,-2.66344e-05,0.0,0.0,0.0,0.0,0.0,0.0,-0.000106552,-0.000278056,2.82402e-05,-0.000485183,-0.00130324,-0.00133416,-0.00143568,-0.00287589,-0.00518662,-0.00662482,-0.00639239,-0.00670319,-0.00343936,-0.000830597,-0.000619965,0.000887228,0.000496566,-0.000327767,-0.000160983,-2.65674e-05,7.83143e-05,-5.28957e-05,0.0,0.0,0.0,0.0,0.0,0.0,-0.000182032,-0.000289177,-0.000165604,-0.00113313,-0.00162134,-0.000602156,-0.00156615,-0.0045581,-0.00747904,-0.00956445,-0.01054,-0.00809768,-0.00319145,-0.0011621,-0.0013467,0.000174831,0.000173516,4.9938e-05,0.00133461,0.000456339,-0.000141519,0.000111279,-6.83947e-06,0.0,0.0,-1.52812e-05,-4.1641e-05,-0.000123946,-0.00017321,-0.000173645,-0.000311949,-0.00123132,-0.000535973,-0.000753885,-0.00172183,-0.00572976,-0.00870552,-0.0107351,-0.010859,-0.00785926,-0.00436783,-0.00249924,-0.00167199,-0.000341625,-0.000109529,0.000837111,0.0013448,0.000384368,6.17146e-05,0.000217296,-4.55364e-05,0.0,0.0,-9.06298e-05,-0.000155547,-0.00035896,-0.000633531,-0.000710203,-0.00122597,-0.00122281,0.000738849,0.000657766,-0.0022497,-0.0050651,-0.00755693,-0.00926351,-0.00905986,-0.00609358,-0.00289349,-0.00171354,-0.000967178,0.000254324,-1.35275e-06,0.000199389,0.000545839,0.000298792,0.000175401,-0.00012947,-2.5018e-05,0.0,0.0,-6.65109e-05,-0.00023048,-0.000550142,-0.000788828,-0.00111214,-0.0011673,0.000377264,0.00265644,0.0014659,-0.00131278,-0.00358266,-0.00475549,-0.00620657,-0.00666885,-0.00312321,-0.00024029,0.00028226,0.00113578,0.000876356,-8.26712e-06,-0.000404737,-0.000205273,0.000162893,0.000113082,-0.000114174,0.0,0.0,0.0,-1.84482e-05,-0.000228162,-0.000680666,-0.000753236,-0.00100944,-0.0002645,0.00292582,0.00440941,0.00210164,-0.000410696,-0.00148798,-0.00322128,-0.00485844,-0.00507172,0.000170912,0.0022348,0.00262794,0.00260664,0.000473574,-0.000292958,-0.00117876,-0.000634423,7.66842e-05,-7.18249e-05,-4.9511e-05,0.0,0.0,0.0,0.0,-0.000154271,-0.000523839,-0.000557217,0.000165144,0.00210033,0.00602378,0.00583369,0.0037224,0.000565504,-0.00119206,-0.0041367,-0.00530198,-0.0047179,0.00138799,0.00399004,0.00328408,0.00296277,0.00107442,-0.000294794,-0.00170387,-0.00085042,-0.000331815,-3.60242e-05,-8.99659e-06,0.0,0.0,0.0,-3.59882e-06,-0.000100243,-0.000337132,-0.000205966,0.0011188,0.00409246,0.00805355,0.00728577,0.004697,0.00186721,-0.00205071,-0.00479412,-0.00613459,-0.00345038,0.0020332,0.00567836,0.00431612,0.00319626,0.00133171,-0.00149726,-0.00154198,-0.000934826,-0.000261473,-5.98369e-06,0.0,0.0,0.0,0.0,-2.21612e-05,-8.14713e-05,-0.000207919,0.00053283,0.00138225,0.00622697,0.00957489,0.00877241,0.00560882,0.00260293,-0.00225142,-0.00560874,-0.00553525,-0.000691409,0.00374631,0.00613736,0.00492557,0.00407138,0.000554163,-0.0010488,-0.00110636,-0.000862742,-0.000326855,-6.79217e-05,0.0,0.0,0.0,0.0,-2.42447e-05,-2.19261e-05,0.000304849,0.000997711,0.00272112,0.00778348,0.0120675,0.0105643,0.00844236,0.00501137,-0.000260572,-0.00339908,-0.00156242,0.00251259,0.00672871,0.00719995,0.00721328,0.00477237,0.00259869,0.000963417,-0.000153092,-0.000243682,-0.000667378,-9.34896e-05,0.0,0.0,0.0,0.0,-1.91306e-05,0.0,0.000368416,0.000169463,0.00346478,0.00844983,0.0118021,0.0118355,0.00996988,0.00820439,0.00426271,0.00201954,0.00434206,0.00756581,0.00893584,0.00856352,0.00768983,0.00593105,0.00340014,0.00134028,0.000268694,0.000358382,-0.000495034,-8.56088e-05,0.0,0.0,0.0,0.0,0.0,-7.65864e-06,0.000194202,-0.000143665,0.00300308,0.00573206,0.00823472,0.00912274,0.00788456,0.00657401,0.00606178,0.00623553,0.00692181,0.00821314,0.00870802,0.00813216,0.0063684,0.00366552,0.000443712,-0.0012193,-0.000839332,-0.000778286,-0.000398678,-1.01634e-05,0.0,0.0,0.0,0.0,0.0,-5.35352e-05,0.000274747,-6.0638e-05,0.00128795,0.0026073,0.00344209,0.00407052,0.00332339,0.00208684,0.0020542,0.00210622,0.00429267,0.00621601,0.00652935,0.00504741,0.0031844,-0.00113239,-0.00238882,-0.00228419,-0.00184127,-0.00090985,-0.000692083,-0.000230653,0.0,0.0,0.0,0.0,-1.88235e-05,-0.000151716,-0.000167652,-0.000807144,-0.000860688,-0.00120512,-0.00138938,-0.00223431,-0.00206628,-0.00244836,-0.00179763,-0.000498783,0.00145056,0.00258989,0.00326501,0.00158597,0.000501862,-0.00315799,-0.00345739,-0.00243165,-0.00175483,-0.000869502,-0.000708764,-0.0001828,0.0,0.0,0.0,0.0,-2.37255e-05,-0.00019512,-0.000408419,-0.000977714,-0.00247928,-0.00397879,-0.00541169,-0.00569428,-0.00585674,-0.00465702,-0.00336952,-0.00151989,-0.000726783,-0.000188676,-0.000135715,-0.00143115,-0.0011973,-0.00336218,-0.00384335,-0.00226533,-0.00128744,-0.000611012,-0.000530207,-0.000105958,0.0,0.0,0.0,0.0,-7.45098e-06,-0.000150041,-0.000514224,-0.00129879,-0.00301755,-0.00479746,-0.0066505,-0.0068888,-0.00709826,-0.00637658,-0.00489599,-0.00378823,-0.00314563,-0.00146546,-0.00214211,-0.00251394,-0.00199601,-0.00292087,-0.00306396,-0.00162628,-0.000775391,-0.000330537,-0.000397545,-8.90024e-05,0.0,0.0,0.0,0.0,0.0,-4.46728e-05,-0.000384111,-0.00114716,-0.00282601,-0.00496137,-0.00619431,-0.00731667,-0.00826484,-0.00820157,-0.00720169,-0.00563134,-0.00450873,-0.00302911,-0.00386593,-0.00254825,-0.000969323,-0.00117352,-0.0020889,-0.000831203,-0.000348378,-0.0002922,-0.000161883,-1.63057e-05,0.0,0.0,0.0,0.0,0.0,-3.42692e-07,-0.000262963,-0.000896519,-0.00212338,-0.00379477,-0.00540605,-0.00700369,-0.00763442,-0.00747425,-0.0075816,-0.00606181,-0.00425117,-0.00145066,-0.00185463,-0.000955199,0.0010991,9.0934e-05,-0.000926281,-0.00025958,-0.000180531,-0.000171959,-4.29228e-05,-7.92551e-06,0.0,0.0,0.0,0.0,0.0,0.0,-0.000137702,-0.000553964,-0.00120648,-0.00186049,-0.00293622,-0.00440125,-0.00528969,-0.00517564,-0.00641568,-0.00504704,-0.00155004,0.00141789,0.000210494,0.000143503,0.00193245,0.000891766,-3.51391e-05,0.000486916,0.000293962,-8.69144e-05,0.0,0.0,0.0,0.0,0.0,0.0,0.0,0.0,-4.26238e-05,-0.000143644,-0.000345672,-0.000404858,-0.000298443,-0.000946858,-0.00144523,-0.00260655,-0.00368174,-0.00375362,-0.000141,0.0029207,0.00105998,0.000476729,0.00116846,0.00100673,0.000263898,0.000538225,4.77849e-05,-7.53202e-05,0.0,0.0,0.0,0.0,0.0,0.0,0.0,0.0,0.0,-3.16419e-05,-7.2137e-05,-8.42861e-05,-6.76113e-06,0.000213425,1.74319e-05,-0.00100927,-0.00104337,-0.00189723,-0.000981223,0.00025663,-0.000212254,-0.000589769,0.000138567,1.78569e-05,-0.000191649,-0.000157672,-0.000106703,-3.83014e-05,0.0,0.0,0.0,0.0,0.0,0.0,0.0,0.0,0.0,0.0,-1.84605e-07,-6.55433e-05,-0.000230585,-9.78396e-05,0.000159768,-0.000304646,-0.00059209,-0.000735192,-0.000684872,-0.000673751,-0.00067015,-0.000559847,-0.000204955,-6.82619e-05,-1.70588e-05,0.0,0.0,0.0,0.0,0.0,0.0,0.0,0.0,0.0,0.0,0.0,0.0,0.0,-9.02768e-06,-6.12714e-05,-9.26847e-05,-4.42697e-05,-3.83375e-06,0.0,-4.48803e-05,-5.51661e-05,-7.7751e-05,-0.00011283,-0.000167887,-0.000121495,0.0,0.0,0.0,0.0,0.0,0.0,0.0,0.0,0.0,0.0]}