{"max":0.048297,"min":-0.0413452,"acc":0.7844,"arr":[0.0,0.0,0.0,0.0,0.0,0.0,0.0,0.0,0.0,0.0,0.0,0.0,0.0,0.0,0.0,0.0,0.0,0.0,0.0,0.0,0.0,0.0,0.0,0.0,0.0,0.0,0.0,0.0,0.0,0.0,0.0,0.0,0.0,0.0,-3.18294e-05,-9.47394e-05,-8.50033e-05,-3.57992e-05,-8.35944e-05,-0.000129425,-0.000170731,-8.35296e-05,0.000235623,-8.00368e-05,-0.000138446,-8.23588e-05,-7.04666e-05,-9.59866e-05,-4.40303e-05,0.0,0.0,0.0,0.0,0.0,0.0,0.0,0.0,0.0,0.0,-1.88405e-06,-3.0992e-06,0.0,-7.86374e-06,-9.00718e-05,-0.000240447,-0.000451277,-0.000646245,-0.00105626,-0.00151936,-0.0011621,-0.00116904,-0.00178744,-0.00175947,-0.0014988,-0.00131045,-0.00105495,-0.000727675,-0.00035181,-0.000123547,-1.41743e-05,0.0,0.0,0.0,0.0,0.0,0.0,0.0,-1.71326e-05,-2.07833e-05,-2.32894e-05,-7.97045e-05,-0.000261336,-0.000622342,-0.00135697,-0.00187438,-0.00265018,-0.00367324,-0.00454164,-0.00490254,-0.00585878,-0.00552329,-0.0045103,-0.00386389,-0.00321865,-0.00148599,6.80028e-06,-0.000410709,-0.000109772,-1.89524e-05,-1.24083e-05,0.0,0.0,0.0,0.0,0.0,-2.1589e-05,-7.28708e-05,-0.000198191,-0.000334656,-0.000619346,-0.00141592,-0.00184449,-0.00443533,-0.0060521,-0.00747913,-0.0112786,-0.014125,-0.0158249,-0.0126978,-0.00969349,-0.00814844,-0.00430197,0.0010624,0.00203846,0.00153225,0.00149792,0.000201855,-0.000103165,-2.66344e-05,0.0,0.0,0.0,-1.26161e-05,-3.64656e-05,-4.2462e-05,-3.86484e-05,-0.000407,-0.000473775,-0.00093434,-0.00168974,-0.00534291,-0.00938436,-0.0133081,-0.0198046,-0.0254613,-0.0266332,-0.0228856,-0.0146374,-0.00670651,-0.00102752,0.00370405,0.00607992,0.00651135,0.00586856,0.00308938,0.000810654,-8.10433e-05,0.0,0.0,0.0,-1.38258e-06,0.000317176,0.000399925,0.000153321,-6.77503e-05,-0.000204621,-0.00130478,-0.00215136,-0.00244375,-0.00860769,-0.0179496,-0.0271998,-0.0353683,-0.0381667,-0.0312303,-0.0188014,-0.00725515,0.000371023,0.00574942,0.00835971,0.011,0.00861774,0.004397,0.000725863,-3.22729e-05,-1.86784e-05,0.0,0.0,-0.000111985,6.76514e-05,0.000100427,0.000278256,-0.000599387,-0.00134309,-0.00205219,-0.00186432,-0.00331407,-0.00897315,-0.0212804,-0.0332603,-0.0412217,-0.0413452,-0.0327508,-0.02178,-0.00616898,0.00205352,0.00635598,0.00848456,0.00874784,0.00610707,0.00228521,-0.000363354,-0.000152515,-8.52317e-05,0.0,-4.12057e-05,-0.000297428,-0.000457999,-0.000858276,-0.000406503,-0.0008251,-0.00170204,-0.00273464,-0.00295205,-0.00231606,-0.00830494,-0.0213961,-0.0296048,-0.0353739,-0.0354538,-0.027405,-0.01503,-0.00381645,0.00424721,0.00763305,0.0074789,0.00306315,0.00262807,0.00025904,-0.000791627,-0.00036007,-2.5018e-05,0.0,-4.45832e-05,-0.000226449,-0.00071133,-0.00127886,-0.000827981,-0.000593856,-0.000730737,-0.000936188,0.000790311,0.00199976,-0.00349514,-0.0129717,-0.0177113,-0.0243674,-0.0264556,-0.0164346,-0.0026699,0.00745551,0.0109653,0.00836912,0.00428026,-7.88832e-05,-0.00132056,-0.00153179,-0.000735507,-0.00016763,0.0,0.0,-2.25168e-06,-0.000126653,-0.000307149,-0.000454779,-9.78192e-05,0.00113096,0.00264465,0.00618622,0.0101155,0.00809428,0.00411557,-0.000533716,-0.0102864,-0.0204842,-0.0212198,-0.00592251,0.0111707,0.018421,0.0139865,0.00434366,-9.94607e-05,-0.00330817,-0.00325096,-0.00151898,-0.000500863,-0.000134173,0.0,0.0,-3.94968e-06,-0.000128115,0.000306457,0.000765977,0.000582836,0.00417446,0.00940352,0.0175096,0.0187779,0.0164047,0.0111854,0.0016889,-0.0141296,-0.0226963,-0.0180266,0.00273317,0.0216725,0.0237244,0.0124716,0.00168245,-0.00200731,-0.00472624,-0.00379526,-0.00168466,-0.000208622,-8.56342e-05,-2.84711e-05,0.0,-1.55793e-05,-0.000144711,0.000327036,0.000555801,0.00173391,0.00682072,0.016385,0.0273141,0.0282045,0.0250567,0.0151049,-0.0052909,-0.0194808,-0.0242652,-0.0129053,0.010142,0.0286067,0.0245942,0.00978216,0.000758035,-0.00416738,-0.00475126,-0.0036509,-0.00149734,-0.000206677,-0.000101912,-3.30351e-05,0.0,0.0,-0.000105407,0.000325322,0.000358846,0.00320022,0.0110721,0.025458,0.0372038,0.0371595,0.0310093,0.0156755,-0.0051787,-0.0167763,-0.0172832,-0.000417405,0.0184813,0.0322103,0.023414,0.00993138,0.0015703,-0.00175688,-0.00357155,-0.00279065,-0.000876968,8.87994e-05,-5.26345e-05,-8.91079e-06,0.0,-1.66159e-05,-6.55557e-05,0.000535818,0.00190311,0.00544999,0.0167541,0.0343554,0.0462777,0.0455891,0.0378058,0.0231188,0.0111077,0.00186055,0.0028048,0.014194,0.0284777,0.0357922,0.0257539,0.0137349,0.00558425,0.000953181,-0.00136754,-0.00189977,-0.001588,-0.000221415,4.31383e-05,0.0,0.0,-3.79313e-05,-8.66418e-05,0.00059404,0.00187493,0.00471604,0.018559,0.0359594,0.048297,0.0478374,0.041519,0.0348128,0.0261644,0.0191011,0.0203803,0.0284745,0.0356996,0.0385588,0.0280917,0.0161741,0.00476728,-0.000540365,-0.000903922,-0.000179533,-0.00122915,-9.32313e-05,0.000352192,-1.43263e-05,0.0,-1.79586e-05,-6.50239e-05,0.000223251,0.000531897,0.00156147,0.0127091,0.0249374,0.0335843,0.0333903,0.0305263,0.0274275,0.0234316,0.0199436,0.0261909,0.0338245,0.0387111,0.0347725,0.0224519,0.00817084,-0.00294863,-0.00446551,-0.0022126,-0.000462198,-0.000360387,0.000396883,0.00056339,-2.94953e-05,0.0,-1.96896e-05,-4.96052e-05,-0.000141493,0.000358682,-8.47772e-05,0.00434253,0.00954279,0.012964,0.0118119,0.00888589,0.00609978,0.0062566,0.0122327,0.0216277,0.0278245,0.0292297,0.0235056,0.00978777,-0.00381367,-0.00898069,-0.00823649,-0.00454111,-0.00145406,-0.00107805,-0.000304239,5.99024e-05,-1.5169e-06,0.0,-8.84597e-06,-2.81031e-05,-0.000390587,-0.00098186,-0.00221305,-0.003569,-0.00425491,-0.00655021,-0.0101684,-0.0125534,-0.0120544,-0.00599435,0.0040864,0.0101417,0.012513,0.0149056,0.00772433,-0.00221816,-0.00933209,-0.0117012,-0.0101479,-0.00603022,-0.0028913,-0.00161149,-0.000517969,-1.31849e-05,0.0,0.0,0.0,-0.000147472,-0.000733416,-0.00225113,-0.00575792,-0.00927094,-0.0134027,-0.0187852,-0.023365,-0.0257142,-0.0214781,-0.0108304,-0.0028702,-0.00148564,0.000740941,-0.000405781,-0.00448944,-0.00881356,-0.0114498,-0.0133418,-0.0105089,-0.00629437,-0.00328283,-0.00140548,-0.000348061,-4.64485e-05,0.0,0.0,0.0,-0.000129882,-0.0007556,-0.00290652,-0.00717288,-0.0123619,-0.0179483,-0.0248741,-0.0290482,-0.0295269,-0.023625,-0.0139513,-0.0120134,-0.0118764,-0.00882451,-0.00703197,-0.00808581,-0.0076443,-0.00890242,-0.00950384,-0.00691083,-0.00423997,-0.00237267,-0.00118505,-0.000289114,-1.29957e-05,0.0,0.0,0.0,-7.85079e-05,-0.000647887,-0.00235404,-0.00613894,-0.0122899,-0.0192479,-0.0255435,-0.0282715,-0.0277717,-0.0234782,-0.0209304,-0.019326,-0.0181026,-0.0132796,-0.00978295,-0.00690296,-0.001949,-0.00271954,-0.00391079,-0.00266988,-0.00176198,-0.00139026,-0.000900074,-0.000141757,-9.0248e-08,0.0,0.0,0.0,-1.29099e-05,-0.000433876,-0.00151547,-0.00416404,-0.00901899,-0.0156441,-0.0209452,-0.0231902,-0.0222907,-0.0215063,-0.0221878,-0.0186785,-0.017444,-0.00915626,-0.00452043,-0.00117844,0.00490753,0.00333898,0.00148924,0.00111924,-9.27024e-05,-0.000330724,-0.000382377,-5.682e-05,0.0,0.0,0.0,0.0,0.0,-0.000152211,-0.000896991,-0.00231634,-0.00506928,-0.00867503,-0.0109891,-0.0131492,-0.0146791,-0.0150309,-0.0157725,-0.0132581,-0.00988052,-0.00153349,0.00241329,0.00492732,0.00842305,0.00636945,0.00368915,0.00222418,0.000898711,-7.45422e-05,-0.000215725,-3.54511e-05,0.0,0.0,0.0,0.0,0.0,-3.46667e-06,-0.00020016,-0.00064171,-0.00177421,-0.0026541,-0.00259812,-0.00355474,-0.0047382,-0.00683783,-0.00711357,-0.00693957,-0.0023544,0.00247777,0.00304873,0.0050195,0.00495017,0.00368402,0.00227553,0.0006429,0.000403978,0.000312915,-0.00012455,-8.74076e-07,0.0,0.0,0.0,0.0,0.0,0.0,-9.83405e-06,-0.000210496,-0.000698603,-0.00106111,-0.00210053,-0.00303004,-0.00425553,-0.00609957,-0.0057996,-0.00516552,-0.00334492,-0.00131526,-0.000616217,-0.000867225,-0.00074122,-0.000431876,-0.000504464,-0.000481169,-0.00011763,0.000121641,-3.07154e-05,0.0,0.0,0.0,0.0,0.0,0.0,0.0,-1.84607e-05,-0.000131077,-0.000369697,-0.000696316,-0.00154966,-0.00210711,-0.00254697,-0.00322606,-0.00313459,-0.00337866,-0.00327597,-0.00274713,-0.00244111,-0.00192415,-0.00112953,-0.000428999,-0.000105065,-0.000130051,-0.000108517,-2.16094e-05,0.0,0.0,0.0,0.0,0.0,0.0,0.0,0.0,0.0,0.0,-9.02768e-06,-8.75462e-05,-0.000174795,