{"max":0.153833,"min":-0.171094,"acc":0.8668,"arr":[0.0,0.0,0.0,0.0,0.0,0.0,0.0,0.0,0.0,0.0,0.0,0.0,-5.76202e-05,-0.000126168,0.0,0.0,0.0,0.0,0.0,0.0,0.0,0.0,0.0,0.0,0.0,0.0,0.0,0.0,0.0,0.0,0.0,0.0,0.0,-3.88074e-06,-0.000151171,-0.000285355,-0.000350872,-0.000328791,-0.000752214,-0.000680596,-0.000670505,-0.00060726,-0.000351805,-0.000398625,-0.000681305,-0.000566343,-0.000248451,-0.00022639,-0.000217277,-0.000161912,-0.000154805,-1.26199e-05,0.0,0.0,0.0,0.0,0.0,0.0,0.0,-8.98915e-06,-8.83237e-06,-1.87473e-05,-0.00022994,-0.000772722,-0.00142441,-0.00252226,-0.0043482,-0.00618391,-0.00730484,-0.007765,-0.00814967,-0.00795607,-0.00689936,-0.00530282,-0.00458869,-0.00304585,-0.00188121,-0.00142076,-0.000782245,-0.000189428,0.0,0.0,0.0,0.0,0.0,0.0,-1.46528e-06,-3.85632e-05,-4.2194e-05,-0.000124281,-0.0005662,-0.00177311,-0.00353143,-0.00724848,-0.0104314,-0.0143132,-0.01843,-0.0209152,-0.0230506,-0.023379,-0.019503,-0.0174438,-0.014717,-0.00993136,-0.00540586,-0.00238147,-0.000611465,0.000342564,-5.98792e-05,-7.97728e-05,-3.58341e-06,0.0,0.0,-2.41308e-06,-9.97296e-06,-2.99486e-05,-0.000115297,-1.88069e-05,-0.000686183,-0.00276547,-0.00634841,-0.012126,-0.0190546,-0.0254063,-0.0336561,-0.0434213,-0.0508014,-0.0510287,-0.0422684,-0.0326572,-0.0235923,-0.0094154,0.00353569,0.00683945,0.00720009,0.00481355,0.00209136,1.35423e-05,-0.000139077,0.0,0.0,0.0,-2.15166e-05,-6.62319e-05,2.85686e-05,0.000915757,0.000360184,-0.00184664,-0.00480426,-0.00771375,-0.0173602,-0.0299111,-0.0454599,-0.0639653,-0.075396,-0.0739476,-0.0594787,-0.0341847,-0.0071364,0.0109314,0.0210857,0.0265086,0.0297986,0.0254472,0.0111616,0.0015647,-0.000148139,0.0,0.0,0.0,-4.10937e-05,0.000103256,0.000709916,0.00269884,0.000752479,-0.000949745,-0.00299959,-0.00459856,-0.0129035,-0.0322403,-0.0597355,-0.0957503,-0.126172,-0.130698,-0.107046,-0.059781,-0.0159801,0.017013,0.0294685,0.0348386,0.0392847,0.0320622,0.0139423,0.00219949,-0.000268456,-8.54284e-05,0.0,-2.13386e-05,-0.000255456,-0.000355955,-0.000249886,0.00121891,-0.00234724,-0.0038177,-0.00597899,-0.00867251,-0.0179489,-0.0425171,-0.0830979,-0.127379,-0.164792,-0.171094,-0.136951,-0.0778899,-0.0245225,0.00746183,0.0200285,0.0293669,0.0323188,0.0220278,0.00551148,-0.00134545,-0.0010405,-0.000110679,0.0,-9.44838e-05,-0.000843471,-0.00195775,-0.00276475,-0.00213371,-0.00451707,-0.0049264,-0.0111968,-0.0122806,-0.0201238,-0.0445393,-0.0805813,-0.119858,-0.152653,-0.157435,-0.117667,-0.052275,-0.00633683,0.0104559,0.0186407,0.0193935,0.014178,0.00630976,-0.0025244,-0.00404065,-0.00153337,-5.42211e-05,-4.01708e-05,-0.00026518,-0.00127683,-0.0033262,-0.00476424,-0.0054415,-0.00585858,-0.00603348,-0.0089423,-0.00386824,-0.0060649,-0.0166232,-0.0423245,-0.079073,-0.111306,-0.110641,-0.0601983,-0.000241629,0.0265991,0.0226997,0.0151975,0.00575917,-0.0011526,-0.00719142,-0.00940828,-0.00521895,-0.00127096,-3.86082e-05,-4.69005e-05,-0.000394113,-0.0015042,-0.00311122,-0.00440925,-0.00568935,-0.00424488,-0.000522526,0.00610597,0.0220637,0.0266463,0.024432,-0.000352073,-0.0488698,-0.0834226,-0.0705644,-0.009371,0.0475758,0.0513208,0.0264456,0.00301016,-0.00893183,-0.0137209,-0.0141752,-0.00888452,-0.00442807,-0.0010279,-9.5415e-05,-2.80787e-05,-0.000317204,-0.00147412,-0.00199771,-0.00284748,-0.00226224,0.00368439,0.0160822,0.0389318,0.056134,0.0707498,0.0556912,0.0093351,-0.04741,-0.0739388,-0.0461118,0.0296051,0.0782726,0.0626098,0.0214485,-0.00489183,-0.0157763,-0.0194835,-0.0142674,-0.00705729,-0.00232288,-0.000332915,-8.23162e-05,-2.80457e-06,-0.000226208,-0.0011847,-0.001005,-0.00149391,0.00226558,0.0185186,0.0445601,0.0765078,0.0980453,0.102417,0.0648375,-0.00181414,-0.0539978,-0.0732854,-0.0318422,0.0503641,0.0904201,0.0603098,0.0157446,-0.00693577,-0.0167861,-0.0151282,-0.011151,-0.00396078,-0.000755641,-0.000289817,-3.30351e-05,-8.5566e-07,-0.00015522,-0.000727318,-0.000499827,0.0013432,0.0121348,0.0396881,0.0792349,0.117604,0.132105,0.120609,0.0632215,-0.00460657,-0.0442919,-0.05413,-0.00731909,0.0680727,0.0981075,0.0648085,0.0266103,0.0046056,-0.0068197,-0.00733211,-0.00743914,-0.00330197,-0.000963931,-0.00037925,-1.02544e-05,0.0,-0.000114685,-0.000396361,0.00120721,0.00646885,0.0245521,0.0630081,0.113193,0.147212,0.153833,0.132007,0.0856336,0.0403806,0.00641688,-0.00101724,0.0411759,0.101962,0.117892,0.0869988,0.0555205,0.0299885,0.0088299,0.00225371,0.000324928,-0.00138955,-0.000753376,-0.000152849,-9.98141e-07,0.0,-3.79313e-05,-0.000112508,0.00165056,0.00724092,0.0302783,0.0739651,0.120143,0.152796,0.152091,0.13233,0.111283,0.082256,0.0588473,0.0644379,0.0989859,0.132683,0.134399,0.100706,0.0635945,0.0323851,0.0118349,0.0054626,0.00294826,-0.00151408,-0.00091257,0.000195928,-6.59033e-05,0.0,-2.03951e-05,-0.000141365,-0.000279677,0.00156098,0.0217998,0.0595152,0.0920467,0.11195,0.106441,0.0957616,0.0882682,0.0778069,0.0708847,0.0946822,0.126601,0.13579,0.11653,0.0740199,0.0343999,0.00837912,-0.00441749,-0.00653379,-0.00556436,-0.00412873,-0.00175624,8.78937e-05,-9.44175e-05,0.0,-2.12885e-05,-0.000152922,-0.00216806,-0.00290831,0.00574284,0.0257787,0.0400895,0.0431315,0.0316851,0.0210258,0.0183709,0.0258146,0.0476943,0.0850117,0.103875,0.0934323,0.0609271,0.0203718,-0.0160726,-0.0270774,-0.0274895,-0.0226676,-0.0138711,-0.00730708,-0.00231537,-0.000230465,-2.60624e-05,-2.89996e-08,-9.47497e-06,-2.87224e-05,-0.00281634,-0.00769202,-0.00965903,-0.0125719,-0.0125059,-0.0215584,-0.0398706,-0.0542418,-0.0504267,-0.0242137,0.0114839,0.0423085,0.05229,0.0356288,0.0040029,-0.0301904,-0.0486723,-0.0469778,-0.038578,-0.027813,-0.0159634,-0.00700735,-0.00238996,-0.000110875,-1.39517e-05,-1.44998e-07,-2.22638e-06,-5.97149e-05,-0.00288213,-0.010662,-0.0212352,-0.0366731,-0.0526343,-0.0705729,-0.0881009,-0.0960676,-0.0830965,-0.0501209,-0.0144906,0.0060235,0.00795574,-0.00669009,-0.0241437,-0.0428959,-0.0490845,-0.0477968,-0.0352942,-0.0246834,-0.013589,-0.00620258,-0.00171348,-0.000219824,-1.82316e-06,0.0,-1.04778e-06,-0.000205271,-0.00304219,-0.011461,-0.0251561,-0.0433242,-0.0660725,-0.0882149,-0.10258,-0.106014,-0.0889545,-0.0606538,-0.0373173,-0.0273252,-0.0196517,-0.0198464,-0.0270361,-0.0341881,-0.0349763,-0.0349358,-0.0248677,-0.0162348,-0.00957068,-0.00457589,-0.00119449,-0.000182497,0.0,0.0,-5.85484e-06,-0.000345296,-0.00253801,-0.0084912,-0.0198383,-0.0395441,-0.0617976,-0.0816614,-0.0942055,-0.096007,-0.0796931,-0.0632153,-0.0524317,-0.0413892,-0.0277249,-0.0193039,-0.0171009,-0.0123346,-0.0123703,-0.0154065,-0.0116383,-0.00775214,-0.00506752,-0.00276152,-0.000770583,-0.000155187,-1.4198e-07,0.0,0.0,-0.000207859,-0.00144583,-0.00495144,-0.013589,-0.0283408,-0.0466397,-0.0627371,-0.0746208,-0.0732661,-0.0630972,-0.0566592,-0.0467446,-0.0334395,-0.0131552,-0.00152706,0.00282126,0.0101516,0.00949437,0.00361775,1.06969e-06,-0.0011415,-0.00159727,-0.000850439,-0.000322666,-4.86841e-06,-2.62117e-07,0.0,0.0,-6.76524e-05,-0.000454222,-0.00233477,-0.00696589,-0.015602,-0.0265687,-0.0370962,-0.0458107,-0.0472154,-0.0424468,-0.0436368,-0.0337381,-0.0175125,0.00288433,0.0136508,0.0209786,0.0254531,0.0218742,0.0145459,0.00521175,0.00126548,-0.000160103,-0.000140836,5.94631e-05,1.93513e-05,0.0,0.0,0.0,-1.07669e-05,-6.68257e-05,-0.000678175,-0.00209823,-0.00609233,-0.0106716,-0.0164538,-0.0227721,-0.0252811,-0.0276254,-0.0304607,-0.0238424,-0.00972266,0.00499236,0.0097411,0.00928782,0.0113203,0.011486,0.00702458,0.00140012,-0.000263699,-0.000266014,-0.000151227,3.41625e-05,0.0,0.0,0.0,0.0,-1.05051e-05,-2.6638e-06,-0.000202575,-0.0011275,-0.00288696,-0.00641595,-0.0121369,-0.0176627,-0.0229408,-0.0300345,-0.0334472,-0.0319536,-0.0245522,-0.018144,-0.0176135,-0.0197236,-0.0159864,-0.00929918,-0.00571149,-0.00368703,-0.00164209,-0.000489439,-0.000234891,0.0,0.0,0.0,0.0,0.0,0.0,0.0,-0.0002377,-0.000602922,-0.00157738,-0.00282702,-0.00580584,-0.00879262,-0.0118633,-0.0146595,-0.0157372,-0.0171498,-0.0175156,-0.015812,-0.0138817,-0.0110643,-0.0081238,-0.00525821,-0.00318478,-0.00176346,-0.000692334,-1.32339e-05,3.20597e-06,0.0,0.0,0.0,0.0,0.0,0.0,0.0,0.0,