{"max":0.00663225,"min":-0.00545555,"acc":0.4222,"arr":[0.0,0.0,0.0,0.0,0.0,0.0,0.0,0.0,0.0,0.0,0.0,0.0,0.0,0.0,0.0,0.0,0.0,0.0,0.0,0.0,0.0,0.0,0.0,0.0,0.0,0.0,0.0,0.0,0.0,0.0,0.0,0.0,0.0,0.0,0.0,0.0,0.0,0.0,0.0,0.0,0.0,0.0,0.0,-1.62213e-05,-3.11223e-05,0.0,0.0,0.0,0.0,0.0,0.0,0.0,0.0,0.0,0.0,0.0,0.0,0.0,0.0,0.0,0.0,0.0,0.0,0.0,0.0,-1.27197e-05,-5.76877e-05,-9.71315e-05,-7.47368e-05,-3.00776e-05,-0.000113689,-0.000193419,-0.000231756,-0.000128319,-0.000115294,-3.53362e-05,-4.68455e-05,-2.24124e-05,0.0,0.0,0.0,0.0,0.0,0.0,0.0,0.0,0.0,0.0,0.0,0.0,0.0,0.0,-7.28614e-07,-4.89475e-05,-0.00015772,-0.000266491,-0.000271213,-0.000377504,-0.000565893,-0.000670509,-0.000530656,-0.000439773,-0.00041069,-0.000357222,-0.000354895,-0.000202468,-0.000109608,-3.33217e-05,0.0,0.0,0.0,0.0,0.0,0.0,0.0,0.0,0.0,0.0,-3.37416e-05,-0.00014773,-0.00025665,-0.000494332,-0.000759093,-0.000594183,-0.000665295,-0.00151828,-0.00194322,-0.00174435,-0.000804509,-0.000177012,-0.0002153,-0.000408513,0.000449102,0.000785156,7.04568e-05,-7.41284e-05,0.0,0.0,0.0,0.0,0.0,0.0,0.0,0.0,0.0,-3.22436e-05,-8.78973e-05,0.00014385,-0.000432195,-0.000951462,-0.0009239,-0.00092283,-0.00140726,-0.00275515,-0.00360865,-0.00341585,-0.00297447,-0.000986182,-0.000556934,-0.000327775,0.000257038,-0.000100496,-0.000309939,-0.00024014,-0.000122372,-5.39971e-05,-1.08234e-05,0.0,0.0,0.0,0.0,0.0,0.0,-8.3348e-05,-8.04386e-05,0.000240858,-0.000507649,-0.00104553,-0.000934816,-0.000870805,-0.00213729,-0.0034834,-0.0048476,-0.00545555,-0.00360767,-0.000977326,-0.000872488,-0.000803611,-0.000423748,-0.000499223,-0.000283948,0.000376209,6.45914e-05,-0.000306149,-4.02011e-05,0.0,0.0,0.0,0.0,-1.92152e-05,-6.55066e-05,-5.35909e-05,-4.89031e-05,-9.22566e-05,-0.00046206,-0.000384611,-0.000562249,-0.000227209,-0.00257241,-0.00389705,-0.00525467,-0.00540297,-0.0034181,-0.00135838,-0.00109298,-0.00100896,-0.000681994,-0.000579669,1.3475e-05,0.000203344,2.38183e-05,-0.000100053,-4.27451e-05,0.0,0.0,0.0,-2.53125e-05,-7.74662e-05,-0.000226595,-0.000319694,-0.000352228,-0.000783571,-0.00042365,0.000324743,0.000906937,-0.000785462,-0.0019669,-0.00325259,-0.004455,-0.00441168,-0.0022358,-0.000283373,-0.000291962,-0.000702783,-0.000714643,-0.000443198,-0.000111936,7.10632e-05,0.000181608,0.000290202,-2.41177e-05,0.0,0.0,0.0,-1.66114e-05,-0.000120996,-0.000310324,-0.000408863,-0.000518039,-0.000470294,0.000710239,0.0013892,0.00113553,-0.000498453,-0.00155121,-0.00209782,-0.00294985,-0.00303457,-0.00034066,0.00170631,0.00110954,0.000180294,-0.000618066,-0.000630244,-0.000337729,-0.000196694,0.000130095,0.000209276,-3.64706e-05,0.0,0.0,0.0,0.0,-0.000147376,-0.00041573,-0.000385716,-0.00051012,0.000175895,0.00159999,0.00196005,0.00106766,-3.63745e-06,-1.70779e-05,-0.0011166,-0.0022206,-0.00196573,0.00119758,0.00297336,0.00207687,0.000415899,-0.00110133,-0.000799569,-0.000704873,-0.000212282,-0.000128388,-1.41176e-05,-4.11765e-06,0.0,0.0,0.0,0.0,-0.00012407,-0.000359399,-0.000460142,0.000164168,0.0016198,0.00341558,0.00287713,0.00194244,0.000717462,0.000472407,-0.00175424,-0.00217757,-0.00156147,0.00240637,0.00389974,0.00187417,0.00055114,-0.000538675,-0.000607802,-0.000851343,-0.000370364,-0.000152598,0.0,0.0,0.0,0.0,0.0,0.0,-1.98039e-05,-0.00021803,-0.000309164,0.000752779,0.00283654,0.00438474,0.00388728,0.00273844,0.00222551,2.2293e-05,-0.00199517,-0.00223106,-0.000286096,0.00298176,0.00393797,0.00211884,0.000953314,5.82924e-05,-0.000951657,-0.000708873,-0.000427089,-0.000173607,-7.75596e-07,0.0,0.0,0.0,0.0,0.0,0.0,-9.22255e-05,0.000349946,0.000836058,0.00344414,0.00496828,0.00413795,0.00341864,0.00233874,-0.000837448,-0.00334417,-0.00271565,0.00139532,0.00391832,0.00394295,0.00232733,0.00160618,-0.000141279,-0.000261075,-0.000384704,-0.000480338,-0.000177888,-2.40435e-05,0.0,0.0,0.0,0.0,0.0,0.0,0.000190652,0.000484366,0.00163548,0.00424584,0.00596101,0.00510457,0.00489305,0.00311935,-0.000185261,-0.0018928,5.37391e-05,0.00321697,0.00517957,0.00462732,0.00439965,0.00240936,0.0013069,0.000783992,0.000105433,4.59066e-05,-0.00019897,0.0,0.0,0.0,0.0,0.0,0.0,0.0,0.000421679,0.000279005,0.00249431,0.0049326,0.00607081,0.00663225,0.00652727,0.00548492,0.00232749,0.00164206,0.00323509,0.0046253,0.00489602,0.00459346,0.00415428,0.00306291,0.00216447,0.00145269,0.000544323,0.000726898,-5.96588e-05,-3.17984e-07,0.0,0.0,0.0,0.0,0.0,-4.23744e-06,0.000364705,0.000348572,0.00271275,0.0038224,0.0050765,0.00574233,0.00515884,0.00460998,0.00415717,0.00424786,0.0039987,0.00406738,0.00464242,0.00468633,0.00402356,0.00219641,0.000757929,9.9356e-05,4.20715e-05,-6.04556e-05,8.20348e-06,0.000106836,0.0,0.0,0.0,0.0,0.0,-4.19411e-05,0.000536508,0.000399088,0.0013346,0.0021436,0.0032164,0.00286822,0.00174451,0.0011141,0.000884608,0.000757406,0.00242849,0.00365501,0.00405731,0.00292419,0.00164821,-0.00045029,-0.000681013,-0.000842417,-0.00073936,-0.000188352,-0.00024469,-5.73615e-05,0.0,0.0,0.0,0.0,-1.88235e-05,-0.000124347,9.39504e-05,-0.000172824,-0.000302408,-0.000277739,-0.000131313,-0.000885151,-0.00141708,-0.00189532,-0.00181932,-0.000344229,0.000874659,0.00188555,0.00193357,0.00115201,0.00048719,-0.00090361,-0.00141102,-0.00109983,-0.000656519,-0.000129464,-0.000286525,-8.77107e-05,0.0,0.0,0.0,0.0,-2.37255e-05,-0.000183145,-0.000187608,-0.000352953,-0.00117029,-0.00176879,-0.00231794,-0.00259516,-0.00297208,-0.00297215,-0.00190588,-0.00036242,0.000237253,0.000597973,0.000274944,-0.000885477,-0.00110456,-0.00156461,-0.00202764,-0.00119304,-0.000411334,-5.73561e-05,-0.000264918,-4.25661e-05,0.0,0.0,0.0,0.0,-7.45098e-06,-0.000150041,-0.000339849,-0.000792263,-0.00162944,-0.00239416,-0.00325267,-0.00338498,-0.003896,-0.00362827,-0.00194863,-0.00116001,-0.000460179,-0.000421568,-0.0011345,-0.00158755,-0.00121822,-0.00141321,-0.00147827,-0.00074179,-0.000239078,2.19322e-05,-0.000169977,-2.4997e-05,0.0,0.0,0.0,0.0,0.0,-4.46728e-05,-0.000226181,-0.000751711,-0.00158618,-0.0024541,-0.00321918,-0.00419596,-0.00494015,-0.00457294,-0.00345778,-0.0013651,-0.000867049,-0.00139227,-0.0021728,-0.00152131,-0.00041504,-0.000122652,-0.000784018,-0.000356513,-8.20502e-05,-3.8625e-05,-8.72297e-05,-3.42238e-06,0.0,0.0,0.0,0.0,0.0,-3.42692e-07,-0.000128156,-0.000502248,-0.00116454,-0.00190604,-0.00271243,-0.00404523,-0.00458198,-0.0042789,-0.00376914,-0.0013884,-0.00105441,-0.000676276,-0.0016474,-0.000942716,0.000672827,0.000806391,-0.000115399,-0.00016698,-0.000140066,-0.000106079,-3.98137e-05,-7.92551e-06,0.0,0.0,0.0,0.0,0.0,0.0,-7.68339e-05,-0.000273706,-0.000626298,-0.000937317,-0.00160878,-0.00269923,-0.00330702,-0.00309178,-0.00297514,-0.00154097,-0.000535772,0.000620286,-0.0010126,0.000177201,0.00133669,0.00116977,0.000247779,0.000232319,4.77452e-05,-6.7902e-05,0.0,0.0,0.0,0.0,0.0,0.0,0.0,0.0,-1.0072e-05,-5.27987e-05,-0.000177549,-9.89882e-05,-0.000286018,-0.000913517,-0.000949146,-0.00107136,-0.00130527,-0.0019067,-0.000545544,0.000811935,-0.000474864,0.000529947,0.00145668,0.00126094,0.000317125,0.000257537,8.87993e-05,-3.38447e-05,0.0,0.0,0.0,0.0,0.0,0.0,0.0,0.0,0.0,0.0,-3.32289e-06,8.93336e-05,1.90432e-06,-0.000228497,6.89516e-06,-8.86581e-06,4.98833e-05,-0.000884573,-0.000498473,0.000311341,-0.000392894,-0.00044808,0.000397121,0.000103956,-9.95462e-05,-5.04236e-05,-6.27451e-06,0.0,0.0,0.0,0.0,0.0,0.0,0.0,0.0,0.0,0.0,0.0,-1.84605e-07,-5.40935e-05,-0.000139001,-2.62072e-05,0.00034604,3.72349e-05,-0.000135978,-0.000366893,-0.000332539,-0.000272205,-0.000369317,-0.000381413,-0.000117451,-5.54902e-05,-1.70588e-05,0.0,0.0,0.0,0.0,0.0,0.0,0.0,0.0,0.0,0.0,0.0,0.0,0.0,0.0,-9.96775e-06,-4.6005e-05,-3.54622e-05,-3.83375e-06,0.0,-4.48803e-05,-2.45866e-05,0.0,-3.44919e-05,-0.000134338,-0.000121495,0.0,0.0,0.0,0.0,0.0,0.0,0.0,0.0,0.0,0.0]}