{"max":0.0243495,"min":-0.0188304,"acc":0.7828,"arr":[0.0,0.0,0.0,0.0,0.0,0.0,0.0,0.0,0.0,0.0,0.0,0.0,0.0,0.0,0.0,0.0,0.0,0.0,0.0,0.0,0.0,0.0,0.0,0.0,0.0,0.0,0.0,0.0,0.0,0.0,0.0,0.0,0.0,0.0,0.0,0.0,0.0,-2.64376e-05,-4.89508e-05,-3.22215e-05,-9.27012e-05,-3.9885e-05,-2.4496e-05,-4.5119e-05,-3.70549e-05,0.0,0.0,0.0,0.0,0.0,0.0,0.0,0.0,0.0,0.0,0.0,0.0,0.0,0.0,0.0,0.0,0.0,0.0,-1.443e-05,-7.6081e-05,-0.000188277,-0.000223433,-0.000287971,-0.000522636,-0.000561795,-0.000716457,-0.000880036,-0.000887777,-0.000588067,-0.000534116,-0.000396086,-0.000374269,-0.000226812,-6.90329e-05,-5.79555e-06,0.0,0.0,0.0,0.0,0.0,0.0,0.0,0.0,0.0,-2.24307e-05,-6.77413e-05,-0.000125521,-0.000223754,-0.000578582,-0.000765412,-0.000878899,-0.00149071,-0.00237294,-0.00265562,-0.00284218,-0.00248011,-0.00182817,-0.00168082,-0.00135868,-0.00091435,-4.13053e-05,-0.000227313,-6.28904e-05,0.0,0.0,0.0,0.0,0.0,0.0,0.0,-7.94984e-06,-3.54287e-05,-0.000107615,-0.000153098,-0.000236649,-0.000626606,-0.000913359,-0.00236184,-0.0025196,-0.00388345,-0.00694645,-0.00831947,-0.00792014,-0.00579533,-0.00369936,-0.00292187,-0.00201767,0.000178769,0.00112497,0.000748405,0.000740677,0.000204811,-3.04393e-05,-2.66344e-05,0.0,0.0,0.0,-1.26161e-05,-3.64656e-05,-2.3839e-05,-0.000244463,-0.000218858,0.000247269,-0.000498105,-0.00142713,-0.0025904,-0.00440616,-0.00833376,-0.0117479,-0.0134957,-0.0124005,-0.0104535,-0.00561583,-0.00136993,-0.000937773,0.00125169,0.00182932,0.00181265,0.00229852,0.0018455,0.000763614,-5.28957e-05,0.0,0.0,0.0,-1.38258e-06,-1.90105e-06,-6.45306e-05,-0.000447803,-0.000159856,0.000191784,-0.000994991,-0.0022743,-0.0011006,-0.00413827,-0.0103131,-0.0149166,-0.0175473,-0.0170967,-0.0138116,-0.00680062,-0.00182313,-0.000787429,0.00195641,0.00260494,0.00344993,0.00477102,0.00269595,0.000547799,3.4427e-05,-6.83947e-06,0.0,0.0,-1.52812e-05,-7.03243e-05,-0.000406756,-0.000729724,-0.000531335,-0.000473632,-0.000710895,-0.000666383,-0.00101969,-0.00402102,-0.0108733,-0.0163037,-0.0188304,-0.0176382,-0.0141063,-0.00893616,-0.00269399,-0.000369472,0.00198239,0.00211711,0.00404729,0.00410585,0.00171071,-0.000108708,0.000122584,-4.55364e-05,0.0,0.0,-9.40373e-05,-0.000418938,-0.000985993,-0.00128101,-0.000523075,-0.00086192,-0.000861807,0.00043236,0.000606586,-0.00324362,-0.00971724,-0.0133139,-0.0154807,-0.0151628,-0.0116667,-0.00596828,-0.00110857,0.0012853,0.00261735,0.00184725,0.00162477,0.00204022,0.00069599,-0.000174967,-0.000234783,-2.5018e-05,0.0,0.0,-9.2868e-05,-0.000586315,-0.00115516,-0.0010034,-0.00034943,-0.000654289,0.000407286,0.00265307,0.00290395,-0.00061727,-0.00624314,-0.00758191,-0.0109691,-0.0119957,-0.00721394,-0.000130825,0.00398986,0.00496078,0.00315556,0.00117556,0.000167591,0.000490359,-3.96298e-05,-7.25995e-05,-0.000139063,0.0,0.0,0.0,-3.11552e-05,-0.000457646,-0.00082298,-0.000282406,5.45585e-05,0.000383753,0.00379496,0.0074121,0.00562295,0.00208764,-0.000899189,-0.00480618,-0.00964051,-0.010041,-0.00199298,0.00675576,0.00931167,0.00677093,0.00160333,0.000249395,-0.00104442,-0.000570069,-0.000304162,-0.000189487,-5.73778e-05,0.0,0.0,0.0,0.0,-0.000183838,7.54025e-06,0.000143028,0.00143872,0.00415511,0.00977541,0.011619,0.00960491,0.00409771,-0.000451393,-0.00815962,-0.0111895,-0.00911623,0.00171914,0.0109831,0.0119142,0.00632078,0.00184152,-0.000197709,-0.00146997,-0.00132017,-0.000689054,-0.00011173,-9.85479e-06,0.0,0.0,0.0,-3.59882e-06,-0.000101979,6.27256e-05,0.000622079,0.0031118,0.0081067,0.0153271,0.0160357,0.012638,0.0055518,-0.00397514,-0.0106059,-0.0123693,-0.00664541,0.00436212,0.0137011,0.0120572,0.00501309,0.00175476,-0.00120127,-0.00175198,-0.00142513,-0.00059082,-4.14039e-05,0.0,0.0,0.0,0.0,-2.21612e-05,0.000102151,0.000148195,0.00128498,0.00489596,0.0130391,0.0185421,0.019922,0.0163375,0.00684492,-0.00407484,-0.00969645,-0.00885274,0.000999405,0.00927643,0.0154089,0.0104576,0.00561785,0.00149223,-0.000865641,-0.0012832,-0.0014658,-0.000697211,-9.06659e-05,0.0,0.0,0.0,0.0,-2.42447e-05,0.000227453,0.000983795,0.00186995,0.00711989,0.0158012,0.0226489,0.0238699,0.0202247,0.0124437,0.00475126,-0.000225585,0.00172001,0.00748507,0.0141647,0.0173732,0.0131105,0.00715848,0.00356147,0.00105271,-0.000258106,-0.00110622,-0.00100431,-0.000114007,0.0,0.0,0.0,0.0,-1.91306e-05,0.000176537,0.000795905,0.000723967,0.00696978,0.0155265,0.0225727,0.0243495,0.0216655,0.0179427,0.0121778,0.00829889,0.0107613,0.0156527,0.0186217,0.0191021,0.0138539,0.00870768,0.00390724,0.000115094,-0.00099,-0.000674754,-0.000920336,-0.00016467,-3.0618e-05,-1.43263e-05,0.0,0.0,0.0,-3.13096e-05,0.000145379,-0.000598784,0.00504336,0.00998802,0.0148393,0.0169493,0.01589,0.0137013,0.0127241,0.0121117,0.0146265,0.0183766,0.019493,0.0174951,0.011362,0.00476724,-0.000826776,-0.00304981,-0.00274209,-0.00200013,-0.00102228,-0.000213753,-9.78231e-05,-2.94953e-05,0.0,0.0,0.0,-0.000108282,0.00023629,-6.93071e-07,0.0014923,0.00332722,0.00535529,0.00581847,0.00513864,0.00393492,0.00459098,0.00714872,0.0105447,0.0137335,0.0141162,0.0114132,0.00537913,-0.00194661,-0.00476197,-0.00514277,-0.00361629,-0.00171773,-0.00118057,-0.00037794,-4.55974e-05,-1.5169e-06,0.0,0.0,3.96823e-05,-0.000263862,-0.000237001,-0.000250224,-0.00111994,-0.0024031,-0.00313178,-0.00440185,-0.00545045,-0.00471275,-0.00197397,0.00179097,0.00279485,0.00431343,0.00676553,0.0042165,-0.000335142,-0.00511581,-0.00632203,-0.00531367,-0.00337531,-0.00147792,-0.00105472,-0.000258459,-8.31146e-06,0.0,0.0,0.0,-6.06139e-05,-0.000415965,-0.000900292,-0.00240248,-0.00462842,-0.00733441,-0.00977637,-0.01126,-0.0116208,-0.00869467,-0.00456292,-0.00182607,-0.00247765,-0.00111356,-0.000295006,-0.00108443,-0.00297053,-0.00528947,-0.00702615,-0.00535396,-0.0031431,-0.00151157,-0.000862015,-0.000209274,-2.46085e-05,0.0,0.0,0.0,-4.60606e-05,-0.000384337,-0.00120963,-0.00305688,-0.00572841,-0.00891642,-0.0124791,-0.0138954,-0.0132341,-0.0103405,-0.00689322,-0.00709182,-0.00726461,-0.00450055,-0.00272489,-0.00187777,-0.00204394,-0.00448003,-0.00554793,-0.00389574,-0.0019921,-0.00101599,-0.000610032,-0.000125585,0.0,0.0,0.0,0.0,-9.58518e-06,-0.000191303,-0.000987243,-0.00262953,-0.00555516,-0.00937545,-0.0118349,-0.0129344,-0.0132133,-0.0118047,-0.0110261,-0.0107412,-0.0101759,-0.00676733,-0.00495273,-0.000901392,0.00104276,-0.00133804,-0.00291289,-0.00171893,-0.000939439,-0.000754871,-0.000427046,-4.61337e-05,0.0,0.0,0.0,0.0,0.0,-0.000134032,-0.000572875,-0.00177245,-0.00406607,-0.00691991,-0.0093206,-0.0110656,-0.0114882,-0.0115614,-0.0122195,-0.0107877,-0.0097382,-0.00460123,-0.00181093,0.00190918,0.00384755,0.00133221,-0.000165951,0.000204074,-0.000198932,-0.000332344,-0.000215127,-4.44182e-05,0.0,0.0,0.0,0.0,0.0,-9.65227e-05,-0.000347959,-0.00105567,-0.00230347,-0.00341181,-0.00422316,-0.00614356,-0.00748223,-0.00794357,-0.00908977,-0.00782499,-0.00529052,-0.000186664,0.00219939,0.00416307,0.00500695,0.00278707,0.00113699,0.00102202,0.000771327,4.58957e-05,-7.54489e-05,-1.92297e-05,0.0,0.0,0.0,0.0,0.0,-7.82791e-07,-0.000104662,-0.000277889,-0.000643523,-0.000486146,-5.96931e-05,-0.00112471,-0.0012913,-0.00263141,-0.00352387,-0.00390578,-0.00100896,0.00240715,0.00199358,0.00312373,0.00269814,0.00167873,0.000155084,0.000362214,0.000351014,0.000361844,-2.84351e-05,-8.74076e-07,0.0,0.0,0.0,0.0,0.0,0.0,-8.33648e-06,-8.18822e-05,-0.000246664,-0.000110367,-0.000222355,-0.000602289,-0.00055309,-0.00194957,-0.00128032,-0.00189774,-0.00136759,7.70593e-05,-0.000482321,-0.000822325,-0.000105931,-6.73247e-05,-0.000200218,-0.000254473,-0.000123809,-3.83014e-05,0.0,0.0,0.0,0.0,0.0,0.0,0.0,0.0,-5.8146e-06,-6.21962e-05,-0.000157939,-0.000308277,-0.00064643,-0.000589103,-0.000718777,-0.00117845,-0.000823299,-0.00124488,-0.001271,-0.00118979,-0.0011833,-0.000988773,-0.000515713,-0.000147983,-1.70588e-05,-6.78536e-06,0.0,0.0,0.0,0.0,0.0,0.0,0.0,0.0,0.0,0.0,0.0,0.0,-9.02768e-06,-6.12714e-05,-9.26847e-05,-4.79532e-05,-0.000105195,-0.000154405,-9.74084e-05,-0.000159087,-0.000239576,-0.000197379,-0.000217152,-0.000121495,0.0,0.0,0.0,0.0,0.0,0.0,0.0,0.0,0.0,0.0]}