{"max":0.0670162,"min":-0.0526884,"acc":0.8279,"arr":[0.0,0.0,0.0,0.0,0.0,0.0,0.0,0.0,0.0,0.0,0.0,0.0,0.0,0.0,0.0,0.0,0.0,0.0,0.0,0.0,0.0,0.0,0.0,0.0,0.0,0.0,0.0,0.0,0.0,0.0,0.0,0.0,0.0,0.0,-2.4433e-05,-5.75765e-05,-8.7498e-05,-4.47228e-05,-5.72338e-05,-7.10987e-05,-0.000129282,-0.000148578,-0.000150813,-0.000106117,-0.000154567,-0.000117886,-6.87765e-05,-8.77806e-05,-5.50259e-05,-4.52799e-07,0.0,0.0,0.0,0.0,0.0,0.0,0.0,0.0,0.0,-5.78849e-06,-4.09134e-06,0.0,-2.6488e-05,-8.12763e-05,-0.000223854,-0.000340138,-0.000486169,-0.000787152,-0.00123436,-0.0014746,-0.00183719,-0.00189356,-0.00196164,-0.00153051,-0.00159498,-0.00131744,-0.000998345,-0.00049879,-0.000168064,-1.87861e-05,0.0,0.0,0.0,0.0,0.0,0.0,-6.28922e-07,-2.95548e-05,-2.64966e-05,-2.584e-05,-0.000147581,-0.000325733,-0.000727138,-0.00145084,-0.00219034,-0.00351953,-0.00462533,-0.00570553,-0.00632873,-0.00687749,-0.00709309,-0.00681319,-0.00544185,-0.00343151,-0.00167569,-0.000635151,0.000112165,0.000672354,0.000696325,0.000571818,7.681e-05,0.0,0.0,0.0,-2.40134e-06,-1.93622e-05,-0.000134214,-0.00027052,5.17284e-08,-0.000719554,-0.0021464,-0.0034246,-0.00323454,-0.00537186,-0.00814045,-0.0120192,-0.0133387,-0.0137288,-0.0110235,-0.00991356,-0.00774084,-0.00302329,0.00274587,0.00578734,0.00476093,0.00482526,0.00408928,0.00133683,0.000256024,0.0,0.0,0.0,-2.2429e-05,-7.63802e-05,-0.000248132,-0.000744613,-0.000765797,-0.00122452,-0.00305262,-0.00344938,-0.00205209,-0.003889,-0.00521594,-0.00891584,-0.0104906,-0.0108005,-0.00726346,-0.000528097,0.00703669,0.0143673,0.023338,0.028707,0.0256291,0.0209009,0.0133308,0.00384985,0.000830547,0.0,0.0,0.0,-1.91653e-06,-0.000203688,-0.000806786,-0.00155296,-0.0024448,-0.00343001,-0.00553055,-0.00324677,0.00203032,0.00516294,0.00620141,0.000224675,-0.00165801,-0.000961453,0.00448921,0.0152259,0.0248259,0.0357121,0.0436972,0.0452261,0.0442527,0.0375063,0.0264423,0.011104,0.00211329,0.00058641,0.0,-1.54208e-05,-0.000131095,-0.000627262,-0.00207281,-0.00347859,-0.00435921,-0.00503356,-0.00500758,0.00195505,0.00885172,0.0122016,0.00896378,0.00849117,0.00722176,0.00470651,0.00858857,0.0126714,0.0208098,0.0288584,0.0369931,0.0423562,0.043048,0.0425987,0.0341837,0.0172242,0.00439495,0.000892305,0.0,-4.71626e-05,-0.000324705,-0.0013311,-0.00348105,-0.00395764,-0.00503386,-0.00413487,-0.00234392,0.00705085,0.0142116,0.0164563,0.0146078,0.0140359,0.00938989,0.00550219,0.00311281,0.00171783,-0.00043028,0.0014021,0.00976878,0.0221626,0.0299001,0.0340124,0.029405,0.014296,0.00340805,0.000238363,0.0,-7.16904e-05,-0.000349633,-0.0016291,-0.00364987,-0.00433562,-0.0045045,-0.00144386,0.00407441,0.0144074,0.019871,0.0215491,0.020987,0.018102,0.0086397,-0.00361524,-0.0121933,-0.0208799,-0.0267137,-0.0221904,-0.0108696,0.00292036,0.0139319,0.0194279,0.0191094,0.00936008,0.00175119,0.0,0.0,-4.9181e-05,-0.000247496,-0.00121965,-0.00316511,-0.00449136,-0.0039092,0.00213441,0.0127993,0.0237488,0.029558,0.0345946,0.0296686,0.0182471,0.0053527,-0.00956469,-0.02458,-0.0367805,-0.0429562,-0.038407,-0.0276291,-0.0152208,-0.00474849,0.00393946,0.00851305,0.00468059,0.00164607,0.000158321,0.0,-1.57424e-05,-0.000158931,-0.000710788,-0.00215415,-0.00269492,-0.00119708,0.00581008,0.0191187,0.0325307,0.0451936,0.0514492,0.0430558,0.0258039,0.00613159,-0.0128242,-0.0315233,-0.0465589,-0.0526884,-0.0472649,-0.0357995,-0.0243177,-0.0149401,-0.00611101,-0.000238834,0.00137439,0.000798774,0.000176634,0.0,-1.19756e-05,-0.000128197,-0.000407318,-0.00131521,-0.00148305,9.92836e-06,0.00653072,0.0214723,0.0418697,0.0593048,0.0635852,0.0553664,0.0349567,0.0109814,-0.00988152,-0.0316125,-0.0462672,-0.0468973,-0.0408964,-0.0307095,-0.02158,-0.0145013,-0.00809432,-0.00247206,0.00062383,0.000278074,-2.52861e-05,0.0,0.0,-9.5206e-05,-0.000350933,-0.00136249,-0.00166758,-0.000471354,0.00282019,0.0169391,0.0443482,0.0615294,0.0670162,0.0581943,0.0361508,0.0138523,-0.00794323,-0.0229814,-0.0310873,-0.0304959,-0.0255858,-0.0197317,-0.0179349,-0.0126903,-0.0078469,-0.00323541,0.000100503,-6.14971e-05,-6.82059e-06,0.0,-1.92857e-05,-6.55386e-05,-0.000271095,-0.00155277,-0.00466825,-0.0067198,-0.00519099,0.00236719,0.0265649,0.0413813,0.0451626,0.0381871,0.0187234,0.00319205,-0.00949427,-0.0153914,-0.0179092,-0.0127777,-0.010348,-0.0129504,-0.014218,-0.0118242,-0.00734258,-0.00284101,-0.000458791,-6.38055e-05,0.0,0.0,-4.40259e-05,-9.49091e-05,-0.000257654,-0.0023007,-0.00686329,-0.0126743,-0.0156329,-0.014036,-0.00244643,0.00608116,0.00743898,-0.000783899,-0.013968,-0.0204048,-0.020272,-0.0138282,-0.010592,-0.00129135,0.000478624,-0.00460539,-0.00828439,-0.00836159,-0.00614263,-0.0018927,-0.000433739,-9.02671e-05,-1.80924e-05,0.0,-2.59876e-05,-8.83013e-05,-0.00029293,-0.00230714,-0.00604172,-0.0121887,-0.0193407,-0.0236713,-0.0209159,-0.0213888,-0.0248643,-0.0277749,-0.0314981,-0.0318417,-0.0251138,-0.0120644,0.000196232,0.00511753,0.00629795,0.000230061,-0.00432102,-0.00474853,-0.00399505,-0.00140863,-0.000871881,-0.000280169,-3.72491e-05,0.0,-1.99301e-05,-8.94306e-05,-0.000598788,-0.00203713,-0.0036896,-0.00619474,-0.0151487,-0.021435,-0.0279102,-0.0343468,-0.0369108,-0.0367281,-0.03703,-0.0345756,-0.0222349,-0.00695782,0.00703693,0.009387,0.00938414,0.00583257,-0.000340503,-0.00209771,-0.00221936,-0.000166872,-0.000816821,-0.000130246,-1.91567e-06,0.0,-6.13388e-06,-0.000209724,-0.00068653,-0.00167796,0.000707429,0.00435886,-0.00168968,-0.0151528,-0.0274274,-0.0364903,-0.0369055,-0.0369375,-0.037173,-0.030847,-0.0191482,-0.00401524,0.00858844,0.011229,0.0106791,0.00746295,0.00287823,0.00028807,-0.00122608,0.000198746,-0.000679757,-5.1278e-05,0.0,0.0,0.0,-0.000335198,-0.000535763,-0.000134995,0.00843199,0.0185805,0.0178339,0.00337704,-0.0132851,-0.0231872,-0.025797,-0.030408,-0.0326296,-0.0239121,-0.0114761,0.00404563,0.0112913,0.0126282,0.0109022,0.00857327,0.00462658,0.00161856,-0.000249692,1.15955e-05,-0.000625288,-0.000131268,0.0,0.0,0.0,-0.000292611,-0.000878081,-0.000352099,0.00918006,0.0237572,0.0333081,0.02587,0.0134647,-5.54741e-05,-0.00648604,-0.0136269,-0.0148539,-0.00679987,0.00551132,0.0105034,0.016284,0.0160848,0.0121514,0.00940491,0.0057038,0.0026543,0.000117405,-0.000232867,-0.000515325,-8.77262e-05,0.0,0.0,0.0,-0.000206972,-0.000733836,-0.00104722,0.00292739,0.0192987,0.0340791,0.0393174,0.038459,0.0303871,0.0202195,0.0131126,0.0106247,0.0118922,0.0161629,0.0210698,0.0240746,0.0187278,0.014151,0.0114575,0.00597185,0.00181867,-0.000479107,-0.000868294,-0.000259816,-3.2415e-05,0.0,0.0,0.0,-9.35146e-05,-5.58757e-05,2.44328e-05,0.000586748,0.00824287,0.0195024,0.0322622,0.0380241,0.0364634,0.0332759,0.0295275,0.0252947,0.0246488,0.0259218,0.0274798,0.0238142,0.018969,0.013583,0.00693194,0.00284086,-6.66205e-07,-0.000664703,-0.00058409,-0.000111212,-1.41386e-05,0.0,0.0,0.0,-1.06381e-05,0.000216097,0.000402227,0.00155725,0.00412777,0.0080886,0.0154762,0.0217343,0.0255608,0.0267603,0.0260671,0.0279639,0.025996,0.0213127,0.0179731,0.013112,0.00795859,0.00387819,0.00105945,-0.00061927,-0.000847646,-0.000512662,-0.000287583,-5.91553e-05,-1.43492e-05,0.0,0.0,0.0,0.0,-1.17757e-05,-0.000196573,0.000543199,0.000723243,0.00157547,0.00407925,0.00750633,0.010483,0.012447,0.0131039,0.0125461,0.00943797,0.00546259,0.00338319,0.000923643,-0.000133079,-0.00128998,-0.0016143,-0.000824592,-0.000350021,-0.000362092,-0.000171521,-3.78498e-05,0.0,0.0,0.0,0.0,0.0,0.0,-2.08476e-05,-6.77353e-05,0.000189407,0.000620987,-0.000130479,-0.00069558,-0.00170597,-0.00205381,-0.00352756,-0.00420204,-0.00430719,-0.00494234,-0.00472534,-0.00344106,-0.00216819,-0.00135953,-0.000319815,0.000186191,0.000456498,-8.35678e-05,-2.24079e-05,0.0,0.0,0.0,0.0,0.0,0.0,0.0,-1.73665e-05,-0.000133994,-0.00038631,-0.000671971,-0.0013842,-0.00227317,-0.00312693,-0.00351573,-0.00345876,-0.0038243,-0.00370015,-0.00327845,-0.00265381,-0.00187787,-0.00123665,-0.000618631,-0.000318334,-0.000153164,-2.36854e-05,-4.06531e-06,0.0,0.0,0.0,0.0,0.0,0.0,0.0,0.0,0.0,0.0,-8.23518e-06,-9.87001e-05,-0.000184303,-0.000194137,-0.00024031,-0.000358114,-0.00033953,