{"max":0.0737843,"min":-0.0640377,"acc":0.8194,"arr":[0.0,0.0,0.0,0.0,0.0,0.0,0.0,0.0,0.0,0.0,0.0,0.0,0.0,0.0,0.0,0.0,0.0,0.0,0.0,0.0,0.0,0.0,0.0,0.0,0.0,0.0,0.0,0.0,0.0,0.0,0.0,0.0,0.0,0.0,-2.4433e-05,-5.75765e-05,-8.7498e-05,-4.69602e-05,-7.92607e-05,-8.53947e-05,-0.000139938,-0.000156947,-0.000174056,-0.000117335,-0.000160516,-0.000121423,-6.89639e-05,-8.77806e-05,-5.50259e-05,-4.52799e-07,0.0,0.0,0.0,0.0,0.0,0.0,0.0,0.0,0.0,-5.78849e-06,-4.09134e-06,0.0,-2.65078e-05,-9.01301e-05,-0.000276248,-0.000415113,-0.000553496,-0.000818251,-0.00129117,-0.00166647,-0.00225515,-0.00231391,-0.00231759,-0.0018467,-0.00191304,-0.00163571,-0.00127358,-0.00068517,-0.000236837,-3.36583e-05,0.0,0.0,0.0,0.0,0.0,0.0,-6.28922e-07,-2.95548e-05,-2.64966e-05,-2.63763e-05,-0.000152956,-0.000399982,-0.000921391,-0.00171337,-0.0024795,-0.00389011,-0.00520149,-0.00649999,-0.00734059,-0.00763187,-0.00747071,-0.0069398,-0.00614568,-0.00451132,-0.00244675,-0.0011395,-0.000208123,0.000590736,0.000694607,0.000571818,7.681e-05,0.0,0.0,0.0,-2.40134e-06,-3.59094e-05,-0.000134214,-0.000284922,-6.62715e-05,-0.00096104,-0.00261071,-0.00433436,-0.00437932,-0.00664385,-0.00975481,-0.0145851,-0.0166429,-0.0161525,-0.0124389,-0.0113905,-0.00875077,-0.00375121,0.00246917,0.00589321,0.00501108,0.00509232,0.00408025,0.00129937,0.00022518,0.0,0.0,0.0,-2.2429e-05,-8.58354e-05,-0.000380395,-0.00107918,-0.00132522,-0.00249857,-0.00495129,-0.00563449,-0.00323275,-0.00445869,-0.00624533,-0.0118081,-0.0139138,-0.0136698,-0.0108211,-0.00319607,0.00545603,0.0148992,0.0250139,0.0316451,0.0281502,0.0233101,0.0149436,0.0044565,0.000952128,0.0,0.0,0.0,-1.91653e-06,-0.00038969,-0.00134833,-0.00245664,-0.00329486,-0.00525282,-0.00828812,-0.00619474,-1.19856e-05,0.00513477,0.00637572,-0.00110275,-0.0042916,-0.00429928,0.000942992,0.0134749,0.0247333,0.0370369,0.0458638,0.049386,0.048371,0.0409332,0.0285845,0.0116607,0.00238528,0.000672914,0.0,-1.54208e-05,-0.000131095,-0.000924466,-0.00279948,-0.00455657,-0.00518444,-0.00690914,-0.00715954,0.00061527,0.00844721,0.012788,0.00733365,0.00463296,0.00347543,0.00132534,0.0062361,0.0121189,0.0212458,0.0293342,0.0392565,0.0475792,0.0493683,0.0486137,0.0383287,0.0193662,0.00495323,0.000898815,0.0,-4.71626e-05,-0.000326485,-0.00165684,-0.00421277,-0.00494388,-0.00618349,-0.00527518,-0.00312684,0.00736813,0.0147521,0.0168137,0.0125204,0.0118941,0.0076955,0.00466031,0.00270524,0.00080113,-0.00130866,7.79192e-05,0.00997126,0.0256901,0.0359645,0.0407812,0.0350342,0.0170639,0.00405721,0.000238363,-2.04945e-05,-9.03726e-05,-0.00037698,-0.00184664,-0.00423955,-0.00503996,-0.00531038,-0.00157882,0.0050679,0.0157189,0.0208727,0.0225282,0.0215909,0.0193045,0.0100695,-0.00325212,-0.0129967,-0.0246961,-0.0327043,-0.0267022,-0.0132663,0.00307903,0.0162901,0.0229717,0.0229118,0.0114377,0.00190019,0.0,-2.3836e-05,-0.000111091,-0.000321107,-0.00139579,-0.00355271,-0.00484533,-0.0045071,0.00217422,0.0143725,0.024723,0.0311407,0.0367901,0.0321908,0.0216061,0.00693848,-0.0113332,-0.0298937,-0.0459541,-0.0529855,-0.0464133,-0.0329209,-0.0180549,-0.00581014,0.00421323,0.00978773,0.0059693,0.00163575,0.000158321,-2.56181e-06,-6.54077e-05,-0.000211572,-0.000840317,-0.00252457,-0.00307352,-0.00131885,0.00610678,0.0201504,0.034333,0.0476789,0.056365,0.0473858,0.028794,0.00450147,-0.0181669,-0.0398052,-0.0572682,-0.0640377,-0.0571928,-0.0424063,-0.0287481,-0.0174915,-0.007306,-0.000384594,0.00176181,0.000798468,0.000176634,0.0,-1.19756e-05,-0.000148828,-0.00052174,-0.00161255,-0.00167702,3.46495e-05,0.00762564,0.022079,0.0431936,0.0641451,0.0714147,0.0612938,0.0369126,0.00998743,-0.0147218,-0.0391087,-0.0558316,-0.0561325,-0.0482585,-0.0356003,-0.025104,-0.0169173,-0.00960196,-0.00321944,0.000579184,0.000278074,-2.52861e-05,0.0,-1.99642e-06,-0.00011131,-0.000445467,-0.00161536,-0.00188623,-0.000894531,0.00357943,0.0170126,0.0445167,0.0659903,0.0737843,0.0639049,0.0388701,0.0128305,-0.0114881,-0.0280999,-0.0373639,-0.0367313,-0.0295918,-0.0230762,-0.0206661,-0.014727,-0.00916869,-0.00396441,4.03012e-05,-7.45666e-05,-6.82059e-06,0.0,-2.22138e-05,-8.70999e-05,-0.000320842,-0.00186296,-0.00519686,-0.00753612,-0.00544298,0.0023194,0.0274904,0.0439726,0.0493688,0.0414109,0.0190936,-0.000170078,-0.0148918,-0.0211344,-0.0235713,-0.0168688,-0.0130747,-0.0159801,-0.016874,-0.0137831,-0.0086937,-0.00350726,-0.000628064,-7.96756e-05,0.0,0.0,-4.40259e-05,-9.49091e-05,-0.000275273,-0.00259428,-0.00784008,-0.0141786,-0.0170446,-0.0147249,-0.00401321,0.00511382,0.00686308,-0.00229108,-0.017717,-0.0255274,-0.0257096,-0.0184578,-0.0151802,-0.00484186,-0.00143231,-0.00758443,-0.0114546,-0.010577,-0.00713805,-0.0022712,-0.000557303,-9.89686e-05,-2.32149e-05,0.0,-2.59876e-05,-8.83013e-05,-0.000357874,-0.00274465,-0.00751,-0.014848,-0.0231421,-0.0276311,-0.0258418,-0.0266404,-0.0306222,-0.0340409,-0.037616,-0.0379491,-0.0303829,-0.0149534,-0.00107181,0.00454601,0.00528344,-0.00203245,-0.00778388,-0.00688733,-0.00472962,-0.00146269,-0.000999419,-0.000323333,-4.28621e-05,0.0,-1.99301e-05,-8.96864e-05,-0.000564928,-0.00185415,-0.00477949,-0.00853377,-0.0190127,-0.0266596,-0.034744,-0.0420493,-0.044858,-0.0446999,-0.043341,-0.0402279,-0.0263341,-0.00954133,0.00702747,0.0104824,0.00870214,0.0048086,-0.0025729,-0.00415577,-0.0025557,0.000109437,-0.00096204,-0.000141338,-1.91567e-06,0.0,-6.13388e-06,-0.000222461,-0.000564025,-0.00119324,0.000600615,0.00376208,-0.00387939,-0.01981,-0.033397,-0.0434775,-0.0440524,-0.0431437,-0.0425473,-0.0359058,-0.0227665,-0.00742477,0.00794605,0.0119788,0.0105467,0.00821357,0.00183628,-0.00107051,-0.00139221,0.000499133,-0.000806954,-5.5688e-05,0.0,0.0,0.0,-0.000382602,-0.000665708,0.000378613,0.00962702,0.0197019,0.0187771,0.00164927,-0.0183156,-0.0283961,-0.0307164,-0.0352253,-0.0368505,-0.0278078,-0.0158692,0.000134002,0.00969958,0.0126518,0.0106112,0.00958557,0.00441847,0.00128579,-0.000480689,2.78651e-05,-0.000732745,-0.000139985,0.0,0.0,0.0,-0.000380379,-0.00114711,-0.00035266,0.00975339,0.0264647,0.0373608,0.0286212,0.0127278,-0.0010575,-0.00707549,-0.0153923,-0.0177785,-0.0108962,0.000364627,0.00688619,0.0152005,0.0157945,0.0119625,0.0104691,0.0063968,0.00276546,1.46323e-05,-0.000354012,-0.000579544,-0.000109332,0.0,0.0,0.0,-0.000243679,-0.000886414,-0.000866166,0.00320929,0.020713,0.0385274,0.043389,0.0403879,0.031389,0.0208862,0.0115124,0.0063148,0.00621375,0.0114138,0.0191827,0.0241374,0.0196931,0.014809,0.0133125,0.00702496,0.00190247,-0.000586953,-0.00108798,-0.000365985,-7.38023e-05,0.0,0.0,0.0,-0.000129818,-0.000139314,1.68736e-05,0.000479817,0.00795739,0.0211556,0.0345622,0.0406512,0.0405127,0.0349731,0.0291909,0.0229208,0.0221458,0.0250389,0.0288362,0.0259454,0.0205752,0.0154141,0.00914916,0.00335688,-0.000295304,-0.00088231,-0.000685701,-0.000160428,-1.41386e-05,0.0,0.0,0.0,-4.50187e-05,0.000169534,-2.66145e-05,0.000945774,0.00401368,0.00866687,0.0166216,0.0227808,0.0278132,0.0285207,0.0269344,0.0286817,0.0273405,0.0234369,0.0210086,0.0156006,0.0109038,0.00541908,0.00154239,-0.000838535,-0.00102206,-0.000563017,-0.000299387,-6.10815e-05,-1.43492e-05,0.0,0.0,0.0,-2.49165e-06,-1.25056e-05,-0.000328028,0.000209607,0.000731795,0.00169257,0.00473843,0.00759581,0.010736,0.0133813,0.0144452,0.0144133,0.0113909,0.00716601,0.00441215,0.00156687,0.00042874,-0.00144332,-0.00190487,-0.000939616,-0.00038821,-0.000372327,-0.000171521,-3.78498e-05,0.0,0.0,0.0,0.0,0.0,0.0,-2.08476e-05,-0.000104776,1.1783e-05,0.000317209,-0.000506552,-0.0016403,-0.00213114,-0.00224167,-0.00407356,-0.00517001,-0.00544543,-0.00619466,-0.00632799,-0.00432829,-0.00214362,-0.00116117,-0.000403617,0.000105612,0.000431706,-8.35678e-05,-2.24079e-05,0.0,0.0,0.0,0.0,0.0,0.0,0.0,-1.73665e-05,-0.000138683,-0.000449432,-0.000755444,-0.0014918,-0.00245324,-0.0034617,-0.00391092,-0.0039879,-0.0045139,-0.0043156,-0.00381522,-0.00316108,-0.00225692,-0.00128568,-0.000420122,-0.000315887,-0.000186042,-4.44633e-05,-4.06531e-06,0.0,0.0,0.0,0.0,0.0,0.0,0.0,0.0,0.0,0.0,-3.53005e-05,-0.00013133,-0.00021189,-0.000195005,