{"max":0.04464,"min":-0.0377857,"acc":0.7964,"arr":[0.0,0.0,0.0,0.0,0.0,0.0,0.0,0.0,0.0,0.0,0.0,0.0,0.0,0.0,0.0,0.0,0.0,0.0,0.0,0.0,0.0,0.0,0.0,0.0,0.0,0.0,0.0,0.0,0.0,0.0,0.0,0.0,0.0,0.0,-2.43488e-05,-5.23947e-05,-2.83391e-05,-2.50112e-05,-5.72338e-05,-7.10987e-05,-0.000119806,-0.000105815,-9.11192e-05,-6.81198e-05,-0.00010277,-4.30864e-05,-4.91586e-05,-8.77806e-05,-5.50259e-05,-4.52799e-07,0.0,0.0,0.0,0.0,0.0,0.0,0.0,0.0,0.0,-2.31129e-06,-2.89231e-06,0.0,-2.24862e-05,-6.46999e-05,-0.000158087,-0.000298295,-0.000432001,-0.000660658,-0.00102211,-0.00113233,-0.0014177,-0.00163909,-0.00175563,-0.00149096,-0.00128634,-0.00103101,-0.000752226,-0.000370187,-0.000122589,-1.3086e-05,0.0,0.0,0.0,0.0,0.0,0.0,0.0,-1.94829e-05,-2.31393e-05,-2.50665e-05,-0.000113102,-0.0002472,-0.000537616,-0.00117639,-0.00176481,-0.00265999,-0.00367542,-0.004748,-0.00497286,-0.00500756,-0.00535232,-0.00475996,-0.0035554,-0.00226562,-0.00121236,-0.000377463,-6.78266e-05,0.000229228,0.000393584,0.000259676,0.0,0.0,0.0,0.0,0.0,-1.93622e-05,-8.71749e-05,-0.000171435,0.000179749,-0.000367248,-0.00133232,-0.00225999,-0.00173655,-0.00350301,-0.00558555,-0.00838748,-0.00944945,-0.00979697,-0.00760416,-0.0069874,-0.0058562,-0.00287814,0.00146471,0.00422308,0.00315804,0.00328233,0.0030769,0.00104904,0.00023151,0.0,0.0,0.0,-1.74884e-05,-5.05486e-05,-0.000142216,-0.000356967,-1.4558e-06,0.000189559,-0.0012368,-0.00152506,-0.00142308,-0.0033528,-0.0035929,-0.00741263,-0.00915542,-0.00978738,-0.00549664,0.000843856,0.00678109,0.0118816,0.0179409,0.0207767,0.0185717,0.0152946,0.00907243,0.00272298,0.000418534,0.0,0.0,0.0,-1.91653e-06,-0.000111932,-0.000434219,-0.000657828,-0.00068528,-0.000705786,-0.00291303,-0.00223113,0.000895011,0.00255446,0.00212767,-0.00129443,-0.00226538,-0.00177837,0.00258835,0.0108936,0.0182896,0.0266411,0.0326106,0.0319382,0.0309927,0.0266275,0.0192052,0.00837303,0.00181988,0.00058641,0.0,-1.47697e-05,-0.000112249,-0.000347062,-0.00121621,-0.00218262,-0.00199473,-0.00155034,-0.00232391,0.000388806,0.00407362,0.00425129,0.00219251,0.00280823,0.00306909,0.00125644,0.00383114,0.00695411,0.013616,0.0198533,0.0253625,0.028718,0.0290739,0.0288861,0.0229,0.0115751,0.00365387,0.000892305,0.0,-3.56475e-05,-0.000256336,-0.000915489,-0.00228755,-0.00248541,-0.00374711,-0.00283863,-0.00276877,0.00177872,0.0041925,0.00629812,0.00702566,0.00735275,0.00435621,0.000904437,-0.00141157,-0.00274545,-0.00371621,-0.00212261,0.0037975,0.0126742,0.0178983,0.0213165,0.0187569,0.00946652,0.00264277,0.000238363,0.0,-4.25608e-05,-0.000244054,-0.00115719,-0.00261437,-0.00264205,-0.00387285,-0.00130273,0.000449048,0.00532164,0.00905976,0.00971318,0.0121098,0.0117321,0.00499555,-0.00323909,-0.0110025,-0.0181182,-0.0223766,-0.0191501,-0.0112316,-0.000557785,0.00720703,0.0113556,0.0122084,0.00631707,0.00126633,0.0,0.0,-2.04823e-05,-0.000147206,-0.000941496,-0.00236651,-0.00300808,-0.00313134,-0.000172967,0.00665291,0.0120522,0.0155737,0.0206776,0.0201925,0.0141633,0.00385431,-0.0067371,-0.0191228,-0.0278192,-0.0328844,-0.0295542,-0.0212112,-0.0115804,-0.00494022,0.00150091,0.00515696,0.00296805,0.000699189,-3.5911e-06,0.0,-3.31388e-06,-0.000105584,-0.000577671,-0.00168286,-0.00162324,-0.00185049,0.000403394,0.0098207,0.0181476,0.0279737,0.034961,0.0322746,0.0185716,0.00422248,-0.00881793,-0.0228302,-0.0333173,-0.0377857,-0.0341468,-0.0262829,-0.0171351,-0.0106028,-0.00473456,-0.000339071,0.000793563,0.000404957,-2.26431e-05,0.0,-1.10717e-05,-0.000122095,-0.000354402,-0.00102189,-0.00065974,-0.00201723,0.000295791,0.0111582,0.0264218,0.0379795,0.0424467,0.0385734,0.0233492,0.00713991,-0.00735096,-0.0219464,-0.03197,-0.0328649,-0.0281975,-0.0207508,-0.0141841,-0.00971879,-0.00553155,-0.00155799,0.000653759,0.000306943,-2.52861e-05,0.0,0.0,-9.5206e-05,-0.000311424,-0.00104652,-0.00132568,-0.00231305,-0.00219457,0.00785405,0.0270855,0.0390221,0.04464,0.0399427,0.0235743,0.00784403,-0.00730671,-0.0178826,-0.022708,-0.0219208,-0.018169,-0.0132015,-0.0115692,-0.00845911,-0.00503778,-0.0022852,0.000140053,-2.54874e-05,-6.82059e-06,0.0,-1.92857e-05,-6.32515e-05,-0.0001949,-0.00120402,-0.00388842,-0.00644903,-0.00678826,-0.0026791,0.0138584,0.0251362,0.0295021,0.0256338,0.0124451,-0.000197866,-0.00932415,-0.0134916,-0.0153074,-0.0101699,-0.00743875,-0.00940768,-0.0100915,-0.00795058,-0.00448487,-0.00177185,-0.000338419,-3.44491e-05,0.0,0.0,-4.40259e-05,-9.11237e-05,-0.000188183,-0.00161514,-0.00535607,-0.0106745,-0.0137102,-0.0136066,-0.00441962,0.00231556,0.00480686,-0.00165325,-0.0112254,-0.014662,-0.0149956,-0.012937,-0.011189,-0.00281494,4.46511e-07,-0.00450431,-0.00641981,-0.0058965,-0.00382332,-0.000844968,-0.000302458,-8.18971e-05,-1.80924e-05,0.0,-2.08441e-05,-8.82225e-05,-0.000195995,-0.00168492,-0.00405574,-0.00885942,-0.0145791,-0.0178844,-0.0151499,-0.0139589,-0.0181489,-0.0214365,-0.0243508,-0.0236253,-0.0189248,-0.0117719,-0.00406729,0.00202897,0.0044988,-0.00176732,-0.00433242,-0.00396971,-0.00240162,-0.000537142,-0.000638288,-0.000234262,-3.72491e-05,0.0,-1.65547e-05,-8.94306e-05,-0.000477239,-0.00119308,-0.00189849,-0.00381519,-0.0102232,-0.0142726,-0.0188362,-0.0239052,-0.0258393,-0.0274331,-0.0275467,-0.0261024,-0.01706,-0.00836241,0.00135627,0.0043959,0.00667619,0.00363259,-0.00244633,-0.0029403,-0.00135502,0.000617901,-0.000593557,-0.000104129,-1.91567e-06,0.0,-6.13388e-06,-0.000164626,-0.00047236,-0.000701617,0.000982742,0.00392061,-0.000802601,-0.00969541,-0.0194499,-0.0276531,-0.0276472,-0.0289114,-0.0289657,-0.0226979,-0.0144701,-0.0045347,0.00394919,0.00599219,0.00670944,0.0037713,2.90874e-05,-0.00110865,-0.000933427,0.000656857,-0.000537981,-3.90458e-05,0.0,0.0,0.0,-0.000205117,-0.00048629,0.000348951,0.00591527,0.0130316,0.0123712,0.00276693,-0.00930675,-0.0177838,-0.0207072,-0.0239436,-0.0254191,-0.0184313,-0.00949167,0.00282715,0.0068362,0.00695046,0.0058658,0.00383218,0.00117446,0.000430045,-4.24848e-05,0.000196173,-0.000466911,-8.66922e-05,0.0,0.0,0.0,-0.000205453,-0.000613354,-7.05245e-05,0.00596523,0.0158541,0.0230377,0.0175521,0.0095276,-0.00160219,-0.00701863,-0.0109879,-0.0111926,-0.00527536,0.00432053,0.00727669,0.0093587,0.00836178,0.00573235,0.00425229,0.00229492,0.0012198,4.07892e-05,-0.000200832,-0.000382583,-4.35431e-05,0.0,0.0,0.0,-0.000136657,-0.000341237,0.000145228,0.0018712,0.0127258,0.0229151,0.0260709,0.0257808,0.0201048,0.0120278,0.00737821,0.00618987,0.00770272,0.0114747,0.0137357,0.0141159,0.00930357,0.00737327,0.00652508,0.00362992,0.000670912,-0.000576147,-0.00082438,-0.000215074,-2.68147e-05,0.0,0.0,0.0,-3.45427e-05,0.000139371,0.000627849,0.00106097,0.00566427,0.0143486,0.0229117,0.025628,0.0241039,0.0219849,0.0199573,0.017641,0.0166619,0.0186751,0.0173516,0.0131034,0.0100219,0.00760467,0.0044712,0.00167282,-0.000317351,-0.000572246,-0.000441301,-9.76607e-05,-1.14427e-05,0.0,0.0,0.0,0.0,0.00026702,0.000349205,0.00126209,0.00310662,0.00610842,0.0115102,0.0162746,0.0185759,0.0184607,0.0174587,0.0183482,0.0161917,0.0120163,0.00857537,0.00654308,0.00365189,0.00204197,0.00107273,-0.000583783,-0.000541721,-0.000361439,-0.000219733,-5.91553e-05,0.0,0.0,0.0,0.0,0.0,-1.14913e-05,-0.0002469,7.00301e-06,0.000367829,0.000513965,0.00239931,0.00559172,0.00758224,0.00809896,0.00842094,0.0073689,0.00416467,0.00166781,0.000915332,-0.000538715,-0.000477344,-0.000640166,-0.000859597,-0.000435252,-0.0002119,-0.000341442,-0.0001597,-3.78498e-05,0.0,0.0,0.0,0.0,0.0,0.0,-9.16905e-06,-0.000182985,-1.62523e-05,-0.000218628,-0.000652371,-0.000958743,-0.00184907,-0.00346456,-0.00454858,-0.00417697,-0.00389473,-0.00389576,-0.00356951,-0.00257476,-0.00125613,-0.000684962,2.02068e-05,0.000299687,0.00048251,-8.35678e-05,-2.24079e-05,0.0,0.0,0.0,0.0,0.0,0.0,0.0,-1.73665e-05,-0.000133205,-0.000326354,-0.000483606,-0.000873979,-0.00144905,-0.00224399,-0.00267719,-0.00260074,-0.00287407,-0.00287173,-0.0024146,-0.00203544,-0.001532,-0.000927243,-0.000399722,-0.000143101,-0.000116562,-2.2986e-05,-4.06531e-06,0.0,0.0,0.0,0.0,0.0,0.0,0.0,0.0,0.0,0.0,-7.871e-06,-7.39364e-05,-0.000145628,