{"max":0.184003,"min":-0.156049,"acc":0.8776,"arr":[0.0,0.0,0.0,0.0,0.0,0.0,0.0,0.0,0.0,0.0,0.0,0.0,-5.78328e-06,-1.32234e-05,-6.23146e-07,-2.59644e-08,0.0,0.0,0.0,0.0,0.0,0.0,0.0,0.0,0.0,0.0,0.0,0.0,0.0,0.0,0.0,0.0,-1.11807e-07,-3.59592e-07,-2.50445e-05,-5.89559e-05,-8.99073e-05,-7.00216e-05,-0.000155605,-0.000149834,-0.000180975,-0.000221837,-0.000257486,-0.000186001,-0.000243928,-0.000191977,-0.000107772,-0.000155692,-0.000117873,-7.63092e-06,-1.17123e-06,-9.54804e-08,0.0,0.0,0.0,0.0,0.0,0.0,0.0,-5.78849e-06,-6.03789e-06,-2.80838e-06,-3.3009e-05,-0.000165405,-0.000368055,-0.000676181,-0.00115208,-0.00179627,-0.00264114,-0.00342382,-0.00455235,-0.0048454,-0.0041983,-0.00377923,-0.00374938,-0.0031223,-0.00247978,-0.00160675,-0.000728072,-0.00021948,-9.7468e-05,-2.47616e-05,0.0,0.0,0.0,0.0,-6.28922e-07,-2.2064e-05,8.04561e-05,-0.000118048,-0.000350639,-0.000944614,-0.00186842,-0.00336344,-0.00440472,-0.00734616,-0.00986859,-0.0134326,-0.0149031,-0.01375,-0.0123736,-0.012465,-0.00930736,-0.00762844,-0.00553709,-0.00329163,-0.00114006,-8.53576e-05,-4.30838e-05,0.00034423,7.681e-05,0.0,0.0,-5.18711e-06,-9.91127e-06,-5.01782e-05,-0.000288983,-0.0012258,-0.00169035,-0.00443861,-0.00896703,-0.01122,-0.0119366,-0.0180077,-0.0261914,-0.0362195,-0.0362521,-0.0300919,-0.0182504,-0.0115135,-0.0058757,-6.03035e-05,0.00916038,0.0200875,0.0201184,0.0180717,0.0109947,0.00414397,0.000826695,0.0,0.0,0.0,-2.57042e-05,-0.000305846,-0.00191013,-0.00506303,-0.00753877,-0.0102954,-0.0144504,-0.0128339,-0.00600506,-0.00662847,-0.0119485,-0.0197007,-0.0236726,-0.0240843,-0.016538,-0.000411607,0.0160162,0.0324106,0.0563976,0.0731257,0.0761438,0.0656689,0.0413118,0.01548,0.00329884,0.00014094,0.0,0.0,3.56585e-05,-0.00108421,-0.00489088,-0.00879388,-0.0112922,-0.014609,-0.014654,-0.00336196,0.0152636,0.0219107,0.0188944,0.00945864,0.00068298,-0.00904811,-0.00458186,0.0168873,0.0422785,0.0707085,0.0934323,0.111881,0.121574,0.1146,0.0819375,0.0361286,0.00857904,0.00116607,0.0,-1.63262e-05,-0.000192945,-0.00225106,-0.00842218,-0.0137765,-0.0160824,-0.0166444,-0.00637678,0.016225,0.0369282,0.0391054,0.0306456,0.0165854,0.00117254,-0.0144992,-0.00689396,0.00785875,0.0310833,0.0535427,0.0776845,0.106218,0.125132,0.137143,0.11485,0.0581981,0.0124505,0.000952016,-9.75465e-07,-6.07166e-05,-0.00066365,-0.00392237,-0.0117697,-0.0154917,-0.0175137,-0.0117818,0.00683181,0.0264484,0.037729,0.0469042,0.0377427,0.0166321,-0.000714725,-0.0118356,-0.0131946,-0.0138999,-0.010434,0.00564179,0.0350538,0.0698225,0.100171,0.123431,0.114421,0.0626736,0.0122521,0.000406946,-2.28026e-05,-0.000160957,-0.000941397,-0.0044743,-0.0110962,-0.014647,-0.0132703,-0.00114559,0.0253998,0.0430494,0.0552975,0.0669943,0.0552977,0.0358455,0.00876546,-0.0156128,-0.0353539,-0.0551047,-0.0623319,-0.0486938,-0.0209165,0.0185826,0.0561423,0.081926,0.0833956,0.0478089,0.00861005,4.22581e-05,-2.95276e-05,-0.000264245,-0.00106253,-0.00365049,-0.00705102,-0.00926329,-0.00460015,0.0132722,0.0444071,0.066163,0.0846148,0.107416,0.0988068,0.0651259,0.0210648,-0.0190833,-0.0633167,-0.105082,-0.120948,-0.113168,-0.0857861,-0.0492261,-0.0133627,0.0164136,0.0344004,0.0256424,0.00680057,0.000120622,-2.29197e-05,-0.00036027,-0.00116435,-0.00287028,-0.00404882,-0.00295078,0.00624188,0.0243467,0.0557992,0.0920087,0.126333,0.151791,0.13991,0.0949043,0.0274658,-0.0320953,-0.0875786,-0.134553,-0.156049,-0.152043,-0.127883,-0.0907052,-0.0565524,-0.0234557,0.00174607,0.00897568,0.0025392,0.000171009,-3.09878e-06,-0.000238169,-0.00090855,-0.00151454,-0.0018838,0.000564308,0.011924,0.0294847,0.0659301,0.112723,0.159537,0.184003,0.160272,0.0941148,0.0233282,-0.0342126,-0.0882885,-0.122141,-0.132608,-0.130071,-0.111455,-0.0874198,-0.0620513,-0.0369247,-0.0135279,-0.00010883,0.000295076,-2.52861e-05,-1.5104e-06,-8.13398e-05,-0.000389517,-0.000675067,-0.00099931,-0.000193282,0.00785531,0.0239636,0.0576663,0.115547,0.163223,0.176017,0.145508,0.0774863,0.012369,-0.0416747,-0.0722028,-0.079084,-0.072009,-0.072338,-0.0703311,-0.0650833,-0.0500859,-0.0332764,-0.0133891,-0.0017642,-0.000238769,-2.15427e-05,0.0,-6.72469e-05,-0.000214259,-0.000391259,-0.00267959,-0.00838479,-0.0109072,-0.00125299,0.0276216,0.0797844,0.11404,0.114722,0.0876989,0.0342599,-0.0172759,-0.0546986,-0.0653576,-0.0556446,-0.0304634,-0.0270095,-0.0349244,-0.0400293,-0.0354268,-0.0264055,-0.010718,-0.00192524,-0.000246446,-1.09364e-05,-1.49444e-06,-4.40259e-05,-0.000169107,-0.000573475,-0.0058256,-0.0196242,-0.0339678,-0.0373664,-0.0263889,-0.00238656,0.0183589,0.0214553,5.47681e-05,-0.0366816,-0.0600318,-0.0681548,-0.059436,-0.0443392,-0.00793394,-0.000871224,-0.0125023,-0.019947,-0.0179637,-0.0164627,-0.00756172,-0.00188813,-0.000411196,-5.52184e-05,-8.53967e-06,-2.60621e-05,-0.000212109,-0.000862252,-0.00619109,-0.0209847,-0.03811,-0.0568962,-0.0714122,-0.0732514,-0.0685162,-0.0698212,-0.070736,-0.0785816,-0.0762249,-0.0630264,-0.0405889,-0.0142623,0.00436363,0.0106977,0.00106576,-0.00478343,-0.00455533,-0.00584346,-0.00380751,-0.00243,-0.000710728,-6.61374e-05,0.0,-3.39514e-05,-0.0003221,-0.00170629,-0.00435385,-0.00887451,-0.00790999,-0.0387862,-0.073731,-0.097728,-0.112618,-0.108353,-0.102374,-0.0957115,-0.0784113,-0.0513848,-0.0160857,0.00948878,0.0163497,0.0200782,0.0156502,0.00813015,0.00308392,0.00204575,0.00118074,-0.00255435,-0.000506527,-3.52257e-05,-4.08299e-08,-1.74383e-05,-0.000593259,-0.00200097,-0.00239899,0.00654773,0.0270911,0.000733443,-0.0405027,-0.0798804,-0.10351,-0.104006,-0.0938784,-0.0812611,-0.057294,-0.0318003,-0.00459702,0.0174799,0.0211264,0.0234004,0.0272696,0.0166419,0.0104281,0.00741635,0.00397535,-0.00210023,-0.000233473,-5.65e-05,-2.0415e-07,-2.34383e-05,-0.000873422,-0.00380906,-0.00154498,0.0189283,0.055442,0.0528019,0.021773,-0.0236783,-0.0523514,-0.059801,-0.0549924,-0.0491457,-0.0323222,-0.0144938,0.00606475,0.0162303,0.0253576,0.0274378,0.0341658,0.0231236,0.0141052,0.0101692,0.00360798,-0.00157866,-0.000243984,-2.48117e-05,0.0,-3.08195e-05,-0.00100424,-0.0046803,-0.00499083,0.0147905,0.0596667,0.0887165,0.0862166,0.0611641,0.0288443,0.00928575,-0.00557515,-0.0124586,-0.0150596,-0.0032661,0.0102086,0.032122,0.0437792,0.041837,0.0385453,0.0283709,0.018868,0.00959153,0.000717581,-0.00095597,-0.000117592,0.0,0.0,-1.70177e-05,-0.00108179,-0.0040967,-0.00605541,-0.000248086,0.0361869,0.0772251,0.0992477,0.105037,0.0852713,0.0590978,0.0314665,0.0180448,0.00910637,0.020712,0.043427,0.0613365,0.0549013,0.0461404,0.0409019,0.0291084,0.0161096,0.00386068,-0.000974556,-0.000294399,1.83365e-05,-3.49038e-06,0.0,0.0,-0.000788602,-0.00304202,-0.00418224,-0.00518893,0.0101807,0.0334404,0.0632275,0.0901467,0.0917887,0.0770304,0.062086,0.0539604,0.0502607,0.0586277,0.0684406,0.064643,0.0535696,0.0396617,0.0267748,0.0152771,0.00498233,0.000635117,-0.000256472,0.000136875,0.000163539,-6.44378e-06,0.0,0.0,-0.000218196,-0.00102942,-0.00340129,-0.00318526,0.00143311,0.00804747,0.0216959,0.0438202,0.0604943,0.0677411,0.0672722,0.0690643,0.0665901,0.0574443,0.0511266,0.0357492,0.0226979,0.0138079,0.00754084,0.000648684,0.000375053,0.000844834,0.000194899,0.000270141,8.83163e-05,0.0,0.0,0.0,-5.1444e-05,-0.00032707,-0.00158569,-0.00284488,-0.00308624,0.000969017,0.00446904,0.0139411,0.0203525,0.0315511,0.0404317,0.0401229,0.0314355,0.0187132,0.0087647,0.00217334,-0.00181823,-0.00375478,-0.00327703,-0.00160347,0.00056256,0.000520065,0.000334442,-6.37475e-05,0.0,0.0,0.0,0.0,-2.99715e-06,-1.93363e-05,-0.000529688,-0.001645,-0.00265589,-0.00179735,-0.00241106,-0.00253291,-0.00313604,-0.00124305,-0.00128802,-0.00493075,-0.00895889,-0.0106576,-0.0116172,-0.0101757,-0.00671826,-0.00418366,-0.00219025,0.000747678,0.00170827,0.00104688,0.000569903,0.0,0.0,0.0,0.0,0.0,0.0,0.0,-0.00015204,-0.000418689,-0.00110815,-0.00207902,-0.00359069,-0.005206,-0.00645869,-0.00745511,-0.00797718,-0.00893001,-0.00981744,-0.00808348,-0.00712236,-0.00570027,-0.00407496,-0.00225052,-0.00061568,0.000183066,8.77668e-05,-3.48733e-05,-1.03652e-07,-7.7297e-07,0.0,0.0,0.0,0.0,0.0,0.0,0.0,0.0,