{"max":0.0498263,"min":-0.0409129,"acc":0.7969,"arr":[0.0,0.0,0.0,0.0,0.0,0.0,0.0,0.0,0.0,0.0,0.0,0.0,0.0,0.0,0.0,0.0,0.0,0.0,0.0,0.0,0.0,0.0,0.0,0.0,0.0,0.0,0.0,0.0,0.0,0.0,0.0,0.0,0.0,0.0,-2.43488e-05,-5.23947e-05,-2.83391e-05,-2.50112e-05,-5.72338e-05,-7.10987e-05,-0.000119806,-0.000105815,-9.11192e-05,-6.81198e-05,-0.00010277,-4.30864e-05,-4.91586e-05,-8.77806e-05,-5.50259e-05,-4.52799e-07,0.0,0.0,0.0,0.0,0.0,0.0,0.0,0.0,0.0,-2.31129e-06,-2.89231e-06,0.0,-2.24862e-05,-6.46999e-05,-0.000158087,-0.000299515,-0.000456558,-0.000703648,-0.00108735,-0.00120337,-0.00152926,-0.00183332,-0.0019302,-0.00155635,-0.00134087,-0.0011444,-0.000877467,-0.000413424,-0.000130257,-1.3086e-05,0.0,0.0,0.0,0.0,0.0,0.0,0.0,-1.94829e-05,-2.31393e-05,-2.50665e-05,-0.000119734,-0.000260206,-0.000561794,-0.00125608,-0.00189944,-0.00284945,-0.00386598,-0.00500112,-0.00541073,-0.00553751,-0.00589731,-0.00524957,-0.00397964,-0.00252265,-0.00137253,-0.000479879,-0.000103395,0.000229228,0.00044588,0.000571818,7.681e-05,0.0,0.0,0.0,0.0,-1.93622e-05,-0.000133848,-0.000241322,7.2107e-05,-0.000513371,-0.00158859,-0.00266888,-0.00227607,-0.00410497,-0.00654032,-0.00981947,-0.0108688,-0.0111209,-0.00921016,-0.00835014,-0.00692588,-0.00351184,0.000974015,0.00384833,0.0030474,0.00354766,0.00342761,0.00134157,0.000256024,0.0,0.0,0.0,-1.74884e-05,-5.05486e-05,-0.000196274,-0.00050711,-0.000304197,-0.000222704,-0.00162831,-0.00238192,-0.00266907,-0.00492691,-0.00588034,-0.00988778,-0.0114896,-0.0116618,-0.00711973,-6.98684e-05,0.00627347,0.0119589,0.0186178,0.021851,0.0197748,0.0165313,0.00996162,0.00288668,0.000418534,0.0,0.0,0.0,-1.91653e-06,-0.000145153,-0.000515865,-0.00086716,-0.00111913,-0.00137252,-0.00357465,-0.0033583,-0.000214395,0.00145769,0.00167872,-0.00197373,-0.00296996,-0.00191565,0.00323948,0.0118332,0.0197688,0.0285175,0.0347117,0.0344119,0.0331571,0.0285776,0.0206408,0.00867617,0.0018193,0.00058641,0.0,-1.47697e-05,-0.000112249,-0.000415443,-0.00136686,-0.00252199,-0.002594,-0.00247189,-0.00330398,-0.000617066,0.00344048,0.00458037,0.00317153,0.00423163,0.00455343,0.00233235,0.00482385,0.00810925,0.0152547,0.0219838,0.0277769,0.0319509,0.0322239,0.0315381,0.0252628,0.0122644,0.00365289,0.000892305,0.0,-3.56475e-05,-0.000256336,-0.000989137,-0.00248792,-0.00287712,-0.00427843,-0.00354216,-0.00308735,0.0015876,0.00449426,0.00748355,0.00899186,0.0101023,0.0064553,0.00220196,-0.000571863,-0.0013736,-0.00257425,-0.000881888,0.00504269,0.0143954,0.0202468,0.0238739,0.0208675,0.0106837,0.00280777,0.000238363,0.0,-4.25608e-05,-0.000255396,-0.00126064,-0.00283987,-0.00300096,-0.00412952,-0.00180748,0.000317951,0.00544977,0.0100267,0.0120554,0.0149315,0.0139105,0.006332,-0.00237687,-0.0105471,-0.0178823,-0.0218071,-0.0183853,-0.0099398,0.00103683,0.00904408,0.0134199,0.0140486,0.00735124,0.00151796,0.0,0.0,-2.04823e-05,-0.000171555,-0.00100044,-0.00245924,-0.00321686,-0.00329582,-0.000713905,0.00641288,0.0126622,0.0175291,0.0235209,0.0228847,0.0149944,0.00408643,-0.00718521,-0.0200391,-0.0287683,-0.0338118,-0.0307289,-0.0218512,-0.0120292,-0.00484634,0.0020603,0.00598089,0.00309927,0.000699189,-3.5911e-06,0.0,-3.31388e-06,-0.000117758,-0.000597026,-0.00171224,-0.00172411,-0.00202601,-0.000176899,0.00973168,0.0198252,0.0314236,0.0390099,0.0346779,0.0194182,0.0034255,-0.010205,-0.0251323,-0.0362434,-0.0409129,-0.0368019,-0.0282617,-0.0186153,-0.0116099,-0.0052166,-0.000419229,0.000765264,0.000404957,-2.26431e-05,0.0,-1.10717e-05,-0.000122095,-0.000354402,-0.0010239,-0.000781727,-0.00230881,-0.000528723,0.0110866,0.0293789,0.0429803,0.0478775,0.0417379,0.025045,0.00723347,-0.00850507,-0.024993,-0.0355696,-0.0364252,-0.0313742,-0.022939,-0.0156329,-0.010674,-0.00602327,-0.00167991,0.000653759,0.000306943,-2.52861e-05,0.0,0.0,-9.5206e-05,-0.000314165,-0.0010905,-0.00155513,-0.00281285,-0.00292137,0.00874824,0.0304915,0.0443615,0.0498263,0.0438096,0.0262482,0.00976995,-0.00713913,-0.0192076,-0.0250083,-0.0247131,-0.0205239,-0.0152308,-0.0129065,-0.00929758,-0.00558533,-0.00242983,0.000140053,-2.54874e-05,-6.82059e-06,0.0,-1.92857e-05,-6.32515e-05,-0.000216408,-0.00128145,-0.00424182,-0.00731414,-0.00762282,-0.00201512,0.0165547,0.0290229,0.0331061,0.0281367,0.0144774,0.00142717,-0.00775341,-0.0126402,-0.0156751,-0.0115144,-0.0087549,-0.0112241,-0.0112781,-0.00874459,-0.00507996,-0.00196123,-0.000342473,-3.44491e-05,0.0,0.0,-4.40259e-05,-9.11237e-05,-0.000218613,-0.00179135,-0.00593801,-0.0115573,-0.0145364,-0.013676,-0.00340299,0.00318577,0.0045463,-0.00254022,-0.0121632,-0.0154173,-0.0157029,-0.0125295,-0.0109507,-0.00276719,-0.000235438,-0.00559444,-0.00753926,-0.00672487,-0.00437637,-0.00103607,-0.000313595,-8.18971e-05,-1.80924e-05,0.0,-2.08441e-05,-8.82225e-05,-0.000256996,-0.00196966,-0.0048063,-0.00956842,-0.0153878,-0.0191116,-0.0164129,-0.0154969,-0.0203102,-0.024169,-0.0261875,-0.0246034,-0.019339,-0.011115,-0.00328202,0.00228994,0.00434079,-0.00217071,-0.00511626,-0.00490374,-0.00288548,-0.000683907,-0.000658206,-0.000234262,-3.72491e-05,0.0,-1.65547e-05,-8.94306e-05,-0.000545857,-0.00147898,-0.00249581,-0.00396466,-0.01074,-0.0154983,-0.0206495,-0.0261079,-0.0283913,-0.0300715,-0.0303497,-0.0274918,-0.0166111,-0.00690163,0.0029946,0.00523567,0.00699505,0.00334014,-0.00287892,-0.00380108,-0.00176254,0.000485152,-0.000629298,-0.000104129,-1.91567e-06,0.0,-6.13388e-06,-0.000164626,-0.000541206,-0.00102211,0.000794502,0.00430895,0.00013971,-0.00967679,-0.0204693,-0.0291375,-0.0293993,-0.0308955,-0.0312482,-0.0244895,-0.0146213,-0.00317901,0.00588065,0.00738683,0.00753259,0.00360363,-0.000468054,-0.00197049,-0.00133415,0.00053062,-0.000560629,-3.90458e-05,0.0,0.0,0.0,-0.000205117,-0.000605101,0.00018503,0.00655211,0.01426,0.0149094,0.0046976,-0.00850105,-0.0180585,-0.0214703,-0.0252228,-0.0266874,-0.0190533,-0.0090183,0.00400847,0.00845857,0.0081656,0.00662291,0.00364016,0.000565471,-0.000192125,-0.000361478,0.000117193,-0.000493015,-0.000102653,0.0,0.0,0.0,-0.000205453,-0.000720528,-0.000166371,0.00602177,0.0172811,0.0253655,0.0198898,0.0111226,-0.000425362,-0.00554349,-0.01035,-0.011167,-0.0047545,0.00517591,0.0087433,0.0114105,0.0101112,0.00612744,0.00348739,0.00188392,0.000845823,-0.000188047,-0.00025141,-0.000406198,-5.6234e-05,0.0,0.0,0.0,-0.000136657,-0.000358423,6.12586e-05,0.00178649,0.0134096,0.0246297,0.0274156,0.0266897,0.0213714,0.0140615,0.00902666,0.00738667,0.00860241,0.0122396,0.0153172,0.0160355,0.0105255,0.00663555,0.00603353,0.00348606,0.00041888,-0.000731244,-0.000868855,-0.000229385,-3.2415e-05,0.0,0.0,0.0,-3.45427e-05,0.000138359,0.000563158,0.000754693,0.00630121,0.0151895,0.0235982,0.0261954,0.0251694,0.0235339,0.0211084,0.0186992,0.0173633,0.019117,0.0189353,0.0143264,0.00951403,0.00700873,0.00433443,0.00151774,-0.000384162,-0.00061856,-0.000478689,-0.000102921,-1.41386e-05,0.0,0.0,0.0,0.0,0.000265603,0.00033147,0.00116692,0.00299048,0.00621205,0.0120055,0.0165735,0.0191702,0.0187574,0.0173552,0.0183929,0.0164802,0.0130645,0.0094425,0.00637878,0.00310933,0.00194321,0.000927069,-0.00063999,-0.000543078,-0.000361439,-0.000219733,-5.91553e-05,-1.43492e-05,0.0,0.0,0.0,0.0,-1.14913e-05,-0.0002469,7.00301e-06,0.000329169,0.000261323,0.0022914,0.00549925,0.00826826,0.00869301,0.00880102,0.0080793,0.00507834,0.00229315,0.000905511,-0.000852783,-0.000620465,-0.000761196,-0.000981811,-0.000519033,-0.000239368,-0.000341442,-0.0001597,-3.78498e-05,0.0,0.0,0.0,0.0,0.0,0.0,-9.16905e-06,-0.000182985,-3.31001e-05,3.83685e-06,-0.000591553,-0.000936032,-0.00192565,-0.00317197,-0.0044823,-0.0041137,-0.00383467,-0.0040237,-0.00404222,-0.00291426,-0.00139185,-0.000749678,-1.1426e-05,0.000286002,0.000475518,-8.35678e-05,-2.24079e-05,0.0,0.0,0.0,0.0,0.0,0.0,0.0,-1.73665e-05,-0.000133205,-0.000326354,-0.000484895,-0.000904676,-0.00157283,-0.0024513,-0.00292249,-0.00283952,-0.0030668,-0.00306172,-0.00255297,-0.00210696,-0.00156205,-0.000934241,-0.000399722,-0.000143101,-0.000116562,-2.2986e-05,-4.06531e-06,0.0,0.0,0.0,0.0,0.0,0.0,0.0,0.0,0.0,0.0,-7.871e-06,-7.39364e-05,