{"max":0.0329135,"min":-0.0297096,"acc":0.7951,"arr":[0.0,0.0,0.0,0.0,0.0,0.0,0.0,0.0,0.0,0.0,0.0,0.0,0.0,0.0,0.0,0.0,0.0,0.0,0.0,0.0,0.0,0.0,0.0,0.0,0.0,0.0,0.0,0.0,0.0,0.0,0.0,0.0,0.0,0.0,-9.69717e-06,-2.88633e-05,-2.58971e-05,-2.50112e-05,-5.72338e-05,-7.10987e-05,-0.000116361,-8.28122e-05,-8.43208e-05,-6.73151e-05,-9.42279e-05,-4.07342e-05,-3.70462e-05,-5.90279e-05,-3.43104e-05,0.0,0.0,0.0,0.0,0.0,0.0,0.0,0.0,0.0,0.0,0.0,-2.89231e-06,0.0,-2.39577e-06,-3.65067e-05,-0.000129194,-0.000263163,-0.000352824,-0.000561169,-0.00090488,-0.000943318,-0.00115682,-0.0013351,-0.00138119,-0.00117348,-0.00101147,-0.000815296,-0.000627719,-0.000344359,-0.000118626,-1.3086e-05,0.0,0.0,0.0,0.0,0.0,0.0,0.0,-1.52601e-06,-7.4937e-06,-2.30008e-05,-7.27787e-05,-0.000182533,-0.000405194,-0.000941194,-0.00146704,-0.00227118,-0.0029546,-0.00367881,-0.0036312,-0.00343186,-0.00369789,-0.00352765,-0.00276437,-0.00189748,-0.00143906,-0.000809808,-0.000393943,-6.56848e-05,0.0,0.0,0.0,0.0,0.0,0.0,0.0,-1.93622e-05,-8.36017e-05,-0.000168763,-6.85758e-06,-0.000316805,-0.00141797,-0.002365,-0.00187494,-0.00303103,-0.00364865,-0.00547582,-0.00558201,-0.0062562,-0.005441,-0.00579323,-0.00476678,-0.00257206,0.000690256,0.00222276,0.00166801,0.00235887,0.00217586,0.000733995,0.00023151,0.0,0.0,0.0,-1.74884e-05,-5.05486e-05,-9.22575e-05,-0.000402591,-0.000107349,-4.87819e-05,-0.00145729,-0.00171265,-0.00126273,-0.00212168,-0.00110183,-0.00320372,-0.00401337,-0.00534365,-0.00319472,0.000825665,0.00474033,0.00867492,0.0128019,0.0150498,0.0141482,0.0119443,0.00718383,0.00212682,0.000412428,0.0,0.0,0.0,-1.91653e-06,-4.83755e-05,-0.000269122,-0.000612457,-0.000711082,-0.000766533,-0.00270366,-0.00206114,0.00121319,0.00360614,0.00352168,0.00121396,1.50914e-05,-0.000693747,0.00199332,0.00873151,0.0139852,0.0203432,0.0251856,0.0237226,0.02485,0.0228703,0.01709,0.00742553,0.00149015,0.000152827,0.0,0.0,-8.03554e-05,-0.000269002,-0.000961512,-0.00155928,-0.00140537,-0.00103803,-0.00212474,-0.000985728,0.00462703,0.00553067,0.003816,0.00354981,0.00228635,0.000446577,0.00228539,0.00535421,0.0106431,0.0156507,0.0199787,0.0218479,0.023113,0.0241567,0.019703,0.00964068,0.00303497,0.000727784,0.0,-2.69196e-05,-0.000222017,-0.000734282,-0.00186846,-0.00214815,-0.00298719,-0.00210921,-0.00318201,0.000841651,0.00441749,0.00678347,0.00781698,0.00681061,0.00394475,0.00135593,-8.97277e-05,-0.00126225,-0.00294737,-0.001239,0.00262288,0.00884125,0.0129892,0.0159001,0.0146683,0.0076661,0.00235256,0.000238363,0.0,-2.91262e-05,-0.000185714,-0.000962419,-0.00210408,-0.00229803,-0.003365,-0.00168864,-0.000464493,0.0043852,0.00760741,0.00874336,0.0112193,0.0092795,0.00361492,-0.00224463,-0.00805005,-0.0135213,-0.0168832,-0.0148424,-0.00956815,-0.00210924,0.00358085,0.00678275,0.00886994,0.00545586,0.00118732,0.0,0.0,-1.47102e-06,-0.000102793,-0.000726574,-0.00182519,-0.00227034,-0.00321816,-0.00122013,0.00391536,0.00838865,0.0120067,0.0171686,0.016765,0.010245,0.00333358,-0.00546981,-0.0144438,-0.0215392,-0.0258487,-0.0236592,-0.0175455,-0.00982508,-0.00495006,-0.000389457,0.00329498,0.00261863,0.000742109,0.0,0.0,-2.80691e-06,-9.64582e-05,-0.000446299,-0.00132659,-0.00156856,-0.00245266,-0.000672857,0.00640593,0.0120995,0.0216516,0.0281988,0.0250932,0.0137205,0.00213327,-0.0076374,-0.0171407,-0.0256251,-0.0297096,-0.0267269,-0.0211808,-0.0141661,-0.00894603,-0.00428212,-0.000462888,0.000694989,0.000438046,-2.17926e-05,0.0,-1.10717e-05,-9.00316e-05,-0.000292885,-0.00106429,-0.0010233,-0.00258122,-0.000632489,0.00733835,0.0195957,0.0294258,0.0329135,0.0291825,0.0175119,0.00508244,-0.00485908,-0.0160266,-0.0250573,-0.0254658,-0.0218478,-0.0160261,-0.0112969,-0.00756691,-0.00426384,-0.00095035,0.000723907,0.000318385,-2.52861e-05,0.0,0.0,-8.20033e-05,-0.000278106,-0.000781207,-0.00160152,-0.00237542,-0.00290625,0.00544631,0.0211803,0.0298084,0.0324076,0.0284345,0.0165178,0.00567559,-0.00492909,-0.0121066,-0.015993,-0.0163543,-0.0140299,-0.0101336,-0.00928617,-0.00722048,-0.00461929,-0.00180534,0.000230794,-2.22029e-05,-6.82059e-06,0.0,-1.92857e-05,-6.32515e-05,-0.000187648,-0.000826544,-0.00306347,-0.00495927,-0.00560795,-0.00222136,0.0111481,0.0195545,0.022576,0.0197433,0.00925661,-0.000178524,-0.00735039,-0.0103049,-0.0106016,-0.00667315,-0.00470771,-0.00643004,-0.008136,-0.00671623,-0.00455429,-0.00202736,-0.000223989,-3.44491e-05,0.0,0.0,-4.40259e-05,-7.82688e-05,-0.000139319,-0.00119401,-0.004144,-0.00788914,-0.0102075,-0.00957676,-0.00232122,0.00275063,0.00387241,-0.0025277,-0.00974318,-0.0118077,-0.0126024,-0.011532,-0.00834541,-0.000583388,0.00168806,-0.00261677,-0.00469236,-0.00476286,-0.00385728,-0.0014646,-0.000286051,-8.18971e-05,-1.80924e-05,0.0,-2.08441e-05,-6.31288e-05,-0.000117418,-0.00146849,-0.00376079,-0.0068498,-0.0105142,-0.0135062,-0.0114435,-0.00960176,-0.0131674,-0.0168551,-0.0193601,-0.018685,-0.0153661,-0.0106873,-0.00495729,0.00204268,0.00519226,-0.000506442,-0.00271934,-0.0032943,-0.00241655,-0.00127604,-0.000543706,-0.000179501,-3.72491e-05,0.0,-1.65547e-05,-5.57888e-05,-0.000318399,-0.00137256,-0.00264736,-0.00386246,-0.0077547,-0.0111727,-0.013953,-0.0173962,-0.019806,-0.0223889,-0.0224405,-0.0202369,-0.0129272,-0.00773322,-0.000820634,0.00289693,0.00650148,0.00389185,-0.00137788,-0.002021,-0.0016172,-0.000457245,-0.000469497,-7.04012e-05,-1.91567e-06,0.0,-6.13388e-06,-9.83218e-05,-0.000212135,-0.00104634,-0.000620422,0.00190946,-0.000995621,-0.00739734,-0.0144021,-0.0210832,-0.0219919,-0.02356,-0.0237555,-0.0176276,-0.0119275,-0.00392846,0.00249114,0.00428485,0.00593099,0.00377126,0.000406438,-0.000874115,-0.00136571,-0.000353938,-0.000364841,-1.44783e-05,0.0,0.0,0.0,-0.000111951,-0.000222999,0.000166584,0.00359579,0.0085028,0.00804063,0.000155182,-0.00722709,-0.0136344,-0.0166164,-0.019068,-0.0202374,-0.0144906,-0.00772251,0.00207277,0.0047112,0.00557751,0.00468172,0.00394165,0.00147484,7.30024e-05,-0.000748296,-0.00042871,-0.000303912,-5.23217e-05,0.0,0.0,0.0,-8.75078e-05,-0.000228525,0.000236318,0.00550347,0.0115028,0.0156463,0.0113374,0.00673161,-0.0017394,-0.00593349,-0.00876077,-0.00984383,-0.00410713,0.00302078,0.00498795,0.00755691,0.00699747,0.00502231,0.0045629,0.00156394,0.000574933,-0.000465857,-0.00049851,-0.00024252,-1.65796e-05,0.0,0.0,0.0,-5.04571e-05,-8.57941e-05,0.00052705,0.00269147,0.00967141,0.0171346,0.0192835,0.0208124,0.0160584,0.00857238,0.00438174,0.00355738,0.0045763,0.00787137,0.00977895,0.0120511,0.00817439,0.00670842,0.00550319,0.00242628,0.000349072,-0.000776915,-0.000620677,-7.67414e-05,-1.15136e-07,0.0,0.0,0.0,-1.11626e-05,0.000332266,0.000799585,0.00159599,0.00521884,0.0113881,0.0180048,0.020726,0.0190194,0.0171547,0.0158517,0.013651,0.0130067,0.0146241,0.0136307,0.0105079,0.00816148,0.00589991,0.00339553,0.000972502,-0.000620039,-0.000539965,-0.000307738,-3.86802e-05,0.0,0.0,0.0,0.0,0.0,0.000318171,0.000498726,0.00152422,0.0030073,0.00489347,0.00875483,0.0129643,0.0155803,0.0160735,0.0158903,0.0156143,0.0128611,0.0092557,0.0069763,0.00534641,0.00286812,0.0013834,0.000907987,-0.000546797,-0.000484083,-0.000253817,-0.000113191,-1.35228e-05,0.0,0.0,0.0,0.0,0.0,-4.31517e-06,-0.000181623,0.000178984,0.00064552,0.000558458,0.00126327,0.00324243,0.00555366,0.00755957,0.00851076,0.00849541,0.00560757,0.00299207,0.0017945,-6.25626e-05,-0.000210429,-0.000396267,-0.000687869,-0.000226834,-8.00731e-05,-0.000240146,-7.6811e-05,-5.43963e-07,0.0,0.0,0.0,0.0,0.0,0.0,-9.16905e-06,-0.000157778,-4.71427e-05,-0.000562559,-0.000944785,-0.000674842,-0.00150881,-0.00284712,-0.00382398,-0.00335408,-0.00273075,-0.00267448,-0.00259636,-0.0022047,-0.00124498,-0.000860184,-0.000191679,0.000134619,0.000262312,-9.54704e-05,-1.77093e-05,0.0,0.0,0.0,0.0,0.0,0.0,0.0,-1.73665e-05,-9.71487e-05,-0.000254452,-0.000392738,-0.000727813,-0.00119748,-0.00210741,-0.00242038,-0.00246943,-0.0024096,-0.00226321,-0.00195603,-0.00178368,-0.00139391,-0.000776344,-0.000319515,-7.58376e-05,-3.87757e-05,-2.04149e-05,-4.06531e-06,0.0,0.0,0.0,0.0,0.0,0.0,0.0,0.0,0.0,0.0,-7.871e-06,-7.39364e-05,