{"max":0.161393,"min":-0.133416,"acc":0.8731,"arr":[0.0,0.0,0.0,0.0,0.0,0.0,0.0,0.0,0.0,0.0,0.0,0.0,-5.78328e-06,-1.32234e-05,-6.23146e-07,-2.59644e-08,0.0,0.0,0.0,0.0,0.0,0.0,0.0,0.0,0.0,0.0,0.0,0.0,0.0,0.0,0.0,0.0,0.0,-3.11573e-08,-2.50445e-05,-5.83438e-05,-8.90054e-05,-6.88642e-05,-0.000152164,-0.000139857,-0.000164205,-0.00019987,-0.000231441,-0.000170024,-0.000232766,-0.000180222,-9.92417e-05,-0.000134235,-0.000107026,-7.63092e-06,-1.17123e-06,-9.54804e-08,0.0,0.0,0.0,0.0,0.0,0.0,0.0,-5.78849e-06,-5.96802e-06,-2.61272e-06,-3.10321e-05,-0.000155936,-0.000347567,-0.000646455,-0.00109007,-0.001697,-0.00238133,-0.00301757,-0.00401356,-0.00427591,-0.00388957,-0.00367387,-0.00381049,-0.00300263,-0.00222442,-0.00139395,-0.000563228,-9.10555e-05,-1.87923e-05,-1.11495e-05,0.0,0.0,0.0,0.0,-6.28922e-07,-2.2064e-05,8.04561e-05,-0.000114277,-0.000340001,-0.000889955,-0.00171639,-0.00301564,-0.00379164,-0.00636573,-0.00881994,-0.01179,-0.0137215,-0.0133794,-0.0122446,-0.0120988,-0.00950065,-0.00668679,-0.00366113,-0.00238997,-0.000686227,0.000822268,0.000565545,0.000454404,7.681e-05,0.0,0.0,-5.18711e-06,-9.91127e-06,-2.28004e-05,-0.000256134,-0.00114437,-0.00155471,-0.00372371,-0.00688776,-0.00891906,-0.00974139,-0.015164,-0.0215776,-0.031208,-0.0329363,-0.0275002,-0.0158502,-0.00854026,-0.00434287,0.00226399,0.0109558,0.0196951,0.0176959,0.015954,0.00966172,0.00379446,0.000835494,0.0,0.0,0.0,-2.57042e-05,-2.63886e-05,-0.0013365,-0.00401326,-0.00527921,-0.00656112,-0.00986466,-0.00933316,-0.0039601,-0.00338763,-0.00670525,-0.0153809,-0.0219328,-0.022189,-0.0121992,0.00380942,0.0173141,0.0347913,0.0559196,0.068127,0.0691038,0.0587166,0.0359314,0.0133129,0.00303858,5.4327e-05,0.0,0.0,-4.74595e-05,-0.000752021,-0.00390555,-0.00616746,-0.00777458,-0.0101016,-0.00958125,-0.000607433,0.01376,0.0202181,0.0195802,0.0106487,0.00192982,-0.00331344,0.00384577,0.0250632,0.0451881,0.0699961,0.0907996,0.104692,0.11048,0.100553,0.069694,0.0305385,0.00712966,0.000852061,0.0,-1.63171e-05,-0.000201547,-0.0017641,-0.00673242,-0.0101958,-0.0128749,-0.0125915,-0.00470687,0.0134398,0.031002,0.0344267,0.0271536,0.0169735,0.00533597,-0.00559248,0.00100403,0.0133699,0.0339825,0.0510603,0.0721779,0.0946965,0.108063,0.114335,0.0944019,0.0474342,0.0102817,0.000898815,0.0,-5.76341e-05,-0.000581514,-0.00329578,-0.00991094,-0.0131014,-0.0153094,-0.0106525,0.00271793,0.0212663,0.0324894,0.0415801,0.0319769,0.0177793,0.000741279,-0.00974296,-0.0107181,-0.013122,-0.0135432,-0.00375647,0.0212117,0.0533477,0.0789586,0.096235,0.0890806,0.0483199,0.0105542,0.000415862,-2.04945e-05,-0.00015332,-0.000856001,-0.00392846,-0.0103498,-0.0135042,-0.0131873,-0.00390228,0.0171063,0.0376164,0.0500619,0.0590209,0.0484127,0.0308822,0.0054135,-0.0166363,-0.0345875,-0.0560885,-0.0666729,-0.0554598,-0.0293741,0.00765336,0.0414485,0.0626295,0.064349,0.0363134,0.0075836,4.80153e-05,-2.39822e-05,-0.000249604,-0.000944449,-0.00321086,-0.00694318,-0.00987319,-0.00717311,0.0085112,0.0370274,0.0593726,0.0773343,0.0956179,0.0839691,0.0506996,0.0135061,-0.0202111,-0.0592206,-0.0967368,-0.109599,-0.102004,-0.0762923,-0.0434151,-0.011601,0.0142666,0.0283703,0.0210817,0.00506891,0.000120622,-2.12711e-05,-0.000233712,-0.000877911,-0.00238984,-0.00368031,-0.00383036,0.0024397,0.019965,0.0492837,0.0820263,0.114694,0.135711,0.119832,0.0767093,0.0193689,-0.0302392,-0.0783273,-0.116475,-0.133416,-0.128786,-0.1077,-0.0761129,-0.0464854,-0.0186005,0.00142051,0.00686973,0.00172336,0.000171009,-3.09878e-06,-0.000125601,-0.000671571,-0.00120868,-0.0018672,-0.000427127,0.00849107,0.0248658,0.0552455,0.0994173,0.142299,0.161393,0.138259,0.0806844,0.0201344,-0.0308758,-0.0780495,-0.107825,-0.112423,-0.10759,-0.0911484,-0.0710462,-0.0494611,-0.028199,-0.0100747,0.000209733,0.000186401,-2.52861e-05,-1.5104e-06,-6.96954e-05,-0.000343925,-0.000551276,-0.00124163,-0.000882953,0.00665586,0.0199434,0.0473415,0.101036,0.141415,0.151543,0.125096,0.0683347,0.0120771,-0.0372049,-0.0659354,-0.0736996,-0.0661828,-0.0618737,-0.0579198,-0.0523016,-0.0389312,-0.0254921,-0.00988069,-0.00094272,-0.00022227,-2.15427e-05,0.0,-6.72469e-05,-0.000207623,-0.000509712,-0.00223469,-0.00792191,-0.00842935,-0.000130997,0.0193784,0.064841,0.0950957,0.0974285,0.0764514,0.0350469,-0.00851218,-0.0434392,-0.0559109,-0.0520183,-0.0305503,-0.0242073,-0.0303811,-0.0325951,-0.0280549,-0.0209171,-0.00818013,-0.0011715,-0.000196563,-1.09364e-05,0.0,-4.40259e-05,-0.000159505,-0.000704471,-0.00498685,-0.0163874,-0.0275168,-0.0330215,-0.0270348,-0.00416599,0.0133218,0.0167487,-0.000263912,-0.0293504,-0.0465669,-0.0519155,-0.0474025,-0.0401163,-0.00918739,-0.000340573,-0.0101037,-0.0158948,-0.0141344,-0.0132561,-0.00598736,-0.00127194,-0.000287403,-5.52184e-05,0.0,-2.59876e-05,-0.00016638,-0.000712748,-0.0055835,-0.0187117,-0.0328965,-0.0477672,-0.0604749,-0.0617334,-0.0577321,-0.0602419,-0.0614514,-0.0680327,-0.066631,-0.0527121,-0.0353419,-0.0149568,0.00343819,0.00956086,0.000857585,-0.00218888,-0.00289949,-0.00452369,-0.00326211,-0.00192293,-0.000548617,-6.569e-05,0.0,-3.28234e-05,-0.000227775,-0.0013496,-0.00503171,-0.00938919,-0.00949965,-0.0333744,-0.0602558,-0.0806217,-0.0935463,-0.0919118,-0.0886168,-0.0845643,-0.0722575,-0.0475391,-0.0161553,0.00610282,0.0163552,0.0184385,0.0139817,0.00905173,0.00247797,0.00129856,0.0012883,-0.0021709,-0.000428194,-3.13477e-05,-4.08299e-08,-1.73106e-05,-0.000434582,-0.0013912,-0.00241602,0.00559232,0.0203441,-0.000925467,-0.0347252,-0.0686877,-0.0882685,-0.0891028,-0.0824237,-0.074681,-0.0566423,-0.0342663,-0.00662507,0.0141195,0.0220028,0.02304,0.0242056,0.0160555,0.00796049,0.004908,0.00308268,-0.00190489,-0.000314418,-5.65e-05,-2.0415e-07,-8.56578e-06,-0.0006969,-0.00297895,-0.000683321,0.0183167,0.0460803,0.0426353,0.016761,-0.0234897,-0.0474499,-0.0543561,-0.0517879,-0.050809,-0.0343398,-0.0167726,0.00624736,0.0154066,0.0255879,0.0268787,0.0304401,0.0206557,0.0103875,0.00673168,0.00251614,-0.00144565,-0.000338113,-2.48117e-05,0.0,-2.39712e-05,-0.000911779,-0.00395081,-0.00276744,0.0147806,0.0511971,0.0748175,0.070969,0.0480649,0.019392,0.00202543,-0.0111905,-0.015647,-0.0137578,-0.00241411,0.00846647,0.0275899,0.0415058,0.0378046,0.0342603,0.0236513,0.014234,0.00643725,0.000297954,-0.000883363,-0.000221483,0.0,0.0,-1.70177e-05,-0.000826217,-0.0032055,-0.00431042,0.000760832,0.0343398,0.0716359,0.0872105,0.0878125,0.0701057,0.0473014,0.0263479,0.0167849,0.0104913,0.0184497,0.0379409,0.0563579,0.0515047,0.043207,0.0356792,0.0235662,0.011731,0.00208334,-0.000956195,-0.000228174,-7.6476e-05,-3.49038e-06,0.0,0.0,-0.000561239,-0.00235563,-0.00330869,-0.00388115,0.0112103,0.0340524,0.062757,0.0827653,0.0840432,0.0709858,0.0585353,0.0503191,0.0464167,0.0529985,0.0637542,0.0614215,0.051031,0.0373887,0.0222789,0.0110959,0.00265935,-0.000845906,-0.000316354,0.000199384,0.000161798,-6.44378e-06,0.0,0.0,-0.000198105,-0.000769006,-0.00273445,-0.00253205,0.00190663,0.00836253,0.022939,0.043725,0.0586645,0.0625002,0.0602541,0.0610811,0.0604533,0.0539857,0.0470447,0.034556,0.0225624,0.0122325,0.00442511,-0.000811257,-0.000738269,-0.000114251,6.13721e-05,0.000326236,8.83163e-05,0.0,0.0,0.0,-3.80703e-05,-0.000222697,-0.00122759,-0.00197503,-0.00194879,0.00161781,0.00546092,0.0146002,0.0199247,0.0277991,0.0353785,0.0344813,0.0267093,0.0154272,0.00735343,0.00176708,-0.00209072,-0.00539798,-0.00453674,-0.00170457,-0.000191566,-0.000278402,-8.91155e-05,-6.37475e-05,0.0,0.0,0.0,0.0,-2.99715e-06,-1.37114e-05,-0.000239393,-0.000973253,-0.00162509,-0.000710784,-0.000774094,-0.00119031,-0.00269288,-0.00137445,-0.00185509,-0.00479018,-0.00847858,-0.0109409,-0.0118046,-0.00976093,-0.00638188,-0.00405277,-0.00191742,0.000471373,0.00108232,0.000429077,0.000180296,0.0,0.0,0.0,0.0,0.0,0.0,0.0,-0.000147923,-0.000385724,-0.000970741,-0.00176619,-0.0030134,-0.00455431,-0.005965,-0.00690052,-0.00738379,-0.00796991,-0.0087943,-0.00733643,-0.00607784,-0.00477996,-0.00333169,-0.00186157,-0.000354556,0.000321197,0.000139799,-3.11553e-05,-1.03652e-07,0.0,0.0,0.0,0.0,0.0,