{"max":0.243045,"min":-0.204021,"acc":0.8935,"arr":[0.0,0.0,0.0,0.0,0.0,0.0,0.0,0.0,0.0,0.0,0.0,0.0,-5.78328e-06,-1.32234e-05,-6.23146e-07,-2.59644e-08,0.0,0.0,0.0,0.0,0.0,0.0,0.0,0.0,0.0,0.0,0.0,0.0,0.0,0.0,0.0,0.0,-1.11807e-07,-3.59592e-07,-2.5613e-05,-6.08148e-05,-9.64151e-05,-7.78828e-05,-0.000171875,-0.000172314,-0.000213723,-0.000274883,-0.000336951,-0.000263532,-0.000295834,-0.000228307,-0.000154485,-0.000189373,-0.000135368,-2.01206e-05,-2.74426e-06,-8.61233e-07,0.0,0.0,0.0,0.0,0.0,0.0,-2.80379e-07,-5.78849e-06,-7.81864e-06,-3.14927e-06,-4.87565e-05,-0.00019303,-0.000425848,-0.000840626,-0.00140855,-0.00220671,-0.00358078,-0.00493247,-0.00645914,-0.00674629,-0.00565059,-0.00416972,-0.00353008,-0.00294111,-0.00349081,-0.00278743,-0.0014205,-0.000624779,-0.000275102,-2.78732e-05,0.0,0.0,0.0,0.0,-1.37598e-06,-2.08387e-05,0.000175687,-0.000467003,-0.000759802,-0.00183165,-0.00291062,-0.00497423,-0.00614518,-0.0100561,-0.0121952,-0.0164779,-0.0176902,-0.0170306,-0.016698,-0.0135035,-0.00833338,-0.00632583,-0.00507326,-0.00265534,-0.00164576,-0.0023069,-0.00129384,0.000267592,4.76201e-05,0.0,0.0,-5.18711e-06,-2.25334e-05,-8.05922e-05,-0.000738517,-0.00320809,-0.00603364,-0.0107763,-0.0192044,-0.0236665,-0.0246136,-0.0289196,-0.04002,-0.0509475,-0.0434246,-0.0284479,-0.0110525,-0.0019436,0.00352713,0.00429445,0.0100668,0.0276546,0.0288887,0.0267168,0.0158097,0.00512815,0.000902557,-2.4608e-05,0.0,0.0,-3.78302e-05,-0.00066801,-0.00433041,-0.0106084,-0.0168719,-0.0200263,-0.0247288,-0.0208983,-0.0113958,-0.00818664,-0.019575,-0.0326649,-0.0358352,-0.0330521,-0.0168212,0.0086455,0.0285141,0.0482281,0.0751282,0.0954373,0.101813,0.0912423,0.0584505,0.021892,0.00522365,0.000115237,0.0,-2.62685e-06,-0.000127032,-0.00279396,-0.00991213,-0.0169889,-0.0222806,-0.023737,-0.0195719,-0.0027296,0.0203097,0.0297811,0.021156,0.00472294,-0.0055444,-0.0225196,-0.018499,0.0129934,0.0498123,0.0826955,0.109754,0.134229,0.157361,0.158067,0.120257,0.0550627,0.0144009,0.00175411,0.0,-0.000100762,-0.000780247,-0.00512775,-0.01773,-0.0260594,-0.0269622,-0.0180635,-0.000507577,0.0240342,0.0520883,0.0646501,0.041327,0.0074293,-0.0135397,-0.040175,-0.0325099,-0.00749476,0.0262509,0.0586089,0.0888722,0.125546,0.161608,0.19417,0.170798,0.0907142,0.0197548,0.00170198,-9.75465e-07,-0.000161191,-0.00146763,-0.00811524,-0.0238583,-0.0296367,-0.0277339,-0.0113032,0.0193864,0.0452511,0.0599342,0.0705459,0.043499,0.0034679,-0.0237051,-0.0452924,-0.0472801,-0.0339163,-0.013538,0.0131183,0.0556073,0.101174,0.14707,0.195427,0.191033,0.109446,0.0229429,0.00097794,-2.28026e-05,-0.00026374,-0.00156829,-0.00885996,-0.0210431,-0.0245333,-0.0162278,0.00889778,0.047473,0.0696484,0.0835349,0.101717,0.0732155,0.0356913,-0.00292156,-0.0393117,-0.0599777,-0.0664689,-0.0615154,-0.0381418,-0.000839802,0.0491576,0.0957249,0.141364,0.154462,0.0924299,0.0183046,0.00139392,-2.95276e-05,-0.000340228,-0.00154493,-0.00687063,-0.0126578,-0.0122197,0.000333936,0.0327798,0.0731844,0.103601,0.123861,0.14631,0.130075,0.0840073,0.0311513,-0.0230253,-0.0748853,-0.125072,-0.143979,-0.132445,-0.0986021,-0.0595181,-0.0168614,0.0343553,0.0700134,0.0516471,0.0120666,0.000688568,-2.38387e-05,-0.000474961,-0.00153918,-0.00486216,-0.00651079,-0.00216777,0.0174404,0.0478912,0.0835863,0.123309,0.159064,0.196249,0.187042,0.135269,0.0501722,-0.0334863,-0.107546,-0.169183,-0.200262,-0.204021,-0.183525,-0.141388,-0.100362,-0.0459835,0.00153544,0.0173288,0.00438798,0.000364127,-4.09738e-06,-0.000296013,-0.00121349,-0.00261479,-0.00276495,0.00360011,0.0239316,0.0526843,0.0907301,0.13156,0.199678,0.243045,0.221716,0.145201,0.0442514,-0.0431179,-0.11713,-0.159187,-0.171107,-0.175874,-0.164574,-0.142721,-0.115078,-0.0757249,-0.030124,0.000410544,0.00131227,-5.25326e-05,-1.5104e-06,-0.000105559,-0.000619384,-0.0013743,-0.00194304,0.00193859,0.0138905,0.0406605,0.0770342,0.14065,0.208882,0.227929,0.193471,0.107816,0.015697,-0.0646067,-0.105606,-0.108335,-0.0971895,-0.0937726,-0.0972143,-0.0999195,-0.0881735,-0.0665818,-0.0293389,-0.00242149,-0.000159388,-0.000121849,0.000112279,-6.76356e-05,-0.000346733,-0.00118644,-0.00481056,-0.0134,-0.0162529,-0.00301565,0.0359521,0.106046,0.15399,0.153264,0.117106,0.0415915,-0.0325527,-0.0855475,-0.10229,-0.085764,-0.0497047,-0.0405104,-0.0463286,-0.0583462,-0.0593725,-0.0484725,-0.0220186,-0.00284111,-0.00045285,-2.47684e-05,3.52696e-05,-4.40259e-05,-0.000288748,-0.00156231,-0.00915604,-0.031761,-0.0488605,-0.0568791,-0.0355698,0.00911049,0.0346254,0.0356647,0.00828115,-0.047472,-0.0930688,-0.111538,-0.0985436,-0.0710808,-0.018929,-0.00837648,-0.0207278,-0.0310773,-0.0332222,-0.0288222,-0.0134296,-0.00253288,-0.000716621,-0.000131262,-8.53967e-06,-2.96757e-05,-0.000381971,-0.00131688,-0.00948386,-0.0332961,-0.0500696,-0.083764,-0.10289,-0.0946394,-0.0873135,-0.086298,-0.0858322,-0.0960874,-0.100727,-0.0938409,-0.0717097,-0.0372282,-0.00230786,0.00972747,0.00250869,-0.012762,-0.0127566,-0.00865966,-0.00454145,-0.00347762,-0.00121564,-0.000211255,0.0,-3.46134e-05,-0.000591637,-0.00216163,-0.00701764,-0.00786059,-0.00202763,-0.0535259,-0.104751,-0.133441,-0.152901,-0.144898,-0.131858,-0.11384,-0.0901998,-0.0665634,-0.0296859,-0.00144145,0.0173623,0.0221086,0.0185354,0.00652433,-0.00210002,0.00591982,0.00395859,-0.00362521,-0.000735909,-4.55294e-05,-1.75278e-05,-2.24892e-05,-0.000997507,-0.00384169,-0.00200602,0.0141046,0.0588189,0.0193305,-0.0474723,-0.100673,-0.131863,-0.128969,-0.103294,-0.0767356,-0.0474631,-0.0290071,-0.0057532,0.0184068,0.0203332,0.0262129,0.0262851,0.0155829,0.0119884,0.0145402,0.00964719,-0.00234068,-0.000337323,-7.02061e-05,-2.0415e-07,-3.74977e-05,-0.00151915,-0.00670559,-0.00164398,0.031277,0.0958283,0.0912761,0.0521746,-0.0079383,-0.043282,-0.0451136,-0.0346239,-0.0276669,-0.0213665,-0.0119627,0.00151394,0.0176547,0.0287951,0.0283074,0.0311073,0.0222786,0.0212698,0.0200846,0.00930892,-0.0011931,-0.000481899,-3.57553e-05,0.0,-6.93751e-05,-0.00149628,-0.00754418,-0.00960289,0.019533,0.0875377,0.12184,0.133117,0.104973,0.0650063,0.0391108,0.0113448,-0.00503345,-0.022003,-0.0138553,0.0078072,0.0375954,0.0490571,0.043908,0.0379611,0.030738,0.0320815,0.0195076,0.00421949,3.11374e-05,-0.000167557,1.80622e-05,-1.92215e-07,-5.02108e-05,-0.00151365,-0.00608972,-0.0111642,-0.00691145,0.0401117,0.0956788,0.131091,0.135508,0.112391,0.0769447,0.034836,0.0105903,-0.000602771,0.015482,0.0451803,0.0692629,0.0602595,0.049529,0.0469357,0.0408824,0.0279404,0.0117005,0.00131619,0.00111255,5.21219e-05,-3.49038e-06,-1.86208e-07,-2.08092e-06,-0.00110603,-0.00440989,-0.00787524,-0.0154247,-0.00433889,0.029201,0.0704845,0.100344,0.101801,0.0897995,0.0721805,0.0617358,0.0568181,0.068213,0.0833478,0.075068,0.0613947,0.0495148,0.038155,0.0248732,0.0116569,0.00567984,0.0019974,0.00174423,0.000351318,-6.44378e-06,0.0,0.0,-0.000419071,-0.00159603,-0.00370491,-0.00810566,-0.00861731,4.23394e-05,0.0240543,0.0532061,0.0773596,0.0868295,0.0876135,0.0846419,0.0818357,0.0693396,0.0589221,0.0381349,0.0250635,0.0200688,0.014267,0.00388573,0.00196991,0.00347919,0.00191919,0.00138558,0.000198099,0.0,0.0,0.0,-0.000115368,-0.000280395,-0.00236391,-0.0050905,-0.00640313,0.000328031,0.00609362,0.0242695,0.033905,0.0483644,0.0619009,0.0627557,0.0471328,0.0218584,0.00417377,-0.00058103,-0.00161056,-0.00370908,-0.00325156,-0.00142627,0.00106284,0.00170429,0.000971618,-0.000105108,-4.9234e-06,0.0,0.0,0.0,-5.06553e-06,0.000187623,-0.000283055,-0.0021747,-0.00405878,-0.00383114,-0.00406335,-0.00065361,0.00163056,0.0080976,0.00732283,0.00295406,-0.00723932,-0.0128185,-0.0132094,-0.0109748,-0.00898323,-0.00638368,-0.00386544,0.000397734,0.00196221,0.00189405,0.00102882,-2.40329e-06,-1.22486e-06,0.0,0.0,0.0,0.0,0.0,-0.000236054,-0.000746749,-0.00184671,-0.0033919,-0.0052157,-0.00625829,-0.00699322,-0.00702076,-0.00737642,-0.00954674,-0.0113933,-0.00948417,-0.0081441,-0.00652271,-0.00478094,-0.00271385,-0.000884788,-6.0198e-05,1.82937e-05,-3.89428e-05,-2.10055e-06,-7.7297e-07,0.0,0.0,0.0,0.0,0.0,0.0,-5.47886e-07,-6.05766e-06,