{"max":0.137355,"min":-0.116198,"acc":0.8665,"arr":[0.0,0.0,0.0,0.0,0.0,0.0,0.0,0.0,0.0,0.0,0.0,0.0,0.0,0.0,0.0,0.0,0.0,0.0,0.0,0.0,0.0,0.0,0.0,0.0,0.0,0.0,0.0,0.0,0.0,0.0,0.0,0.0,0.0,0.0,-2.4433e-05,-5.75765e-05,-8.88691e-05,-6.80214e-05,-0.000148767,-0.000131855,-0.000151296,-0.000169981,-0.000205702,-0.000134061,-0.000197675,-0.00017171,-9.75303e-05,-0.000112196,-7.18735e-05,-2.61738e-06,-1.17123e-06,-9.54804e-08,0.0,0.0,0.0,0.0,0.0,0.0,0.0,-5.78849e-06,-5.96802e-06,-2.36274e-06,-2.91889e-05,-0.000151558,-0.000335756,-0.000601801,-0.000975099,-0.00147075,-0.0020663,-0.00260497,-0.00354191,-0.00378049,-0.00336972,-0.0031301,-0.00346145,-0.00293504,-0.00200971,-0.00116596,-0.000433889,-5.41143e-05,0.0,0.0,0.0,0.0,0.0,0.0,-6.28922e-07,-2.2064e-05,8.06545e-05,-0.000106469,-0.000313836,-0.000819377,-0.00151755,-0.00257467,-0.00351363,-0.00608558,-0.00867162,-0.0111097,-0.0126427,-0.0127814,-0.0124733,-0.0110761,-0.00900383,-0.00661004,-0.00309581,-0.00176878,-0.000357446,0.000912513,0.000740425,0.000474873,7.681e-05,0.0,0.0,-5.18711e-06,-9.91127e-06,-2.28004e-05,-0.000216485,-0.000655904,-0.000999665,-0.00300427,-0.00562554,-0.00742979,-0.00705789,-0.0107501,-0.0160128,-0.025134,-0.028411,-0.0269499,-0.0175709,-0.010554,-0.00575597,-0.000438535,0.00790943,0.0152543,0.0132897,0.0120379,0.00789158,0.00318423,0.000685564,0.0,0.0,0.0,-2.57042e-05,-5.57197e-06,-0.00102462,-0.00261699,-0.00363539,-0.00530825,-0.0081831,-0.00742929,-0.00390201,-0.00369512,-0.00688639,-0.0133517,-0.0188686,-0.0203655,-0.0117491,0.00286399,0.014324,0.0294692,0.0472547,0.0584024,0.0595602,0.0490801,0.0297495,0.0101343,0.002206,0.0,0.0,0.0,-2.41347e-05,-0.000652588,-0.00318247,-0.00452207,-0.00602068,-0.00966458,-0.00961705,-0.00232937,0.00969478,0.0183763,0.0207544,0.0126572,0.00563985,0.00026758,0.00655268,0.0258221,0.0436821,0.0648912,0.0833395,0.092852,0.094973,0.0831139,0.0563835,0.0228814,0.00481066,0.000672914,0.0,-1.54936e-05,-0.000180971,-0.00159003,-0.0054902,-0.00802889,-0.0108593,-0.0119756,-0.00638495,0.00858561,0.0243807,0.0326799,0.0287915,0.0206936,0.010798,0.00174447,0.00741952,0.0170902,0.0342496,0.0504278,0.0691447,0.0857633,0.0937292,0.0959458,0.0771405,0.0376005,0.00849201,0.000898815,0.0,-4.89919e-05,-0.000512966,-0.00277773,-0.00810345,-0.0105289,-0.0131377,-0.011415,-0.00233357,0.0173891,0.0321723,0.0396026,0.0319942,0.0207866,0.00621274,-0.00245622,-0.00389436,-0.00579931,-0.00616583,-3.01574e-05,0.0205469,0.0482166,0.0701763,0.0829656,0.075151,0.0399579,0.00881987,0.000420486,-2.04945e-05,-0.000139532,-0.000751572,-0.00323034,-0.00853225,-0.011042,-0.0120429,-0.00483602,0.011074,0.0342668,0.0485595,0.0524898,0.044209,0.0285257,0.00767766,-0.0115594,-0.026134,-0.043817,-0.0554457,-0.0455679,-0.0228688,0.00819992,0.0368394,0.0516183,0.0518808,0.0284265,0.00615277,6.68539e-05,-2.39822e-05,-0.000222584,-0.000837088,-0.00274327,-0.00645221,-0.00865875,-0.00731652,0.00536636,0.0279668,0.0535096,0.0699197,0.0842329,0.0719971,0.0441707,0.0135122,-0.015208,-0.048029,-0.0793135,-0.092586,-0.0861206,-0.0626595,-0.0337756,-0.00833882,0.012036,0.0226447,0.0168655,0.00371511,0.000134576,-2.12711e-05,-0.00016781,-0.000647272,-0.00198658,-0.0042862,-0.00425852,0.000492134,0.0144434,0.0384601,0.0697412,0.0988549,0.115564,0.102562,0.0656292,0.0161113,-0.0260047,-0.0672735,-0.100745,-0.116198,-0.110406,-0.0890353,-0.0613741,-0.0379914,-0.0157462,0.000668875,0.00460875,0.00104764,0.000175932,0.0,-7.22128e-05,-0.000455372,-0.000866768,-0.00237011,-0.00183888,0.0045525,0.0192371,0.0447845,0.0839102,0.121487,0.137355,0.118982,0.0673695,0.0137017,-0.0284508,-0.0680655,-0.0939892,-0.098192,-0.0910278,-0.0748663,-0.0578325,-0.0402282,-0.022628,-0.00755219,5.66315e-05,0.000218976,-2.52861e-05,-1.5104e-06,-6.48649e-05,-0.000290286,-0.000350865,-0.00198346,-0.00180335,0.00355614,0.0152737,0.0377582,0.0836542,0.121004,0.134297,0.116013,0.0662448,0.0144041,-0.0298888,-0.05607,-0.0637673,-0.0583657,-0.0521078,-0.0471443,-0.0426271,-0.0323205,-0.0199588,-0.00739928,-0.00056055,-0.000126142,-2.15427e-05,0.0,-6.72469e-05,-0.000194812,-0.000428614,-0.00260448,-0.00704278,-0.00832811,-0.00197926,0.0121658,0.0490546,0.0782238,0.0884499,0.0740823,0.0387353,0.000642384,-0.03108,-0.0450243,-0.0427023,-0.0264503,-0.020453,-0.0265214,-0.0279186,-0.0243805,-0.0172025,-0.00647568,-0.000982712,-0.00016775,-1.09364e-05,0.0,-4.40259e-05,-0.000144518,-0.000581069,-0.00413549,-0.0135316,-0.0239071,-0.0294509,-0.0267723,-0.00719305,0.0105148,0.0151074,0.00156387,-0.0230493,-0.0359869,-0.0384167,-0.034295,-0.0292377,-0.00604754,-0.000219773,-0.00945941,-0.0158154,-0.0131074,-0.0118417,-0.00473471,-0.00116468,-0.00021653,-5.52184e-05,0.0,-2.59876e-05,-0.000122413,-0.000511609,-0.00400213,-0.0147116,-0.0275947,-0.0407787,-0.0525785,-0.0531958,-0.0508508,-0.0526213,-0.0524895,-0.0581396,-0.0576271,-0.0439174,-0.0219926,-0.00380385,0.00695744,0.00964987,7.67726e-05,-0.0062183,-0.00447684,-0.00551584,-0.00293592,-0.00174793,-0.000407694,-6.569e-05,0.0,-1.99301e-05,-0.000176454,-0.0011274,-0.00269647,-0.00676847,-0.00886645,-0.0287337,-0.0483528,-0.0655928,-0.0803907,-0.0799711,-0.077338,-0.0740827,-0.0643069,-0.0411859,-0.00857112,0.0140348,0.0177063,0.0160641,0.0115075,0.0043102,-3.13845e-05,-0.0016707,0.000457572,-0.00184576,-0.000333262,-3.13477e-05,-4.08299e-08,-8.0786e-06,-0.000368961,-0.00118366,-0.00140724,0.00482201,0.0148639,0.000281955,-0.0274617,-0.0551237,-0.0740679,-0.0769343,-0.0722295,-0.0671261,-0.05053,-0.0279662,-0.000248695,0.0188121,0.0203141,0.019685,0.0194873,0.0114108,0.00385811,0.000965779,0.00153096,-0.00161108,-0.000236823,-5.65e-05,-2.0415e-07,-1.11602e-06,-0.000589502,-0.00194951,-0.00098292,0.0155956,0.0383499,0.037443,0.0163126,-0.01874,-0.039128,-0.0468298,-0.0468473,-0.0462294,-0.0302318,-0.0113883,0.00961732,0.0170999,0.0222751,0.0236555,0.0269049,0.0152599,0.00489893,0.00257879,0.000767571,-0.00133619,-0.00026939,-2.48117e-05,0.0,-3.57526e-07,-0.000659156,-0.0031149,-0.00293406,0.0127676,0.0454756,0.0657005,0.0610874,0.0392449,0.0178394,0.00389044,-0.0094255,-0.0148261,-0.0106275,0.00114616,0.0101908,0.0246218,0.0365279,0.0335834,0.029922,0.0165452,0.00822511,0.00230915,-0.000968527,-0.00108953,-0.000178069,0.0,0.0,-5.08787e-06,-0.000655469,-0.00277614,-0.0040978,0.000406646,0.0303605,0.0628649,0.0754411,0.0744729,0.0602672,0.0421423,0.0251609,0.0174179,0.0126533,0.0192005,0.0350302,0.0496155,0.0467384,0.0377578,0.0298739,0.0163867,0.00682259,-0.000625938,-0.00191044,-0.000593555,-8.56719e-05,0.0,0.0,0.0,-0.000461721,-0.0017062,-0.00262205,-0.00281816,0.010557,0.0301408,0.0542033,0.0703021,0.0726182,0.0632083,0.0536671,0.0468053,0.044317,0.0489722,0.0560006,0.0530085,0.0446703,0.0323121,0.0181882,0.00748502,-0.000238889,-0.002423,-0.00120459,-0.000245809,-2.02297e-05,0.0,0.0,0.0,-0.000184208,-0.000409753,-0.00141147,-0.00052045,0.00476197,0.0114569,0.0219271,0.0378604,0.0501411,0.0534832,0.053868,0.0563073,0.054969,0.0471814,0.041939,0.0322021,0.0217566,0.0112655,0.00331007,-0.00161094,-0.00200662,-0.001133,-0.000611981,-0.000154511,-2.24911e-05,0.0,0.0,0.0,-3.35942e-05,-0.00019091,-0.00093831,-0.00141731,-0.00109798,0.00338115,0.00664553,0.0137187,0.0174236,0.0226726,0.0273477,0.0264846,0.0210838,0.0132792,0.00718385,0.00148679,-0.00191186,-0.00469058,-0.00398042,-0.00234046,-0.00104924,-0.000936163,-0.000263344,-5.94733e-05,0.0,0.0,0.0,0.0,-2.99715e-06,-1.29757e-05,-0.000190918,-0.000730072,-0.00123037,-0.000483116,-0.00117483,-0.00181384,-0.00336197,-0.0026558,-0.00432081,-0.00619761,-0.00856509,-0.0102331,-0.0108586,-0.0082151,-0.00509137,-0.00328198,-0.00154174,-0.000399545,0.000177761,-0.000174322,-2.45801e-05,0.0,0.0,0.0,0.0,0.0,0.0,0.0,-8.62982e-05,-0.000272236,-0.000728097,-0.00142643,-0.00283295,-0.00443518,-0.00566511,-0.00652322,-0.00696064,-0.00716075,-0.00755132,-0.00633433,-0.00497862,-0.00383323,-0.00271622,-0.00169737,-0.000842968,-0.000372986,-0.000124426,-2.57223e-05,-1.03652e-07,0.0,0.0,0.0,0.0,0.0,0.0,0.0,0.0,0.0,-3.53005e-05,-0.000150404,-0.000257735,