{"max":0.00526526,"min":-0.00509697,"acc":0.4222,"arr":[0.0,0.0,0.0,0.0,0.0,0.0,0.0,0.0,0.0,0.0,0.0,0.0,0.0,0.0,0.0,0.0,0.0,0.0,0.0,0.0,0.0,0.0,0.0,0.0,0.0,0.0,0.0,0.0,0.0,0.0,0.0,0.0,0.0,0.0,0.0,0.0,0.0,0.0,0.0,0.0,0.0,0.0,0.0,-1.62062e-05,-3.10934e-05,0.0,0.0,0.0,0.0,0.0,0.0,0.0,0.0,0.0,0.0,0.0,0.0,0.0,0.0,0.0,0.0,0.0,0.0,0.0,0.0,-1.21146e-05,-5.50821e-05,-9.37782e-05,-7.35578e-05,-3.00034e-05,-0.000112809,-0.000192282,-0.000231671,-0.000128283,-0.000115294,-3.54016e-05,-4.71234e-05,-2.25453e-05,0.0,0.0,0.0,0.0,0.0,0.0,0.0,0.0,0.0,0.0,0.0,0.0,0.0,0.0,-7.17591e-07,-4.69563e-05,-0.00015354,-0.000260246,-0.000266841,-0.000372457,-0.000559544,-0.000665568,-0.000531702,-0.000443932,-0.000415219,-0.00035976,-0.000357117,-0.000203962,-0.00010913,-3.2866e-05,0.0,0.0,0.0,0.0,0.0,0.0,0.0,0.0,0.0,0.0,-3.39958e-05,-0.000150031,-0.00025855,-0.000494384,-0.000761793,-0.00100013,-0.00105045,-0.00118312,-0.0012128,-0.00162243,-0.00174879,-0.00205394,-0.00143794,-7.54284e-05,0.000361522,0.000417592,0.000439501,-7.27549e-05,0.0,0.0,0.0,0.0,0.0,0.0,0.0,0.0,0.0,-3.22123e-05,-0.000138164,-0.000359146,-0.000704014,-0.000648081,-0.000859925,-0.000566777,-0.000526546,-0.000418824,-0.000642003,-0.00104719,-0.000570887,-0.000280651,0.000418902,0.00126852,0.00213007,0.00206479,0.00136384,0.000877325,0.000657071,0.000388597,9.87412e-05,0.0,0.0,0.0,0.0,0.0,0.0,-8.39379e-05,-0.000346278,-0.000505922,-0.00054242,-0.000350928,0.000444803,0.000692104,0.00104992,0.000191399,0.000273642,0.000624882,0.000485372,0.00107642,0.00269008,0.00435758,0.00526526,0.00344061,0.00353065,0.0032936,0.00298845,0.00216544,0.000358939,0.0,0.0,0.0,0.0,-1.86432e-05,-6.51897e-05,-0.000264127,-0.000513368,0.00031027,0.000433434,0.000325839,0.00149017,0.00174985,0.00207691,0.00230172,0.00240158,0.00192774,0.00169869,0.00173895,0.00288468,0.00329874,0.00353576,0.00281718,0.00285466,0.00296405,0.00261035,0.00120631,-4.27451e-05,0.0,0.0,0.0,-2.44399e-05,-7.50166e-05,-0.000224009,-0.000501994,-0.000599492,0.000187184,6.30543e-05,-5.31354e-06,0.000618544,0.00249721,0.00299523,0.00284004,0.00148278,0.00104179,0.000215378,-0.000510019,-0.00154787,-0.00191371,-0.000991234,6.69557e-05,0.000690347,0.000639864,0.000641339,1.29697e-05,-2.41177e-05,0.0,0.0,0.0,-1.60387e-05,-0.000118149,-0.00030877,-0.000398466,-0.000106897,7.17341e-05,-0.000472791,-0.000242722,0.00114964,0.00292333,0.00223962,0.00157297,-0.000340537,-0.00165945,-0.00311604,-0.00422741,-0.00425469,-0.0034515,-0.00258671,-0.00138946,-0.00039072,-0.000123369,0.000185504,0.000286824,0.000328235,0.0,0.0,0.0,0.0,-0.000147135,-0.000350902,-0.000156288,1.77091e-05,4.23279e-05,-0.000759989,-0.000240122,0.00182758,0.00358664,0.00244623,0.000271242,-0.0020314,-0.00281626,-0.00430891,-0.00496916,-0.00483139,-0.00389068,-0.00286774,-0.00173967,-0.000982006,-0.000170879,0.000150797,0.000127059,3.70588e-05,0.0,0.0,0.0,0.0,-0.000122874,-0.000247437,0.000203368,0.000390868,-9.50309e-05,-0.000763454,0.000836034,0.00288621,0.0050258,0.00274035,0.000719861,-0.000467926,-0.00290447,-0.00442094,-0.00509697,-0.00484513,-0.00384348,-0.00306658,-0.00221275,-0.00117418,-0.000380426,-0.000158317,0.0,0.0,0.0,0.0,0.0,0.0,-1.98039e-05,-0.000104231,0.00035871,0.000269277,-0.000651554,-0.000370612,0.00232508,0.00513042,0.00472404,0.00364622,0.00211651,0.000468398,-0.00167245,-0.00374395,-0.00485657,-0.00453638,-0.00363421,-0.00269919,-0.00189031,-0.00106793,-0.000438674,-0.000179216,-7.63983e-07,0.0,0.0,0.0,0.0,0.0,0.0,2.05985e-05,8.81956e-05,0.00020896,-0.000810737,0.000537611,0.00268134,0.00455482,0.00465608,0.00325333,0.00207491,0.000999946,-0.00092439,-0.00190177,-0.00252223,-0.00302347,-0.00273605,-0.00177033,-0.00152023,-0.00113461,-0.00056958,-0.00018242,-2.36835e-05,0.0,0.0,0.0,0.0,0.0,0.0,-8.88828e-05,-0.000363105,-0.000562469,-0.000568491,-0.000264749,0.00204928,0.0035039,0.00355927,0.0033611,0.00146207,-0.000465135,-0.00164225,-0.00158612,-0.000920936,-0.00121712,-0.00171963,-0.00113171,-0.00137803,-0.00111107,-0.000715715,-0.00020932,0.0,0.0,0.0,0.0,0.0,0.0,0.0,-7.51413e-05,-0.00050775,-0.00112437,-0.00137408,-0.00116695,0.00040408,0.00113522,0.00134651,0.000256332,-0.00193611,-0.00262291,-0.00308249,-0.00214944,-0.000475042,-0.000506674,-0.000252437,-0.000883108,-0.000608319,-0.000754061,-0.000903833,-0.000297346,-2.56517e-05,0.0,0.0,0.0,0.0,0.0,-4.24606e-06,-0.000137009,-0.00066507,-0.00124368,-0.00181443,-0.00205187,-0.00104605,-0.000798664,-0.00185026,-0.00303262,-0.00378382,-0.00315266,-0.00282796,-0.00162983,-0.000183371,0.000431597,0.000464904,-0.00016821,-0.00026479,-0.000721548,-0.000502631,-0.000328608,-9.7894e-05,0.0,0.0,0.0,0.0,0.0,-4.21465e-05,-0.000262401,-0.000741866,-0.00143517,-0.0020935,-0.00196433,-0.00141651,-0.0016185,-0.00262595,-0.00388316,-0.00393769,-0.00374596,-0.00254677,-0.00152575,0.000421179,0.000689889,0.0012907,0.00121152,-0.000237325,-0.000452163,-0.000454647,-0.000249757,-5.68273e-05,0.0,0.0,0.0,0.0,-1.88235e-05,-8.26954e-05,-0.000264641,-0.000738317,-0.00106164,-0.00194189,-0.00197535,-0.00189422,-0.00303351,-0.00342071,-0.00383615,-0.00395795,-0.00331244,-0.00243828,-0.00155975,0.000594727,0.00120683,0.00177664,0.0015239,-1.46893e-05,-0.000437149,-0.000525408,-0.000296351,-9.24648e-05,0.0,0.0,0.0,0.0,-2.37255e-05,-0.000121959,-3.26496e-06,-0.000309914,-0.000280454,-0.00164887,-0.00193821,-0.00155951,-0.00287073,-0.00346573,-0.00381774,-0.0038773,-0.00292219,-0.00197812,-0.000451484,0.00111064,0.000755899,0.00151912,0.00147841,0.00027655,-0.000368629,-0.000455658,-0.000272811,-4.5936e-05,0.0,0.0,0.0,0.0,-7.45098e-06,-0.000151008,-9.85846e-05,0.000206078,0.000354484,0.000189156,-0.000135745,0.000326075,-0.00141974,-0.00237153,-0.00344231,-0.00351688,-0.00180794,-0.00107356,0.000926767,0.00163491,0.00163709,0.00117436,0.000872562,0.000519851,-0.000272275,-0.000431379,-0.000170497,-2.51247e-05,0.0,0.0,0.0,0.0,0.0,-4.76423e-05,-0.000182403,-0.000376288,0.000460112,0.0013557,0.00194694,0.00289019,0.00182915,-8.34655e-05,-0.000890568,-0.000462904,-9.8584e-05,0.000729044,0.00168626,0.00232769,0.00210039,0.000781769,0.000923736,0.000627304,-0.000160824,-0.000286606,-8.79753e-05,-3.60455e-06,0.0,0.0,0.0,0.0,0.0,-3.53678e-07,-0.000128431,-0.000510961,0.000164028,0.00110028,0.0027358,0.0029702,0.00230475,0.00222546,0.00208404,0.00220358,0.0023645,0.00230785,0.00240758,0.00261156,0.0016511,0.00096451,0.000743065,0.00050107,-0.000149053,-0.000107995,-4.18957e-05,-8.34739e-06,0.0,0.0,0.0,0.0,0.0,0.0,-7.4116e-05,-0.000273041,0.000170186,0.000610636,0.00067806,0.00196887,0.00187566,0.00187261,0.00245009,0.00290192,0.00214149,0.00195033,0.00189,0.00154045,0.000830649,0.000566344,0.000556773,-0.000154369,-0.000118761,-6.78543e-05,0.0,0.0,0.0,0.0,0.0,0.0,0.0,0.0,-9.46133e-06,-5.15336e-05,1.4746e-05,0.000557068,0.000571914,0.000681746,0.00139024,0.00149137,0.00156923,0.00206538,0.00134141,0.00100848,0.000433922,-2.04525e-05,2.10318e-05,-1.58876e-05,-0.000163991,-0.000157241,-7.08078e-05,-3.30257e-05,0.0,0.0,0.0,0.0,0.0,0.0,0.0,0.0,0.0,0.0,-3.40629e-06,-3.13344e-05,0.00023195,0.000655774,0.000629823,0.000306345,3.25033e-05,-0.000221954,-8.03423e-05,-0.000355776,-0.000371419,-0.000210227,-0.000177637,-0.0001777,-9.65733e-05,-5.01767e-05,-6.27451e-06,0.0,0.0,0.0,0.0,0.0,0.0,0.0,0.0,0.0,0.0,0.0,-1.89238e-07,-5.46959e-05,-0.000138973,-0.000121641,-0.000148597,-9.54227e-05,-0.000133464,-0.000359414,-0.000322979,-0.000266233,-0.000363629,-0.000377125,-0.000117287,-5.54902e-05,-1.70588e-05,0.0,0.0,0.0,0.0,0.0,0.0,0.0,0.0,0.0,0.0,0.0,0.0,0.0,0.0,-9.72629e-06,-4.48906e-05,-3.46031e-05,-3.74088e-06,0.0,-4.39712e-05,-2.40885e-05,0.0,-3.37562e-05,-0.000131787,-0.000119332,0.0,0.0,0.0,0.0,0.0,0.0,0.0,0.0,0.0,0.0]}