{"max":0.213419,"min":-0.18071,"acc":0.8888,"arr":[0.0,0.0,0.0,0.0,0.0,0.0,0.0,0.0,0.0,0.0,0.0,0.0,-5.78328e-06,-1.32234e-05,-6.23146e-07,-2.59644e-08,0.0,0.0,0.0,0.0,0.0,0.0,0.0,0.0,0.0,0.0,0.0,0.0,0.0,0.0,0.0,0.0,-1.11807e-07,-3.59592e-07,-2.5613e-05,-6.05451e-05,-9.22047e-05,-7.21204e-05,-0.000161011,-0.000160603,-0.000207285,-0.000249658,-0.000288074,-0.000200609,-0.000257264,-0.000206988,-0.000124059,-0.000174656,-0.000131888,-1.274e-05,-1.60543e-06,-9.54804e-08,0.0,0.0,0.0,0.0,0.0,0.0,-2.80379e-07,-5.78849e-06,-7.14629e-06,-2.85466e-06,-4.10699e-05,-0.000184202,-0.000395826,-0.000743768,-0.00126069,-0.00203324,-0.00324339,-0.00431719,-0.00549265,-0.00566959,-0.00479113,-0.00415423,-0.00399648,-0.00305018,-0.0027567,-0.00199542,-0.00102568,-0.000375591,-0.000168776,-2.47616e-05,0.0,0.0,0.0,0.0,-1.37598e-06,-2.81896e-05,6.51873e-05,-0.000463431,-0.000573143,-0.001117,-0.0020427,-0.00398725,-0.00554575,-0.00947419,-0.0122848,-0.0154528,-0.0169735,-0.0165516,-0.0162272,-0.0149545,-0.01018,-0.00851106,-0.00653041,-0.00344101,-0.00106955,-0.000648703,-0.000391999,0.00029418,4.76201e-05,0.0,0.0,-5.18711e-06,-2.25334e-05,-7.23466e-05,-0.000587627,-0.00254507,-0.00380566,-0.00721817,-0.0129277,-0.0161322,-0.0178455,-0.0246238,-0.0334716,-0.0448575,-0.0433422,-0.0339172,-0.0207063,-0.0107489,-0.0031504,0.000651225,0.00779059,0.0220312,0.0247944,0.0228918,0.013809,0.00445116,0.000851467,-1.01546e-05,0.0,0.0,-3.53595e-05,-0.000449055,-0.00301887,-0.00739357,-0.0113979,-0.0142823,-0.0186009,-0.0166495,-0.00858174,-0.00666024,-0.0182798,-0.0316631,-0.0336964,-0.0313551,-0.0184846,0.00178633,0.0216113,0.0430758,0.0685989,0.0866175,0.0916097,0.0779529,0.0489138,0.0187512,0.00410913,0.00012595,0.0,0.0,8.24239e-06,-0.00167355,-0.00667592,-0.0118308,-0.0157427,-0.0169146,-0.0155199,-0.00286206,0.017237,0.0238809,0.0154537,0.00621809,-4.11677e-05,-0.0123022,-0.00957437,0.0183921,0.0490351,0.0833856,0.111041,0.129881,0.143443,0.138055,0.101744,0.0469972,0.0114888,0.00137171,0.0,-3.55517e-05,-0.000276132,-0.00350623,-0.0121962,-0.0184936,-0.0209286,-0.0160432,-0.003799,0.018826,0.0428163,0.0471373,0.0305736,0.0118804,-0.0017117,-0.0218323,-0.0151981,0.00546662,0.0348677,0.0642068,0.0930451,0.125436,0.147582,0.166374,0.141858,0.0735147,0.0154359,0.00138041,-9.75465e-07,-0.000113539,-0.000936599,-0.00571567,-0.0171537,-0.0208059,-0.0212875,-0.0113187,0.0101611,0.0311109,0.0465379,0.0538676,0.0370268,0.0128978,-0.00507408,-0.0205573,-0.0233844,-0.0173007,-0.00552664,0.0158221,0.0508204,0.0911253,0.126937,0.161169,0.150968,0.0835727,0.0164137,0.00068736,-2.28026e-05,-0.000213871,-0.00123672,-0.00617944,-0.0151879,-0.0168265,-0.013011,0.00348193,0.0319656,0.052383,0.0661267,0.0782893,0.0630288,0.0392292,0.00800141,-0.022602,-0.0442899,-0.0566165,-0.0586146,-0.0422737,-0.00995905,0.0338723,0.0745289,0.108235,0.114512,0.0673537,0.0125486,0.000432785,-2.95276e-05,-0.000287769,-0.00124546,-0.00513879,-0.00890135,-0.00891139,-0.000837751,0.0203254,0.0547757,0.0810821,0.0985995,0.122134,0.112706,0.0770642,0.026648,-0.0223852,-0.0699471,-0.11569,-0.13264,-0.124864,-0.0937957,-0.055773,-0.018033,0.0226187,0.0496976,0.037436,0.00865899,0.000118589,-2.38387e-05,-0.000378478,-0.00127734,-0.00383614,-0.00511354,-0.00148906,0.0122765,0.0350936,0.0680796,0.106558,0.140233,0.169103,0.162889,0.118171,0.0395413,-0.0303045,-0.0952329,-0.152446,-0.178529,-0.18071,-0.1539,-0.114283,-0.0767303,-0.0331076,0.00151823,0.0126611,0.00341796,0.0001698,-4.09738e-06,-0.000249582,-0.00102946,-0.00200552,-0.00224877,0.00320512,0.0178353,0.04232,0.0806414,0.122557,0.178629,0.213419,0.192892,0.120841,0.0349347,-0.0369166,-0.100713,-0.139668,-0.153531,-0.153351,-0.135526,-0.111435,-0.0852875,-0.0528663,-0.0210458,-0.000387682,0.000426215,-3.44537e-05,-1.5104e-06,-8.47787e-05,-0.000540484,-0.00102502,-0.00126287,0.00276857,0.0132516,0.0354707,0.0701783,0.130508,0.189287,0.2075,0.17572,0.0938943,0.0136128,-0.0529857,-0.0868507,-0.0920123,-0.0839658,-0.0838319,-0.0815339,-0.0790104,-0.0663252,-0.0466087,-0.0202464,-0.00222999,-0.000313105,-3.80005e-05,0.0,-6.72469e-05,-0.000318723,-0.000767508,-0.00313939,-0.00916428,-0.00976088,0.000170629,0.031714,0.0935465,0.136856,0.138171,0.104904,0.0369823,-0.022724,-0.0677546,-0.0813963,-0.0680803,-0.039689,-0.0342724,-0.0404618,-0.0479895,-0.044031,-0.0351986,-0.0151708,-0.00250912,-0.000381803,-1.40979e-05,-1.49444e-06,-4.40259e-05,-0.000247329,-0.00102451,-0.0068308,-0.0233625,-0.0371228,-0.0445401,-0.0319757,0.00257666,0.0281033,0.028183,0.00395635,-0.0403961,-0.0733875,-0.0865473,-0.0752303,-0.0545681,-0.0134392,-0.00498544,-0.0182997,-0.0252855,-0.0227809,-0.0204256,-0.00984197,-0.00260173,-0.000590619,-6.03783e-05,-8.53967e-06,-2.96448e-05,-0.000318163,-0.00111894,-0.00773133,-0.0259561,-0.0415649,-0.0676695,-0.0884353,-0.088331,-0.0805411,-0.0775633,-0.0776189,-0.0869483,-0.0864072,-0.0771906,-0.0541241,-0.0236789,-0.000935774,0.00780544,-0.00134247,-0.00886213,-0.00740089,-0.00591866,-0.00348872,-0.00314373,-0.000810593,-6.64362e-05,0.0,-3.41461e-05,-0.000457641,-0.00169025,-0.00484283,-0.00802612,-0.00299699,-0.0453728,-0.0904427,-0.120288,-0.134796,-0.126168,-0.117244,-0.105054,-0.0844234,-0.0586905,-0.0209302,0.00337551,0.01407,0.0173744,0.0142621,0.00775085,0.00283065,0.00394213,0.00294309,-0.00324417,-0.00062283,-3.52257e-05,-6.53685e-06,-2.21481e-05,-0.000799964,-0.00270421,-0.00115443,0.0114039,0.0420007,0.00978344,-0.0422206,-0.0890901,-0.117159,-0.114333,-0.0977,-0.0775874,-0.0528789,-0.0307084,-0.00428769,0.0157563,0.0170459,0.0214547,0.0254436,0.0171415,0.013828,0.0110244,0.00628054,-0.00246041,-0.00032997,-5.65e-05,-2.0415e-07,-3.5504e-05,-0.00119634,-0.00510821,-0.00182041,0.0270261,0.0759959,0.0737564,0.0383686,-0.010878,-0.0422141,-0.0482329,-0.0439768,-0.0372592,-0.0253657,-0.0145814,-0.0001557,0.0110819,0.0228731,0.0247354,0.0317336,0.0245157,0.0196491,0.0150932,0.00539954,-0.00184376,-0.000379321,-2.49159e-05,0.0,-5.56142e-05,-0.00106919,-0.00599489,-0.00862823,0.0180522,0.0767356,0.108442,0.110821,0.0846793,0.0519182,0.0288897,0.00704615,-0.00599802,-0.0172928,-0.0126139,0.00252285,0.0297132,0.0421781,0.0408083,0.0375833,0.0302081,0.0270697,0.014366,0.00161257,-0.000976463,-0.000139869,-4.08742e-07,0.0,-3.63889e-05,-0.0011241,-0.00467907,-0.00896277,-0.00243721,0.0401538,0.0892829,0.116196,0.121061,0.10242,0.0736594,0.0372405,0.0150109,0.00401306,0.0154707,0.0398454,0.058045,0.0541747,0.0480524,0.0428101,0.0356133,0.0233932,0.00806962,-0.000463147,-2.4536e-05,-1.79134e-06,-3.49038e-06,0.0,-8.47637e-07,-0.000888541,-0.00344626,-0.00563764,-0.00915098,0.00374093,0.0334944,0.069647,0.0975283,0.0984139,0.0848672,0.0703587,0.0608511,0.054475,0.0615305,0.0712288,0.0662514,0.059031,0.0462407,0.034198,0.0225297,0.00963163,0.00313175,0.00048365,0.000589138,0.000163157,-6.44378e-06,0.0,0.0,-0.000233123,-0.000939506,-0.00258948,-0.00473911,-0.00465668,0.0030191,0.0225016,0.0493018,0.0684008,0.0774226,0.0787154,0.0773597,0.0736897,0.0635173,0.0561421,0.0393376,0.0281229,0.0210826,0.0131761,0.00431988,0.0015365,0.00182313,0.00092941,0.000579424,8.82248e-05,0.0,0.0,0.0,-5.63924e-05,-4.25228e-05,-0.00146763,-0.00332383,-0.00516766,-0.000262391,0.00441731,0.0180095,0.0272065,0.0386329,0.0492475,0.0498235,0.0370756,0.0202417,0.0081416,0.0034786,0.00168431,-0.00138524,-0.00246317,-0.00115398,0.00065319,0.00106596,0.000773504,-6.62575e-05,-1.1542e-06,0.0,0.0,0.0,-2.99715e-06,0.000193234,-0.000163197,-0.00179637,-0.003215,-0.00250598,-0.00277201,-0.000333487,0.000760831,0.00455268,0.00326521,-0.000932685,-0.00762699,-0.00985781,-0.0111288,-0.00922168,-0.00728416,-0.00554329,-0.00325892,0.000273321,0.00150344,0.00131648,0.0008391,-1.02464e-06,-1.22486e-06,0.0,0.0,0.0,0.0,0.0,-0.00015977,-0.000474883,-0.00135749,-0.00258114,-0.00446779,-0.00610845,-0.00678224,-0.00756844,-0.00817657,-0.00914794,-0.00998131,-0.00811942,-0.00781579,-0.00637054,-0.00492248,-0.0026775,-0.00071196,1.19658e-05,5.32015e-05,-3.59557e-05,-1.03652e-07,-7.7297e-07,0.0,0.0,0.0,0.0,0.0,