{"max":0.00344209,"min":-0.00335243,"acc":0.349,"arr":[0.0,0.0,0.0,0.0,0.0,0.0,0.0,0.0,0.0,0.0,0.0,0.0,0.0,0.0,0.0,0.0,0.0,0.0,0.0,0.0,0.0,0.0,0.0,0.0,0.0,0.0,0.0,0.0,0.0,0.0,0.0,0.0,0.0,0.0,0.0,0.0,0.0,0.0,0.0,0.0,0.0,0.0,0.0,-1.62062e-05,-3.10934e-05,0.0,0.0,0.0,0.0,0.0,0.0,0.0,0.0,0.0,0.0,0.0,0.0,0.0,0.0,0.0,0.0,0.0,0.0,0.0,0.0,0.0,-6.81296e-06,-4.5509e-05,-6.14432e-05,-1.76921e-05,-6.5103e-05,-0.000143229,-0.000187619,-0.000128283,-0.000115294,-3.54016e-05,-4.71234e-05,-2.25453e-05,0.0,0.0,0.0,0.0,0.0,0.0,0.0,0.0,0.0,0.0,0.0,0.0,0.0,0.0,-7.17591e-07,-1.08018e-05,-0.000105271,-0.000211977,-0.000241646,-0.000309516,-0.000457092,-0.000560296,-0.000375531,-0.000290943,-0.000287085,-0.000300294,-0.000308488,-0.000166866,-9.2633e-05,-2.49591e-05,0.0,0.0,0.0,0.0,0.0,0.0,0.0,0.0,0.0,0.0,-2.70588e-05,-9.68628e-05,-0.000161059,-0.000355684,-0.000542539,-0.000718753,-0.000731619,-0.000833684,-0.00114775,-0.00130004,-0.00120808,-0.00153334,-0.00116898,-0.000272516,9.43616e-05,0.000581407,0.000537642,-2.70078e-05,0.0,0.0,0.0,0.0,0.0,0.0,0.0,0.0,0.0,-3.22123e-05,-0.000117647,-0.000269352,-0.000511624,-0.000350487,-0.000465548,-0.000522142,-0.000612273,-0.000677297,-0.00082794,-0.00072708,-0.000215277,7.88515e-05,0.00025776,0.000881217,0.00161382,0.00171252,0.000900971,0.000589113,0.000356924,0.00028689,9.87412e-05,0.0,0.0,0.0,0.0,0.0,0.0,-7.4023e-05,-0.00023734,-0.000367388,-0.000307731,0.00016444,0.00101389,0.000566136,0.000677834,8.80994e-05,0.000322966,0.000554916,0.000500363,0.000688597,0.00145232,0.00271355,0.00344209,0.0021116,0.00190004,0.00149319,0.00143367,0.00130521,0.000358939,0.0,0.0,0.0,0.0,-1.86432e-05,-6.10112e-05,-0.000214591,-0.000355696,0.000537384,0.0010502,0.00121835,0.00161611,0.0014052,0.00126125,0.00148158,0.00196003,0.00154816,0.00113997,0.00108879,0.00153239,0.00165311,0.0019449,0.0008895,0.000944862,0.00112764,0.00112482,0.000671452,-4.27451e-05,0.0,0.0,0.0,0.0,-4.56124e-05,-0.000153928,-0.000351871,-0.00033455,0.000745821,0.00100949,0.00137962,0.00120738,0.00174275,0.00225601,0.00227455,0.00149009,0.00106726,0.000408518,-0.000116371,-0.000991685,-0.00129717,-0.00112626,-0.00071577,-5.18766e-05,0.000463514,0.000558548,4.85577e-07,-2.41177e-05,0.0,0.0,0.0,0.0,-6.79654e-05,-0.000175807,-0.000160375,0.000261984,0.000785283,0.000681708,0.00112247,0.00112152,0.00216834,0.00168385,0.00100068,4.26354e-06,-0.000975227,-0.00232053,-0.00268509,-0.00239311,-0.00180103,-0.00157913,-0.00103513,-0.000268187,3.30209e-05,0.000188201,0.000286824,0.000328235,0.0,0.0,0.0,0.0,-0.000114222,-0.000221648,8.77749e-05,0.0004539,0.000873205,0.000554251,0.00081421,0.000816255,0.00198272,0.00109141,-0.000290921,-0.00160145,-0.00221085,-0.00319856,-0.003273,-0.00300312,-0.00258195,-0.00197156,-0.00123427,-0.000614047,-5.32425e-05,0.000150797,0.000127059,3.70588e-05,0.0,0.0,0.0,0.0,-0.000109818,-0.000151973,0.00039492,0.000721353,0.000669701,6.74412e-05,0.000884876,0.00121582,0.00278973,0.00119982,-3.81364e-05,-0.00040983,-0.002179,-0.00287704,-0.00335243,-0.00314311,-0.00258869,-0.00206053,-0.00147059,-0.000811969,-0.000306402,-0.000158317,0.0,0.0,0.0,0.0,0.0,0.0,-1.98039e-05,-5.15479e-05,0.000516601,0.000617897,5.02966e-05,-0.000176284,0.00165559,0.00302471,0.00290332,0.00228643,0.00174032,0.000599495,-0.00103489,-0.00249071,-0.00299453,-0.00261693,-0.00230269,-0.00171229,-0.00127879,-0.000728285,-0.000360785,-0.000179216,-7.63983e-07,0.0,0.0,0.0,0.0,0.0,0.0,6.84609e-05,0.000265177,0.00056868,-0.000111258,0.000235958,0.00189451,0.00273065,0.00307809,0.00212075,0.00173862,0.00103654,-0.000661699,-0.0015134,-0.00139823,-0.00129023,-0.00147751,-0.000784989,-0.000900268,-0.000752478,-0.000459057,-0.00018242,-2.36835e-05,0.0,0.0,0.0,0.0,0.0,0.0,-9.96309e-06,-0.000171527,-0.000106511,6.19565e-05,-0.000275981,0.00131564,0.00194154,0.00197067,0.002435,0.00163475,0.000224605,-0.000971898,-0.00164092,-0.000877999,-0.000253167,-0.000512752,-0.000192907,-0.00060143,-0.000596729,-0.000489158,-0.00018976,0.0,0.0,0.0,0.0,0.0,0.0,0.0,-1.76102e-05,-0.000307627,-0.000822887,-0.000758135,-0.000599579,0.000319182,0.000243496,0.000519662,0.000313333,-0.000978246,-0.00119659,-0.00185394,-0.00197677,-0.00108944,-0.000212366,0.000367985,4.50846e-05,0.000176745,-0.000145113,-0.000514634,-0.000231858,-2.56517e-05,0.0,0.0,0.0,0.0,0.0,-4.24606e-06,-3.99842e-05,-0.000368695,-0.000919339,-0.00123559,-0.00134641,-0.000415042,-0.000603649,-0.00139201,-0.00226747,-0.0024861,-0.00166423,-0.0012828,-0.00100005,-0.00128271,-0.000545429,0.000425075,0.000575099,0.000458032,-6.64713e-05,-0.000137661,-0.000170912,-5.88299e-05,0.0,0.0,0.0,0.0,0.0,-4.21465e-05,-0.000168911,-0.000415953,-0.000910709,-0.00131221,-0.00110018,-0.000795016,-0.00125453,-0.00229277,-0.00334402,-0.00303919,-0.00224162,-0.000963832,-0.000869864,-0.000971871,-0.000872346,0.00100668,0.00170538,0.000489995,0.000134283,-0.000117034,-0.000110305,-3.15394e-05,0.0,0.0,0.0,0.0,-1.88235e-05,-0.000121268,-0.000272823,-0.000452545,-0.000571177,-0.0012576,-0.00117835,-0.00123974,-0.00254154,-0.00276605,-0.00315765,-0.00273159,-0.00182536,-0.00122278,-0.00119761,-0.000833144,-0.000117158,0.00146923,0.00212504,0.000681057,5.8124e-05,-0.000221687,-0.000139231,-4.13726e-05,0.0,0.0,0.0,0.0,-2.37255e-05,-0.00015276,-0.000255439,-0.000139851,0.000190357,-0.000915822,-0.000984745,-0.000565281,-0.00190782,-0.00235253,-0.00260949,-0.00241839,-0.00165685,-0.00181688,-0.00113183,-0.000619692,-0.000258428,0.00130231,0.002112,0.000897021,9.13047e-05,-0.00016331,-0.000104927,-1.34728e-05,0.0,0.0,0.0,0.0,-7.45098e-06,-0.00010825,-0.000227438,2.41349e-05,0.000555665,0.000288013,-0.000170601,0.000605054,-0.000775295,-0.00127832,-0.00234107,-0.00226572,-0.00141636,-0.00170969,-0.000313848,0.000193649,0.000482207,0.00125391,0.00155981,0.00110353,4.16316e-05,-0.000236154,-8.92543e-05,-2.51247e-05,0.0,0.0,0.0,0.0,0.0,-2.62344e-05,-0.000161995,-0.00035111,0.000270646,0.000736753,0.000734738,0.00169972,0.00160123,2.32591e-05,-0.00038912,0.000112567,-3.42197e-06,0.000338152,0.000732125,0.00112998,0.00147375,0.00126558,0.00147961,0.00100619,2.84357e-05,-0.000208626,-6.97628e-05,0.0,0.0,0.0,0.0,0.0,0.0,-3.53678e-07,-7.36404e-05,-0.000331326,-0.000279541,7.57471e-05,0.000911267,0.00103913,0.00113149,0.00167574,0.0020382,0.00228674,0.00205269,0.00159246,0.00120253,0.00190041,0.00173357,0.0013948,0.0010661,0.000679284,-4.64496e-05,-5.24996e-05,-5.38193e-07,0.0,0.0,0.0,0.0,0.0,0.0,0.0,-2.77603e-05,-0.00017621,-0.000224458,-0.000139051,-0.000268582,0.000627871,0.0010703,0.00174621,0.00239224,0.00249559,0.0017549,0.00151012,0.001385,0.00153329,0.000858011,0.000761756,0.000632417,-8.67852e-05,-5.11765e-05,-1.11765e-05,0.0,0.0,0.0,0.0,0.0,0.0,0.0,0.0,-3.62801e-07,-3.20447e-05,-1.38651e-05,0.000192066,0.000230135,0.000486697,0.00105996,0.00139172,0.00130617,0.00162166,0.00108839,0.000720282,0.000495089,8.2074e-06,8.17314e-05,6.53516e-05,-0.000161364,-0.000129469,-2.33333e-05,0.0,0.0,0.0,0.0,0.0,0.0,0.0,0.0,0.0,0.0,0.0,0.0,-1.6838e-05,-7.06895e-05,9.29412e-05,5.62075e-05,-0.000168575,-0.000305087,-0.00038958,1.17766e-05,-3.52709e-05,-9.15568e-05,-4.42053e-05,-0.000130071,-0.000128314,-9.65733e-05,-5.01767e-05,-6.27451e-06,0.0,0.0,0.0,0.0,0.0,0.0,0.0,0.0,0.0,0.0,0.0,0.0,-7.48176e-07,-4.22719e-05,-6.38185e-05,-0.000103539,-4.64885e-05,-0.000116637,-0.000325443,-0.000232512,-0.000165554,-0.000217683,-0.000278574,-0.000117287,-5.54902e-05,-1.70588e-05,0.0,0.0,0.0,0.0,0.0,0.0,0.0,0.0,0.0,0.0,0.0,0.0,0.0,0.0,-9.72629e-06,-4.48906e-05,-3.46031e-05,-3.74088e-06,0.0,-4.39712e-05,-2.40885e-05,0.0,-1.11765e-05,-4.94118e-05,-4.62745e-05,0.0,0.0,0.0,0.0,0.0,0.0,0.0,0.0,0.0,0.0]}