{"max":0.14661,"min":-0.123014,"acc":0.8668,"arr":[0.0,0.0,0.0,0.0,0.0,0.0,0.0,0.0,0.0,0.0,0.0,0.0,-5.75444e-06,-1.26002e-05,0.0,0.0,0.0,0.0,0.0,0.0,0.0,0.0,0.0,0.0,0.0,0.0,0.0,0.0,0.0,0.0,0.0,0.0,0.0,0.0,-2.4433e-05,-5.75765e-05,-8.88691e-05,-6.80214e-05,-0.000150142,-0.000133729,-0.000163636,-0.000198468,-0.000218966,-0.000145851,-0.000197675,-0.00017171,-9.89763e-05,-0.000116586,-7.52992e-05,-2.61738e-06,-1.17123e-06,-9.54804e-08,0.0,0.0,0.0,0.0,0.0,0.0,0.0,-5.78849e-06,-5.96802e-06,-2.36274e-06,-2.92372e-05,-0.000153711,-0.000339461,-0.000610857,-0.000996289,-0.00153599,-0.00219192,-0.00280286,-0.0037255,-0.00390959,-0.00348293,-0.00324425,-0.00345263,-0.00265781,-0.00193121,-0.0011896,-0.000452347,-5.41143e-05,0.0,0.0,0.0,0.0,0.0,0.0,-6.28922e-07,-2.2064e-05,8.06545e-05,-0.000108725,-0.000316964,-0.000837196,-0.00156324,-0.00242575,-0.00319552,-0.0059903,-0.00852577,-0.0112987,-0.012851,-0.0128362,-0.0122122,-0.0114525,-0.00880447,-0.00601792,-0.00284841,-0.00156244,-8.25844e-05,0.00102797,0.000672158,0.000474873,7.681e-05,0.0,0.0,-5.18711e-06,-9.91127e-06,-2.28004e-05,-0.000222072,-0.000723814,-0.00120514,-0.00342246,-0.00635724,-0.00796905,-0.00751859,-0.0115883,-0.0174204,-0.0266991,-0.0293069,-0.0266363,-0.0165908,-0.00920733,-0.00417147,0.00175423,0.00982741,0.0169683,0.0147496,0.0128065,0.00798787,0.00331235,0.000835494,0.0,0.0,0.0,-2.57042e-05,-7.35079e-06,-0.00117645,-0.00316016,-0.00439182,-0.00624461,-0.00910669,-0.00779945,-0.00398977,-0.00407845,-0.00759491,-0.0146544,-0.0210777,-0.0224911,-0.0127067,0.00244007,0.0156182,0.0322226,0.0508701,0.0614472,0.0631968,0.0526826,0.0317276,0.0111911,0.00245974,0.0,0.0,0.0,-3.05246e-05,-0.000709041,-0.00362452,-0.00545894,-0.00738206,-0.0107974,-0.0106399,-0.00309277,0.0095979,0.016559,0.0178408,0.0106911,0.00330822,-0.00195984,0.004652,0.0246667,0.0445531,0.0674393,0.0870183,0.0967866,0.0998451,0.0886097,0.0608577,0.0256128,0.00562613,0.000672914,0.0,-1.56549e-05,-0.000189351,-0.00169991,-0.00605907,-0.00896123,-0.0122697,-0.0134832,-0.00669724,0.00833151,0.0250936,0.0318147,0.0283018,0.0197789,0.00915953,-0.00123709,0.00508358,0.0153427,0.0339008,0.0504318,0.0697574,0.0876113,0.0972361,0.101331,0.0820933,0.0407315,0.00904824,0.000898815,0.0,-4.90095e-05,-0.00051583,-0.00295011,-0.00858461,-0.0111587,-0.0143786,-0.0126528,-0.00166658,0.0180505,0.0320174,0.0415536,0.0337426,0.0212393,0.00528501,-0.00444894,-0.00574568,-0.00799384,-0.00898915,-0.00199415,0.0208003,0.0499972,0.072594,0.0868324,0.0786233,0.0424717,0.00956317,0.000420486,-2.04945e-05,-0.000142443,-0.000763056,-0.00341806,-0.00904879,-0.011736,-0.0126692,-0.00594251,0.0110921,0.0348888,0.0496539,0.0564509,0.0475443,0.0301873,0.00750375,-0.012795,-0.0285512,-0.0481541,-0.0597017,-0.0481449,-0.0240547,0.00828094,0.0382821,0.0550566,0.0562947,0.0311104,0.00640206,6.68539e-05,-2.39822e-05,-0.00023113,-0.000882812,-0.00289001,-0.00675115,-0.00862565,-0.00755681,0.00476915,0.0284273,0.0547372,0.0741555,0.0897121,0.0772458,0.0481838,0.0140082,-0.0166576,-0.0526913,-0.0860521,-0.0986508,-0.0908049,-0.066363,-0.0363314,-0.00846762,0.0139369,0.0255486,0.0185497,0.0038109,0.000134576,-2.12711e-05,-0.000195594,-0.00080198,-0.00222309,-0.00404006,-0.00371292,0.000294655,0.0151917,0.0401397,0.0728081,0.104648,0.122548,0.108807,0.0689898,0.0161312,-0.0279127,-0.0721702,-0.107026,-0.123014,-0.117123,-0.0957896,-0.0662409,-0.040751,-0.0169141,0.000588282,0.00529576,0.00139575,0.000175932,-3.09878e-06,-0.00011085,-0.000599163,-0.00107086,-0.00218889,-0.00112792,0.00520228,0.0199026,0.0461334,0.0887366,0.129873,0.14661,0.124668,0.0703132,0.0132346,-0.0324828,-0.0736195,-0.100716,-0.105139,-0.0985013,-0.0813978,-0.0629791,-0.0437107,-0.024826,-0.00848868,6.49987e-05,0.000218976,-2.52861e-05,-1.5104e-06,-6.96954e-05,-0.000327609,-0.000460726,-0.00169816,-0.00141425,0.00366151,0.0153069,0.0384159,0.0896425,0.130307,0.141806,0.11949,0.0667326,0.0130385,-0.033698,-0.0603925,-0.0684577,-0.0627335,-0.0568025,-0.0513868,-0.0462241,-0.0348794,-0.0219525,-0.00832941,-0.000637354,-0.000126142,-2.15427e-05,0.0,-6.72469e-05,-0.000206978,-0.000471025,-0.00218286,-0.00713952,-0.00875322,-0.00300844,0.0131736,0.0550943,0.0853234,0.0934227,0.075843,0.0386729,-0.00246831,-0.0351655,-0.0482773,-0.0472216,-0.0295986,-0.0238404,-0.0289418,-0.0300414,-0.0260842,-0.0185926,-0.00735027,-0.00105745,-0.000169811,-1.09364e-05,0.0,-4.40259e-05,-0.000151918,-0.000603879,-0.00415631,-0.0144089,-0.0256174,-0.0313037,-0.0286036,-0.00815693,0.00927071,0.0148524,0.00169022,-0.0241158,-0.0387192,-0.04248,-0.0374708,-0.032048,-0.00749446,-0.00224109,-0.0111993,-0.0166176,-0.013771,-0.0125186,-0.00546702,-0.00123918,-0.000228342,-5.52184e-05,0.0,-2.59876e-05,-0.000151583,-0.000524549,-0.00409379,-0.0159464,-0.0301735,-0.0442649,-0.0568768,-0.0575293,-0.0551878,-0.0566563,-0.055234,-0.0601217,-0.0602937,-0.0458742,-0.0253743,-0.00616278,0.0063935,0.00856745,-0.00111534,-0.0049862,-0.00434521,-0.00559176,-0.00310832,-0.00187372,-0.000449651,-6.569e-05,0.0,-1.99301e-05,-0.000203554,-0.00114158,-0.00317309,-0.00769889,-0.00939494,-0.0308444,-0.0528996,-0.0705188,-0.0845578,-0.0841245,-0.0810615,-0.0767961,-0.0660831,-0.0421977,-0.0108298,0.0115285,0.0184485,0.0162695,0.01152,0.00587747,0.000686899,-0.00114686,0.000797575,-0.00203027,-0.000373918,-3.13477e-05,-4.08299e-08,-8.0786e-06,-0.000407383,-0.00119533,-0.00148411,0.0047562,0.0173645,-0.000182683,-0.0295727,-0.0589864,-0.0786146,-0.0804339,-0.0755517,-0.0688401,-0.0511855,-0.0292431,-0.00257169,0.0178714,0.0218286,0.0205119,0.0206934,0.0127137,0.00474116,0.00175409,0.00226806,-0.00172731,-0.000257541,-5.65e-05,-2.0415e-07,-2.50321e-06,-0.000658759,-0.00260813,-0.00121534,0.0152839,0.0404811,0.0394232,0.0168639,-0.0197751,-0.0418043,-0.0494413,-0.0484797,-0.0477486,-0.0311916,-0.0125911,0.00877451,0.0176892,0.0238834,0.0256049,0.0278347,0.0164686,0.00606709,0.00362146,0.0016716,-0.00132025,-0.000273774,-2.48117e-05,0.0,-2.28025e-05,-0.000833321,-0.00373397,-0.00336824,0.0130345,0.0469222,0.0692125,0.0640167,0.0417487,0.017742,0.00168914,-0.0111666,-0.0152513,-0.0104892,0.00164561,0.0117671,0.0270211,0.0394591,0.0365493,0.0305395,0.0181607,0.00924493,0.00332924,-0.000137802,-0.000837452,-0.000210781,0.0,0.0,-1.70177e-05,-0.000756713,-0.00292649,-0.00457933,0.000334459,0.0314528,0.0655568,0.0783857,0.0769539,0.0622113,0.0433738,0.025315,0.0175464,0.0122197,0.0200238,0.0381176,0.0525202,0.0485307,0.039277,0.0302839,0.017492,0.00784023,0.000288996,-0.00136112,-0.000189632,-7.22498e-05,-3.49038e-06,0.0,0.0,-0.000503332,-0.00184035,-0.00264114,-0.00315293,0.0105593,0.0308941,0.0563083,0.0728714,0.0759019,0.0652395,0.0548124,0.0484955,0.0453363,0.0511916,0.0594018,0.0551079,0.045663,0.0324234,0.0180642,0.00804141,0.00069407,-0.00166231,-0.000704756,0.000235239,0.000163327,-6.44378e-06,0.0,0.0,-0.000184898,-0.000510967,-0.00154415,-0.000646337,0.0041487,0.011143,0.0225353,0.0391513,0.0528846,0.0565157,0.0559196,0.0571982,0.0564999,0.0489186,0.0426063,0.0313601,0.0200417,0.0101439,0.00305363,-0.00159961,-0.00160391,-0.000468328,-0.000134417,0.000337447,8.98458e-05,0.0,0.0,0.0,-3.35942e-05,-0.00019091,-0.00100364,-0.0015098,-0.00115183,0.00292234,0.00610938,0.0132654,0.0173059,0.0249718,0.0305777,0.0292716,0.0226785,0.0133481,0.00592494,0.000349734,-0.00275167,-0.00524068,-0.00448955,-0.00264937,-0.000778363,-0.000725969,-0.000268565,-5.94733e-05,0.0,0.0,0.0,0.0,-2.99715e-06,-1.29757e-05,-0.000222218,-0.000778199,-0.00127679,-0.000240076,-0.000606847,-0.0011913,-0.0028308,-0.00178524,-0.00322833,-0.00546221,-0.00816868,-0.0102161,-0.0114326,-0.00920041,-0.00605102,-0.00389308,-0.00191047,-0.000317336,0.000480243,-5.10695e-05,-2.60149e-05,0.0,0.0,0.0,0.0,0.0,0.0,0.0,-8.63917e-05,-0.000284761,-0.000834335,-0.00157755,-0.00282203,-0.00451481,-0.00580981,-0.00675769,-0.00732875,-0.00760695,-0.00799669,-0.00679939,-0.00553586,-0.00424542,-0.00297855,-0.00167999,-0.000567907,-2.54789e-05,8.24444e-05,-3.11553e-05,-1.03652e-07,0.0,0.0,0.0,0.0,0.0,0.0,