{"max":0.232264,"min":-0.193878,"acc":0.8917,"arr":[0.0,0.0,0.0,0.0,0.0,0.0,0.0,0.0,0.0,0.0,0.0,0.0,-5.78328e-06,-1.32234e-05,-6.23146e-07,-2.59644e-08,0.0,0.0,0.0,0.0,0.0,0.0,0.0,0.0,0.0,0.0,0.0,0.0,0.0,0.0,0.0,0.0,-1.11807e-07,-3.59592e-07,-2.5613e-05,-6.05811e-05,-9.40603e-05,-7.43099e-05,-0.000163195,-0.000162657,-0.000209341,-0.000267997,-0.000308398,-0.000235701,-0.000285234,-0.000220261,-0.000139252,-0.000179691,-0.000135368,-2.01206e-05,-2.74426e-06,-8.61233e-07,0.0,0.0,0.0,0.0,0.0,0.0,-2.80379e-07,-5.78849e-06,-7.81864e-06,-3.08747e-06,-4.32768e-05,-0.000186067,-0.00040927,-0.000785765,-0.00133519,-0.00212243,-0.00339402,-0.00461246,-0.00591573,-0.00617745,-0.00523156,-0.00408843,-0.00372442,-0.00324459,-0.00294502,-0.00202376,-0.000967001,-0.000419324,-0.000189553,-2.78732e-05,0.0,0.0,0.0,0.0,-1.37598e-06,-2.84108e-05,6.36104e-05,-0.000465727,-0.000667749,-0.00149174,-0.00248932,-0.00484168,-0.00669718,-0.0105512,-0.012877,-0.0162813,-0.0176176,-0.0168165,-0.0158468,-0.01288,-0.00855306,-0.00698155,-0.00453341,-0.00227137,-0.000744447,-0.00134517,-0.00102904,0.000145613,4.76201e-05,0.0,0.0,-5.18711e-06,-2.25334e-05,-8.34647e-05,-0.000630213,-0.00288134,-0.00494044,-0.0087836,-0.0159645,-0.0207723,-0.0226038,-0.0266108,-0.0362308,-0.0464259,-0.0414655,-0.0284206,-0.0134259,-0.0040143,0.00266125,0.00476434,0.0103816,0.0247293,0.0268745,0.0239749,0.014323,0.00463024,0.000836276,-2.4608e-05,0.0,0.0,-3.76601e-05,-0.000515805,-0.00327656,-0.00847453,-0.0139767,-0.0178831,-0.0222862,-0.0201818,-0.0110338,-0.00726259,-0.0165922,-0.0268993,-0.0291406,-0.0267077,-0.0132075,0.0106207,0.0310518,0.0498059,0.0735665,0.0897888,0.0951493,0.0834223,0.0525836,0.0197522,0.00450572,0.00012595,0.0,-1.51042e-06,-0.000105187,-0.00218851,-0.00767203,-0.0140255,-0.019929,-0.0216002,-0.0190511,-0.0049687,0.017279,0.0286399,0.0243155,0.012266,0.00278953,-0.0139221,-0.0105077,0.019482,0.0529118,0.0837743,0.110012,0.129496,0.1475,0.145674,0.109351,0.0497746,0.0124684,0.0014881,0.0,-7.37331e-05,-0.000664558,-0.00441428,-0.0146462,-0.0225109,-0.0251157,-0.017629,-0.00328717,0.019897,0.0496064,0.0599549,0.0406859,0.0131622,-0.00776419,-0.0316573,-0.0238529,-0.000591279,0.0295593,0.0597363,0.0895065,0.123687,0.153252,0.177985,0.154251,0.0806517,0.0175018,0.00151277,-9.75465e-07,-0.000139742,-0.00125528,-0.00701426,-0.0200904,-0.025376,-0.0242771,-0.0111033,0.0143192,0.0390872,0.0587701,0.0664555,0.0415038,0.006051,-0.0177557,-0.0342813,-0.0348548,-0.0249588,-0.0100199,0.0136643,0.051899,0.0956376,0.136709,0.178191,0.171156,0.0957654,0.019276,0.000944639,-2.28026e-05,-0.000244535,-0.00136231,-0.00741508,-0.0181307,-0.0212627,-0.0142734,0.00726022,0.0402413,0.0633581,0.0820436,0.0958585,0.0699021,0.0351408,0.00101088,-0.02792,-0.0486513,-0.0593671,-0.0601306,-0.0408198,-0.00708529,0.0400817,0.0845042,0.124366,0.134349,0.0792927,0.0149704,0.00103722,-2.95276e-05,-0.000318626,-0.00136211,-0.00613534,-0.0114874,-0.0119195,-0.000582801,0.0268019,0.0633341,0.0948429,0.117568,0.137927,0.121099,0.0800089,0.0294382,-0.0191873,-0.0701315,-0.11928,-0.139786,-0.130307,-0.0979703,-0.0579459,-0.0171921,0.0294426,0.0600259,0.0446008,0.0104179,0.000452561,-2.38387e-05,-0.000395487,-0.00140224,-0.00439308,-0.00651579,-0.00250257,0.0142975,0.040266,0.0753025,0.1155,0.153968,0.186451,0.176311,0.125845,0.0467619,-0.0281896,-0.098529,-0.159003,-0.19026,-0.193878,-0.168864,-0.127457,-0.0876297,-0.0392512,0.00135806,0.0151855,0.00410728,0.000167239,-4.09738e-06,-0.000285081,-0.00111533,-0.00220098,-0.00231637,0.00297793,0.0195795,0.0461284,0.0834612,0.127604,0.192529,0.232264,0.209248,0.13529,0.0437332,-0.0332533,-0.102675,-0.143357,-0.158772,-0.163255,-0.148488,-0.125152,-0.0982798,-0.062848,-0.0250653,0.000133964,0.000963203,-4.56819e-05,-1.5104e-06,-0.000103608,-0.000588178,-0.00107042,-0.0010693,0.00254368,0.0110778,0.0352563,0.0698629,0.134825,0.200607,0.219957,0.186971,0.104768,0.0197543,-0.0541112,-0.0933237,-0.0981725,-0.0872819,-0.0855925,-0.0871077,-0.0872286,-0.0756884,-0.0560202,-0.0245871,-0.00238874,-0.000220733,-0.000109283,0.000112279,-6.72772e-05,-0.000320471,-0.000971169,-0.0032894,-0.0108719,-0.0145877,-0.00448264,0.0289583,0.0964728,0.145865,0.147691,0.114237,0.0421208,-0.0254387,-0.0738421,-0.0895345,-0.0758179,-0.043296,-0.0348825,-0.0410075,-0.0514033,-0.0513424,-0.0416432,-0.0189452,-0.00285582,-0.00041613,-1.49637e-05,3.52696e-05,-4.40259e-05,-0.000263778,-0.00117637,-0.00737259,-0.0269489,-0.0430411,-0.052641,-0.0381956,0.0012172,0.0294482,0.0316713,0.00745737,-0.0430755,-0.0810112,-0.0950691,-0.0842694,-0.0589596,-0.0136831,-0.00420011,-0.0184193,-0.0291025,-0.029542,-0.0249752,-0.0118254,-0.00267094,-0.000618587,-7.00006e-05,-8.53967e-06,-2.96448e-05,-0.000333673,-0.000865339,-0.00774603,-0.0280703,-0.0453815,-0.0767863,-0.0995851,-0.0948232,-0.0852387,-0.0818656,-0.0817775,-0.0914709,-0.0946035,-0.0838717,-0.0611105,-0.0276969,0.00330914,0.0145102,0.00210604,-0.012779,-0.0118581,-0.0084947,-0.00418323,-0.0031749,-0.00089951,-9.27874e-05,0.0,-3.41461e-05,-0.000498815,-0.00174973,-0.00502911,-0.00614803,-0.00273111,-0.050197,-0.100332,-0.127215,-0.142146,-0.135808,-0.126058,-0.110445,-0.0877519,-0.0626648,-0.0267523,0.000143763,0.0204684,0.0273414,0.0190881,0.00524931,-0.00142764,0.00398817,0.00319052,-0.0032152,-0.000649329,-3.66453e-05,-1.22814e-05,-2.21481e-05,-0.000904377,-0.00334786,-0.00111695,0.0140742,0.0507061,0.0152774,-0.0450205,-0.0950005,-0.122996,-0.120091,-0.0992708,-0.0767526,-0.0493639,-0.0300024,-0.00656911,0.016357,0.0240015,0.0296897,0.0274457,0.0145336,0.0115002,0.0114179,0.00731991,-0.0023233,-0.000362719,-7.02061e-05,-2.0415e-07,-3.74977e-05,-0.00144152,-0.00625067,-0.0020926,0.0301329,0.0865377,0.0830767,0.0448383,-0.0100733,-0.0417233,-0.0442437,-0.0354998,-0.029596,-0.0223975,-0.0141844,-0.00121037,0.0166489,0.0307988,0.0320029,0.0316214,0.0217234,0.0191701,0.0158309,0.00656609,-0.0013464,-0.000422402,-3.57553e-05,0.0,-5.91149e-05,-0.00138988,-0.00708447,-0.00973674,0.0188389,0.0832057,0.115671,0.120617,0.0945309,0.0602358,0.0373806,0.0125026,-0.00447303,-0.0207201,-0.0144994,0.00503781,0.0360503,0.0499569,0.0446711,0.0375016,0.028634,0.0278171,0.0153558,0.00261444,-0.000434519,-0.000167238,1.03602e-05,-1.15946e-07,-4.10187e-05,-0.00129785,-0.0053441,-0.00988629,-0.00453741,0.0412259,0.0938516,0.123595,0.127432,0.106461,0.0752592,0.0358753,0.0108076,0.000678688,0.0159316,0.0433824,0.0664029,0.0602288,0.0500152,0.0444262,0.0358949,0.0241206,0.00921629,0.000125091,0.00035285,-1.77313e-05,-3.49038e-06,-1.12323e-07,-1.66886e-06,-0.000984422,-0.00388012,-0.00626723,-0.0114805,0.000711473,0.0324,0.0724935,0.100066,0.100151,0.0869208,0.0715729,0.0630169,0.060636,0.0694488,0.0806144,0.073289,0.0616658,0.047882,0.0340393,0.0211279,0.00989371,0.00364899,0.000653795,0.000782148,0.0001613,-6.44378e-06,0.0,0.0,-0.000335472,-0.00133867,-0.00291219,-0.0054768,-0.00535936,0.00381887,0.0262191,0.0517886,0.0730138,0.0822284,0.0862485,0.0865941,0.0828685,0.0707853,0.0595847,0.0385522,0.0251914,0.0185599,0.0121572,0.00319603,0.00104797,0.0015943,0.000877046,0.000571803,8.48229e-05,0.0,0.0,0.0,-9.25975e-05,-0.000182523,-0.00193151,-0.00422134,-0.00514414,0.00168412,0.0069451,0.0219286,0.0311991,0.0450408,0.0571853,0.0580876,0.0430445,0.0220294,0.0054759,-0.00023901,-0.000928763,-0.00249936,-0.00239624,-0.00119356,0.000502679,0.000921185,0.000758645,-8.29093e-05,-3.04991e-06,0.0,0.0,0.0,-4.92715e-06,0.000189643,-0.000233266,-0.00197595,-0.0036425,-0.00316738,-0.00340881,-0.000725214,0.000347089,0.004467,0.00401001,6.96653e-05,-0.00853183,-0.0117855,-0.0123707,-0.0104646,-0.00796115,-0.00524539,-0.0031386,7.23056e-05,0.00136606,0.00126684,0.00083145,-2.40329e-06,-1.22486e-06,0.0,0.0,0.0,0.0,0.0,-0.000209818,-0.000631808,-0.00163519,-0.00302781,-0.00486371,-0.0061883,-0.00692909,-0.00735141,-0.00791903,-0.00968073,-0.0107594,-0.00863899,-0.00786366,-0.00631424,-0.00456826,-0.0023955,-0.000752118,-3.92625e-05,3.57111e-05,-3.69998e-05,-1.14767e-06,-7.7297e-07,0.0,0.0,