{"max":0.0180742,"min":-0.0158406,"acc":0.7888,"arr":[0.0,0.0,0.0,0.0,0.0,0.0,0.0,0.0,0.0,0.0,0.0,0.0,0.0,0.0,0.0,0.0,0.0,0.0,0.0,0.0,0.0,0.0,0.0,0.0,0.0,0.0,0.0,0.0,0.0,0.0,0.0,0.0,0.0,0.0,0.0,0.0,0.0,-2.21591e-05,-4.10289e-05,-2.57812e-05,-8.20819e-05,-3.73348e-05,-2.34143e-05,-4.38278e-05,-3.6764e-05,0.0,0.0,0.0,0.0,0.0,0.0,0.0,0.0,0.0,0.0,0.0,0.0,0.0,0.0,0.0,0.0,0.0,0.0,-1.34616e-05,-6.79691e-05,-0.000160451,-0.000190728,-0.00025442,-0.000473152,-0.000468213,-0.000640524,-0.000831133,-0.000758104,-0.000450581,-0.000451754,-0.000360193,-0.000350249,-0.000231556,-8.09869e-05,-7.43311e-06,0.0,0.0,0.0,0.0,0.0,0.0,0.0,0.0,0.0,-2.30008e-05,-6.95333e-05,-0.00012433,-0.000219334,-0.000504527,-0.000839841,-0.00109984,-0.00151936,-0.00201326,-0.00229851,-0.00229497,-0.00220568,-0.00163572,-0.00152939,-0.00131156,-0.00100973,-0.000516741,-0.000269643,-6.39889e-05,0.0,0.0,0.0,0.0,0.0,0.0,0.0,-1.10201e-05,-4.91112e-05,-0.000137473,-0.00026887,-0.000331556,-0.000788832,-0.0015243,-0.00150618,-0.00201238,-0.00237869,-0.0033505,-0.00320708,-0.00339603,-0.00312062,-0.00270124,-0.0025637,-0.0010474,0.000710669,0.00154295,0.000889347,0.000782111,0.000689259,0.000264583,0.00023151,0.0,0.0,0.0,-1.74884e-05,-5.05486e-05,-3.14149e-05,-0.000268949,-0.000161447,4.19903e-06,-0.000847603,-0.00156075,-0.00128003,-0.00105408,-0.000846834,-0.0019438,-0.00174086,-0.00279517,-0.00166305,0.00143554,0.00424941,0.00722386,0.00845952,0.00767012,0.00625175,0.00408362,0.00268689,0.000753059,0.000440797,0.0,0.0,0.0,-1.91653e-06,-2.63523e-06,-7.53044e-05,-0.000291962,-0.000584847,-0.000435077,-0.00127993,-0.00127928,6.85208e-05,0.00150003,0.00214815,0.0022221,0.00232952,0.00156772,0.00266455,0.00601951,0.0100304,0.0141399,0.0163772,0.0128125,0.0121358,0.010573,0.00786167,0.00395776,0.00125767,6.5164e-05,0.0,0.0,-1.46972e-05,-6.93014e-05,-0.000422428,-0.00103532,-0.00144203,-0.000510749,-0.00085232,-0.00129567,0.00257044,0.00297404,0.00432659,0.00570464,0.00599932,0.00488407,0.00533605,0.00650576,0.00987867,0.012432,0.0139278,0.0128259,0.0116537,0.0116354,0.0101032,0.00500931,0.00128666,0.000433855,0.0,0.0,-9.10853e-05,-0.000304171,-0.000859192,-0.00154589,-0.00240458,-0.00128065,-0.0018421,-0.000870108,0.00333341,0.0053669,0.00692953,0.00703612,0.00531959,0.00337718,0.00179194,0.000173171,-0.00100911,0.000348871,0.00340646,0.00633604,0.00777127,0.00895665,0.00817841,0.00423706,0.00153635,0.000238363,0.0,0.0,-9.02606e-05,-0.000433821,-0.00096057,-0.00152856,-0.00235486,-0.00170955,-0.00133099,0.00135654,0.00571181,0.00668883,0.00680748,0.00629084,0.0024747,-0.000813863,-0.00499365,-0.00889924,-0.00989667,-0.0081207,-0.00492319,-0.00127899,0.00159515,0.00271628,0.00383119,0.00204422,0.000930232,0.0,0.0,0.0,-3.04139e-05,-0.000361054,-0.00092003,-0.00119101,-0.00215357,-0.00147269,0.00112838,0.00371366,0.00781694,0.0101101,0.0100734,0.00583796,0.000889958,-0.00281889,-0.00944227,-0.0134467,-0.0149457,-0.0126647,-0.00904543,-0.00515019,-0.00250062,-9.05782e-05,0.00173494,0.00128436,0.000113221,0.0,0.0,0.0,0.0,-0.000168487,-0.000611577,-0.000565844,-0.00166531,-0.000334886,0.002506,0.00609411,0.0116379,0.0155818,0.0130207,0.00669717,0.00156679,-0.00359775,-0.00964706,-0.0140375,-0.0158406,-0.013524,-0.0100516,-0.00651793,-0.00390622,-0.00171605,-5.31204e-05,0.00028862,1.50603e-06,0.0,0.0,0.0,-3.86539e-06,-9.86784e-05,-0.000337551,-9.92687e-05,-0.00143418,-8.11048e-05,0.0034499,0.00966015,0.0158583,0.0180742,0.01582,0.00976335,0.0029188,-0.00198143,-0.00705834,-0.0120036,-0.0126292,-0.011012,-0.00737142,-0.00477471,-0.00329001,-0.00201422,-0.000799075,-5.39053e-05,0.0,0.0,0.0,0.0,-2.38026e-05,-0.000100401,-0.000232783,-0.000550758,-0.00123482,-0.000885349,0.00386185,0.00983338,0.0148399,0.0179395,0.0160977,0.00998437,0.00390167,-0.00184072,-0.00515284,-0.00693921,-0.00713766,-0.00671286,-0.00466431,-0.00365922,-0.00256621,-0.0019551,-0.00107624,-0.000108454,0.0,0.0,0.0,0.0,-2.60405e-05,-5.75097e-05,-0.000368984,-0.00141598,-0.00192445,-0.0016102,0.0007672,0.00660819,0.0102014,0.0125885,0.0114996,0.0054101,-0.000586926,-0.00522602,-0.00651191,-0.0048579,-0.00193823,-0.0018979,-0.00288135,-0.00410139,-0.00238683,-0.00160563,-0.00103033,-0.000145237,0.0,0.0,0.0,0.0,-2.05476e-05,-3.97369e-05,-0.00043628,-0.00140186,-0.00306942,-0.00441429,-0.00372015,-0.000460553,0.00196856,0.00245512,-0.000661599,-0.00487607,-0.00634582,-0.00779465,-0.00855657,-0.0044891,0.000456317,0.00125419,-0.0020315,-0.00296203,-0.00217412,-0.00142911,-0.000582956,-0.000188928,-2.04715e-05,-1.80924e-05,0.0,0.0,0.0,-3.84059e-05,-0.000608349,-0.000804266,-0.002211,-0.00478478,-0.00644615,-0.00540924,-0.00436917,-0.00605872,-0.00792937,-0.00911995,-0.00803735,-0.00641797,-0.00546658,-0.00229445,0.00225426,0.00386451,-0.000928302,-0.00172009,-0.00200512,-0.00106141,-0.000574101,-0.000407395,-8.38542e-05,-3.72491e-05,0.0,0.0,0.0,-0.000142916,-0.00081891,-0.000307009,-0.00101197,-0.00333309,-0.00447838,-0.00653629,-0.00888971,-0.010203,-0.0115472,-0.0105452,-0.00880205,-0.00535548,-0.00382777,0.00116841,0.00377683,0.00482953,0.0019338,-0.00134401,-0.00118236,-0.000763517,-0.000346986,-0.000371568,-3.45261e-05,-1.91567e-06,0.0,0.0,-5.09558e-05,-0.000338904,-0.00100278,-0.00033431,0.000482936,-0.000417353,-0.00284953,-0.00652272,-0.0111787,-0.0120833,-0.012446,-0.012027,-0.00821331,-0.00554177,-0.001219,0.00313532,0.00491503,0.00484197,0.00150715,-0.000568272,-0.000554463,-0.000766933,-0.00033297,-0.000239229,-8.2609e-06,0.0,0.0,0.0,-8.26678e-05,-0.000408224,-0.000558386,0.000901728,0.00228555,0.00269151,0.00041721,-0.00211178,-0.00660335,-0.00973594,-0.0108053,-0.0116072,-0.00797511,-0.00309639,0.00318561,0.00398825,0.0039425,0.00299484,0.00125413,0.000414648,-0.000139425,-0.000600809,-0.000399328,-0.000184274,-2.44587e-05,0.0,0.0,0.0,-6.33912e-05,-0.000414342,-0.000512483,0.00177193,0.00384505,0.0070131,0.00617342,0.00543423,-9.86624e-05,-0.00451031,-0.00758698,-0.00748162,-0.00271199,0.00345883,0.00537431,0.00514182,0.00424744,0.00171873,0.00164656,0.0014294,5.33147e-05,-0.000500587,-0.000186343,-0.000131132,0.0,0.0,0.0,0.0,-1.53157e-05,-0.000133038,0.000104981,0.000699594,0.00465146,0.00942468,0.0110845,0.0119961,0.00979079,0.00511652,0.00218968,0.00177624,0.00404689,0.00584061,0.00653029,0.00750699,0.00400167,0.00290206,0.00311569,0.00191004,7.94681e-05,-0.000331665,-0.000303604,-3.51164e-05,0.0,0.0,0.0,0.0,0.0,0.000525988,0.000986062,0.000262675,0.00296404,0.00697716,0.0110597,0.0123152,0.0123557,0.0122741,0.0113872,0.0105762,0.0100986,0.00981524,0.00890121,0.00591945,0.00376918,0.00322647,0.0022872,0.00127305,-1.56653e-05,-0.000157478,-0.00012446,-3.10578e-05,0.0,0.0,0.0,0.0,0.0,0.000419352,0.00098662,0.00161956,0.00201775,0.0029309,0.00576991,0.00888799,0.0103122,0.0116864,0.0121215,0.0118561,0.00892094,0.00589725,0.00409361,0.00285334,0.00159157,0.00107884,0.00132386,2.76606e-05,7.72317e-05,-2.86774e-05,-4.58943e-05,-1.19672e-05,0.0,0.0,0.0,0.0,0.0,0.0,-2.90228e-05,0.000554674,0.000776173,0.00116931,0.00134535,0.00244157,0.00343091,0.0052838,0.00621116,0.00595618,0.00339941,0.00171667,0.0012983,-0.000242503,-0.000253422,-0.000370751,-0.000372734,-1.15917e-05,0.00020355,-8.15125e-05,-2.7881e-05,-5.43963e-07,0.0,0.0,0.0,0.0,0.0,0.0,0.0,-5.98205e-05,-0.000192219,-0.000397682,-0.000305337,0.00014406,-0.000164822,-0.00145358,-0.00244979,-0.00218338,-0.00150241,-0.00197302,-0.00201495,-0.00154805,-0.00113366,-0.000656399,-1.65704e-05,0.000301295,0.00033594,-3.33852e-05,0.0,0.0,0.0,0.0,0.0,0.0,0.0,0.0,0.0,-1.35229e-05,-9.84618e-05,-0.000286264,-0.000622027,-0.000623465,-0.00100973,-0.00110285,-0.000977299,-0.00119601,-0.00119978,-0.00108847,-0.00104522,-0.000886584,-0.000411904,-0.00011099,-1.70588e-05,-6.31079e-06,0.0,0.0,0.0,0.0,0.0,0.0,0.0,0.0,0.0,0.0,0.0,0.0,-7.871e-06,-5.44566e-05,-8.55894e-05,-4.5708e-05,-7.26635e-05,-9.44996e-05,-8.64107e-05,-0.000151471,-0.000221946,-0.000189673,-0.000212174,-0.000119332,0.0,0.0,0.0,0.0,0.0,0.0,0.0,0.0,0.0,0.0]}