{"max":0.255415,"min":-0.213423,"acc":0.8983,"arr":[0.0,0.0,0.0,0.0,0.0,0.0,0.0,0.0,0.0,0.0,0.0,0.0,-5.7865e-06,-1.32929e-05,-6.92695e-07,-2.88623e-08,0.0,0.0,0.0,0.0,0.0,0.0,0.0,0.0,0.0,0.0,0.0,0.0,0.0,0.0,0.0,0.0,-1.11807e-07,-3.59592e-07,-2.56358e-05,-6.0914e-05,-9.65583e-05,-7.92505e-05,-0.00017523,-0.000174519,-0.000222218,-0.000289937,-0.000359604,-0.000287684,-0.000323947,-0.000236446,-0.00016038,-0.00019885,-0.000146175,-2.86814e-05,-3.22533e-06,-8.61233e-07,0.0,0.0,0.0,0.0,0.0,0.0,-2.80379e-07,-5.78849e-06,-8.3979e-06,-3.39352e-06,-4.99302e-05,-0.000226082,-0.000440256,-0.000913087,-0.00149427,-0.0023726,-0.00395858,-0.0054064,-0.00680416,-0.0067232,-0.00519929,-0.00389894,-0.00370813,-0.00348803,-0.003859,-0.0029789,-0.0014993,-0.000658983,-0.000304851,-4.24791e-05,0.0,0.0,0.0,0.0,-1.46858e-06,-2.08608e-05,0.000173964,-0.000481634,-0.000786482,-0.00193418,-0.00322339,-0.00601979,-0.00733179,-0.0112079,-0.0138708,-0.0189432,-0.020004,-0.0178406,-0.0163183,-0.0118982,-0.0071464,-0.00590205,-0.00431129,-0.00219767,-0.00172993,-0.00286174,-0.00194391,0.000288275,7.16865e-05,0.0,0.0,-5.54888e-06,-2.31835e-05,-0.000117024,-0.000945176,-0.00366767,-0.00698063,-0.0123381,-0.0226486,-0.0280119,-0.0305228,-0.0366252,-0.0512683,-0.0628626,-0.0522105,-0.0300974,-0.00835218,0.00429488,0.00907137,0.0082506,0.0123334,0.0301323,0.0313635,0.0298065,0.016857,0.00548007,0.000923796,-2.4608e-05,0.0,0.0,-9.65763e-05,-0.000843921,-0.00479134,-0.0119377,-0.0195897,-0.0246347,-0.0309868,-0.026717,-0.0159769,-0.0132638,-0.0260439,-0.0385215,-0.0393473,-0.0308306,-0.0109185,0.017494,0.0387274,0.0548433,0.0841127,0.103269,0.110571,0.0995293,0.0629164,0.0237544,0.00552107,0.000115237,0.0,-2.62685e-06,-0.000164918,-0.00295172,-0.0110545,-0.019398,-0.0258529,-0.0275328,-0.0221975,-0.00378607,0.0213745,0.0333128,0.0227692,0.00448828,-0.00569211,-0.0221671,-0.0182012,0.0160257,0.0541208,0.091185,0.11871,0.140407,0.16535,0.170998,0.131662,0.0596948,0.0151431,0.00190317,0.0,-0.000100763,-0.000816671,-0.00550946,-0.0200989,-0.0294166,-0.0314987,-0.0206769,-0.00109185,0.0258447,0.0575943,0.0689175,0.0418763,0.00569218,-0.0152237,-0.0454069,-0.0364494,-0.00807531,0.0263338,0.0619058,0.0944389,0.132227,0.171578,0.209248,0.187743,0.100061,0.0219545,0.00208179,-9.75465e-07,-0.000164058,-0.00151775,-0.0089304,-0.0274054,-0.033796,-0.0308207,-0.0122561,0.0217431,0.0476734,0.064536,0.0742071,0.0429097,-0.000621841,-0.0285886,-0.0515786,-0.0516671,-0.0383607,-0.0165727,0.0149943,0.0615089,0.110865,0.158804,0.215286,0.213581,0.121812,0.0259381,0.00120129,-2.36172e-05,-0.00027869,-0.00165692,-0.00996469,-0.0238721,-0.0279361,-0.0186595,0.0104759,0.0536839,0.0768676,0.0905327,0.10921,0.0758104,0.0339786,-0.00973952,-0.0469208,-0.0689206,-0.0726164,-0.0634731,-0.037074,0.00566848,0.0607378,0.110013,0.161231,0.180063,0.108955,0.0217931,0.00158656,-3.15205e-05,-0.000362086,-0.00167615,-0.00814389,-0.0142166,-0.0131849,-0.000284918,0.0341247,0.0792812,0.112196,0.13102,0.155062,0.137717,0.0879488,0.0293742,-0.0244751,-0.0796644,-0.131264,-0.14961,-0.13479,-0.0979675,-0.0568467,-0.0141203,0.0420978,0.086142,0.0662829,0.0159058,0.000683254,-2.89886e-05,-0.000568419,-0.00176682,-0.00574918,-0.00719928,-0.00106345,0.0199881,0.0495508,0.0867633,0.124678,0.164998,0.206838,0.202773,0.151994,0.059764,-0.029022,-0.108533,-0.174272,-0.207252,-0.213423,-0.193407,-0.150928,-0.109466,-0.0496364,0.00534423,0.0242904,0.00660165,0.000363987,-4.09738e-06,-0.000458017,-0.00146761,-0.00270394,-0.00205333,0.00640971,0.0269112,0.05446,0.09432,0.131296,0.204424,0.255415,0.240789,0.165181,0.0553428,-0.0437379,-0.123638,-0.165828,-0.178426,-0.18682,-0.175992,-0.156317,-0.130553,-0.0865028,-0.0357585,0.000457425,0.00200498,-5.25326e-05,-1.5104e-06,-0.000133437,-0.000720067,-0.00114117,-0.000407279,0.00577053,0.0161214,0.0430743,0.0800917,0.146969,0.221433,0.244274,0.211773,0.120753,0.0193773,-0.0705515,-0.113072,-0.114585,-0.0986038,-0.0973127,-0.101938,-0.107338,-0.0997116,-0.0762353,-0.0345583,-0.00365872,-0.000173197,-0.000121849,0.000112279,-6.76356e-05,-0.000355525,-0.000865389,-0.0036965,-0.0108428,-0.0153183,-0.00320373,0.038374,0.115783,0.168217,0.168232,0.132609,0.0486902,-0.0339206,-0.0915057,-0.109521,-0.0944716,-0.0535677,-0.0428884,-0.0477141,-0.0618396,-0.0648993,-0.054912,-0.0256283,-0.00401922,-0.000562574,-2.47684e-05,3.52696e-05,-4.40259e-05,-0.000316485,-0.00105858,-0.0084809,-0.0321128,-0.0497429,-0.0579234,-0.0348442,0.0143438,0.0430946,0.0440153,0.0123135,-0.0490357,-0.0999878,-0.120649,-0.106856,-0.0775903,-0.0222675,-0.0133306,-0.0219143,-0.0339978,-0.0362161,-0.0317957,-0.0151961,-0.00344532,-0.00078784,-0.000131403,-8.53967e-06,-2.96757e-05,-0.000419829,-0.000899925,-0.00999095,-0.0356171,-0.0540233,-0.0901801,-0.110975,-0.103203,-0.093071,-0.0897004,-0.0903261,-0.103643,-0.110669,-0.103189,-0.077338,-0.0371558,-0.0027632,0.00573616,0.000588228,-0.015046,-0.0146776,-0.00910429,-0.004945,-0.00407171,-0.00127111,-0.000211409,0.0,-4.09075e-05,-0.000637141,-0.00196719,-0.00694243,-0.00790184,-0.000472047,-0.0570717,-0.114344,-0.145223,-0.167382,-0.158296,-0.144658,-0.122517,-0.0952734,-0.0722062,-0.0325056,-0.00042454,0.0202156,0.0203848,0.0178219,0.00709248,-0.00267601,0.00664369,0.00485225,-0.00406619,-0.000825052,-6.14251e-05,-1.75328e-05,-2.41047e-05,-0.00108917,-0.00400106,-0.00171798,0.0166241,0.0664288,0.0245424,-0.0458037,-0.106443,-0.142127,-0.139363,-0.110743,-0.0775534,-0.0421232,-0.0277777,-0.00581465,0.0224342,0.0221213,0.0246765,0.0261326,0.0169622,0.0133944,0.0161542,0.0107281,-0.00284768,-0.000500111,-0.000125373,-2.2888e-07,-3.9228e-05,-0.00172072,-0.00757311,-0.00262498,0.0353245,0.107271,0.103755,0.0641228,-0.000949576,-0.0393115,-0.0391736,-0.0289605,-0.0196896,-0.0121716,-0.00835083,0.00167385,0.0183086,0.0297714,0.0277239,0.0309831,0.0233289,0.0232505,0.0225115,0.00952265,-0.0016531,-0.000628427,-5.56762e-05,0.0,-8.30189e-05,-0.00167229,-0.00872639,-0.0114312,0.0215288,0.0953638,0.131256,0.148517,0.122187,0.0787813,0.051522,0.0226487,0.00316838,-0.0163056,-0.0161849,0.00273355,0.0359171,0.0494131,0.044717,0.0371747,0.0321891,0.0362045,0.0219505,0.00433623,-0.000244096,-0.000185355,1.78597e-05,-1.92215e-07,-6.00183e-05,-0.00165233,-0.00685657,-0.0118123,-0.00771621,0.0423102,0.10245,0.13975,0.146944,0.122138,0.0845681,0.0458453,0.0162571,0.00115821,0.0132864,0.0426775,0.066829,0.0587748,0.0484407,0.0471586,0.0447899,0.0310265,0.0136266,0.00116532,0.000993129,4.46366e-05,-3.49038e-06,-1.86208e-07,-2.68333e-06,-0.0012093,-0.00504309,-0.00796469,-0.0160955,-0.00481904,0.0307938,0.0756545,0.109014,0.10983,0.0951076,0.0774271,0.0673734,0.0591123,0.0681453,0.0846411,0.074027,0.0621214,0.049554,0.039832,0.0268588,0.0125966,0.00688615,0.00211602,0.00165501,0.00034984,-6.44378e-06,0.0,0.0,-0.000443608,-0.00186421,-0.00382918,-0.00811697,-0.0086444,0.00168335,0.0283557,0.0591977,0.0848531,0.0916137,0.0931799,0.08887,0.0839566,0.0712972,0.0596664,0.0357072,0.0223384,0.0198696,0.0151715,0.0038308,0.00149983,0.00370781,0.00210576,0.00133318,0.000192775,0.0,0.0,0.0,-0.000126049,-0.000157503,-0.00258885,-0.00573506,-0.00671472,0.00154497,0.00843033,0.0290925,0.0394739,0.0555115,0.0697059,0.0696849,0.0503486,0.0234702,0.00468475,-0.00135333,-0.00141103,-0.00346586,-0.00368166,-0.00223008,0.00102475,0.00217194,0.00135095,-0.000148692,-5.49571e-06,0.0,0.0,0.0,-5.33991e-06,0.000395993,8.43169e-05,-0.00216219,-0.0041494,-0.00342814,-0.00334237,0.00104477,0.00415967,0.0121768,0.0125574,0.00738259,-0.00442827,-0.0108891,-0.012034,-0.0113829,-0.00991588,-0.00711696,-0.00434654,0.000102413,0.00191623,0.00222486,0.00129981,-2.91137e-06,-1.83222e-06,0.0,0.0,0.0,0.0,0.0,-0.000259883,-0.000790974,-0.00197402,-0.00373918,-0.00570473,-0.00659957,-0.00682933,-0.00613792,-0.00636449,-0.00954372,-0.0119151,-0.00949339,-0.00870088,-0.00765487,-0.0056455,-0.00309933,-0.00109593,-0.000205893,-1.95646e-05,-4.3017e-05,-2.10055e-06,-7.7297e-07,0.0,0.0,0.0,0.0,0.0,0.0,-6.8055e-07,-8.55933e-06,-5.45031e-05,