{"max":0.107894,"min":-0.0960459,"acc":0.8503,"arr":[0.0,0.0,0.0,0.0,0.0,0.0,0.0,0.0,0.0,0.0,0.0,0.0,0.0,0.0,0.0,0.0,0.0,0.0,0.0,0.0,0.0,0.0,0.0,0.0,0.0,0.0,0.0,0.0,0.0,0.0,0.0,0.0,0.0,0.0,-2.4433e-05,-5.75765e-05,-8.88691e-05,-6.79529e-05,-0.000144381,-0.000119695,-0.000142414,-0.00016138,-0.000193348,-0.000123385,-0.000166058,-0.000129779,-6.89639e-05,-0.000100199,-6.91223e-05,-4.52799e-07,0.0,0.0,0.0,0.0,0.0,0.0,0.0,0.0,0.0,-5.78849e-06,-5.20173e-06,-1.62287e-06,-2.80984e-05,-0.000140939,-0.000308441,-0.000498084,-0.000789074,-0.00114129,-0.00169118,-0.00221952,-0.00302324,-0.00301791,-0.00273936,-0.00250813,-0.00294016,-0.0025803,-0.00171199,-0.000962424,-0.000397034,-5.35605e-05,0.0,0.0,0.0,0.0,0.0,0.0,-6.28922e-07,-2.2064e-05,8.13944e-05,-9.75151e-05,-0.000294971,-0.00062417,-0.00118953,-0.00187938,-0.00272074,-0.00510222,-0.00741165,-0.00953875,-0.0109869,-0.0109491,-0.0105584,-0.00971164,-0.00758753,-0.00462958,-0.00142783,-0.000368815,0.000430971,0.00100783,0.000823864,0.000571818,7.681e-05,0.0,0.0,-5.18711e-06,-2.40134e-06,-2.28004e-05,-0.000183989,-0.000487615,-0.000528628,-0.0019319,-0.00405393,-0.00520806,-0.00420852,-0.00770503,-0.0130392,-0.0207181,-0.0234641,-0.0224508,-0.0158765,-0.0130781,-0.0101487,-0.00270243,0.00568873,0.0117193,0.0107103,0.00959291,0.00678866,0.00316066,0.00070652,0.0,0.0,0.0,-2.2429e-05,6.70196e-07,-0.000737002,-0.00181276,-0.00238502,-0.00430436,-0.00706025,-0.0056466,-0.00314806,-0.00536885,-0.00780698,-0.0141181,-0.016034,-0.0159595,-0.00825344,0.00170693,0.0102872,0.022633,0.0367497,0.0472012,0.0469874,0.0391405,0.0242646,0.00818783,0.00205587,0.0,0.0,0.0,-3.66445e-06,-0.000506098,-0.00220285,-0.00367241,-0.00520103,-0.00772484,-0.00908939,-0.00443694,0.00465905,0.0108154,0.0149117,0.0081679,0.00209417,-0.000756655,0.00493903,0.022476,0.0365116,0.0520341,0.0666813,0.0738572,0.0751441,0.0654311,0.044872,0.018393,0.00462259,0.000672914,0.0,-1.54208e-05,-0.000144942,-0.00114689,-0.00401422,-0.00621643,-0.0078625,-0.00999864,-0.00747318,0.00438582,0.0171553,0.0246372,0.0189615,0.0161754,0.0101605,0.00166527,0.00574099,0.0150585,0.0301007,0.04257,0.0554022,0.0683816,0.0738751,0.0743897,0.0592787,0.0299814,0.00666933,0.000898815,0.0,-4.71626e-05,-0.000423216,-0.00219349,-0.00624501,-0.00729705,-0.00972849,-0.0084399,-0.00412159,0.0126111,0.0242596,0.0276449,0.0235972,0.0221831,0.0118761,0.00380949,-0.00036011,-0.0029303,-0.00229158,-8.29854e-05,0.0151019,0.0372796,0.0535071,0.0616963,0.0548188,0.0286571,0.00604159,0.000420486,-2.04945e-05,-0.000126043,-0.000602046,-0.00271726,-0.00656379,-0.00814344,-0.00890695,-0.00301377,0.00764621,0.0265607,0.0366841,0.0385703,0.0383179,0.0306693,0.0128934,-0.00612154,-0.020532,-0.0371648,-0.0473549,-0.0389917,-0.0206824,0.00334503,0.0244149,0.0346886,0.035734,0.0190329,0.00392094,6.68539e-05,-2.39822e-05,-0.000159452,-0.000650459,-0.00227975,-0.0052604,-0.007379,-0.00641095,0.00300744,0.022057,0.0436172,0.0574582,0.0651926,0.0568618,0.0376894,0.0115501,-0.0136469,-0.0409096,-0.0671349,-0.0801263,-0.0740917,-0.054446,-0.0300208,-0.0102961,0.00594432,0.0146649,0.0106555,0.00246289,0.000134576,-2.12711e-05,-0.000134769,-0.00046365,-0.00149298,-0.00370983,-0.00430482,-0.00124511,0.00897467,0.0314224,0.0578514,0.0807543,0.0906591,0.0787667,0.0505331,0.00965005,-0.0240601,-0.0562716,-0.0845114,-0.0960459,-0.0895928,-0.070438,-0.0475307,-0.0293344,-0.0126647,-0.000857602,0.00245105,0.00101171,0.000175932,0.0,-6.39392e-05,-0.000287349,-0.000731044,-0.00221569,-0.00248435,-0.000178978,0.0116011,0.0355018,0.0683742,0.0979416,0.107894,0.092743,0.054919,0.0135662,-0.0221613,-0.0554065,-0.0780838,-0.0803186,-0.0712906,-0.0564238,-0.0417591,-0.0280768,-0.0160854,-0.00547331,0.000215795,0.000224843,-2.52861e-05,0.0,-6.2585e-05,-0.000194672,-0.000423042,-0.00206271,-0.00268633,-0.00078347,0.00886573,0.0277565,0.0657045,0.0967684,0.107132,0.0917201,0.0536281,0.0136592,-0.0207245,-0.0436546,-0.0543631,-0.0515176,-0.0422926,-0.0356088,-0.0314475,-0.0231162,-0.014281,-0.00558403,-0.000266793,-9.82874e-05,-2.15427e-05,0.0,-6.11549e-05,-0.000144146,-0.000357569,-0.00243664,-0.00661469,-0.00916195,-0.00317231,0.00800261,0.0391133,0.0642814,0.0708569,0.0546512,0.0239507,-0.00276039,-0.0252441,-0.0336687,-0.034202,-0.0238961,-0.0205321,-0.0234857,-0.0243657,-0.0195618,-0.0126298,-0.00455838,-0.000687366,-0.000160882,-1.09364e-05,0.0,-4.40259e-05,-0.000112284,-0.000450653,-0.00364636,-0.0115158,-0.020186,-0.0239777,-0.0196097,-0.0035817,0.00873969,0.010891,-0.00413107,-0.0252726,-0.035028,-0.0340571,-0.0265253,-0.0219081,-0.00549589,-0.00181918,-0.0108851,-0.0164442,-0.0137703,-0.00947148,-0.00299882,-0.000781492,-0.000155815,-2.32149e-05,0.0,-2.59876e-05,-9.39957e-05,-0.000615629,-0.00407289,-0.0129152,-0.0222289,-0.0331761,-0.0398268,-0.038548,-0.0371626,-0.0411274,-0.0448567,-0.0498489,-0.0513676,-0.0396216,-0.0189252,-0.00178487,0.00574943,0.00813635,-0.00182761,-0.00927744,-0.00746488,-0.00544669,-0.00168105,-0.00140195,-0.000359663,-4.58701e-05,0.0,-1.99301e-05,-0.000100924,-0.00113983,-0.00374225,-0.00825474,-0.00988799,-0.0246193,-0.0374953,-0.0494086,-0.0623754,-0.063961,-0.0636672,-0.0612383,-0.0540138,-0.035024,-0.00905039,0.0104084,0.0136026,0.0130902,0.00807397,-0.00246419,-0.00421078,-0.00239952,0.000928954,-0.00150539,-0.000227005,-1.15338e-05,0.0,-7.91528e-06,-0.000293142,-0.00107228,-0.00304323,-0.000186724,0.00665709,-0.00296413,-0.0231097,-0.0439945,-0.0614547,-0.0641668,-0.0602055,-0.0567661,-0.0445654,-0.0274438,-0.00529418,0.0126572,0.0175347,0.0176175,0.0135443,0.00402214,-0.000136824,-0.000512279,0.00158579,-0.00118432,-0.000160041,-2.65639e-05,0.0,0.0,-0.000499303,-0.00152709,-0.00140812,0.00993422,0.0263157,0.0246545,0.00600035,-0.0203732,-0.0363096,-0.042912,-0.0451404,-0.0450784,-0.0320948,-0.0179657,0.002835,0.0146408,0.0200488,0.0199235,0.0183872,0.00818726,0.00218034,0.000906988,0.000614041,-0.00110435,-0.000262427,-2.48117e-05,0.0,-3.57526e-07,-0.000580115,-0.00240919,-0.00231206,0.00845392,0.0332554,0.0499138,0.0418205,0.0228845,0.00540241,-0.00622692,-0.0169831,-0.0206283,-0.0158923,-0.00185615,0.00933545,0.0232705,0.0311732,0.0263844,0.0210738,0.0111475,0.00538932,0.000771186,-0.000605067,-0.000871075,-0.000177425,0.0,0.0,-5.08787e-06,-0.000579537,-0.00229418,-0.00301483,0.000249891,0.0255058,0.0520615,0.0589372,0.0568041,0.0459392,0.0307203,0.0177747,0.0106919,0.00994266,0.017315,0.031248,0.0433577,0.0383835,0.0282348,0.0230833,0.0117067,0.00424219,-0.000956561,-0.00163783,-0.000494036,-8.56636e-05,0.0,0.0,0.0,-0.000344506,-0.00113821,-0.00179755,-0.00192531,0.00944244,0.0268792,0.0475299,0.0598858,0.0619188,0.053547,0.0445613,0.0376595,0.0369294,0.0413037,0.0479402,0.0447292,0.0356943,0.0258693,0.0136907,0.00509139,-0.000449388,-0.00165241,-0.00105473,-0.000231785,-2.02297e-05,0.0,0.0,0.0,-0.000111406,-8.48989e-05,-0.000934191,-0.000775216,0.00365495,0.00965043,0.0195661,0.0325853,0.0425317,0.0442374,0.0431618,0.0455312,0.0451269,0.0396302,0.0350906,0.0274316,0.0184875,0.00813075,0.00201156,-0.00153746,-0.00171526,-0.000717659,-0.000521533,-0.000154511,-1.58922e-05,0.0,0.0,0.0,-1.20929e-05,-8.70156e-05,-0.000652569,-0.000704963,-0.000417194,0.00234888,0.00421978,0.00979678,0.014889,0.0197728,0.0235823,0.0235549,0.0191146,0.0128519,0.00835052,0.00307039,0.00048513,-0.00214485,-0.00265739,-0.00153667,-0.000568348,-0.000514583,-0.000224428,-5.94733e-05,0.0,0.0,0.0,0.0,-1.4118e-06,-2.92862e-07,-0.000147012,-0.000453741,-0.000599328,0.000503865,-0.000172089,-0.00148436,-0.00316588,-0.0022705,-0.00362257,-0.00426847,-0.00534696,-0.00726454,-0.00822237,-0.00563326,-0.00231329,-0.00163946,-0.000939765,-0.000205338,0.000271167,-0.000123496,-2.24079e-05,0.0,0.0,0.0,0.0,0.0,0.0,0.0,-1.84419e-05,-0.000183947,-0.000640442,-0.0011487,-0.00214893,-0.0034817,-0.00475764,-0.00533446,-0.00547941,-0.00620393,-0.00646631,-0.00550571,-0.00407386,-0.00296697,-0.00166952,-0.000981611,-0.000656118,-0.000315112,-8.29232e-05,-1.59142e-05,0.0,0.0,0.0,0.0,0.0,0.0,0.0,0.0,0.0,0.0,