{"max":0.0261253,"min":-0.0233475,"acc":0.7659,"arr":[0.0,0.0,0.0,0.0,0.0,0.0,0.0,0.0,0.0,0.0,0.0,0.0,0.0,0.0,0.0,0.0,0.0,0.0,0.0,0.0,0.0,0.0,0.0,0.0,0.0,0.0,0.0,0.0,0.0,0.0,0.0,0.0,0.0,0.0,0.0,0.0,0.0,-2.21591e-05,-5.72338e-05,-7.10987e-05,-0.000102811,-3.73348e-05,-2.34143e-05,-6.12242e-05,-6.13054e-05,0.0,0.0,0.0,0.0,0.0,0.0,0.0,0.0,0.0,0.0,0.0,0.0,0.0,0.0,0.0,0.0,0.0,0.0,-1.34616e-05,-0.000100238,-0.000226735,-0.000274415,-0.000393104,-0.000637258,-0.000665389,-0.000874313,-0.00114914,-0.00118848,-0.000823445,-0.000679312,-0.000552646,-0.000507934,-0.000312434,-0.000117421,-1.3086e-05,0.0,0.0,0.0,0.0,0.0,0.0,0.0,-1.52601e-06,0.0,-2.30008e-05,-7.27787e-05,-0.000168045,-0.000357142,-0.000769144,-0.00110932,-0.00163894,-0.00215718,-0.0027363,-0.00273914,-0.00264629,-0.00284902,-0.0026418,-0.00216631,-0.00181574,-0.00150589,-0.000753322,-0.000337824,-6.56848e-05,0.0,0.0,0.0,0.0,0.0,0.0,0.0,-1.93622e-05,-7.64493e-05,-0.000102926,9.85475e-05,-0.000152506,-0.00110129,-0.00206305,-0.00176881,-0.00248343,-0.00279466,-0.00386208,-0.00390656,-0.00440979,-0.00362026,-0.00404008,-0.00387434,-0.00209508,0.000729661,0.00197248,0.00196587,0.00221653,0.00185135,0.000430832,0.00023151,0.0,0.0,0.0,-1.74884e-05,-5.05486e-05,-7.64102e-05,-0.000340139,-0.000152259,-0.000306529,-0.00157258,-0.00214749,-0.00206513,-0.00249157,-0.00195651,-0.00395991,-0.00390125,-0.00518014,-0.00340487,0.000251775,0.0042099,0.00830273,0.0109446,0.0116232,0.0106918,0.0086565,0.0050881,0.00133493,0.000440797,0.0,0.0,0.0,-1.91653e-06,-3.41196e-05,-0.000210606,-0.000674706,-0.000908016,-0.00119102,-0.00262543,-0.00202293,-0.000346275,0.00122917,0.00093259,-0.000369743,-0.00037345,-0.000503512,0.00143203,0.006232,0.011782,0.0174055,0.0216114,0.0187515,0.019515,0.0172899,0.0126359,0.00530826,0.00136177,6.5164e-05,0.0,0.0,-4.94504e-05,-0.000163279,-0.000800326,-0.0016868,-0.00205449,-0.00180815,-0.00237672,-0.00103224,0.00228895,0.00218294,0.00230038,0.00338777,0.003123,0.00156146,0.00298441,0.00575476,0.0104119,0.0137739,0.0168631,0.0170347,0.016971,0.0177983,0.0144546,0.00672971,0.00173304,0.000433855,0.0,-2.69196e-05,-0.000155731,-0.000598734,-0.00149578,-0.00208068,-0.00351411,-0.00307437,-0.00341859,-0.000544376,0.00253931,0.00411328,0.00616061,0.00660626,0.00442611,0.00145097,-0.000998368,-0.00286484,-0.00386156,-0.00202271,0.00213243,0.00633374,0.00925897,0.0116157,0.0107997,0.00565433,0.00192804,0.000238363,0.0,-2.91262e-05,-0.000141804,-0.000777889,-0.00168056,-0.00216088,-0.00369531,-0.00327102,-0.00236275,0.00128645,0.00550491,0.00697473,0.00886449,0.00814003,0.00248684,-0.00241531,-0.00832416,-0.0135222,-0.0154907,-0.0129546,-0.00870525,-0.00372883,0.00136065,0.00390656,0.00582353,0.00386049,0.000951404,0.0,0.0,-1.47102e-06,-6.42753e-05,-0.000585286,-0.00148423,-0.00196718,-0.00343331,-0.00274701,0.000474444,0.0050226,0.00945434,0.0131372,0.0126035,0.00640953,5.6009e-05,-0.00697876,-0.0150627,-0.0200305,-0.0219733,-0.0185436,-0.0140509,-0.00853936,-0.00429145,-0.000592768,0.00245514,0.00200094,0.000303036,0.0,0.0,0.0,-3.60827e-05,-0.000338849,-0.00109652,-0.0014715,-0.00304837,-0.00191155,0.00311787,0.00817956,0.0164094,0.0216799,0.0181103,0.00828115,-0.000470986,-0.00761853,-0.0154348,-0.0215141,-0.0233475,-0.0203932,-0.0162904,-0.0106918,-0.00662553,-0.00289587,0.000110412,0.00074167,0.000454556,0.0,0.0,0.0,-4.01508e-05,-0.000209542,-0.000773984,-0.00112626,-0.00299321,-0.00122113,0.00413926,0.0130596,0.0214846,0.0252951,0.0226177,0.0138733,0.00381966,-0.00386205,-0.0124823,-0.0198429,-0.0199114,-0.017539,-0.0129733,-0.00876785,-0.00573811,-0.00331943,-0.000796114,0.000359749,0.000363514,0.0,0.0,0.0,-4.09454e-05,-0.000193723,-0.000512098,-0.00167017,-0.00264776,-0.00276409,0.0022823,0.0127341,0.0211262,0.0261253,0.0234448,0.0147077,0.00589184,-0.00309531,-0.00966029,-0.0125973,-0.0126127,-0.011848,-0.0092384,-0.00753546,-0.00558971,-0.00377038,-0.0016763,-0.000114762,1.61164e-05,0.0,0.0,-1.92857e-05,-3.9482e-05,-0.000120563,-0.000629442,-0.00284385,-0.00427837,-0.00444002,-0.00353863,0.00569349,0.0127046,0.0170744,0.0155009,0.00724321,5.18564e-05,-0.00596241,-0.00893803,-0.0088542,-0.0053151,-0.00415672,-0.00574713,-0.0064379,-0.00492065,-0.00331767,-0.00156937,-0.000154397,-7.81166e-06,0.0,0.0,-4.40259e-05,-4.56774e-05,-9.98664e-05,-0.000834872,-0.00323638,-0.00651569,-0.00870192,-0.00941137,-0.00489386,-0.000647907,0.000765621,-0.00316441,-0.00916375,-0.0107853,-0.0117218,-0.0117992,-0.00798723,-0.0018296,-2.19143e-06,-0.00388623,-0.00414194,-0.00337747,-0.0028399,-0.00104268,-0.000206468,-5.77611e-05,-1.80924e-05,0.0,-2.08441e-05,-4.36363e-05,-8.9801e-05,-0.0010649,-0.00268521,-0.00559837,-0.00941636,-0.0124436,-0.0109395,-0.00972115,-0.0115949,-0.0141965,-0.0158998,-0.0155441,-0.0128578,-0.00945812,-0.00546362,0.000524277,0.00234604,-0.00297109,-0.00303438,-0.00237594,-0.001717,-0.00097472,-0.000444684,-0.000121144,-3.72491e-05,0.0,-1.65547e-05,-4.61688e-05,-0.000250117,-0.00129011,-0.00220776,-0.00373011,-0.00737776,-0.00981227,-0.0116351,-0.0143523,-0.0159281,-0.0181468,-0.0172214,-0.0151859,-0.0103397,-0.00696461,-0.00133712,0.00204128,0.00391784,0.000255583,-0.00254637,-0.00175211,-0.0010664,-0.000586475,-0.000407045,-4.79386e-05,-1.91567e-06,0.0,-6.13388e-06,-6.14752e-05,-7.8735e-05,-0.000854758,-0.00110493,-0.000131192,-0.00217355,-0.00680907,-0.0118061,-0.0169861,-0.01779,-0.0189191,-0.0186434,-0.0137219,-0.00913665,-0.00323728,0.00163594,0.00373919,0.00360801,0.000784214,-0.000929279,-0.00123712,-0.00111848,-0.000495426,-0.000309675,-1.44783e-05,0.0,0.0,0.0,-8.76289e-05,-4.2393e-05,0.000487155,0.00200172,0.00393543,0.00388518,-0.00160836,-0.00638377,-0.0120632,-0.0150575,-0.0167647,-0.0172658,-0.0115259,-0.00590222,0.00274958,0.00381367,0.00296721,0.00226199,0.00138939,-3.19622e-05,-0.000677444,-0.000802189,-0.000404948,-0.000250896,-5.23217e-05,0.0,0.0,0.0,-8.75078e-05,-5.84591e-05,0.000817546,0.00425065,0.00668053,0.010358,0.00758486,0.00393038,-0.00323707,-0.00645139,-0.00867325,-0.00890595,-0.00330619,0.00301271,0.00445096,0.00496141,0.00362891,0.00164537,0.00152691,0.000610112,9.27563e-05,-0.000439468,-0.000357533,-0.000181439,-1.65796e-05,0.0,0.0,0.0,-5.04571e-05,9.27064e-05,0.00107618,0.00305004,0.00811446,0.0127054,0.013878,0.0140284,0.0103853,0.00558886,0.00302847,0.00221328,0.00344097,0.00547124,0.00650492,0.00800729,0.00431811,0.00299463,0.00329618,0.00173701,0.000390076,-0.000561871,-0.000517766,-4.42733e-05,-1.15136e-07,0.0,0.0,0.0,-1.11626e-05,0.000477159,0.00116923,0.00212963,0.00584275,0.0104888,0.0149913,0.0156341,0.0151484,0.0145839,0.0130284,0.0104522,0.00906817,0.00977968,0.00865309,0.00614953,0.00446686,0.0034119,0.00228784,0.000921301,-0.000475613,-0.000402517,-0.000219982,-3.10578e-05,0.0,0.0,0.0,0.0,0.0,0.000360044,0.00071456,0.00197547,0.0037927,0.00489783,0.00820518,0.0110316,0.0129946,0.0138227,0.0129877,0.0115047,0.0084146,0.00511251,0.00381808,0.00288891,0.00109752,0.000481723,0.000409313,-0.000591036,-0.000325828,-0.000205154,-0.000104591,-1.19672e-05,0.0,0.0,0.0,0.0,0.0,-4.15882e-06,-0.000149771,0.000333396,0.000692839,0.000791823,0.000594092,0.00214482,0.00379255,0.00527667,0.00656747,0.00648192,0.00337969,0.00144728,0.00130504,-0.000456724,-0.000689443,-0.000914831,-0.000842804,-0.000243345,-5.28226e-06,-0.000199702,-6.32542e-05,-5.43963e-07,0.0,0.0,0.0,0.0,0.0,0.0,-7.69086e-06,-8.29904e-05,-0.000334839,-0.000739591,-0.000939709,-0.000325067,-0.000858212,-0.00202076,-0.00296329,-0.00226032,-0.00162185,-0.00183181,-0.00211299,-0.00188987,-0.00127404,-0.000790727,-0.00011622,0.000224234,0.000301865,-6.24762e-05,0.0,0.0,0.0,0.0,0.0,0.0,0.0,0.0,-4.88394e-06,-5.57593e-05,-0.000205005,-0.00028807,-0.000497067,-0.000872858,-0.00170433,-0.0018811,-0.00171204,-0.00180726,-0.00184078,-0.00163346,-0.00147027,-0.00111042,-0.000539574,-0.000147039,-6.1739e-05,-1.82724e-05,0.0,0.0,0.0,0.0,0.0,0.0,0.0,0.0,0.0,0.0,0.0,0.0,-7.871e-06,-7.39364e-05,-0.000145628,-0.000144603,-0.00015415,-0.000176681,-0.000138607,-0.000186896,-0.000257073,-0.000269889,