{"max":0.01955,"min":-0.019386,"acc":0.7665,"arr":[0.0,0.0,0.0,0.0,0.0,0.0,0.0,0.0,0.0,0.0,0.0,0.0,0.0,0.0,0.0,0.0,0.0,0.0,0.0,0.0,0.0,0.0,0.0,0.0,0.0,0.0,0.0,0.0,0.0,0.0,0.0,0.0,0.0,0.0,0.0,0.0,0.0,-2.21591e-05,-4.10289e-05,-2.57812e-05,-8.20819e-05,-3.73348e-05,-2.34143e-05,-4.38278e-05,-3.6764e-05,0.0,0.0,0.0,0.0,0.0,0.0,0.0,0.0,0.0,0.0,0.0,0.0,0.0,0.0,0.0,0.0,0.0,0.0,-1.34616e-05,-0.000100238,-0.000213313,-0.000194118,-0.000263378,-0.000514067,-0.000587558,-0.000802466,-0.000922587,-0.000916027,-0.000565103,-0.00051846,-0.000427169,-0.000423601,-0.000245761,-8.09869e-05,-7.43311e-06,0.0,0.0,0.0,0.0,0.0,0.0,0.0,0.0,0.0,-2.30008e-05,-6.95333e-05,-0.00012949,-0.000266666,-0.000600294,-0.000844012,-0.00123466,-0.00181408,-0.00251323,-0.00253214,-0.00225744,-0.00237714,-0.00181259,-0.00153003,-0.00124807,-0.00116449,-0.000575676,-0.000297148,-6.39889e-05,0.0,0.0,0.0,0.0,0.0,0.0,0.0,-1.10201e-05,-4.91112e-05,-0.000137473,-0.000297127,-0.000407223,-0.00109143,-0.00177784,-0.00138029,-0.0021573,-0.00274859,-0.00369997,-0.00358014,-0.00428537,-0.00409471,-0.00375379,-0.00367643,-0.00196999,6.22004e-05,0.00115583,0.0011402,0.00113577,0.000848791,0.000264583,0.00023151,0.0,0.0,0.0,-1.74884e-05,-5.05486e-05,-4.69155e-05,-0.000365252,-0.000413575,-0.000425869,-0.00152668,-0.00180511,-0.0015782,-0.00189145,-0.00197279,-0.00329268,-0.00348549,-0.00504191,-0.00371734,-0.00045595,0.00323672,0.00732198,0.00903621,0.00877863,0.00809119,0.00613622,0.00382017,0.00101702,0.000440797,0.0,0.0,0.0,-1.91653e-06,-2.63523e-06,-0.000142212,-0.000457176,-0.00101507,-0.00106949,-0.00190704,-0.00137854,-0.000595571,0.000159798,0.000570558,0.000751009,0.000752131,-0.000213234,0.00089839,0.00493938,0.00939161,0.0145288,0.0178348,0.0143904,0.0146678,0.0132818,0.0102199,0.00465358,0.00125767,6.5164e-05,0.0,0.0,-3.27907e-05,-8.76891e-05,-0.000588545,-0.00138219,-0.0020689,-0.00155558,-0.00154767,-0.00145626,0.00158043,0.00136998,0.00296075,0.00441552,0.00449349,0.00292724,0.0033737,0.00496952,0.00829578,0.0111279,0.0133044,0.0127767,0.0124224,0.0128102,0.0108661,0.00522674,0.00128666,0.000433855,0.0,-2.69196e-05,-0.000128449,-0.00047128,-0.00120093,-0.00204622,-0.00334468,-0.00280527,-0.00319757,-0.00198533,0.00143987,0.00377777,0.00552368,0.00574153,0.00326274,0.000730596,-0.00130035,-0.00304253,-0.00444281,-0.00303494,0.000750267,0.00405236,0.00638529,0.00840745,0.0081917,0.00426391,0.00153635,0.000238363,0.0,-2.91262e-05,-0.00013259,-0.000616938,-0.00136275,-0.00215124,-0.00349547,-0.00334367,-0.00315519,-0.000511118,0.00443183,0.0062,0.00676192,0.0055872,0.000834418,-0.00241772,-0.00733608,-0.0125311,-0.0138507,-0.0116322,-0.00787417,-0.00332676,0.0009519,0.00311886,0.00455336,0.00258796,0.000930232,0.0,0.0,-1.47102e-06,-5.8902e-05,-0.000482171,-0.00130348,-0.00183126,-0.00341577,-0.00333138,-0.000541045,0.00308416,0.00784007,0.0112686,0.0103609,0.00454654,-0.00112061,-0.00557123,-0.0127006,-0.0172553,-0.0187797,-0.0160898,-0.0117317,-0.00661449,-0.00301012,0.000137893,0.0023997,0.00179565,0.000113221,0.0,0.0,0.0,-3.79717e-06,-0.000235474,-0.000971219,-0.00124442,-0.00307764,-0.00226865,0.00189524,0.00647448,0.0129545,0.0170899,0.0139042,0.00546855,-0.000496972,-0.00602943,-0.0126171,-0.0177749,-0.019386,-0.0169126,-0.0130062,-0.00827912,-0.00508726,-0.00227764,-1.98479e-05,0.00028862,1.50603e-06,0.0,0.0,0.0,-3.86539e-06,-0.000120043,-0.00064214,-0.000719672,-0.00278395,-0.00166002,0.00306309,0.0105569,0.0166789,0.01955,0.0169732,0.00943412,0.0014089,-0.00419367,-0.0101295,-0.0157786,-0.0160413,-0.0140145,-0.0101233,-0.00652769,-0.00415742,-0.00255586,-0.000849703,-5.39053e-05,0.0,0.0,0.0,0.0,-2.38026e-05,-0.000124259,-0.000359987,-0.0010902,-0.00219507,-0.00257539,0.00209588,0.00931869,0.0156399,0.0194835,0.0177487,0.0100411,0.00233889,-0.00448232,-0.00853705,-0.0100636,-0.00967403,-0.00903307,-0.00693357,-0.0053352,-0.00378299,-0.00276014,-0.00133458,-0.000109895,0.0,0.0,0.0,0.0,-2.60405e-05,-8.22419e-05,-0.000463907,-0.00204258,-0.00334693,-0.00360375,-0.00221333,0.00462233,0.00901259,0.0127162,0.0119659,0.00473742,-0.00196627,-0.0081351,-0.010152,-0.00828807,-0.00377899,-0.00279792,-0.00400061,-0.00527962,-0.00367628,-0.00234504,-0.00119551,-0.000147398,0.0,0.0,0.0,0.0,-2.05476e-05,-5.58595e-05,-0.000586744,-0.00217696,-0.00468262,-0.00672568,-0.00681753,-0.00348657,-0.000871812,-2.49761e-05,-0.00284377,-0.00739238,-0.00950996,-0.0117676,-0.0124025,-0.00839148,-0.00234228,0.000420096,-0.00258788,-0.00361422,-0.00291801,-0.0020884,-0.00071378,-0.000188928,-2.04715e-05,-1.80924e-05,0.0,0.0,0.0,-3.9204e-05,-0.000771547,-0.0014049,-0.00345095,-0.00667901,-0.0091528,-0.00792629,-0.00717132,-0.00946417,-0.0116182,-0.0127627,-0.0123048,-0.0108616,-0.0087105,-0.00514563,-0.000127807,0.00209712,-0.0017641,-0.00242751,-0.00251221,-0.00153529,-0.000688937,-0.000407395,-8.38542e-05,-3.72491e-05,0.0,-9.34687e-06,0.0,-0.000142916,-0.000872976,-0.000885184,-0.00194338,-0.00489519,-0.00681149,-0.00872977,-0.0116248,-0.0134413,-0.015205,-0.0143765,-0.0124835,-0.00867818,-0.00606658,-0.00116554,0.00181056,0.00305101,0.001189,-0.00148429,-0.00153408,-0.00121555,-0.00052236,-0.000377067,-3.45261e-05,-1.91567e-06,0.0,-6.13388e-06,-5.09558e-05,1.25011e-05,-0.000610072,-0.000124367,0.000488433,-0.00119591,-0.00446228,-0.00893345,-0.0139738,-0.0149527,-0.0157978,-0.0155611,-0.0116543,-0.00792906,-0.00221462,0.0014767,0.00324356,0.00343169,0.00132392,-1.20606e-05,-0.000731582,-0.00121259,-0.000484694,-0.000284,-8.2609e-06,0.0,0.0,0.0,-8.76289e-05,1.27373e-06,2.40431e-05,0.0022062,0.00303699,0.00300484,-0.000346519,-0.00394295,-0.00872938,-0.0113562,-0.0131569,-0.0142544,-0.0104484,-0.00558103,0.00262806,0.00378167,0.00273068,0.00205113,0.00143229,0.00106236,-0.000222716,-0.000962673,-0.000488847,-0.000208711,-2.44587e-05,0.0,0.0,0.0,-8.75078e-05,-1.12173e-05,0.000287929,0.00300071,0.00462741,0.00728003,0.00556938,0.00388488,-0.00198019,-0.00550828,-0.00865848,-0.00905079,-0.00443429,0.00150402,0.00465727,0.0048719,0.0033037,0.00137621,0.0016658,0.00103503,-0.000141582,-0.000730866,-0.000240804,-0.000136212,0.0,0.0,0.0,0.0,-5.04571e-05,0.000204159,0.00101847,0.00190033,0.00571222,0.00929343,0.00986157,0.0103034,0.00790595,0.00282713,-0.000121935,-0.000749183,0.00100249,0.00398543,0.0060001,0.0070381,0.00340254,0.00249839,0.00276189,0.00139902,-2.44537e-05,-0.000503524,-0.000396081,-4.28916e-05,0.0,0.0,0.0,0.0,-1.11626e-05,0.000578055,0.00141495,0.00147653,0.00403452,0.00749025,0.0108774,0.0114672,0.0107179,0.00981655,0.00862559,0.00739144,0.00755295,0.00853217,0.00802238,0.0051537,0.00292602,0.0025156,0.00171321,0.000848341,-0.000360442,-0.000302637,-0.000161687,-3.10578e-05,0.0,0.0,0.0,0.0,0.0,0.000379306,0.000863148,0.00174765,0.00235402,0.00315042,0.00598004,0.00851528,0.00956321,0.00981045,0.0101044,0.0101197,0.00788598,0.00472915,0.00272961,0.00164198,0.000581214,0.000352615,0.000680493,-0.000421762,-0.000231497,-0.000118532,-4.58943e-05,-1.19672e-05,0.0,0.0,0.0,0.0,0.0,-4.15882e-06,-0.000129873,0.000409862,0.000647591,0.00108165,0.0013468,0.00267292,0.00386308,0.00542642,0.006524,0.00638479,0.00293339,0.000746001,0.000477576,-0.000973791,-0.000760954,-0.00073242,-0.000684551,-0.000218245,1.75085e-05,-0.000161829,-3.01172e-05,-5.43963e-07,0.0,0.0,0.0,0.0,0.0,0.0,-7.69086e-06,-8.29904e-05,-0.00024228,-0.000474151,-0.000540641,-0.000279134,-0.000541349,-0.00170776,-0.00270403,-0.00237315,-0.00201415,-0.00241141,-0.00243079,-0.00183519,-0.00135927,-0.00078989,-0.000115173,0.000224339,0.000301865,-6.24762e-05,0.0,0.0,0.0,0.0,0.0,0.0,0.0,0.0,-4.88394e-06,-5.36119e-05,-0.000143028,-0.000335407,-0.000793126,-0.000972338,-0.00147109,-0.00153541,-0.00136873,-0.00145602,-0.00140595,-0.0013326,-0.00129215,-0.00100164,-0.000480027,-0.000147039,-6.1739e-05,-1.82724e-05,0.0,0.0,0.0,0.0,0.0,0.0,0.0,0.0,0.0,0.0,0.0,0.0,-7.871e-06,-7.39364e-05,-0.000126578,-0.000114669,-0.000112775,-0.000131362,-9.0435e-05,-0.000151471,-0.000243181,-0.000269889,-0.000282008,-0.000121924,0.0,-1.40725e-05,-4.45043e-05,