{"max":0.0525813,"min":-0.0481671,"acc":0.7844,"arr":[0.0,0.0,0.0,0.0,0.0,0.0,0.0,0.0,0.0,0.0,0.0,0.0,0.0,0.0,0.0,0.0,0.0,0.0,0.0,0.0,0.0,0.0,0.0,0.0,0.0,0.0,0.0,0.0,0.0,0.0,0.0,0.0,0.0,0.0,0.000122573,0.000364834,0.000327341,0.000254261,0.000583339,0.000807771,0.00122141,0.000879734,0.000366283,0.000364245,0.000947816,0.000503481,0.000429874,0.0006325,0.000350683,0.0,0.0,0.0,0.0,0.0,0.0,0.0,0.0,0.0,0.0,1.76501e-05,3.03286e-05,0.0,3.02826e-05,0.000424736,0.00142362,0.00257589,0.00355118,0.00578259,0.00897924,0.00913756,0.0104314,0.0119111,0.0119735,0.0111959,0.0102221,0.00867081,0.00649651,0.0032192,0.00113357,0.000126278,0.0,0.0,0.0,0.0,0.0,0.0,0.0,0.00013161,0.000198056,-2.60975e-05,-1.73878e-05,0.00046732,0.00137395,0.00350924,0.0056797,0.00795492,0.011499,0.015142,0.019082,0.0241766,0.0281604,0.0277158,0.0287096,0.0247118,0.015524,0.0066665,0.00299042,0.000331826,-6.83052e-05,-4.472e-05,0.0,0.0,0.0,0.0,0.0,-3.76938e-05,-7.34544e-05,-0.000288195,-0.000431011,-8.37318e-05,0.000829042,0.00249822,0.00352552,0.00470681,0.00641449,0.010495,0.0151364,0.0211894,0.0255142,0.0274126,0.0265947,0.0192762,0.0104317,0.00415571,0.00218163,0.000132943,-8.48803e-05,-1.33827e-05,-2.44601e-05,0.0,0.0,0.0,-1.19553e-05,-3.45557e-05,-4.45731e-05,-0.000427727,-0.00114126,-0.00198932,-0.00139303,-0.000627688,-0.000688245,-0.00193483,-0.000247595,0.00199203,0.00516787,0.00848125,0.011276,0.00875724,0.00291804,-0.00291564,-0.00441781,-0.00436726,-0.00281945,-0.00228144,-0.00118817,-0.000121749,-6.9996e-05,0.0,0.0,0.0,-1.31017e-06,-6.57222e-05,-9.38962e-05,-0.000983428,-0.00248151,-0.00418803,-0.00419797,-0.00457704,-0.00603697,-0.0074036,-0.00518939,-0.00165616,-0.00231035,-0.00257168,-0.00750194,-0.0190588,-0.0251296,-0.0247547,-0.0201602,-0.0132746,-0.0080357,-0.00504369,-0.00299756,-0.00104857,-0.000226576,-1.2713e-05,0.0,0.0,-7.80543e-05,-0.000292092,-0.00102891,-0.00263421,-0.00422424,-0.00636409,-0.00708739,-0.00810862,-0.0121551,-0.00890062,-0.0061761,-0.00381576,-0.00419608,-0.0104459,-0.0253622,-0.037795,-0.0421485,-0.0379584,-0.0288738,-0.0200603,-0.0124776,-0.00711722,-0.00374759,-0.001471,-0.000468407,-6.31847e-05,0.0,-2.53473e-05,-0.000221357,-0.000724871,-0.00188195,-0.0036763,-0.0056533,-0.00737943,-0.0078492,-0.012146,-0.0139835,-0.00625598,-0.00215871,-1.88198e-05,-0.000364846,-0.0153531,-0.0335006,-0.0452523,-0.0481671,-0.0420128,-0.0316622,-0.0219547,-0.0136205,-0.00767964,-0.00354678,-0.00129939,-0.000371408,-2.27544e-05,0.0,-2.74249e-05,-0.000179818,-0.000961577,-0.00208626,-0.0037812,-0.00586792,-0.00763472,-0.00888667,-0.0140089,-0.0090923,-0.000713063,0.00556097,0.00892096,0.00222948,-0.0170115,-0.0351825,-0.0439108,-0.0456571,-0.0389173,-0.0309863,-0.0206835,-0.0130652,-0.00718098,-0.00305511,-0.00078788,-0.000151529,0.0,0.0,-1.3851e-06,-9.67495e-05,-0.0007271,-0.00191273,-0.00331284,-0.00548489,-0.00720442,-0.00973894,-0.00893281,-0.00116892,0.00994195,0.015819,0.013179,-0.00352119,-0.0220606,-0.0342406,-0.0388714,-0.0385223,-0.0319127,-0.0222383,-0.0157493,-0.00971784,-0.00538777,-0.00209813,-0.000584568,-0.000130195,0.0,0.0,-1.95255e-06,-8.97177e-05,-0.000456926,-0.00153214,-0.00256747,-0.00496664,-0.00681176,-0.00857661,-0.00158334,0.00933901,0.0180213,0.0207264,0.00952139,-0.010167,-0.0234509,-0.0283577,-0.028795,-0.0274918,-0.0197065,-0.0106106,-0.00520731,-0.00286514,-0.00161447,-0.00084397,-0.000281601,1.80142e-05,0.000202508,0.0,-7.70172e-06,-0.000110757,-0.000332838,-0.00128367,-0.00193505,-0.00398897,-0.00598067,-0.00370021,0.00559724,0.0176415,0.0249033,0.0185136,0.00102584,-0.0148871,-0.0209024,-0.0190783,-0.0169496,-0.0116283,-0.00481987,0.0028386,0.00598817,0.0024134,0.00209558,0.000932535,-0.000117871,0.000303984,0.000234971,0.0,0.0,-8.69825e-05,-0.000288407,-0.00108187,-0.00133283,-0.00442037,-0.00461534,0.00168088,0.0120754,0.0240701,0.0237412,0.00969777,-0.00641842,-0.0128322,-0.00812061,-0.00216745,0.00107556,0.00632518,0.0116139,0.0160732,0.013711,0.0075365,0.00484876,0.00254292,0.00042217,0.000343813,6.33802e-05,0.0,-1.57208e-05,-5.33923e-05,-0.000197304,-0.00114698,-0.00205136,-0.00463209,-0.00130478,0.00681112,0.0196734,0.0270777,0.0176476,0.00211144,-0.00813129,-0.0050829,0.00269806,0.00634227,0.00578984,0.0121179,0.0231684,0.0287857,0.021783,0.0119127,0.00752773,0.00305122,0.000567644,-4.98515e-06,0.0,0.0,-3.58878e-05,-6.08135e-05,-0.000158078,-0.00119043,-0.00271241,-0.00306223,0.00216002,0.0114951,0.0259673,0.028981,0.0147832,0.00164656,-0.00216186,0.00211051,0.00630758,0.00245955,0.00164736,0.00987499,0.0250944,0.0335267,0.0272837,0.0150211,0.00762477,0.00274587,0.000341936,-0.000154717,-1.88241e-05,0.0,-1.69911e-05,-4.91296e-05,-0.000140318,-0.00124221,-0.00267454,-0.00265826,0.00407569,0.0170092,0.0327618,0.0352259,0.0195448,0.00801892,0.00329726,0.0054382,-0.00161036,-0.00902007,-0.00406885,0.00996087,0.0266324,0.0315257,0.0246909,0.0129229,0.00512855,0.00196338,-0.000218536,-0.000259651,-3.87555e-05,0.0,-1.31067e-05,-4.59179e-05,-0.000338521,-0.00198071,-0.00342715,-0.00485142,0.00449936,0.0213604,0.0384717,0.0448728,0.0320504,0.0170807,0.0101713,0.00312903,-0.00772988,-0.00848596,0.00259265,0.0203224,0.0319928,0.0272689,0.0198276,0.00875241,0.00189118,-3.03066e-05,-0.000568482,-0.000104865,-1.99314e-06,0.0,-4.74551e-06,-0.000113632,-0.000523972,-0.00259811,-0.00533392,-0.00693212,0.00116509,0.0200711,0.0396653,0.0521768,0.0430656,0.0285542,0.0153799,0.00351601,-0.000303826,0.00577211,0.0227234,0.0337744,0.031048,0.0222327,0.0135087,0.00267826,-0.00130523,-0.00180652,-0.000621181,-2.66379e-05,0.0,0.0,0.0,-0.000164369,-0.000811836,-0.00340036,-0.00765178,-0.0101082,-0.00529463,0.0127002,0.0317881,0.0518863,0.0525813,0.0414742,0.0289544,0.0213168,0.0213648,0.0254738,0.0335983,0.0314421,0.0235486,0.013765,0.00368237,-0.00286051,-0.00359023,-0.0015998,-0.000490297,-0.000102294,0.0,0.0,0.0,-0.000150859,-0.000888943,-0.0034505,-0.00826934,-0.0126883,-0.0136071,-0.00327888,0.0103234,0.0319529,0.0458613,0.0468039,0.0413094,0.0375764,0.0347318,0.031126,0.0272883,0.0176834,0.00763788,0.000224593,-0.00417963,-0.00563522,-0.00332297,-0.00157054,-0.000430282,-4.10779e-05,0.0,0.0,0.0,-9.11062e-05,-0.000761859,-0.00272028,-0.00712525,-0.0130109,-0.017594,-0.0194844,-0.0134449,-0.00144442,0.0142836,0.0245806,0.0284415,0.0250832,0.0181746,0.010353,0.00149907,-0.00488225,-0.00624244,-0.00665631,-0.00612335,-0.00396549,-0.00223417,-0.00121461,-0.000200883,-2.85263e-07,0.0,0.0,0.0,-1.51421e-05,-0.000495885,-0.00164337,-0.00449735,-0.00952692,-0.0162216,-0.0241486,-0.0297522,-0.0306318,-0.0274462,-0.0240344,-0.0229786,-0.0240974,-0.0247131,-0.0240284,-0.0189794,-0.0147841,-0.00991277,-0.00613599,-0.00352922,-0.00201608,-0.00107313,-0.000489579,-7.66605e-05,0.0,0.0,0.0,0.0,0.0,-0.000148858,-0.000831941,-0.00229056,-0.00509077,-0.0100562,-0.0171457,-0.0248081,-0.0322473,-0.0390384,-0.0415695,-0.0398342,-0.0367355,-0.0317324,-0.0245455,-0.0170458,-0.0107241,-0.00623643,-0.00331835,-0.00165922,-0.000835138,-0.00056485,-0.00023936,-4.40575e-05,0.0,0.0,0.0,0.0,0.0,-2.71897e-06,-0.000163054,-0.000550721,-0.00154714,-0.0038962,-0.00729971,-0.0113944,-0.0160771,-0.0196044,-0.0208052,-0.0205224,-0.0187941,-0.0160103,-0.0124186,-0.00842572,-0.00535868,-0.00323055,-0.0019134,-0.00112666,-0.000703113,-0.000362311,-0.0001313,-1.12086e-06,0.0,0.0,0.0,0.0,0.0,0.0,-8.46529e-06,-0.000161561,-0.00052636,-0.00133878,-0.00265108,-0.00413551,-0.00615596,-0.00708451,-0.00697224,-0.00672034,-0.00572639,-0.00548668,-0.0050271,-0.003715,-0.00240238,-0.00140567,-0.000792298,-0.000477523,-0.000234337,-0.000135042,-3.53785e-05,0.0,0.0,0.0,0.0,0.0,0.0,0.0,-1.43957e-05,-9.47877e-05,-0.000260282,-0.000522777,-0.0011511,-0.00159064,-0.00220858,-0.00242823,-0.00244559,-0.00244762,-0.00231539,-0.00201016,-0.00180978,-0.00144752,-0.000846841,-0.000338151,-7.996e-05,-5.86051e-05,-4.0548e-05,-8.07449e-06,0.0,0.0,0.0,0.0,0.0,0.0,0.0,0.0,0.0,0.0,-8.05812e-06,-7.39831e-05,-0.000146188,-0.00014234,-0.000172265,-0.000233082,-0.00023407,-0.000247224,-0.000335573,-0.000330445,