{"max":0.00252,"min":-0.0021602,"acc":0.1251,"arr":[0.0,0.0,0.0,0.0,0.0,0.0,0.0,0.0,0.0,0.0,0.0,0.0,0.0,0.0,0.0,0.0,0.0,0.0,0.0,0.0,0.0,0.0,0.0,0.0,0.0,0.0,0.0,0.0,0.0,0.0,0.0,0.0,0.0,0.0,0.0,0.0,0.0,0.0,0.0,0.0,0.0,0.0,0.0,0.0,0.0,0.0,0.0,0.0,0.0,0.0,0.0,0.0,0.0,0.0,0.0,0.0,0.0,0.0,0.0,0.0,0.0,0.0,0.0,0.0,0.0,0.0,0.0,0.000112941,0.000372353,0.0,0.0,0.000158824,0.000820588,0.00104118,0.00103765,0.000218824,0.0,0.0,0.0,0.0,0.0,0.0,0.0,0.0,0.0,0.0,0.0,0.0,0.0,0.0,0.0,0.0,0.0,0.0,-2.2549e-05,0.000138235,0.000309412,3.82353e-05,0.000779804,0.00117902,0.00127451,0.00157196,0.00112941,0.000605294,0.000896471,0.000490588,0.000197647,0.0,0.0,0.0,0.0,0.0,0.0,0.0,0.0,0.0,0.0,0.0,-2.70588e-05,-9.68628e-05,-0.000141569,-0.000241961,-0.000313333,-0.00011,-0.000223333,0.000179216,0.00103686,0.000845883,0.000981765,0.000694902,0.000225098,0.000380784,0.000705882,0.00039098,0.00030451,3e-05,0.0,0.0,0.0,0.0,0.0,0.0,0.0,0.0,0.0,-1.82353e-05,-0.000117647,-0.000266275,-0.000452549,-0.000509412,-0.000735294,-0.000573922,-0.000353137,0.000304706,0.000343137,0.000229608,0.000142353,-0.000689608,-0.00055902,-7.92157e-05,-2.66667e-05,-4.11769e-06,-0.000123137,-8.19608e-05,-4.86275e-05,-1e-05,0.0,0.0,0.0,0.0,0.0,0.0,0.0,-6.66667e-05,-0.00021451,-0.000475098,-0.000612549,-0.000742745,-0.00106627,-0.000945098,-0.000395882,-0.000167059,-0.000250784,-0.000219412,-0.00103588,-0.00158275,-0.00132353,-0.00116667,-0.000852353,-0.000536863,-0.000269608,-0.000106471,-0.00012451,-0.000133529,-1.56863e-06,0.0,0.0,0.0,0.0,0.0,-4.2549e-05,-0.000153922,-0.000299608,-0.000504118,-0.000789216,-0.00113745,-0.00144235,-0.000187059,-0.000190588,-0.000506275,-0.000526863,-0.00103098,-0.0014749,-0.00189137,-0.00198961,-0.00166569,-0.00127706,-0.000790588,-0.000425294,-0.00020902,-0.000154902,-0.000160196,-4.27451e-05,0.0,0.0,0.0,0.0,0.0,-6.88235e-05,-0.000248235,-0.000361176,-0.000561373,-0.000925686,-0.00149549,-0.00128157,0.000398627,-6.23529e-05,-0.000531961,-0.000252549,-0.00107588,-0.00128647,-0.00169882,-0.00189647,-0.00172353,-0.00139216,-0.000992745,-0.000544314,-0.000261569,-0.000178824,-9.54902e-05,-2.41177e-05,0.0,0.0,0.0,0.0,-2.23529e-05,-8.27451e-05,-0.000200588,-0.00027451,-0.000542745,-0.00108235,-0.00155216,-0.000497059,0.000355098,-7.68628e-05,0.000215098,-0.000151961,-0.000559608,-0.00104314,-0.00160118,-0.00158686,-0.00146529,-0.00148902,-0.00115882,-0.00060451,-0.000234118,-0.000127843,-7.41177e-05,-3.64706e-05,0.0,0.0,0.0,0.0,-4.66667e-05,-0.000137059,-0.000190784,-0.000347843,-0.000682157,-0.0011498,-0.000826667,0.000540588,0.000141176,0.000224706,0.000425098,0.000221373,0.000136667,-0.000529608,-0.000635098,-0.000528235,-0.000557255,-0.000553137,-0.000532157,-0.000454902,-0.000126078,-3.09804e-05,-1.41176e-05,-4.11765e-06,0.0,0.0,0.0,0.0,-4.35294e-05,-0.000141961,-0.000256863,-0.000426275,-0.000837647,-0.0010398,2.74502e-06,0.000878235,-0.000170196,0.000762157,0.000569804,0.000589216,8.88235e-05,-0.000643726,-0.000670588,-0.000520196,-0.000103922,0.000178627,0.000130784,0.000111961,0.000105098,2.68627e-05,0.0,0.0,0.0,0.0,0.0,0.0,-1.98039e-05,-0.00011549,-0.000247647,-0.000503137,-0.000817059,-0.000156667,0.000656471,0.000736471,0.000464314,0.000764902,0.000415098,0.000170588,-0.000503922,-0.000697843,-0.000586471,-0.000307843,0.00017098,0.000585882,0.000732745,0.000172353,0.000292157,0.000194314,0.0,0.0,0.0,0.0,0.0,0.0,0.0,-4.64706e-05,-0.000193137,-0.000347059,-0.000304706,0.000163137,0.000841373,0.000641765,0.00082647,0.000665098,0.000289216,-0.000476667,-0.00101333,-0.00121745,-0.000855294,6.09804e-05,0.00071902,0.00100137,0.000756863,0.000284902,0.000228627,0.000203137,0.0,0.0,0.0,0.0,0.0,0.0,0.0,-3.64706e-05,-0.000187843,-0.000177451,-4.7255e-05,0.000396863,0.00104529,0.00136431,0.00163255,0.000932353,0.000276471,-0.000930196,-0.00145824,-0.00174608,-0.00119647,-0.00050902,0.000893333,0.00106824,0.000857059,0.000453137,0.00021549,0.000156275,0.0,0.0,0.0,0.0,0.0,0.0,0.0,-1.66667e-05,6.2745e-06,3.86274e-05,0.000178431,0.000532941,0.00139412,0.00238216,0.0017502,0.000212549,-0.000328235,-0.0014749,-0.00153824,-0.00128176,-0.00101667,-0.00037549,0.000448235,0.00115608,0.00104608,0.000554706,0.000235882,0.000135686,0.0,0.0,0.0,0.0,0.0,0.0,-3.52941e-06,-1.68627e-05,0.000267843,6.45098e-05,0.000138824,0.000590196,0.00208275,0.00252,0.00133078,-0.000491373,-0.00120804,-0.00155706,-0.0011651,-0.000864706,-0.000247451,0.000207255,0.000569411,0.0010398,0.00108863,0.000740784,0.00024098,-1.2549e-05,0.0,0.0,0.0,0.0,0.0,0.0,-3.23529e-05,-7.64706e-05,0.000302353,5.05882e-05,5.07843e-05,0.000505686,0.00203824,0.00229255,0.00144922,-0.000290196,-0.000938431,-0.000814314,-0.000790981,-0.00047451,0.000209412,0.000651176,0.000359412,0.00072549,0.000728039,0.000223922,-9.35294e-05,-6.41177e-05,-2.66667e-05,0.0,0.0,0.0,0.0,-1.88235e-05,-8.92157e-05,-0.000143333,7.21569e-05,7.68627e-05,-0.000132157,0.000341961,0.00154961,0.00187549,0.0017802,0.000946078,0.000300784,2.50979e-05,-1.25493e-05,0.000267255,0.00061451,0.000461372,0.000514902,0.000544902,8.88235e-05,-0.000200196,-0.000223529,-0.000122353,-4.13726e-05,0.0,0.0,0.0,0.0,-2.37255e-05,-0.000107843,-0.000169804,-0.000235686,-0.000431765,-0.000691569,-0.000247255,0.000711961,0.00165177,0.00176314,0.00163333,0.00106059,0.000385882,0.000107647,0.00015647,0.000548824,0.000700784,0.000421373,-0.000128824,-0.000159804,-0.000295098,-0.000187843,-8.98039e-05,-2.54902e-06,0.0,0.0,0.0,0.0,-7.45098e-06,-6.33333e-05,-0.000178039,-0.000293922,-0.000621569,-0.000827843,-0.000853333,-0.000292157,0.000588824,0.00167157,0.00200961,0.00172824,0.000976667,0.000817255,0.000950588,0.00107569,0.000269216,-0.00013,-0.000344118,-0.000303529,-0.000305098,-0.000193922,-4.68628e-05,0.0,0.0,0.0,0.0,0.0,0.0,-7.84314e-06,-0.000117255,-0.000344314,-0.000618235,-0.000825883,-0.00133627,-0.00169608,-0.00139059,-7.54905e-05,0.00147,0.00198471,0.00157431,0.00101922,0.000622549,-2.90197e-05,-0.00076902,-0.000737451,-0.000426078,-0.000210196,-0.000190392,-0.000137059,-5.66667e-05,0.0,0.0,0.0,0.0,0.0,0.0,0.0,-6.7451e-05,-0.000280588,-0.000498824,-0.000689412,-0.00112863,-0.00177745,-0.0021602,-0.00208177,-0.00138333,-0.000928039,-0.00099451,-0.00103647,-0.00112196,-0.00107961,-0.00094098,-0.000476275,-0.00028451,-0.000171373,-5.29412e-05,-3.5098e-05,0.0,0.0,0.0,0.0,0.0,0.0,0.0,0.0,-2.43137e-05,-0.000136275,-0.000291569,-0.000514314,-0.000820588,-0.00129431,-0.00180216,-0.00197294,-0.00180569,-0.00166392,-0.0016498,-0.0017498,-0.0015198,-0.000997451,-0.000610588,-0.000344706,-0.00020902,-0.000141961,-5.11765e-05,-1.11765e-05,0.0,0.0,0.0,0.0,0.0,0.0,0.0,0.0,0.0,-2.82353e-05,-0.000137843,-0.000224118,-0.000312157,-0.000483922,-0.000639804,-0.000698431,-0.000686667,-0.000779412,-0.000769804,-0.000795686,-0.000727843,-0.000458039,-0.000359412,-0.000203137,-0.000132941,-0.000100196,-2.33333e-05,0.0,0.0,0.0,0.0,0.0,0.0,0.0,0.0,0.0,0.0,0.0,0.0,0.0,-5.88235e-07,-2.84314e-05,-6.54902e-05,-0.000102549,-7.4902e-05,-0.000128039,-0.000113726,-0.000211961,-0.000338824,-0.000340588,-0.000240196,-8.01961e-05,-5.5098e-05,-4.68628e-05,-6.27451e-06,0.0,0.0,0.0,0.0,0.0,0.0,0.0,0.0,0.0,0.0,0.0,0.0,0.0,0.0,0.0,0.0,0.0,0.0,-5.15686e-05,-6.01961e-05,-8.90196e-05,-0.000189412,-0.000231176,-0.00011098,-5.54902e-05,-1.70588e-05,0.0,0.0,0.0,0.0,0.0,0.0,0.0,0.0,0.0,0.0,0.0,0.0,0.0,0.0,0.0,0.0,0.0,0.0,0.0,0.0,0.0,0.0,-1.11765e-05,-4.94118e-05,-4.62745e-05,0.0,0.0,0.0,0.0,0.0,0.0,0.0,0.0,0.0,0.0]}