{"max":0.0884041,"min":-0.0799807,"acc":0.8291,"arr":[0.0,0.0,0.0,0.0,0.0,0.0,0.0,0.0,0.0,0.0,0.0,0.0,0.0,0.0,0.0,0.0,0.0,0.0,0.0,0.0,0.0,0.0,0.0,0.0,0.0,0.0,0.0,0.0,0.0,0.0,0.0,0.0,0.0,0.0,0.000315393,0.00077467,0.00122702,0.000549652,0.000583339,0.000807771,0.00139561,0.00177748,0.0010781,0.000297756,0.00110022,0.000929349,0.000728465,0.000944264,0.0005753,4.90967e-06,0.0,0.0,0.0,0.0,0.0,0.0,0.0,0.0,0.0,8.00757e-06,2.70036e-05,0.0,0.000407305,0.00125461,0.00320972,0.00388112,0.00498496,0.00803894,0.0129088,0.0160324,0.0194692,0.0210663,0.0222642,0.0182972,0.0150135,0.012275,0.009332,0.00500584,0.00170408,0.000299044,0.0,0.0,0.0,0.0,0.0,0.0,-1.76515e-06,0.00010368,0.000188746,-1.72159e-05,0.00050872,0.00105895,0.00301512,0.00583122,0.00821698,0.0116456,0.0183203,0.0263836,0.0353004,0.0423228,0.0466185,0.046162,0.0456748,0.0381727,0.0219662,0.0106212,0.00485742,0.000557647,-0.000135283,-0.000122716,-1.91928e-05,0.0,0.0,0.0,-6.73966e-06,-3.76938e-05,-0.000102027,-0.000243728,-0.000198796,-0.000187383,0.00198956,0.00440794,0.00422876,0.00530683,0.0113116,0.0205164,0.0269959,0.0348897,0.041778,0.0437183,0.041007,0.0298867,0.0164137,0.00777815,0.00408487,0.000556018,-0.000138463,-0.000124896,-4.27519e-05,0.0,0.0,0.0,-2.29463e-05,6.33332e-05,-0.000209233,-0.000812575,-0.00207712,-0.00371336,-0.00253418,-0.00193476,-0.00309796,-0.00364736,0.00128355,0.00495381,0.00881442,0.0120193,0.0164016,0.0114698,0.0043403,-0.00445172,-0.00789728,-0.00786266,-0.00492053,-0.00270277,-0.00153938,-0.000217324,-0.000121522,0.0,0.0,0.0,-1.31017e-06,-0.000256567,-0.000608577,-0.00196068,-0.00486641,-0.00776156,-0.00745227,-0.00874588,-0.0116959,-0.00928131,-0.00763635,-0.00491538,-0.00665393,-0.00851634,-0.0167779,-0.0320867,-0.0402053,-0.0398388,-0.0339808,-0.0230199,-0.0131059,-0.00757552,-0.00412485,-0.00130749,-0.000258116,-4.8029e-05,0.0,-1.54557e-05,-0.000122588,-0.000601964,-0.00206026,-0.00467984,-0.00815368,-0.0110408,-0.011835,-0.0141902,-0.0168672,-0.012902,-0.011799,-0.0101038,-0.0103454,-0.0211248,-0.0438165,-0.0626556,-0.0680652,-0.0623884,-0.0481644,-0.0334954,-0.0207072,-0.0110612,-0.00587738,-0.00246604,-0.00035814,-7.5756e-05,0.0,-4.0143e-05,-0.000286875,-0.00134103,-0.00363151,-0.00626944,-0.0103331,-0.0119021,-0.0122175,-0.0169015,-0.0178435,-0.00954835,-0.00679331,-0.00278751,-0.00337104,-0.027759,-0.056135,-0.0742107,-0.0799807,-0.0697174,-0.053251,-0.0367244,-0.0229585,-0.01275,-0.00653151,-0.00235304,-0.000273077,-2.27544e-05,0.0,-5.71426e-05,-0.000322554,-0.00161536,-0.00360686,-0.00631417,-0.0103665,-0.0106037,-0.0108457,-0.0163637,-0.0104013,-0.00294247,0.00692306,0.0139212,0.000660306,-0.0311628,-0.058871,-0.0744311,-0.0777886,-0.0673045,-0.0517517,-0.0348422,-0.0217068,-0.011331,-0.00559221,-0.00152966,-0.0001421,0.0,0.0,-4.68615e-05,-0.000215283,-0.00115374,-0.00312593,-0.00557982,-0.00901491,-0.00821328,-0.00920862,-0.00896249,-0.000768336,0.0104258,0.0261173,0.0221613,-0.00717475,-0.0385689,-0.0586793,-0.0664256,-0.0649215,-0.0540721,-0.0375048,-0.0248221,-0.0149787,-0.00782346,-0.00357076,-0.00112951,-4.88432e-05,-1.30425e-05,0.0,-1.46132e-05,-0.000136414,-0.000659914,-0.00239656,-0.00445762,-0.00724195,-0.00579609,-0.00692111,0.000874632,0.0102618,0.025508,0.0363,0.0165429,-0.0179208,-0.0416521,-0.0474316,-0.0474425,-0.0435736,-0.0310689,-0.0172073,-0.00751451,-0.00278157,-0.000673358,-0.00034031,-0.000218195,0.000190559,0.000190525,0.0,-8.1693e-06,-0.000113913,-0.000453835,-0.00209883,-0.00395529,-0.00562532,-0.00493603,-0.000737036,0.0100574,0.0233216,0.0394068,0.0322791,0.0019,-0.0267559,-0.0330844,-0.0276688,-0.0245508,-0.0165538,-0.00413691,0.00803057,0.0124914,0.00885455,0.00609317,0.00300302,0.000533977,0.000377595,0.000234971,0.0,-1.12277e-06,-9.60395e-05,-0.00042198,-0.00226504,-0.00388319,-0.00578354,-0.00349295,0.0057062,0.0188257,0.0358175,0.0403596,0.0175732,-0.0127475,-0.0228107,-0.0134463,-0.00101543,0.0046984,0.0100574,0.0194256,0.0264717,0.0251399,0.01904,0.0124938,0.00557498,0.000685208,0.000256128,6.33802e-05,0.0,-1.73675e-05,-6.94896e-05,-0.000388739,-0.00249361,-0.00450345,-0.00628341,-0.00105081,0.0115009,0.0300048,0.0433459,0.0332044,0.00475755,-0.0149269,-0.0094843,0.00524889,0.01354,0.00942018,0.0170888,0.0333747,0.042108,0.0365185,0.025732,0.0160188,0.0060152,0.000599329,-0.000163834,0.0,0.0,-3.58878e-05,-7.76198e-05,-0.000430709,-0.00278472,-0.00534783,-0.00595477,0.00230082,0.0179742,0.0413821,0.0486165,0.0279869,0.00284629,-0.0043843,0.00527655,0.013644,0.00660205,0.00297931,0.013642,0.0365757,0.0481697,0.0436106,0.0280405,0.015333,0.00547692,0.000612306,-0.000198064,-1.88241e-05,0.0,-2.20425e-05,-7.87848e-05,-0.000582195,-0.0028569,-0.00670934,-0.00727912,0.00406686,0.0266159,0.0534537,0.0589883,0.0327923,0.0105819,0.00535206,0.00903923,-0.00096969,-0.0130865,-0.00929682,0.0133241,0.039975,0.0482408,0.0393533,0.0234935,0.00986832,0.00308639,-0.000527277,-0.000645635,-3.87555e-05,0.0,-1.64216e-05,-9.05104e-05,-0.000834649,-0.0043346,-0.00896879,-0.0104743,0.00428687,0.0327106,0.0609714,0.0724488,0.0524641,0.0285456,0.017001,0.00416958,-0.0142522,-0.0154165,-0.000134973,0.0309951,0.0495948,0.0421447,0.0308019,0.0164271,0.0049155,-0.00058793,-0.00104592,-0.000318509,-1.99314e-06,0.0,-4.74551e-06,-0.000198386,-0.00127584,-0.00574268,-0.0124057,-0.014122,-0.00181387,0.0282824,0.0637686,0.084363,0.0727508,0.0498404,0.0265374,0.0070682,-0.000680723,0.0101436,0.0349444,0.0529678,0.0475436,0.0340548,0.0211678,0.00634566,-0.000381912,-0.0030651,-0.0013914,-9.93064e-05,0.0,0.0,0.0,-0.00035901,-0.00192784,-0.00701248,-0.015596,-0.0203824,-0.0131134,0.0140545,0.0489606,0.0840119,0.0884041,0.0702039,0.0475962,0.0320233,0.0337463,0.0452514,0.0544626,0.0503208,0.0343397,0.0202634,0.0059512,-0.00374992,-0.00543833,-0.00361426,-0.00135893,-7.88432e-05,0.0,0.0,0.0,-0.000335722,-0.00191248,-0.00685499,-0.0157781,-0.0239249,-0.0255867,-0.0107813,0.0150552,0.0537419,0.0768201,0.0771206,0.0658493,0.0594628,0.0573045,0.0527327,0.0432846,0.0272837,0.0113394,0.00026102,-0.00691149,-0.00857319,-0.00592231,-0.00307857,-0.0010161,8.80181e-05,0.0,0.0,0.0,-0.000190208,-0.00132573,-0.00504919,-0.0129344,-0.0231802,-0.0305878,-0.0339061,-0.0226004,0.00113233,0.0260362,0.0411504,0.0464093,0.0418846,0.0312944,0.0174184,0.00191842,-0.00759945,-0.0105761,-0.0120632,-0.0106372,-0.00732466,-0.00425511,-0.00233603,-0.000521445,0.000246436,0.0,0.0,0.0,-5.89513e-05,-0.000752631,-0.0027222,-0.00801153,-0.0168254,-0.0273307,-0.0393234,-0.0469905,-0.0460877,-0.0425171,-0.0377764,-0.0347203,-0.0339658,-0.0357935,-0.0365518,-0.0314228,-0.0249784,-0.017911,-0.0115145,-0.00639848,-0.00375101,-0.00212264,-0.00112914,-0.00025362,0.000116986,0.0,0.0,0.0,-1.25867e-05,-0.000204511,-0.00120171,-0.00349166,-0.00819831,-0.0161667,-0.0263372,-0.037704,-0.0498334,-0.0608228,-0.0656494,-0.064729,-0.0594883,-0.0508499,-0.0391997,-0.0277358,-0.0179834,-0.0107737,-0.00596868,-0.00300397,-0.00155009,-0.000965302,-0.000527933,-0.000108109,-6.76407e-06,0.0,0.0,0.0,0.0,-6.74445e-06,-0.000215816,-0.000788759,-0.00248575,-0.00599041,-0.0107598,-0.0170868,-0.0252304,-0.0315443,-0.0338928,-0.033416,-0.0303922,-0.0257689,-0.0199347,-0.0141584,-0.00949057,-0.00563302,-0.00325825,-0.00171016,-0.000927027,-0.000465886,-0.000257688,-6.50296e-05,0.0,0.0,0.0,0.0,0.0,0.0,-1.51549e-05,-0.000239648,-0.000822136,-0.00199946,-0.00387498,-0.0064503,-0.00943889,-0.0112165,-0.0114844,-0.0110925,-0.0096986,-0.00904714,-0.0081998,-0.00610384,-0.00422237,-0.00257483,-0.00148157,-0.000845746,-0.000365252,-0.000146508,-4.18232e-05,0.0,0.0,0.0,0.0,0.0,0.0,0.0,-1.43957e-05,-0.000112093,-0.00033632,-0.000678693,-0.00154156,-0.00222491,-0.00303785,-0.00351954,-0.00362259,-0.00355218,-0.0033621,-0.00304334,-0.00248722,-0.0019292,-0.00135689,-0.000680907,-0.000384633,-0.000197429,-4.34401e-05,-8.07449e-06,0.0,0.0,0.0,0.0,0.0,0.0,0.0,0.0,0.0,0.0,-2.28182e-05,-0.000102987,-0.00017383,-0.000165217,-0.000213384,-0.000301314,-0.000314925,-0.000327889,-0.000473711,-0.000431048,-0.00041719,-0.000248744,