{"max":0.257231,"min":-0.245907,"acc":0.8983,"arr":[0.0,0.0,0.0,0.0,0.0,0.0,0.0,0.0,0.0,0.0,0.0,0.0,0.000132212,0.000256659,-3.65456e-05,-1.52273e-06,0.0,0.0,0.0,0.0,0.0,0.0,0.0,0.0,0.0,0.0,0.0,0.0,0.0,0.0,0.0,0.0,3.82611e-06,1.6736e-05,0.000653972,0.00162844,0.00211684,0.00273807,0.00514744,0.00598619,0.00671007,0.00528065,0.00407932,0.0031488,0.00358857,0.00316282,0.00257549,0.00259286,0.00184628,0.000951467,0.000335144,8.86002e-05,0.0,0.0,0.0,0.0,0.0,0.0,2.2532e-06,8.00757e-06,0.000173433,9.95405e-05,0.00158543,0.00514618,0.00971738,0.016841,0.0271743,0.0344324,0.0475774,0.0547243,0.0613251,0.0619867,0.0605616,0.053464,0.0496615,0.0429655,0.0309194,0.0212061,0.0112144,0.00439898,0.00101637,-0.000168395,0.0,0.0,0.0,0.0,-3.47748e-06,0.000157421,0.000363262,0.000392416,0.00343942,0.00719503,0.0140711,0.0250171,0.0364208,0.0458145,0.0595482,0.081619,0.105883,0.120341,0.13001,0.141755,0.146316,0.132772,0.0994412,0.0668454,0.0392304,0.0192729,0.00947526,0.00109588,0.000411426,0.0,0.0,-2.26531e-06,-2.9656e-05,1.33008e-05,-2.26856e-05,-0.000621723,-0.000178099,0.000880626,0.0081763,0.0132951,0.0170148,0.0130936,0.0175254,0.030976,0.0476589,0.0646004,0.0994091,0.135375,0.150553,0.137112,0.105066,0.0711305,0.0412281,0.019806,0.00874992,0.00162977,-8.75983e-05,0.000116826,0.0,0.0,2.61968e-05,-0.000535619,-0.00115304,-0.00437735,-0.00837869,-0.0111937,-0.00476715,-0.00542354,-0.00768288,-0.0265156,-0.0297563,-0.0397432,-0.0275782,-0.00854707,0.0252863,0.0503369,0.0617787,0.056564,0.0347336,0.0151778,0.0035168,-0.000227991,0.00015931,-0.000647244,-0.000311774,0.000156734,0.0,-1.28289e-07,-5.05086e-05,-0.00164917,-0.00326044,-0.0089448,-0.0180418,-0.0191954,-0.0190434,-0.0249648,-0.0368566,-0.050402,-0.0643943,-0.080967,-0.0793609,-0.0624028,-0.0505647,-0.0573706,-0.0643018,-0.0624251,-0.0613649,-0.0526693,-0.0406575,-0.0298431,-0.0163275,-0.0059372,-0.00170331,-0.000221567,0.0,-2.15633e-05,-0.000286797,-0.00260424,-0.00637508,-0.0155309,-0.0272768,-0.025532,-0.0261536,-0.0353853,-0.0518953,-0.0670237,-0.0866569,-0.0987807,-0.0928793,-0.0877042,-0.117383,-0.149613,-0.168708,-0.160245,-0.133919,-0.106031,-0.0785873,-0.0530571,-0.0262481,-0.0111218,-0.00218693,-0.000422927,-4.3213e-06,-6.13951e-05,-0.000724107,-0.00385786,-0.00996415,-0.0236162,-0.0340527,-0.0274183,-0.0243213,-0.0361123,-0.0532743,-0.063175,-0.0755707,-0.0775481,-0.0713329,-0.104654,-0.162311,-0.212332,-0.2364,-0.213787,-0.170409,-0.131554,-0.0977972,-0.064151,-0.0351904,-0.0148693,-0.00310844,-0.000236891,-2.12202e-05,-0.000123733,-0.00102833,-0.00528164,-0.0122415,-0.0266665,-0.0295956,-0.015252,-0.00992924,-0.0308396,-0.0373481,-0.0417974,-0.0342707,-0.0237909,-0.0395436,-0.112699,-0.192347,-0.241492,-0.245907,-0.214581,-0.165091,-0.12094,-0.0901152,-0.0544606,-0.032336,-0.0157807,-0.00384501,-0.000385462,-2.56085e-05,-0.000176614,-0.00132503,-0.00517095,-0.0129973,-0.0224072,-0.0165615,0.00318235,0.00285233,-0.0138962,-0.0118402,-0.00761458,0.0177408,0.0247432,-0.0447259,-0.137924,-0.198117,-0.212267,-0.20069,-0.170519,-0.117567,-0.072553,-0.0434969,-0.0243679,-0.0179328,-0.0118061,-0.00344127,-0.000353909,-1.26456e-05,-0.000263613,-0.000814295,-0.00426134,-0.0109647,-0.012744,-0.000902207,0.0189675,0.0168584,0.0122434,0.0115296,0.0317152,0.0657229,0.0344002,-0.0712124,-0.152604,-0.151301,-0.14006,-0.123086,-0.095279,-0.0471473,0.000378191,0.0218017,0.0231549,0.00376662,-0.00430474,-0.00243112,9.58914e-05,-6.39444e-07,-0.000176002,-0.00066732,-0.00355581,-0.0108189,-0.00794225,0.0126631,0.0295499,0.0337459,0.0329106,0.0327495,0.082278,0.0866404,0.00587489,-0.0939865,-0.108953,-0.0712149,-0.0584108,-0.048934,-0.0265841,0.0195262,0.0640939,0.0752875,0.0641405,0.0289122,0.000839763,-0.00212126,0.000144223,-1.64407e-06,-0.000143892,-0.000330593,-0.0028185,-0.0108972,-0.00331657,0.0201449,0.0362007,0.0483708,0.0501631,0.0725738,0.106859,0.0651863,-0.0267792,-0.0645665,-0.0205867,0.0145723,0.0060301,-0.00361795,0.0158818,0.0542393,0.0992111,0.110143,0.0919653,0.0457929,0.00203616,-0.00265414,-0.00030602,-6.77912e-06,-5.24769e-05,-0.000161127,-0.00238468,-0.0131597,-0.00433444,0.0181992,0.0426024,0.0576616,0.0791475,0.107995,0.114215,0.0397924,-0.0273687,-0.00444378,0.0432518,0.0553214,0.0132479,0.00124667,0.0258112,0.0740476,0.112143,0.122618,0.0959431,0.047568,0.00366468,-0.00454106,-0.000101191,-2.39523e-06,-3.58878e-05,-0.000200857,-0.00371482,-0.0172743,-0.0115363,0.013162,0.0431164,0.067649,0.10693,0.141597,0.116887,0.036826,0.00492495,0.0418906,0.0557673,0.0215246,-0.0147811,-0.0101442,0.0308076,0.083011,0.117206,0.108906,0.0785051,0.0374704,0.0027033,-0.00598317,-0.000427026,-1.00294e-06,-2.51373e-05,-0.000376012,-0.00531674,-0.0217555,-0.0224832,0.00047303,0.0435285,0.0841813,0.135523,0.171729,0.137748,0.0476594,0.0245,0.0362687,0.00294093,-0.048781,-0.0499758,3.97334e-05,0.0528189,0.0869162,0.0959272,0.0812524,0.0491406,0.0189057,-0.0055248,-0.0063273,-0.000569322,0.0,-2.81656e-05,-0.000602181,-0.00749899,-0.0291078,-0.0372818,-0.0198448,0.0344146,0.0976987,0.156595,0.210525,0.175928,0.0866614,0.0373516,0.00502418,-0.0480349,-0.0641357,-0.0122274,0.0600502,0.0962377,0.0913762,0.0793401,0.0560687,0.0231059,-0.00536586,-0.0111959,-0.00528382,-0.000394605,-4.66944e-06,-9.51255e-06,-0.000715296,-0.00966276,-0.0334732,-0.05391,-0.0436557,0.0130138,0.084895,0.165401,0.235532,0.221413,0.144671,0.0595082,0.000885341,-0.0129888,0.0205909,0.0836539,0.125721,0.110654,0.084578,0.0600821,0.0261674,-0.00393598,-0.020732,-0.0109798,-0.00333646,-0.000621031,-3.61482e-07,-3.16025e-05,-0.00098415,-0.0104946,-0.0337801,-0.0614258,-0.0646656,-0.0242103,0.0423439,0.13192,0.230837,0.257231,0.202616,0.118193,0.0743131,0.0915596,0.128456,0.149616,0.134734,0.0997883,0.0624945,0.0234544,-0.00842065,-0.027623,-0.022531,-0.0116887,-0.00318,-0.000364804,0.0,-6.43777e-05,-0.000994753,-0.00918893,-0.031105,-0.0605604,-0.0797905,-0.0671456,-0.0253203,0.0528265,0.160477,0.230604,0.24231,0.215742,0.198639,0.19013,0.176999,0.142239,0.0999161,0.046961,0.004704,-0.0244218,-0.0355837,-0.0287263,-0.0168504,-0.00630181,-0.000727145,-7.99761e-07,-1.85913e-07,-5.16643e-05,-0.000617931,-0.0056408,-0.0224802,-0.0495636,-0.0794507,-0.0901755,-0.0822573,-0.0437366,0.0280655,0.111205,0.171923,0.197207,0.185897,0.145127,0.0948628,0.0478335,0.00696452,-0.0274244,-0.0439756,-0.0418162,-0.0299461,-0.0178228,-0.00890414,-0.00307973,-5.08479e-05,-1.45629e-06,-1.80104e-07,-1.09222e-07,-0.000310429,-0.00270853,-0.0108449,-0.0286931,-0.0565874,-0.0850789,-0.112245,-0.125748,-0.116199,-0.0937116,-0.0562619,-0.0397929,-0.0473377,-0.0595557,-0.0749765,-0.0795865,-0.0768111,-0.0661528,-0.0483233,-0.0321489,-0.0196679,-0.0109218,-0.00457886,-0.00130632,3.01624e-05,-2.68853e-06,0.0,0.0,-7.30063e-05,-0.000853085,-0.00370827,-0.0102811,-0.0243806,-0.0477501,-0.0771656,-0.109736,-0.142575,-0.165949,-0.174222,-0.170085,-0.160947,-0.146039,-0.126167,-0.0992054,-0.0687707,-0.0472061,-0.0307412,-0.0181724,-0.00988328,-0.00530103,-0.00239988,-0.000624122,-5.71722e-05,0.0,0.0,0.0,-1.36042e-05,-8.24797e-05,-0.000758004,-0.00272645,-0.00754385,-0.0168127,-0.030237,-0.0466918,-0.0643601,-0.0791707,-0.0863287,-0.0888181,-0.0856601,-0.0769435,-0.0627894,-0.0490848,-0.0357168,-0.024865,-0.0154152,-0.00888086,-0.00472734,-0.00222958,-0.000750667,-0.000130265,-8.17779e-06,0.0,0.0,0.0,-2.52785e-06,-1.57111e-05,-0.000216316,-0.00085241,-0.00268204,-0.0055335,-0.0100828,-0.0157709,-0.0216306,-0.0249956,-0.0266075,-0.0283356,-0.0273201,-0.0255299,-0.0227824,-0.0189805,-0.0144529,-0.00979136,-0.00584559,-0.00316711,-0.0015696,-0.000799485,-0.000183676,-6.49961e-06,-7.21257e-06,0.0,0.0,0.0,0.0,0.0,-6.79011e-05,-0.000261184,-0.000752182,-0.00135391,-0.00273225,-0.00398472,-0.00536402,-0.00639258,-0.0068057,-0.00756415,-0.00772679,-0.0069474,-0.00621759,-0.00535428,-0.00401744,-0.00257711,-0.00163942,-0.000832384,-0.000249256,-5.45056e-05,-3.28873e-06,-1.78274e-07,0.0,0.0,0.0,0.0,0.0,0.0,-2.01495e-07,-1.30577e-06,-2.92289e-05,-0.000130338,-0.000227186,-0.000238702,