{"max":0.127024,"min":-0.117954,"acc":0.8503,"arr":[0.0,0.0,0.0,0.0,0.0,0.0,0.0,0.0,0.0,0.0,0.0,0.0,0.0,0.0,0.0,0.0,0.0,0.0,0.0,0.0,0.0,0.0,0.0,0.0,0.0,0.0,0.0,0.0,0.0,0.0,0.0,0.0,0.0,0.0,0.000315393,0.00077467,0.00128468,0.00117569,0.00257799,0.00181152,0.00168002,0.00180278,0.00138396,0.000584892,0.00141529,0.00119569,0.000735662,0.00109525,0.00074669,4.90967e-06,0.0,0.0,0.0,0.0,0.0,0.0,0.0,0.0,0.0,8.00757e-06,3.92677e-05,1.79244e-05,0.000446659,0.00175285,0.00425226,0.00652806,0.0100662,0.0132732,0.0180657,0.0227326,0.0288359,0.0301988,0.0314453,0.0265376,0.0238789,0.0202313,0.013709,0.0083121,0.00340963,0.00046089,0.0,0.0,0.0,0.0,0.0,0.0,-1.76515e-06,0.00010297,0.000186471,-9.33701e-05,0.000385001,0.00174933,0.00441352,0.00807894,0.0133024,0.0203867,0.0283358,0.0375729,0.0513637,0.0602885,0.066338,0.067614,0.0691285,0.0581061,0.0340108,0.0184444,0.00877102,0.00187059,0.000439703,-0.000122716,-1.91928e-05,0.0,0.0,-2.23037e-06,-6.73966e-06,2.67816e-05,-0.000170073,-0.00059244,-0.000986051,-0.000438694,0.00159236,0.00605156,0.00763912,0.00941959,0.014752,0.0260956,0.0346665,0.0458585,0.0594549,0.0662657,0.0627671,0.0472296,0.0272182,0.0150823,0.00717918,0.00188355,-2.03001e-05,-0.00043932,-0.00013882,0.0,0.0,0.0,-2.29463e-05,4.5914e-05,-0.000287405,-0.00123783,-0.00408518,-0.00564488,-0.00449803,-0.00307535,-0.00453851,-0.00709267,-0.00124078,-0.0010146,0.00200033,0.0100311,0.0212752,0.0192108,0.0106474,-0.00227537,-0.00749294,-0.00812227,-0.00674147,-0.00555082,-0.00319133,-0.000660967,-0.000299522,0.0,0.0,0.0,-3.15045e-06,-0.000339699,-0.000847668,-0.00352722,-0.00800051,-0.0101578,-0.0105522,-0.0127677,-0.017199,-0.0164599,-0.017963,-0.0193886,-0.0201249,-0.0189683,-0.0222134,-0.0419947,-0.0549743,-0.0572187,-0.0487582,-0.0327555,-0.021,-0.0142727,-0.0078952,-0.00249607,-0.000479665,-5.08043e-05,0.0,-1.54557e-05,-0.000135771,-0.000767159,-0.00256942,-0.00679327,-0.0118399,-0.0139445,-0.0154277,-0.019579,-0.0242735,-0.0228623,-0.0255181,-0.0256589,-0.0238155,-0.0333621,-0.0610576,-0.0888774,-0.0996606,-0.093297,-0.0729616,-0.0503949,-0.0320788,-0.0193922,-0.0102584,-0.00411844,-0.000613163,-7.92617e-05,0.0,-4.0143e-05,-0.000367677,-0.00168528,-0.00454736,-0.00927263,-0.014756,-0.014881,-0.0147199,-0.021538,-0.0237856,-0.0184645,-0.0176005,-0.0121336,-0.00982007,-0.040994,-0.0826418,-0.110078,-0.117954,-0.104,-0.0812524,-0.0574887,-0.0361548,-0.0209018,-0.0109046,-0.00450012,-0.000668526,-3.41676e-05,-2.0531e-05,-9.78837e-05,-0.000490705,-0.00225422,-0.00469445,-0.00948551,-0.0144156,-0.0129734,-0.0116173,-0.0203955,-0.0153408,-0.0079783,0.0033064,0.0142771,-0.00101494,-0.0490506,-0.0894061,-0.111864,-0.1138,-0.098891,-0.0781014,-0.0542312,-0.0334783,-0.0173257,-0.007819,-0.00278847,-0.000450956,-3.18311e-05,-2.39485e-05,-0.000117062,-0.000463225,-0.00178212,-0.0041553,-0.00788477,-0.0121214,-0.00828704,-0.00939178,-0.0117799,-0.00291369,0.0103262,0.0327065,0.0296298,-0.012702,-0.0611435,-0.0878001,-0.0971382,-0.0949487,-0.0801893,-0.0556607,-0.0363192,-0.019496,-0.0100702,-0.00445469,-0.000927775,-0.000243176,-7.4602e-05,-1.15322e-05,-8.82064e-05,-0.000303783,-0.00110834,-0.00319904,-0.00569653,-0.00875902,-0.00481453,-0.00623502,-0.000901575,0.0111708,0.0334814,0.0495082,0.0219284,-0.0296355,-0.0629243,-0.0686317,-0.0668772,-0.0620525,-0.0454242,-0.0266332,-0.00927849,0.000494585,0.00261606,0.000291451,0.000514077,1.2564e-05,0.000188706,0.0,-3.78999e-05,-0.000214599,-0.000795815,-0.00268324,-0.00466212,-0.00622712,-0.00301716,0.000845232,0.0115076,0.0302586,0.0531241,0.0465634,0.00293487,-0.0402044,-0.04844,-0.0384246,-0.0331542,-0.0246993,-0.00820927,0.00998386,0.0205547,0.019386,0.0140286,0.00597089,0.00125745,5.25442e-05,0.000234971,0.0,-4.35212e-05,-0.000148986,-0.000662873,-0.00302166,-0.00482192,-0.00493519,-0.000401692,0.010187,0.0258451,0.0490534,0.0569416,0.0273073,-0.0160142,-0.0302569,-0.0156782,9.22775e-05,0.00292269,0.00738414,0.0223448,0.0364974,0.040209,0.0344622,0.023955,0.0104042,0.00138498,7.03785e-05,3.82905e-05,0.0,-4.63236e-05,-0.00011002,-0.000578563,-0.00377818,-0.00616249,-0.00484111,0.00404874,0.0167389,0.039898,0.0593675,0.0473028,0.010279,-0.019716,-0.0111751,0.00931452,0.01765,0.00836145,0.0152782,0.0375773,0.0571072,0.0552588,0.042314,0.028034,0.0119339,0.00155922,-0.000349021,-1.86381e-05,0.0,-3.58878e-05,-9.10149e-05,-0.000602454,-0.00441186,-0.00869723,-0.00562219,0.0077012,0.0258282,0.0530213,0.0658443,0.0402927,0.00537118,-0.00847855,0.00259925,0.0145921,0.00588521,-0.00381695,0.00919814,0.0411733,0.0643249,0.0650348,0.0437045,0.0248456,0.0112348,0.00154077,-0.000369037,-5.12922e-05,0.0,-2.20425e-05,-8.49366e-05,-0.000847162,-0.00506999,-0.0113251,-0.00777002,0.00866114,0.0361872,0.0689766,0.0772898,0.0481595,0.0148454,0.004172,0.00448048,-0.00629927,-0.0220228,-0.0185304,0.0105199,0.046465,0.0660554,0.0583884,0.0375235,0.017134,0.00658608,-0.000845763,-0.000817167,-8.60444e-05,0.0,-1.64216e-05,-9.37783e-05,-0.00146863,-0.00759196,-0.0143531,-0.0128842,0.00793508,0.0434267,0.0813018,0.0979247,0.0768012,0.0424135,0.0208486,0.000238328,-0.0234637,-0.0257309,-0.00399311,0.0372952,0.0655434,0.0624497,0.0475321,0.026704,0.00788328,-0.00201629,-0.00350147,-0.000753352,-4.90251e-05,0.0,-4.99569e-06,-0.000232634,-0.00241393,-0.00942866,-0.0190054,-0.0199302,-1.23912e-06,0.039231,0.0853694,0.118688,0.107445,0.0737887,0.0355538,0.00565354,-0.00440543,0.0110984,0.0445885,0.0723999,0.0683988,0.0520275,0.0318583,0.00923844,-0.00399957,-0.00710602,-0.00321694,-0.000678523,-0.000121064,0.0,0.0,-0.000471056,-0.00334158,-0.0110183,-0.0238514,-0.029762,-0.0152475,0.0211576,0.0685066,0.118511,0.127024,0.0997618,0.0644681,0.0419265,0.0462842,0.0633752,0.0752161,0.0699726,0.0512351,0.029142,0.00694383,-0.00849374,-0.0109592,-0.00685543,-0.00284504,-0.000522717,-0.000111047,0.0,-3.26883e-06,-0.00054161,-0.00338039,-0.0112196,-0.0247963,-0.0367951,-0.0365576,-0.0150269,0.0213153,0.073893,0.10883,0.111754,0.0973271,0.0871738,0.0844106,0.0771139,0.0610938,0.038699,0.0152657,-0.00226917,-0.0128769,-0.0154485,-0.0111823,-0.0057923,-0.00176269,-1.30638e-05,0.0,0.0,-4.65179e-05,-0.000437208,-0.00242634,-0.00849445,-0.0204447,-0.0361921,-0.0467603,-0.0488575,-0.0328568,0.000979447,0.0398072,0.0641221,0.0732402,0.0670103,0.0501059,0.0268273,0.0028105,-0.0111217,-0.0168407,-0.0194158,-0.0174278,-0.0124987,-0.00747763,-0.00377967,-0.000923773,0.000183919,0.0,0.0,0.0,-0.000145272,-0.00127436,-0.00446235,-0.01266,-0.0260251,-0.0423115,-0.0591586,-0.0692344,-0.0674281,-0.0614502,-0.0531019,-0.0478252,-0.0466832,-0.0489446,-0.0518459,-0.0456992,-0.0367097,-0.0275406,-0.0185828,-0.0108784,-0.00655086,-0.00376228,-0.00186459,-0.000439341,0.000108774,0.0,0.0,0.0,-3.19072e-05,-0.000382064,-0.00182798,-0.005054,-0.0120745,-0.0236973,-0.0388879,-0.0557521,-0.0725673,-0.0872797,-0.0951967,-0.0942681,-0.0878157,-0.0766161,-0.060541,-0.0442977,-0.0292513,-0.0178757,-0.010395,-0.00531117,-0.00273725,-0.00155137,-0.00077614,-0.00017515,-8.84448e-06,0.0,0.0,0.0,-1.87918e-06,-2.71744e-05,-0.000358468,-0.00125292,-0.00375665,-0.00875178,-0.0155534,-0.0245167,-0.0351564,-0.0440507,-0.0481292,-0.0484842,-0.0449617,-0.0385974,-0.0301156,-0.0217882,-0.0145958,-0.00938047,-0.00542308,-0.00278049,-0.00142045,-0.000668084,-0.000309804,-8.35823e-05,0.0,0.0,0.0,0.0,-1.74185e-06,-6.74965e-08,-7.38578e-05,-0.0003688,-0.00137524,-0.00306011,-0.00551283,-0.00899259,-0.0128299,-0.0151757,-0.0158116,-0.0158164,-0.0143612,-0.0131266,-0.0117916,-0.0094507,-0.00678851,-0.0043366,-0.00251423,-0.00134496,-0.000530356,-0.000196805,-4.18232e-05,0.0,0.0,0.0,0.0,0.0,0.0,0.0,-1.51988e-05,-0.000135417,-0.000448694,-0.000885125,-0.0018719,-0.00274536,-0.00389711,-0.00456916,-0.00462458,-0.00475938,-0.00474354,-0.004292,-0.00354263,-0.00288046,-0.00205079,-0.00115823,-0.000741644,-0.000390516,-8.19515e-05,-1.36114e-05,0.0,0.0,0.0,0.0,0.0,0.0,0.0,0.0,0.0,0.0,-2.48803e-05,-0.000114926,-0.000195332,-0.000199533,-0.000259694,-0.000358831,-0.000387742,-0.000417556,-0.00062228,-0.000598197,