{"max":0.153164,"min":-0.140464,"acc":0.8665,"arr":[0.0,0.0,0.0,0.0,0.0,0.0,0.0,0.0,0.0,0.0,0.0,0.0,0.0,0.0,0.0,0.0,0.0,0.0,0.0,0.0,0.0,0.0,0.0,0.0,0.0,0.0,0.0,0.0,0.0,0.0,0.0,0.0,0.0,0.0,0.000315393,0.00077467,0.00128468,0.00117727,0.0026796,0.00229807,0.00224632,0.00208971,0.00170338,0.000881932,0.00201154,0.00183738,0.00115948,0.00125566,0.000977082,0.000279985,0.000219671,1.79079e-05,0.0,0.0,0.0,0.0,0.0,0.0,0.0,8.00757e-06,4.31294e-05,2.16529e-05,0.00046478,0.00203128,0.00491876,0.00811833,0.0130341,0.0173547,0.0223913,0.0263967,0.0334955,0.037166,0.0375846,0.0320857,0.0289317,0.0236146,0.0163845,0.00989349,0.00392096,0.000564756,0.0,0.0,0.0,0.0,0.0,0.0,-1.76515e-06,0.00010297,0.000190199,-0.000160234,0.00048459,0.00175743,0.00467481,0.0114507,0.0188047,0.0260082,0.0344572,0.0453303,0.0631026,0.0749305,0.0806328,0.0824548,0.0845926,0.0729425,0.0459974,0.0261495,0.0125765,0.00304495,0.00121405,0.000278013,-1.91928e-05,0.0,0.0,-2.23037e-06,-1.08111e-05,2.67816e-05,-0.00013953,-0.000608186,-0.000897607,-0.00121058,0.00189022,0.00833844,0.0108893,0.0123501,0.0168546,0.0299716,0.0424023,0.0567264,0.072034,0.0801435,0.0778877,0.0629294,0.0401712,0.0240014,0.0133694,0.00440437,0.00124829,4.85914e-05,-0.000148722,0.0,0.0,0.0,-1.71676e-08,3.31444e-05,-0.000518249,-0.00172562,-0.00515375,-0.00761073,-0.00662777,-0.00365616,-0.00485365,-0.00866464,-0.00441596,-0.00305444,0.00228628,0.011492,0.0250185,0.023787,0.0173018,0.00491293,-0.00175694,-0.00462467,-0.00537308,-0.00460825,-0.00206307,-0.000622007,-0.000403525,0.0,0.0,0.0,9.34876e-06,-0.000422386,-0.00129648,-0.0044382,-0.0101268,-0.0136338,-0.0146242,-0.0160572,-0.0198286,-0.0207774,-0.0243725,-0.0262087,-0.0269856,-0.0252427,-0.0282561,-0.0488943,-0.0609338,-0.0629657,-0.0540701,-0.0382293,-0.025817,-0.0173125,-0.0095046,-0.00344264,-0.000640385,-5.08043e-05,0.0,-1.547e-05,-0.000142137,-0.00107541,-0.00334764,-0.00863446,-0.0154686,-0.0186461,-0.0197237,-0.0240177,-0.0280989,-0.0294215,-0.0326813,-0.0352061,-0.0335708,-0.0441145,-0.0733134,-0.104004,-0.116102,-0.108468,-0.0864783,-0.0615723,-0.040231,-0.0247942,-0.0130485,-0.00549791,-0.000897488,-7.92617e-05,0.0,-4.05023e-05,-0.000428315,-0.00197351,-0.00561769,-0.0119706,-0.0189098,-0.0199537,-0.0191836,-0.0240598,-0.0253273,-0.0213895,-0.0234051,-0.0202323,-0.0191216,-0.0534714,-0.100418,-0.132183,-0.140464,-0.124575,-0.0974034,-0.0705374,-0.0454655,-0.02696,-0.0144843,-0.00622475,-0.0011027,-3.41676e-05,-2.0531e-05,-0.000102796,-0.000583834,-0.00264173,-0.00592413,-0.0124818,-0.0188552,-0.0167312,-0.0144221,-0.020344,-0.0125211,-0.00828654,0.00058129,0.0097759,-0.00620786,-0.060644,-0.110404,-0.137051,-0.137833,-0.119755,-0.093053,-0.0650953,-0.0422173,-0.0233003,-0.0114042,-0.00446691,-0.000919515,-3.18311e-05,-2.39485e-05,-0.000150728,-0.000553816,-0.00209251,-0.00542585,-0.0104899,-0.0159489,-0.0106152,-0.00883568,-0.0079012,0.00251151,0.0122851,0.0321089,0.0295199,-0.0168899,-0.0746471,-0.108954,-0.119677,-0.115534,-0.0980818,-0.068718,-0.0436652,-0.023004,-0.0124109,-0.00642437,-0.00223016,-0.000557843,-7.4602e-05,-1.15322e-05,-0.00011046,-0.000398715,-0.00143552,-0.00443036,-0.00793577,-0.0115142,-0.00454634,-0.00141556,0.00762897,0.0165521,0.0350018,0.052014,0.0248431,-0.035501,-0.0774763,-0.0845971,-0.0819424,-0.0742127,-0.0551746,-0.032796,-0.0105212,0.00246729,0.0046874,0.00112967,0.000487935,-6.42423e-05,0.000188706,0.0,-4.0478e-05,-0.000328629,-0.00122768,-0.00404116,-0.00718006,-0.00776329,-0.000915747,0.00824192,0.0204992,0.0338849,0.0583103,0.0525834,0.00431941,-0.0463797,-0.0566154,-0.044487,-0.0368811,-0.0283944,-0.00877283,0.0133602,0.0278593,0.026422,0.0189785,0.00920683,0.00165912,-3.88098e-05,0.000234971,-1.64407e-06,-4.4009e-05,-0.000212453,-0.000917641,-0.00426494,-0.00665172,-0.0053269,0.00397007,0.0184953,0.0344946,0.0554317,0.0648577,0.0327083,-0.0173949,-0.0333015,-0.0141191,0.00475908,0.00564359,0.00870868,0.0257284,0.0438758,0.0528341,0.0454673,0.0308962,0.0141721,0.00154703,-1.16937e-05,3.82905e-05,0.0,-5.24111e-05,-0.000127117,-0.000717313,-0.00487484,-0.0074637,-0.00426731,0.00898571,0.0269045,0.0518065,0.0681374,0.0555795,0.0135426,-0.0216814,-0.00965641,0.015886,0.0260542,0.010637,0.014546,0.0400262,0.0668715,0.0703255,0.056462,0.0355904,0.0149067,0.00192266,-0.000342544,-1.86381e-05,0.0,-3.58878e-05,-9.85326e-05,-0.000796575,-0.00553013,-0.0100699,-0.00503929,0.0127129,0.0367461,0.0665391,0.077135,0.0486684,0.00605463,-0.0109736,0.00343298,0.019192,0.0108426,-0.00511218,0.00685525,0.0440604,0.0761421,0.0792188,0.0562147,0.0312944,0.0128549,0.00190265,-0.000560031,-0.0001739,0.0,-2.20425e-05,-9.93163e-05,-0.0011767,-0.00665389,-0.0132053,-0.00734891,0.0134186,0.0469656,0.0852753,0.0935499,0.0584435,0.0154074,0.00231358,0.00556819,-0.00653991,-0.0276512,-0.0232193,0.0124664,0.0549194,0.0778432,0.0689084,0.0454331,0.0196412,0.00661064,-0.00108832,-0.00133312,-0.000291774,0.0,-1.64216e-05,-0.000129653,-0.00188517,-0.00988992,-0.0172211,-0.0145866,0.012474,0.0556155,0.0995151,0.11818,0.0914724,0.0468876,0.0211754,0.000360129,-0.0282241,-0.0342875,-0.00551656,0.0460305,0.0773971,0.073958,0.0554095,0.0309456,0.00745161,-0.00315085,-0.00451489,-0.00152716,-0.000154159,-6.07305e-08,-5.23861e-06,-0.000259272,-0.00293158,-0.0123673,-0.023896,-0.0236647,0.00436304,0.0534603,0.105879,0.142486,0.128468,0.0850572,0.0392471,0.00472254,-0.00818625,0.0111937,0.0523424,0.0852697,0.0830706,0.0638233,0.0373601,0.00963538,-0.00644954,-0.00994163,-0.00540448,-0.00105759,-0.000231688,-3.03652e-07,-1.65997e-06,-0.000497451,-0.00399864,-0.0139758,-0.0304008,-0.0358162,-0.0159142,0.0313084,0.0871886,0.144187,0.153164,0.118685,0.0743096,0.0483664,0.0541935,0.0758269,0.0913453,0.0871158,0.0641504,0.0363072,0.00854831,-0.0105542,-0.0143865,-0.00967275,-0.00419928,-0.000577022,-0.000111047,0.0,-3.26883e-06,-0.000558884,-0.004114,-0.0139456,-0.0305816,-0.0436891,-0.0410601,-0.0142993,0.0312698,0.0927173,0.133671,0.136279,0.117998,0.106454,0.103008,0.0944604,0.0760408,0.0487156,0.0201835,-0.000964872,-0.0151792,-0.0186176,-0.0141335,-0.00762293,-0.00256893,-2.57117e-05,0.0,0.0,-4.65179e-05,-0.000444333,-0.00291037,-0.0104465,-0.0250579,-0.0428585,-0.0534213,-0.054993,-0.034633,0.00619641,0.053454,0.0841161,0.0952738,0.0872548,0.0658015,0.0370728,0.00814884,-0.0104057,-0.0177041,-0.022541,-0.0212559,-0.0147014,-0.00851173,-0.00431607,-0.00110903,0.000183773,0.0,0.0,0.0,-0.000177442,-0.00155859,-0.00540349,-0.015201,-0.0311182,-0.0492975,-0.0684923,-0.0799822,-0.0780496,-0.0708839,-0.0569963,-0.049855,-0.0497602,-0.0532071,-0.0571563,-0.051261,-0.0434325,-0.0338892,-0.0229618,-0.0138187,-0.00812983,-0.00437605,-0.00207873,-0.000464485,0.000108774,0.0,0.0,0.0,-4.97198e-05,-0.000444068,-0.00206528,-0.00585709,-0.0142253,-0.0278602,-0.0455958,-0.066595,-0.0876249,-0.104949,-0.114103,-0.112222,-0.105304,-0.0916288,-0.0738348,-0.0542869,-0.0361594,-0.0226545,-0.0133456,-0.00710173,-0.00358609,-0.00203797,-0.000891839,-0.00017515,-1.27314e-05,0.0,0.0,0.0,-5.817e-06,-4.05397e-05,-0.000400271,-0.00151267,-0.00456855,-0.0103474,-0.0184239,-0.0290912,-0.0415029,-0.0516656,-0.0562802,-0.0567377,-0.0531766,-0.046757,-0.0372068,-0.0271299,-0.0184208,-0.0121283,-0.00696712,-0.00361673,-0.00181684,-0.000824427,-0.000328903,-8.35823e-05,0.0,0.0,0.0,0.0,-2.03219e-06,-2.39027e-06,-8.72524e-05,-0.000470417,-0.00166735,-0.00364657,-0.00668183,-0.0105902,-0.0148511,-0.017403,-0.0181299,-0.0182881,-0.0171308,-0.0155574,-0.0138414,-0.0112654,-0.00832111,-0.00545156,-0.00315342,-0.00173379,-0.000741577,-0.000257373,-5.4232e-05,0.0,0.0,0.0,0.0,0.0,0.0,0.0,-4.17464e-05,-0.000167672,-0.000480405,-0.000984221,-0.00213784,-0.00311966,-0.00435377,-0.00508848,-0.0051899,-0.00544105,-0.00547967,-0.00484495,-0.00399423,-0.00332614,-0.00247286,-0.00150237,-0.000893497,-0.000465447,-0.000140223,-3.25014e-05,-3.36207e-07,0.0,0.0,0.0,0.0,0.0,0.0,0.0,0.0,0.0,-2.48803e-05,-0.000120187,-0.000206703,-0.000213779,-0.000296742,-0.000377986,-0.000434427,-0.000515726,-0.000719915,