{"max":0.216545,"min":-0.196174,"acc":0.8867,"arr":[0.0,0.0,0.0,0.0,0.0,0.0,0.0,0.0,0.0,0.0,0.0,0.0,0.000132728,0.000267803,-2.54009e-05,-1.05837e-06,0.0,0.0,0.0,0.0,0.0,0.0,0.0,0.0,0.0,0.0,0.0,0.0,0.0,0.0,0.0,0.0,3.82611e-06,1.6736e-05,0.000593679,0.0013823,0.00186355,0.00183879,0.00370372,0.00427305,0.00469337,0.00403274,0.00339814,0.00234224,0.00280079,0.00237677,0.00172856,0.00210506,0.00152954,0.000372662,0.000238928,1.79079e-05,0.0,0.0,0.0,0.0,0.0,0.0,2.2532e-06,8.00757e-06,4.55207e-05,4.50437e-05,0.00110537,0.00418949,0.00822603,0.0129439,0.0203433,0.0277364,0.037507,0.0432791,0.0492412,0.0512243,0.0505057,0.0443907,0.0406465,0.0348711,0.0242805,0.0153777,0.0075173,0.00204868,0.000271217,-4.98607e-05,0.0,0.0,0.0,0.0,3.19892e-06,0.000103217,0.000188541,-1.85821e-05,0.00171279,0.00561767,0.0111544,0.020742,0.0317624,0.0426264,0.0543153,0.068962,0.0878382,0.100704,0.109751,0.117755,0.118243,0.105168,0.0737749,0.0470378,0.0239004,0.00958371,0.00466962,0.000447357,0.000206797,0.0,0.0,-2.23037e-06,-8.00964e-06,-1.95071e-05,-0.000266799,-0.000882358,-0.000558843,0.00162781,0.00737262,0.0140148,0.0187187,0.020616,0.022362,0.0338583,0.0476467,0.0649181,0.0893814,0.111332,0.114303,0.0982395,0.0699071,0.0456806,0.0250906,0.0108561,0.00477435,0.000911764,-3.78362e-05,0.000119561,0.0,0.0,2.05335e-05,-0.000370507,-0.00152239,-0.00332378,-0.0063737,-0.00699579,-0.00287136,-0.00250476,-0.00370569,-0.0137991,-0.0152589,-0.0206914,-0.0114947,0.0053206,0.0291416,0.040553,0.0390301,0.0248979,0.011405,0.00130387,-0.00409215,-0.00303824,-0.00121784,-0.000830406,-0.000118388,0.00015736,0.0,0.0,-1.75674e-05,-0.00132494,-0.00321279,-0.00713089,-0.0134587,-0.0144374,-0.0155745,-0.0192061,-0.0270542,-0.0356795,-0.045133,-0.0534928,-0.0513446,-0.0405352,-0.0359178,-0.0520038,-0.0667789,-0.0708039,-0.0658436,-0.0510418,-0.0355963,-0.0245047,-0.0141222,-0.0055511,-0.00119241,-0.000154579,0.0,-1.61352e-05,-0.00018771,-0.00199411,-0.00562748,-0.0121156,-0.0199615,-0.0205823,-0.0224489,-0.0286601,-0.0409169,-0.0521808,-0.0613371,-0.0656024,-0.0603341,-0.064457,-0.0937836,-0.129702,-0.149103,-0.142185,-0.118179,-0.0900218,-0.0609247,-0.0390765,-0.0203147,-0.00850572,-0.00148785,-0.000218932,-4.3213e-06,-4.95861e-05,-0.000586597,-0.00287559,-0.0084562,-0.0167497,-0.0242863,-0.022517,-0.0214287,-0.0292082,-0.0412736,-0.0447908,-0.0483879,-0.0435149,-0.0399515,-0.0766006,-0.132771,-0.175834,-0.194446,-0.176335,-0.141448,-0.105486,-0.0725581,-0.0455344,-0.0243093,-0.00999906,-0.00186379,-0.000111814,-2.11438e-05,-0.00011415,-0.000807413,-0.00365812,-0.00902467,-0.0178761,-0.0232909,-0.0171869,-0.0132074,-0.0251418,-0.0270292,-0.0254686,-0.0144019,-4.86475e-05,-0.0174304,-0.0845659,-0.152178,-0.193118,-0.196174,-0.172442,-0.134992,-0.0963392,-0.0657166,-0.0392248,-0.0211736,-0.00877982,-0.00180949,-0.000120074,-2.54208e-05,-0.000166716,-0.000927051,-0.00346205,-0.00867778,-0.0152034,-0.0177356,-0.00616237,-0.00331443,-0.011358,-0.00719048,0.00325252,0.0306196,0.0333433,-0.027386,-0.104461,-0.154449,-0.168501,-0.159335,-0.135749,-0.0970366,-0.0611033,-0.0339182,-0.0196536,-0.0122274,-0.00586026,-0.00153615,-0.000218155,-1.20751e-05,-0.000207238,-0.000652942,-0.00254728,-0.00724322,-0.0107453,-0.00897858,0.00472231,0.00773042,0.007436,0.0115065,0.0373464,0.0646066,0.03127,-0.0533181,-0.114388,-0.119858,-0.113778,-0.100223,-0.0771482,-0.0413736,-0.00618848,0.0108125,0.0107786,0.000280938,-0.00177934,-0.00112224,8.69207e-05,-6.39444e-07,-0.000108937,-0.000526869,-0.00203237,-0.00691633,-0.008912,-2.63759e-05,0.0131394,0.0195926,0.0229193,0.0353346,0.0753183,0.073162,0.00603625,-0.0685252,-0.0798046,-0.0559829,-0.0474209,-0.0403207,-0.0198197,0.0156147,0.0478065,0.0519378,0.0399127,0.0165564,0.00173493,-0.000659533,0.000159365,-1.64407e-06,-5.19994e-05,-0.000268651,-0.00158371,-0.00731404,-0.00717035,0.00507653,0.0198403,0.0328509,0.0416909,0.0669881,0.0880071,0.0499,-0.0207898,-0.0471383,-0.0144756,0.0131616,0.0118783,0.00572383,0.0214036,0.0521568,0.0799207,0.0800066,0.060783,0.0292883,0.00273728,-0.0010003,-0.000138891,0.0,-5.24111e-05,-0.000151237,-0.00156636,-0.00876491,-0.00821517,0.00668546,0.0268747,0.0426547,0.067638,0.0879175,0.0835952,0.026354,-0.0236849,-0.00265469,0.03496,0.0490928,0.0225359,0.0156188,0.0391783,0.0763401,0.0961344,0.0904964,0.0652426,0.0312023,0.00316563,-0.00221813,-3.83249e-05,-1.75514e-07,-3.58878e-05,-0.000158652,-0.0022029,-0.0104644,-0.0120168,0.00428455,0.0311105,0.0533349,0.0910629,0.108657,0.0823383,0.0197355,-0.00249277,0.0264274,0.0390383,0.0197971,-0.0053397,0.00328529,0.0431397,0.0830949,0.101988,0.0855922,0.0570569,0.0257944,0.00259068,-0.00290936,-0.0001739,-1.00294e-06,-2.51194e-05,-0.000250173,-0.00294003,-0.0123814,-0.0189805,-0.00248813,0.0321056,0.0673405,0.11433,0.133786,0.0983889,0.0332413,0.0152869,0.020314,-0.00409063,-0.0403624,-0.0361651,0.00877093,0.0590838,0.0859628,0.0882225,0.0686296,0.0390088,0.0143599,-0.00196897,-0.00299912,-0.000302305,0.0,-2.59566e-05,-0.000359535,-0.0041476,-0.017651,-0.0274673,-0.0167857,0.0253644,0.0783652,0.131972,0.169918,0.136224,0.0703661,0.0329234,0.00226814,-0.0404164,-0.0548028,-0.0121519,0.0547538,0.0937437,0.0897025,0.0743808,0.0487841,0.0201815,-0.00196656,-0.00579938,-0.00291436,-0.000245422,-2.75225e-06,-8.93618e-06,-0.00050215,-0.00562003,-0.0215849,-0.0383351,-0.032816,0.00951885,0.0717733,0.14198,0.200765,0.185239,0.122875,0.0563903,0.00657402,-0.0106741,0.0131929,0.0698697,0.110345,0.104178,0.0810404,0.0555295,0.0215959,-0.0017907,-0.0128365,-0.00717108,-0.00188638,-0.000231688,-3.03652e-07,-3.11914e-05,-0.000774804,-0.00678715,-0.0228259,-0.0447494,-0.0500211,-0.0206694,0.0397462,0.116474,0.200172,0.216545,0.169078,0.104853,0.0667869,0.0766396,0.108007,0.128861,0.11654,0.0868207,0.0548804,0.0218393,-0.00678225,-0.0194703,-0.0152752,-0.00766981,-0.00175569,-0.000111047,0.0,-6.2154e-05,-0.000821603,-0.00663368,-0.0217916,-0.0444508,-0.0617858,-0.0557785,-0.0204303,0.0436193,0.131883,0.190294,0.197496,0.175803,0.162259,0.154735,0.141247,0.111813,0.0725772,0.034689,0.00443234,-0.0159389,-0.0257833,-0.0210175,-0.0118346,-0.00416881,-0.00032403,0.0,0.0,-4.71514e-05,-0.000571818,-0.00444173,-0.0161888,-0.0368733,-0.0608716,-0.0729867,-0.0729558,-0.0436186,0.0124332,0.0795261,0.128732,0.149072,0.139995,0.108638,0.0651533,0.0235424,-0.00740042,-0.0242154,-0.0314158,-0.0298652,-0.0223002,-0.0133104,-0.00663088,-0.00197497,5.52989e-05,-1.45629e-06,0.0,-2.51596e-08,-0.000275849,-0.00221011,-0.00804675,-0.0221535,-0.0444512,-0.0685114,-0.092746,-0.108635,-0.105803,-0.0934279,-0.0689653,-0.0541622,-0.0572145,-0.0650269,-0.0733647,-0.0721167,-0.0629142,-0.0498057,-0.0347649,-0.0225238,-0.0141555,-0.00793683,-0.00337706,-0.000826408,4.72984e-05,-2.68853e-06,0.0,0.0,-6.60828e-05,-0.000697875,-0.0030769,-0.00844837,-0.0198558,-0.0386179,-0.0627888,-0.089914,-0.117952,-0.140681,-0.151937,-0.15008,-0.141325,-0.126139,-0.104203,-0.0784745,-0.0534988,-0.0353524,-0.0222018,-0.0126045,-0.00670853,-0.00371848,-0.00176287,-0.000423247,-3.87335e-05,0.0,0.0,0.0,-9.44985e-06,-6.686e-05,-0.000643304,-0.00225034,-0.00631649,-0.0139753,-0.0248642,-0.0386824,-0.0538707,-0.0661886,-0.0726009,-0.0741163,-0.0709079,-0.063008,-0.0504412,-0.0387685,-0.0278093,-0.0188904,-0.0114949,-0.00634833,-0.00327846,-0.00154363,-0.000532705,-8.82195e-05,0.0,0.0,0.0,0.0,-2.03219e-06,-1.2147e-05,-0.000177164,-0.000730029,-0.00221946,-0.00466433,-0.0086422,-0.0135887,-0.0186953,-0.0217875,-0.0230651,-0.0240579,-0.0229272,-0.0212696,-0.0189967,-0.0156618,-0.0117641,-0.00797179,-0.00467537,-0.00251554,-0.00116302,-0.000523153,-0.000122973,0.0,0.0,0.0,0.0,0.0,0.0,0.0,-6.00773e-05,-0.000226104,-0.000650869,-0.00122076,-0.00251834,-0.00362737,-0.0049815,-0.0058751,-0.00616064,-0.0066602,-0.00672996,-0.00603693,-0.0052914,-0.00452008,-0.00338144,-0.00217552,-0.00140535,-0.000741047,-0.000222715,-4.87173e-05,-3.36207e-07,-1.78274e-07,0.0,0.0,0.0,0.0,0.0,0.0,0.0,0.0,-2.76027e-05,-0.000129176,-0.000225523,-0.000234795,-0.000343487,-0.000419652,