{"max":0.0111304,"min":-0.00916674,"acc":0.5694,"arr":[0.0,0.0,0.0,0.0,0.0,0.0,0.0,0.0,0.0,0.0,0.0,0.0,0.0,0.0,0.0,0.0,0.0,0.0,0.0,0.0,0.0,0.0,0.0,0.0,0.0,0.0,0.0,0.0,0.0,0.0,0.0,0.0,0.0,0.0,0.0,0.0,0.0,0.0,0.0,0.0,0.0,0.0,0.0,0.000151082,0.000289866,0.0,0.0,0.0,0.0,0.0,0.0,0.0,0.0,0.0,0.0,0.0,0.0,0.0,0.0,0.0,0.0,0.0,0.0,0.0,0.0,0.000261502,0.000822588,0.0012675,0.00180327,0.00114928,0.00167987,0.00254854,0.00242443,0.00137488,0.00163742,0.000797102,0.000886211,0.000223184,0.0,0.0,0.0,0.0,0.0,0.0,0.0,0.0,0.0,0.0,0.0,0.0,0.0,0.0,7.33135e-05,0.0011133,0.00151675,0.00169147,0.00179993,0.00175957,0.00348399,0.00586374,0.00614513,0.00554494,0.00582826,0.00405162,0.00346917,0.00153552,0.000967399,0.000313733,0.0,0.0,0.0,0.0,0.0,0.0,0.0,0.0,0.0,-2.91749e-05,-6.99893e-05,-0.000228977,0.000246198,0.000993977,0.00095126,0.000883598,0.000709659,0.00189423,0.00366609,0.00486653,0.00589933,0.00533449,0.00453713,0.00372999,0.00287645,0.00130537,0.00118232,0.000672267,-1.21735e-05,-2.79544e-05,-2.44601e-05,0.0,0.0,0.0,0.0,0.0,0.0,4.24374e-05,-0.000314643,-0.000476512,-0.000173368,0.000489246,0.000647192,-0.000133607,0.000201812,0.00103489,0.000688878,0.00108049,0.00183374,0.000505269,-0.00058354,-0.000432331,-1.00679e-05,-0.000249047,3.54438e-05,4.21235e-05,-0.000222695,-0.000114456,-4.94278e-05,0.0,0.0,0.0,0.0,0.0,0.0,-9.53736e-05,-0.00062535,-0.000868188,-0.000127357,-0.000149713,-0.000979737,-0.00155274,-0.00133843,-0.00166293,-0.00279902,-0.00126375,-0.00266616,-0.00554294,-0.00607715,-0.0053878,-0.00392985,-0.0019167,-0.00110315,-0.000904279,-0.000711822,-0.00044246,-8.23911e-05,-6.22063e-06,0.0,0.0,-1.44906e-05,-4.1065e-05,-0.000120277,-0.000344315,-0.000850406,-0.00125789,-0.000863281,-0.00129902,-0.00307492,-0.00219631,-0.00297739,-0.00358377,-0.00322929,-0.00321211,-0.00648926,-0.00893119,-0.00885618,-0.00763985,-0.00542917,-0.00368807,-0.00236316,-0.00135405,-0.000871349,-0.000501188,-0.000116341,-4.14163e-05,0.0,0.0,-8.53004e-05,-0.000150226,-0.000346245,-0.000804512,-0.00127176,-0.00127811,-0.00122447,-0.00279066,-0.0037485,-0.00237442,-0.00275047,-0.00257336,-0.00146795,-0.00433982,-0.00684028,-0.00896578,-0.00906638,-0.00758844,-0.00618266,-0.00456325,-0.00283167,-0.00145486,-0.00072387,-0.000377673,-0.000138625,-2.27544e-05,0.0,0.0,-6.19429e-05,-0.000219907,-0.00051978,-0.00104457,-0.00140715,-0.00147134,-0.00181717,-0.00363411,-0.00312059,-0.00245993,-0.00154427,-2.56573e-05,-0.000334879,-0.00333703,-0.00585637,-0.00803527,-0.00821949,-0.00714864,-0.00596535,-0.00434729,-0.00273892,-0.00140992,-0.000526829,-0.00025909,-0.000105872,0.0,0.0,0.0,-1.67487e-05,-0.000220619,-0.000663851,-0.00100597,-0.00148213,-0.0017464,-0.00246819,-0.00240691,-0.00146869,-0.000809567,0.000434188,0.00171277,0.000197285,-0.00251239,-0.0054628,-0.00669827,-0.00672265,-0.00529557,-0.00385017,-0.00291704,-0.00230489,-0.00122368,-0.000368954,-8.87158e-05,-6.29069e-06,0.0,0.0,0.0,0.0,-0.000153677,-0.000514643,-0.00070125,-0.00137855,-0.00164833,-0.00238002,-0.00105193,0.000853078,0.0011436,0.00285714,0.0020192,-0.000675376,-0.003045,-0.005469,-0.00499467,-0.00489777,-0.00321638,-0.00152175,-0.00128536,-0.00103256,-0.000692732,-0.000237077,-8.76108e-07,0.0,0.0,0.0,0.0,-3.32171e-06,-9.6006e-05,-0.000332995,-0.000303556,-0.0013072,-0.0011553,-0.000684113,-5.01294e-05,0.00107347,0.00382797,0.00301154,-9.96166e-07,-0.00178234,-0.00425328,-0.00393985,-0.00357397,-0.00199883,-0.000330534,0.00119684,0.00156164,-0.00042114,-0.000178765,-0.00010063,-2.69744e-06,0.0,0.0,0.0,0.0,-2.04548e-05,-7.68207e-05,-0.000202297,-0.000313491,-0.00122248,-0.000562727,2.56032e-05,0.00095716,0.00354276,0.00417414,0.00146715,-0.000759695,-0.00214842,-0.00230735,-0.00208818,-0.00141575,0.000604547,0.0024271,0.00353578,0.00321177,0.000907018,0.000298493,-0.000128062,-4.79292e-05,0.0,0.0,0.0,0.0,-2.23779e-05,-2.02934e-05,-0.000183886,-0.000693126,-0.00111235,0.000440867,0.00131868,0.0027987,0.00533621,0.00373193,0.00112026,-0.000580092,-0.00120041,-0.00080044,-0.0010389,-0.000255813,0.00153061,0.00494435,0.00579938,0.00472158,0.00193574,0.000966789,9.57775e-05,-4.83718e-05,0.0,0.0,0.0,0.0,-1.76575e-05,0.0,-5.5084e-05,-0.000691679,-0.000439809,0.00118896,0.00282407,0.0043924,0.00690557,0.0049975,0.000415209,-0.000622403,-0.00113763,-0.00102161,-0.000718513,0.000956298,0.00352378,0.00615765,0.00719274,0.00486161,0.00261922,0.0018214,0.000406436,-8.25029e-05,0.0,0.0,0.0,0.0,0.0,2.72777e-05,0.000247011,-0.000249496,-4.82494e-05,0.00153042,0.00351303,0.00557237,0.00921001,0.00597999,-0.000329383,-0.00118887,-0.0014496,-0.00169754,-0.00186113,1.71079e-05,0.00268959,0.00604642,0.00600139,0.00435889,0.00242096,0.00121405,0.000604535,-0.000206536,0.0,0.0,0.0,0.0,0.0,6.4342e-05,0.000230122,-0.000218454,-0.000865328,0.00149375,0.0041162,0.00706161,0.00960719,0.0077673,0.00183134,0.000217493,-0.00161603,-0.00300195,-0.00223359,-0.000260057,0.00411767,0.00509931,0.00433029,0.0036354,0.00152858,0.000380478,0.000197758,-0.000178701,0.0,0.0,0.0,0.0,-1.88235e-05,0.000125159,-2.97361e-05,-0.000514536,-0.00099907,0.000468934,0.00372707,0.00716555,0.0106412,0.00940438,0.00529077,0.00143688,-0.000598575,-0.0012438,0.000541077,0.00432261,0.00607209,0.00447919,0.00389451,0.00253128,0.000577891,-0.00023465,-9.15482e-05,-0.000116672,0.0,0.0,0.0,0.0,-2.37255e-05,-7.81903e-05,-0.000431336,-0.000813735,-0.00125362,-0.000468406,0.00221226,0.00510268,0.0100892,0.0111304,0.00786609,0.00410094,0.00183313,0.0018314,0.00371059,0.00609758,0.00555257,0.00387614,0.00264315,0.000409009,-0.000690312,-0.000553487,-0.000171643,-8.89475e-05,0.0,0.0,0.0,0.0,-7.45098e-06,-0.000155923,-0.000522636,-0.0010767,-0.00185006,-0.00214105,-0.000500878,0.00143298,0.00614932,0.00993222,0.00992818,0.00758834,0.00522823,0.00542556,0.0065093,0.00574957,0.00222308,0.000942131,-0.000275036,-0.00132649,-0.000910565,-0.000259232,-0.000260174,-3.15408e-05,0.0,0.0,0.0,0.0,0.0,-4.7139e-05,-0.00036302,-0.00104498,-0.00210804,-0.00301647,-0.0041894,-0.00335468,-0.000665847,0.00302927,0.0053822,0.00579968,0.00604047,0.00507795,0.00387569,0.000587733,-0.00153743,-0.00169003,-0.00201097,-0.0012231,-0.000427753,-0.000294855,-0.00012848,-5.43613e-06,0.0,0.0,0.0,0.0,0.0,-3.72949e-07,-0.000224447,-0.000774594,-0.00173366,-0.00298957,-0.00450244,-0.00618966,-0.00673775,-0.00525344,-0.00414065,-0.0040427,-0.0046491,-0.00564177,-0.00601821,-0.00509497,-0.00362498,-0.00230042,-0.00110427,-0.0006,-0.000357146,-0.000158158,-4.19694e-05,-7.75522e-06,0.0,0.0,0.0,0.0,0.0,0.0,-0.000116888,-0.000440214,-0.000994707,-0.00191991,-0.00356302,-0.00567138,-0.00753084,-0.00880485,-0.00916674,-0.00913331,-0.00855805,-0.00777728,-0.00590072,-0.00366832,-0.00232353,-0.00143047,-0.00084052,-0.000450599,-0.000230746,-8.43708e-05,0.0,0.0,0.0,0.0,0.0,0.0,0.0,0.0,-3.95314e-05,-0.000102799,-0.000297111,-0.000670342,-0.00130876,-0.00241603,-0.00372303,-0.00462215,-0.00484887,-0.0048903,-0.00446674,-0.00404162,-0.00299129,-0.00189712,-0.00126304,-0.000794401,-0.000380074,-0.000292299,-0.000163361,-6.84555e-05,0.0,0.0,0.0,0.0,0.0,0.0,0.0,0.0,0.0,-3.0362e-05,-6.02241e-05,-0.000201713,-0.000445431,-0.000670402,-0.00128175,-0.00144649,-0.00155476,-0.00159445,-0.00123024,-0.00135659,-0.00130758,-0.000964826,-0.000545494,-0.000304254,-0.000177115,-0.000140321,-9.04857e-05,-3.15934e-05,0.0,0.0,0.0,0.0,0.0,0.0,0.0,0.0,0.0,0.0,-1.85176e-07,-6.42575e-05,-0.00018455,-0.000146294,-0.000284159,-0.000289447,-0.000397242,-0.00055582,-0.00046228,-0.000430833,-0.000531935,-0.00048638,-0.000148357,-5.54902e-05,-1.70588e-05,0.0,0.0,0.0,0.0,0.0,0.0,0.0,0.0,0.0,0.0,0.0,0.0,0.0,-8.05812e-06,-5.57339e-05,-8.75442e-05,-4.32257e-05,-3.82315e-06,0.0,-4.40547e-05,-2.64506e-05,-2.72611e-05,-6.4918e-05,-0.000136017,-0.000118243,0.0,0.0,0.0,0.0,0.0,0.0,0.0,0.0,0.0,0.0]}