{"max":0.0295385,"min":-0.0263474,"acc":0.7665,"arr":[0.0,0.0,0.0,0.0,0.0,0.0,0.0,0.0,0.0,0.0,0.0,0.0,0.0,0.0,0.0,0.0,0.0,0.0,0.0,0.0,0.0,0.0,0.0,0.0,0.0,0.0,0.0,0.0,0.0,0.0,0.0,0.0,0.0,0.0,0.0,0.0,0.0,0.00021821,0.000404029,0.000255531,0.000762424,0.000335936,-2.84067e-05,0.000117571,0.000282986,0.0,0.0,0.0,0.0,0.0,0.0,0.0,0.0,0.0,0.0,0.0,0.0,0.0,0.0,0.0,0.0,0.0,0.0,0.000133445,0.00105712,0.00208132,0.00164606,0.0019357,0.0039363,0.0052177,0.00667681,0.00705183,0.00721793,0.00516668,0.00464648,0.00371703,0.00373047,0.00218378,0.000701549,6.0068e-05,0.0,0.0,0.0,0.0,0.0,0.0,0.0,0.0,0.0,-2.31713e-05,1.02685e-05,0.000401028,0.00107085,0.00225316,0.00215076,0.00250981,0.00545229,0.00856968,0.011431,0.0139256,0.0152434,0.0133595,0.0147002,0.0129568,0.00879858,0.00399921,0.00223822,0.000399129,0.0,0.0,0.0,0.0,0.0,0.0,0.0,-7.53347e-06,-3.35731e-05,-0.000143895,-0.000181011,-2.89963e-05,0.000629117,0.00118138,-3.94629e-05,0.000739673,0.0032422,0.00743547,0.00943565,0.0110731,0.0128117,0.0131569,0.0137854,0.0107398,0.00621612,0.00222856,0.00156328,0.000387307,-0.00014159,-2.79544e-05,-2.44601e-05,0.0,0.0,0.0,-1.19553e-05,-3.45557e-05,1.45915e-05,-0.000172489,-0.000612503,-0.00115927,-0.000778683,-0.00131054,-0.0027865,-0.002575,0.000701026,0.0018198,0.00206351,0.00227843,0.00374612,0.00392394,0.0013255,-0.00181301,-0.00221687,-0.00282027,-0.0018477,-0.00122047,-0.000860948,-0.000260833,-4.94278e-05,0.0,0.0,0.0,-1.31017e-06,-1.80148e-06,6.39522e-05,-0.000332034,-0.00121677,-0.00245587,-0.00231646,-0.0043685,-0.0067052,-0.00547174,-0.00223541,-0.00136471,-0.00412697,-0.00330281,-0.00463471,-0.0104604,-0.0139518,-0.0137116,-0.0114564,-0.00744902,-0.0042081,-0.00308121,-0.00205595,-0.000863764,-0.000176675,-6.22063e-06,0.0,0.0,-3.15273e-05,-8.43096e-05,-0.000564314,-0.00130496,-0.00220585,-0.0037815,-0.00450459,-0.00730967,-0.00987695,-0.00499103,-0.00327345,-0.00445597,-0.00505461,-0.00648086,-0.0140344,-0.0212864,-0.0227684,-0.0207876,-0.0158097,-0.0105487,-0.00658412,-0.00404044,-0.00232466,-0.000999543,-0.00026372,-4.14163e-05,0.0,-2.53473e-05,-0.000123721,-0.000435453,-0.00114267,-0.00197629,-0.00310403,-0.00475261,-0.00624995,-0.0101951,-0.0105102,-0.00352946,-0.00215061,-0.0024309,-0.00135917,-0.00884531,-0.0178713,-0.0254483,-0.0263474,-0.0221622,-0.0168004,-0.0116242,-0.00740439,-0.00427646,-0.00193821,-0.00072704,-0.000265912,-2.27544e-05,0.0,-2.74249e-05,-0.000125132,-0.00058866,-0.00127298,-0.00217699,-0.00371542,-0.00547684,-0.00806936,-0.0117957,-0.00776718,-0.000873877,0.00197784,0.00273744,0.000834492,-0.00886231,-0.0187404,-0.0250559,-0.025255,-0.019647,-0.015663,-0.0109935,-0.00722403,-0.00403122,-0.00151924,-0.000339933,-0.000128562,0.0,0.0,-1.3851e-06,-5.31853e-05,-0.000466364,-0.00131095,-0.00208677,-0.00405594,-0.00618112,-0.00888563,-0.00915013,-0.00266983,0.0052027,0.00736493,0.00636779,-0.000695403,-0.0109412,-0.0190532,-0.0221911,-0.0205878,-0.0162185,-0.0118229,-0.00879076,-0.00591531,-0.00332024,-0.00134075,-0.000374368,-6.03979e-05,0.0,0.0,0.0,-2.9377e-06,-0.000224445,-0.00107587,-0.0018719,-0.00401317,-0.00634711,-0.00846937,-0.00484465,0.00408832,0.00982114,0.011652,0.00608094,-0.00395234,-0.0127727,-0.0162609,-0.0155352,-0.0147434,-0.0104179,-0.0061995,-0.00413432,-0.00254595,-0.00146661,-0.000674641,-0.000147468,-1.02295e-05,0.0,0.0,0.0,-3.32171e-06,-0.000115842,-0.000790674,-0.00152018,-0.00354053,-0.00554102,-0.00567881,-0.000833002,0.00874761,0.0141614,0.0105435,0.00024032,-0.00838957,-0.0133415,-0.011789,-0.0102574,-0.00611723,-0.00121845,0.00197505,0.00279041,-0.000449543,-0.000472384,0.000133792,-6.1845e-05,0.0,0.0,0.0,0.0,-2.04548e-05,-0.000126918,-0.000518361,-0.00110294,-0.00362393,-0.00466881,-0.00330017,0.0034214,0.0135093,0.0140184,0.00417652,-0.00471923,-0.00843307,-0.00601736,-0.00295608,-0.00193898,0.00254757,0.0064973,0.00858418,0.00733101,0.00265547,0.000446521,0.000774596,-9.04048e-05,0.0,0.0,0.0,0.0,-2.23779e-05,-9.28032e-05,-0.000520118,-0.00132497,-0.00363407,-0.00286136,-0.000646458,0.00848511,0.0156232,0.0113306,0.000511819,-0.00529146,-0.00345579,0.00163451,0.00234281,0.000483662,0.00409422,0.0123451,0.0151523,0.0110641,0.00425921,0.00209973,0.000744579,-0.000105779,0.0,0.0,0.0,0.0,-1.76575e-05,-7.17573e-05,-0.00041187,-0.00165424,-0.00228931,-0.000815758,0.00311893,0.0131359,0.0174767,0.0102446,0.00088685,-0.00224109,-6.45082e-05,0.00134083,-0.000211643,0.000663761,0.00553349,0.0144218,0.0181989,0.0124267,0.00558089,0.00278493,0.000702997,-0.000200298,-3.2434e-05,-1.88241e-05,0.0,0.0,0.0,-1.51203e-05,-0.000235549,-0.00120939,-0.00199843,0.00034225,0.00695393,0.0161225,0.0210878,0.012083,0.00373234,0.00077118,-0.000129462,-0.00425571,-0.00586279,-0.00240967,0.00586217,0.0155839,0.01638,0.0101039,0.00420411,0.0015092,0.000455387,-0.000452942,-0.00011153,-3.87555e-05,0.0,-7.23126e-06,0.0,-5.34141e-05,-0.000526973,-0.00134699,-0.00345621,0.000603076,0.00968546,0.0197684,0.0251481,0.0174399,0.00936857,0.00447442,-0.000279543,-0.00499109,-0.0041714,0.000992495,0.0118386,0.0169755,0.0118526,0.00717933,0.00237946,-7.79635e-05,-0.000293259,-0.000438309,-5.00327e-05,-1.99314e-06,0.0,-4.74551e-06,-4.86826e-05,-0.000148245,-0.000953257,-0.00201961,-0.00404707,-0.000792525,0.00934611,0.0207348,0.0289525,0.0236745,0.0165737,0.00795589,0.00145416,7.07781e-05,0.0037363,0.012689,0.01764,0.0146595,0.00920605,0.00497148,0.000284739,-0.00139618,-0.000874188,-0.000296998,-1.12337e-05,0.0,0.0,0.0,-7.90039e-05,-0.000434655,-0.0016358,-0.00343497,-0.00518101,-0.00287554,0.00538494,0.0157797,0.0280515,0.0295385,0.0225035,0.0153111,0.010843,0.0110476,0.0135717,0.0172304,0.0148879,0.0100239,0.00583488,0.0012758,-0.00239631,-0.00228317,-0.000775585,-0.00025645,-3.32605e-05,0.0,0.0,0.0,-8.87014e-05,-0.000590442,-0.00179601,-0.00411591,-0.00659999,-0.00727137,-0.00222513,0.00302698,0.0164693,0.0245212,0.0256797,0.0224593,0.0194006,0.0190827,0.0174512,0.0135198,0.00749648,0.00353935,-0.000533043,-0.00307477,-0.0034057,-0.00153,-0.000698286,-0.000156576,0.0,0.0,0.0,0.0,-6.02846e-05,-0.000407281,-0.00147889,-0.00372903,-0.00694915,-0.00944156,-0.0112122,-0.00863259,-0.00258062,0.00794739,0.0136006,0.0159625,0.0150843,0.0111076,0.00591766,0.000565693,-0.00360249,-0.00432258,-0.00456338,-0.00387709,-0.0020843,-0.00115575,-0.000571595,-5.92119e-05,0.0,0.0,0.0,0.0,-1.51421e-05,-0.000221814,-0.000841137,-0.00246698,-0.00540969,-0.00942487,-0.0141149,-0.0180511,-0.0186749,-0.0160634,-0.013008,-0.0120895,-0.0135651,-0.0156775,-0.0156609,-0.0126156,-0.00981711,-0.00664251,-0.00380994,-0.00223261,-0.0013302,-0.000615315,-0.000244881,-5.45512e-05,0.0,0.0,0.0,0.0,0.0,-0.000111527,-0.00042677,-0.00129707,-0.00293787,-0.00568437,-0.00993358,-0.0148597,-0.0194999,-0.0228503,-0.023314,-0.0221565,-0.0209861,-0.0188294,-0.0148341,-0.0101568,-0.00639398,-0.00396449,-0.00230474,-0.00128684,-0.000766882,-0.000315309,-8.97357e-05,-2.4659e-05,0.0,0.0,0.0,0.0,0.0,-2.62191e-06,-0.000120008,-0.000321819,-0.000771219,-0.0020416,-0.00397577,-0.00657453,-0.00959418,-0.0116533,-0.0119086,-0.011553,-0.0106692,-0.00924585,-0.00724438,-0.00511486,-0.00350986,-0.00221026,-0.00127397,-0.000738591,-0.000421889,-0.000170964,-5.00674e-05,-1.12086e-06,0.0,0.0,0.0,0.0,0.0,0.0,-7.24902e-06,-7.09006e-05,-0.000217882,-0.000725,-0.00148431,-0.00231309,-0.00371724,-0.00448117,-0.00426307,-0.00364406,-0.00285433,-0.00294698,-0.00288435,-0.00233413,-0.00165984,-0.000937641,-0.000582041,-0.000285761,-0.000125563,-5.78575e-05,0.0,0.0,0.0,0.0,0.0,0.0,0.0,0.0,-4.12498e-06,-4.66058e-05,-0.000133322,-0.000321565,-0.000746001,-0.000906587,-0.00138176,-0.00144368,-0.00128443,-0.00136774,-0.00133095,-0.00125941,-0.00124123,-0.00099953,-0.000495546,-0.000150691,-6.20394e-05,-1.78816e-05,0.0,0.0,0.0,0.0,0.0,0.0,0.0,0.0,0.0,0.0,0.0,0.0,-8.05812e-06,-7.39831e-05,-0.000125883,-0.000110432,-0.00010731,-0.000129691,-9.05016e-05,-0.000147902,-0.000237983,-0.000251733,-0.000265539,-0.000120611,0.0,-1.41671e-05,-4.48035e-05,-1.13337e-05,0.0,0.0,0.0,0.0,0.0,0.0]}