{"max":0.0456334,"min":-0.0399346,"acc":0.7992,"arr":[0.0,0.0,0.0,0.0,0.0,0.0,0.0,0.0,0.0,0.0,0.0,0.0,0.0,0.0,0.0,0.0,0.0,0.0,0.0,0.0,0.0,0.0,0.0,0.0,0.0,0.0,0.0,0.0,0.0,0.0,0.0,0.0,0.0,0.0,0.0,0.0,0.0,0.00021821,0.000583339,0.000807771,0.0010582,0.000567792,0.000366838,0.000322164,0.000821572,0.000179583,2.14391e-05,0.000298617,0.000350683,0.0,0.0,0.0,0.0,0.0,0.0,0.0,0.0,0.0,0.0,0.0,0.0,0.0,0.0,0.000133445,0.00105712,0.00242277,0.00333469,0.0049149,0.00760204,0.00803564,0.00904731,0.0104475,0.0102267,0.00800493,0.00673521,0.00600761,0.00518171,0.00300358,0.00112244,0.000126278,0.0,0.0,0.0,0.0,0.0,0.0,0.0,-5.51713e-06,0.0,-2.31713e-05,3.68076e-06,0.000319296,0.000915643,0.00281847,0.00511825,0.00693241,0.0102198,0.0136498,0.0173098,0.0210465,0.022638,0.0210766,0.0229411,0.0205527,0.0130834,0.00616525,0.00290205,0.000418992,0.0,0.0,0.0,0.0,0.0,0.0,0.0,-3.76938e-05,-6.83568e-05,-0.000256788,-0.000359525,-0.000153859,0.00053921,0.00186692,0.00289048,0.00403867,0.00618574,0.0106127,0.0144246,0.017448,0.0194791,0.0213572,0.0222712,0.0161304,0.00871665,0.00352809,0.00195602,0.000384487,6.46265e-05,5.33297e-05,-2.44601e-05,0.0,0.0,0.0,-1.19553e-05,-3.45557e-05,-3.21223e-05,-0.000346134,-0.000945253,-0.00169629,-0.00109117,-0.00074568,-0.00100927,-0.00121789,0.0011774,0.00291512,0.00453853,0.00544471,0.00770335,0.00742183,0.00299874,-0.00296474,-0.00364991,-0.00369604,-0.00232466,-0.00163147,-0.0009631,-6.23818e-05,-6.9996e-05,0.0,0.0,0.0,-1.31017e-06,-5.97344e-05,-7.73488e-05,-0.000774422,-0.00202704,-0.00343136,-0.00366107,-0.00422681,-0.00563744,-0.00544475,-0.00331692,-0.000492304,-0.00305898,-0.00395963,-0.00565824,-0.0151537,-0.0208469,-0.0212915,-0.0172155,-0.0109817,-0.00668784,-0.00438156,-0.00272935,-0.000969052,-0.000223308,-1.2713e-05,0.0,0.0,-7.80543e-05,-0.000278261,-0.000962775,-0.00225896,-0.00347331,-0.00546781,-0.00624158,-0.00683687,-0.0104625,-0.00668014,-0.00389852,-0.00351455,-0.00523955,-0.00902292,-0.0204177,-0.031606,-0.0353452,-0.0319021,-0.0241276,-0.0167791,-0.0105985,-0.00627513,-0.00329529,-0.00129065,-0.000394794,-6.31847e-05,0.0,-2.53473e-05,-0.000214117,-0.000679514,-0.00175237,-0.00311487,-0.00467251,-0.00626535,-0.00610431,-0.0102437,-0.0119709,-0.00479169,-0.00158977,-0.00133593,-0.000917676,-0.0126607,-0.0272474,-0.037834,-0.0399346,-0.0344606,-0.026108,-0.0185946,-0.0117344,-0.00674226,-0.00307495,-0.00112355,-0.00032009,-2.27544e-05,0.0,-2.74249e-05,-0.000158973,-0.000879146,-0.00189386,-0.003227,-0.00506084,-0.00611444,-0.00705774,-0.0125746,-0.00867958,-0.000694436,0.00395204,0.00638924,0.00167619,-0.0137421,-0.0291569,-0.0367829,-0.0375927,-0.0315645,-0.0253391,-0.0176886,-0.0112936,-0.00608801,-0.0024761,-0.000729141,-0.000147575,0.0,0.0,-1.3851e-06,-7.47716e-05,-0.000666589,-0.00170838,-0.0028296,-0.00458553,-0.00578074,-0.00863516,-0.0091854,-0.00189933,0.00786508,0.0122599,0.0104547,-0.0019781,-0.0178536,-0.0285365,-0.032138,-0.0313297,-0.0253164,-0.0180956,-0.013479,-0.00860767,-0.00462243,-0.00175923,-0.000564857,-0.000130195,0.0,0.0,0.0,-7.36399e-05,-0.000404987,-0.00138281,-0.00227609,-0.00425189,-0.00557728,-0.00820463,-0.00305987,0.00757565,0.015003,0.0169455,0.00830423,-0.00735513,-0.0193412,-0.0235014,-0.023103,-0.021259,-0.0147194,-0.00795948,-0.00476121,-0.00320024,-0.00176288,-0.000599307,-0.000278803,1.80142e-05,0.000202508,0.0,0.0,-4.73227e-05,-0.000261654,-0.00109728,-0.00177836,-0.00373006,-0.00502731,-0.0047812,0.00322897,0.0149595,0.0212238,0.0155262,0.00141326,-0.0119173,-0.0174186,-0.0152186,-0.0126274,-0.00719331,-0.00157158,0.00396823,0.00534,0.000603737,0.000679686,0.0007325,-0.000136532,0.000303984,0.000234971,0.0,0.0,-3.65243e-05,-0.00022009,-0.000885447,-0.00119099,-0.00420528,-0.00458194,-0.000388357,0.00971532,0.0207136,0.0207588,0.00797871,-0.00480021,-0.0102106,-0.00614972,-0.000820261,0.00148184,0.00654487,0.0116804,0.0152205,0.012688,0.00559347,0.003094,0.00194643,0.000181071,0.000343813,6.33802e-05,0.0,-1.57208e-05,-3.33348e-05,-0.000141096,-0.000972988,-0.00170446,-0.00464946,-0.00237088,0.00431464,0.0160586,0.0236968,0.0153686,0.00219032,-0.00577169,-0.00258747,0.00386589,0.0058788,0.00378689,0.00900498,0.0198291,0.0254131,0.0186494,0.00917887,0.00592757,0.00190182,0.000168377,-4.98515e-06,0.0,0.0,-3.58878e-05,-3.81422e-05,-0.000129705,-0.00101197,-0.00239199,-0.00329832,0.000803262,0.00937659,0.0226292,0.0259586,0.0128379,0.00232272,-0.000151303,0.00351366,0.00568275,0.00179442,0.000843111,0.00787484,0.0218407,0.0290641,0.0229571,0.011853,0.00635083,0.00170602,-0.000117149,-0.000154717,-1.88241e-05,0.0,-1.69911e-05,-3.55702e-05,-9.37365e-05,-0.00099389,-0.00240885,-0.00299236,0.00261218,0.014794,0.0292005,0.0312332,0.0166325,0.00705762,0.00435856,0.00537028,-0.00184308,-0.00869513,-0.00446105,0.00865742,0.0239976,0.0262224,0.020004,0.0103741,0.00383172,0.00105463,-0.00049693,-0.000259651,-3.87555e-05,0.0,-1.31067e-05,-3.76346e-05,-0.000239705,-0.00151463,-0.00291983,-0.00466338,0.00302069,0.0182429,0.0347178,0.0388039,0.0269683,0.0154016,0.00990256,0.00274245,-0.00644055,-0.0070291,0.00141142,0.0175045,0.0273264,0.0218584,0.0161581,0.00659025,0.000827662,-0.000365523,-0.000528661,-0.000104865,-1.99314e-06,0.0,-4.74551e-06,-5.72576e-05,-0.000387442,-0.00202642,-0.00433314,-0.00577921,0.00058946,0.0167822,0.0352018,0.0451993,0.0371996,0.0255596,0.0133543,0.00290581,-0.000257997,0.0053786,0.0183308,0.0275752,0.0260479,0.0188878,0.0113461,0.00182066,-0.00120587,-0.00135848,-0.000419225,-2.66379e-05,0.0,0.0,0.0,-7.90039e-05,-0.000655759,-0.002714,-0.00625376,-0.00850727,-0.00423389,0.0108815,0.0274583,0.0443843,0.0456334,0.0360622,0.0245175,0.0178166,0.0179779,0.0206812,0.0269116,0.0254676,0.0201852,0.0123852,0.00365941,-0.00236763,-0.00294421,-0.00126085,-0.000380321,-0.000102294,0.0,0.0,0.0,-8.87014e-05,-0.000738421,-0.00272048,-0.00692092,-0.0103786,-0.0113648,-0.0029703,0.00749101,0.027107,0.0396972,0.0401666,0.0349225,0.0318679,0.0300788,0.0267527,0.0230487,0.0152131,0.00738466,0.000779269,-0.00292334,-0.00464134,-0.00274246,-0.00128985,-0.000299891,-4.10779e-05,0.0,0.0,0.0,-6.02846e-05,-0.000615656,-0.00216765,-0.00594623,-0.0106697,-0.0143386,-0.016353,-0.0117412,-0.00245155,0.0119948,0.0208833,0.0248828,0.0230397,0.0174866,0.010174,0.00205432,-0.00358441,-0.00452164,-0.00504418,-0.00509024,-0.00339351,-0.00183771,-0.000933705,-7.30069e-05,-2.85263e-07,0.0,0.0,0.0,-1.51421e-05,-0.000392772,-0.00129424,-0.00388429,-0.00809542,-0.0134435,-0.0199549,-0.0248191,-0.0258046,-0.0231003,-0.0192564,-0.018517,-0.0199606,-0.0210646,-0.0206209,-0.0161228,-0.0124856,-0.00827846,-0.00502609,-0.00297338,-0.00178233,-0.000960327,-0.000400541,-5.45512e-05,0.0,0.0,0.0,0.0,0.0,-0.000141971,-0.000695311,-0.00199452,-0.00442793,-0.00859578,-0.0146384,-0.0212157,-0.0275762,-0.0331994,-0.0350967,-0.033686,-0.0314229,-0.0274845,-0.0214448,-0.0149127,-0.00915853,-0.00534463,-0.00272634,-0.00128287,-0.000691694,-0.000508183,-0.000187007,-2.4659e-05,0.0,0.0,0.0,0.0,0.0,-2.71897e-06,-0.000146472,-0.000429283,-0.00128003,-0.0033394,-0.00630522,-0.00980028,-0.0137488,-0.0167009,-0.0175603,-0.017156,-0.0157925,-0.0136853,-0.0106161,-0.00726658,-0.00474657,-0.00280539,-0.00159384,-0.00088622,-0.00055392,-0.000307199,-0.000124436,-1.12086e-06,0.0,0.0,0.0,0.0,0.0,0.0,-8.46529e-06,-9.71179e-05,-0.000439245,-0.00114591,-0.00235509,-0.00361329,-0.00546426,-0.00627528,-0.00598211,-0.00555088,-0.00473389,-0.00463774,-0.00421787,-0.0031897,-0.00206324,-0.0011682,-0.000672549,-0.000393481,-0.00018955,-0.000123661,-3.53785e-05,0.0,0.0,0.0,0.0,0.0,0.0,0.0,-1.43957e-05,-8.26301e-05,-0.000229052,-0.000443932,-0.00101312,-0.00139632,-0.00199955,-0.00208851,-0.00205619,-0.00201373,-0.0019505,-0.00176506,-0.00163866,-0.0013516,-0.00074935,-0.000288903,-7.996e-05,-5.86051e-05,-4.0548e-05,-8.07449e-06,0.0,0.0,0.0,0.0,0.0,0.0,0.0,0.0,0.0,0.0,-8.05812e-06,-7.39831e-05,-0.000146188,-0.00014234,-0.000154214,-0.000197698,-0.00019838,-0.000217917,-0.000293715,-0.000273167,-0.000265539,-0.000131491,-4.36902e-05,-4.02431e-05,