{"max":0.0672488,"min":-0.0604451,"acc":0.7969,"arr":[0.0,0.0,0.0,0.0,0.0,0.0,0.0,0.0,0.0,0.0,0.0,0.0,0.0,0.0,0.0,0.0,0.0,0.0,0.0,0.0,0.0,0.0,0.0,0.0,0.0,0.0,0.0,0.0,0.0,0.0,0.0,0.0,0.0,0.0,0.000312951,0.000670594,0.000359071,0.000254261,0.000583339,0.000807771,0.00126851,0.00119419,0.000459221,0.000360477,0.000907819,0.000492467,0.000561208,0.000944264,0.0005753,4.90967e-06,0.0,0.0,0.0,0.0,0.0,0.0,0.0,0.0,0.0,1.76501e-05,3.03286e-05,0.0,0.000291332,0.000791071,0.00187272,0.00267526,0.00407087,0.00653831,0.0101461,0.011005,0.0132121,0.0156443,0.0163479,0.0142803,0.0120499,0.0100199,0.00770757,0.00378269,0.00123926,0.000126278,0.0,0.0,0.0,0.0,0.0,0.0,0.0,0.00013161,0.000198056,-2.60975e-05,0.000288248,0.000764852,0.00187974,0.00445624,0.00714087,0.00956663,0.0144803,0.0199945,0.0254364,0.0314078,0.0358436,0.0341267,0.0350649,0.0295248,0.0174693,0.00763133,0.00321647,0.000238686,-9.20358e-05,-0.000122716,-1.91928e-05,0.0,0.0,0.0,0.0,-3.76938e-05,-0.000101947,-0.000346901,-0.000340359,-3.27015e-05,0.0015554,0.00339669,0.00396962,0.00543372,0.00918885,0.0152145,0.020936,0.0276725,0.0326438,0.0339069,0.0320937,0.023563,0.0130078,0.00586026,0.00310117,0.000497702,-3.65034e-05,-9.20505e-05,-3.05854e-05,0.0,0.0,0.0,-1.19553e-05,-3.45557e-05,-0.000128518,-0.000765861,-0.00153613,-0.0024438,-0.00117274,-0.0010013,-0.00140177,-0.00211798,0.000980923,0.0040834,0.00757052,0.0113702,0.0150237,0.0101308,0.00394773,-0.00251371,-0.00523138,-0.00523569,-0.00353927,-0.00217466,-0.00102559,5.16385e-05,-7.02927e-05,0.0,0.0,0.0,-1.31017e-06,-0.000126131,-0.000226413,-0.00148586,-0.0032512,-0.00521502,-0.00475162,-0.0055584,-0.00802573,-0.00824758,-0.00525008,-0.00165398,-0.00326037,-0.00405546,-0.0108685,-0.0245299,-0.0308545,-0.030335,-0.0249546,-0.0165795,-0.00975282,-0.00573139,-0.00314929,-0.000785573,-0.000152153,-4.49775e-05,0.0,-1.51268e-05,-0.000110295,-0.00037452,-0.0012899,-0.00340996,-0.00560736,-0.00775617,-0.00816226,-0.0100908,-0.0145792,-0.0107924,-0.00741257,-0.00524051,-0.00588272,-0.0140463,-0.0331324,-0.0476293,-0.0525615,-0.0469408,-0.035106,-0.0245331,-0.0152892,-0.00800505,-0.00415666,-0.00153534,-0.000239559,-7.54274e-05,0.0,-3.42887e-05,-0.000245723,-0.000981627,-0.00241092,-0.00475186,-0.00740727,-0.00848054,-0.00852816,-0.013845,-0.0167179,-0.00796371,-0.00375803,-0.000575615,-0.00165662,-0.0205951,-0.0426065,-0.0569291,-0.0604451,-0.0522276,-0.0391954,-0.0269299,-0.0166942,-0.00922832,-0.00465403,-0.00159659,-0.000195801,-2.27544e-05,0.0,-4.13171e-05,-0.000252408,-0.00128762,-0.00261847,-0.0049507,-0.0077712,-0.00810456,-0.00889082,-0.0154172,-0.0107241,-0.00159557,0.00642784,0.010465,0.00113088,-0.0225451,-0.0441147,-0.055816,-0.0575898,-0.0492456,-0.0383317,-0.026055,-0.0162254,-0.00845817,-0.00413808,-0.00108733,1.97928e-05,0.0,0.0,-2.10438e-05,-0.000160566,-0.000944732,-0.00237468,-0.0044195,-0.00711152,-0.00725968,-0.00906237,-0.00956646,-0.00111427,0.0113556,0.0198137,0.0166286,-0.00366297,-0.0279482,-0.0435534,-0.0493028,-0.0478002,-0.039932,-0.0281569,-0.0200316,-0.012221,-0.00612749,-0.00265068,-0.000685897,0.000148596,-4.0948e-06,0.0,-2.47678e-06,-0.000106458,-0.000523899,-0.0018654,-0.0034724,-0.0059798,-0.00648608,-0.00766856,-0.00117685,0.0100912,0.0214719,0.0264197,0.0132249,-0.0117607,-0.0295965,-0.0348043,-0.0348303,-0.0329475,-0.0246223,-0.014146,-0.00693125,-0.00374171,-0.00140855,-0.00087143,-0.000301885,0.000228361,0.000201538,0.0,-7.70172e-06,-0.000110757,-0.000348875,-0.00159443,-0.00277121,-0.00495565,-0.00605437,-0.00311259,0.00753849,0.0202371,0.0301416,0.0239968,0.00276973,-0.0179754,-0.0237483,-0.0200225,-0.0176155,-0.0128905,-0.00579723,0.00333477,0.00740513,0.00430608,0.00341926,0.00145911,-0.000116054,0.000431211,0.000234971,0.0,0.0,-8.69825e-05,-0.000308943,-0.00156457,-0.00245669,-0.0054489,-0.00496986,0.00251869,0.0156195,0.0293435,0.0300916,0.013835,-0.00760159,-0.0153646,-0.00723556,0.00139827,0.00408791,0.00855411,0.0139948,0.0187749,0.0172601,0.0110828,0.00765156,0.00351804,0.00036971,0.000380331,6.33802e-05,0.0,-1.57208e-05,-5.33923e-05,-0.000240259,-0.00171289,-0.00332233,-0.00591867,-0.00219539,0.00854316,0.0250737,0.0345697,0.0246416,0.00510703,-0.00866537,-0.00488302,0.00522656,0.00972072,0.00713275,0.0139228,0.0268025,0.033607,0.0268579,0.0159518,0.0103145,0.00429203,0.000613026,-4.98515e-06,0.0,0.0,-3.58878e-05,-7.10464e-05,-0.000277768,-0.00189695,-0.00431115,-0.00533026,0.00172129,0.0147905,0.0338861,0.038982,0.0221815,0.0043487,-0.000576572,0.0049155,0.0101045,0.0055454,0.00287768,0.0121547,0.031345,0.0402611,0.0331253,0.019,0.0100457,0.00402847,0.00080232,-0.000154717,-1.88241e-05,0.0,-1.69911e-05,-7.86479e-05,-0.000304672,-0.00195327,-0.00512038,-0.00574736,0.00367086,0.0217024,0.0425685,0.0468859,0.0271045,0.0115491,0.00645242,0.00823362,-0.000367073,-0.00949761,-0.00587618,0.012415,0.0336707,0.0393906,0.0295595,0.0158573,0.00668727,0.00272508,0.000174374,-0.000476186,-3.87555e-05,0.0,-1.31067e-05,-9.01122e-05,-0.0004879,-0.00288636,-0.00633229,-0.00791788,0.00386193,0.0265771,0.0479346,0.0567619,0.0410535,0.0229472,0.0134293,0.00413609,-0.0092097,-0.0109778,0.00165967,0.0248876,0.0405132,0.0337134,0.0229764,0.0108249,0.00337066,-5.47358e-05,-0.000352601,-0.000231346,-1.99314e-06,0.0,-4.74551e-06,-0.000151033,-0.000735151,-0.0036812,-0.00835288,-0.0101541,-0.000282593,0.023929,0.0491758,0.0656838,0.0555449,0.0379088,0.0198306,0.00643179,0.00143957,0.00841733,0.0273051,0.0419375,0.0378238,0.026613,0.0158679,0.00428753,-0.000133916,-0.00209884,-0.000723189,-5.80591e-05,0.0,0.0,0.0,-0.000214648,-0.00106288,-0.00462604,-0.0108618,-0.0139292,-0.00841929,0.0134321,0.0386787,0.0655224,0.0672488,0.0543435,0.0377028,0.028179,0.029331,0.0354863,0.0426857,0.0388238,0.0274709,0.0165945,0.0052251,-0.00234053,-0.00403539,-0.00237262,-0.0008202,1.04417e-06,0.0,0.0,0.0,-0.00021207,-0.00123588,-0.00465261,-0.0109185,-0.0165914,-0.017793,-0.00632364,0.0121862,0.040824,0.058903,0.0596601,0.0533492,0.0495233,0.0466514,0.0415352,0.0341784,0.0222932,0.0102846,0.00189277,-0.0046846,-0.00686446,-0.00443875,-0.00211625,-0.000621462,0.000182865,0.0,0.0,0.0,-0.000126083,-0.000948601,-0.00356619,-0.00913407,-0.0164301,-0.0223314,-0.0250367,-0.0173181,-0.00051636,0.019027,0.0313351,0.0363046,0.0329775,0.0243616,0.0131584,0.001943,-0.00531872,-0.00696465,-0.00807318,-0.00782736,-0.00524729,-0.00312741,-0.00164948,-0.000312625,0.000266187,0.0,0.0,0.0,-2.53752e-05,-0.00056633,-0.00198079,-0.00565934,-0.0121002,-0.0204658,-0.030284,-0.0370084,-0.0365362,-0.032925,-0.0284176,-0.0266926,-0.0267521,-0.0283729,-0.028765,-0.024059,-0.0183037,-0.01245,-0.00774914,-0.00410782,-0.00264211,-0.00144052,-0.000824374,-0.000180363,0.000116986,0.0,0.0,0.0,0.0,-0.000161397,-0.000970232,-0.0026925,-0.00624491,-0.0124922,-0.020603,-0.0297238,-0.0389754,-0.0467154,-0.0501931,-0.0488863,-0.0452007,-0.0386258,-0.0300199,-0.0209363,-0.0131069,-0.00746104,-0.00422432,-0.00214352,-0.00102983,-0.000696149,-0.000391466,-0.000107966,-6.76407e-06,0.0,0.0,0.0,0.0,-6.53358e-06,-0.000183353,-0.000589685,-0.00176871,-0.00464485,-0.00851654,-0.0133427,-0.019714,-0.024584,-0.0261615,-0.0253958,-0.0230446,-0.0195287,-0.0153093,-0.0108809,-0.00695368,-0.00403737,-0.00231724,-0.00139177,-0.000823638,-0.000455457,-0.000253211,-6.50296e-05,0.0,0.0,0.0,0.0,0.0,0.0,-8.46529e-06,-0.000167945,-0.000606412,-0.00159825,-0.00309916,-0.00488668,-0.00743157,-0.00887092,-0.00893539,-0.00827225,-0.00703638,-0.00675301,-0.00638266,-0.00475687,-0.00302131,-0.00173565,-0.00105464,-0.000700577,-0.00032402,-0.000146508,-4.18232e-05,0.0,0.0,0.0,0.0,0.0,0.0,0.0,-1.43957e-05,-0.000111557,-0.000285988,-0.00055502,-0.00123067,-0.00177316,-0.00255478,-0.00299115,-0.00293948,-0.0028466,-0.0027006,-0.00233613,-0.00201816,-0.00158755,-0.000980978,-0.000413312,-0.000161901,-0.000145468,-4.25979e-05,-8.07449e-06,0.0,0.0,0.0,0.0,0.0,0.0,0.0,0.0,0.0,0.0,-8.05812e-06,-7.39831e-05,-0.000146188,-0.00014234,-0.000203157,-0.000265105,-0.000257097,-0.000290371,-0.000392662,-0.00035542,-0.00033648,