{"max":0.0776564,"min":-0.0703233,"acc":0.8126,"arr":[0.0,0.0,0.0,0.0,0.0,0.0,0.0,0.0,0.0,0.0,0.0,0.0,0.0,0.0,0.0,0.0,0.0,0.0,0.0,0.0,0.0,0.0,0.0,0.0,0.0,0.0,0.0,0.0,0.0,0.0,0.0,0.0,0.0,0.0,0.000315393,0.00077467,0.00122702,0.000549652,0.000583339,0.000807771,0.00126851,0.00122553,0.000749996,0.000436931,0.000894264,0.000424958,0.000545526,0.000944264,0.0005753,4.90967e-06,0.0,0.0,0.0,0.0,0.0,0.0,0.0,0.0,0.0,8.00757e-06,2.70036e-05,0.0,0.000407305,0.00120182,0.00292583,0.00334636,0.00452401,0.00759795,0.0114823,0.0124201,0.0155988,0.0186034,0.0197321,0.0162541,0.0132308,0.0109081,0.00831338,0.00429034,0.00148158,0.000165049,0.0,0.0,0.0,0.0,0.0,0.0,0.0,0.00010368,0.000188746,-1.63314e-05,0.00054705,0.00123409,0.00292351,0.00556342,0.00814828,0.0108989,0.0157731,0.0220325,0.030213,0.0373159,0.0410501,0.0393708,0.0391148,0.0324997,0.0191303,0.00866348,0.00356836,0.000133581,-0.000146717,-0.000122716,-1.91928e-05,0.0,0.0,0.0,0.0,-3.76938e-05,-0.000102027,-0.000206489,-5.94834e-05,0.000348325,0.00248027,0.00477254,0.005223,0.00576421,0.00968353,0.016743,0.0236161,0.0312705,0.035698,0.0373973,0.0356931,0.0251622,0.0132522,0.0057957,0.00314077,0.000397234,-0.000100557,-9.20505e-05,-3.05854e-05,0.0,0.0,0.0,-1.19553e-05,6.33332e-05,-0.000145654,-0.000583628,-0.00155442,-0.0025104,-0.00110514,-0.000300578,-0.00111953,-0.00195664,0.00105102,0.00422766,0.00833358,0.010807,0.0136559,0.00934159,0.00348634,-0.00464014,-0.00681867,-0.00649047,-0.0043294,-0.00245044,-0.00125173,-4.71337e-07,-7.49224e-05,0.0,0.0,0.0,-1.31017e-06,-0.000158665,-0.000311772,-0.00156873,-0.00377722,-0.00583867,-0.00526757,-0.00602626,-0.00876684,-0.00797661,-0.00605522,-0.00283638,-0.0053353,-0.00765993,-0.0156552,-0.029595,-0.0365725,-0.0355976,-0.0287877,-0.019067,-0.01131,-0.00649988,-0.0034689,-0.000934072,-0.000170352,-4.49775e-05,0.0,-1.51268e-05,-0.000116002,-0.000396849,-0.00155783,-0.00380404,-0.00649016,-0.00863485,-0.00893098,-0.0106487,-0.0145335,-0.0113119,-0.00910913,-0.00728307,-0.00927194,-0.0193462,-0.0393558,-0.0557252,-0.0608976,-0.0543855,-0.0411363,-0.0284395,-0.0176998,-0.00930325,-0.00479779,-0.00186591,-0.000257187,-7.54274e-05,0.0,-3.42887e-05,-0.000256256,-0.00108029,-0.00277668,-0.00520035,-0.00832696,-0.00912194,-0.00894246,-0.0138605,-0.0163279,-0.00854729,-0.00502269,-0.00201884,-0.00432835,-0.0254574,-0.0497367,-0.0657577,-0.0703233,-0.0606238,-0.0457572,-0.0316418,-0.0195623,-0.0107569,-0.00535301,-0.00183679,-0.000201789,-2.27544e-05,0.0,-4.13171e-05,-0.000295987,-0.00141083,-0.00293586,-0.00534318,-0.0083563,-0.00846997,-0.00858824,-0.0144196,-0.0101884,-0.00251595,0.00596942,0.01007,-0.00116268,-0.0272551,-0.0516325,-0.0646435,-0.0672375,-0.0579393,-0.0446596,-0.0303646,-0.0188221,-0.0096528,-0.00469395,-0.00125934,-1.93061e-05,0.0,0.0,-2.10438e-05,-0.000180961,-0.00103857,-0.00274451,-0.00482663,-0.0074082,-0.00720221,-0.00839278,-0.00793541,-0.000984241,0.00982751,0.0213122,0.0168734,-0.00663955,-0.0335721,-0.0511644,-0.0575847,-0.0559269,-0.046389,-0.0321985,-0.0218918,-0.0133505,-0.00668116,-0.0029222,-0.000867501,4.36325e-05,-1.30425e-05,0.0,-2.47678e-06,-0.000113987,-0.000588627,-0.0022128,-0.00390173,-0.00634047,-0.00588247,-0.00631762,0.00110015,0.00978658,0.0217991,0.029159,0.0131236,-0.015227,-0.0357568,-0.0403202,-0.0400817,-0.03743,-0.0271798,-0.0153587,-0.0065426,-0.00307987,-0.000849059,-0.000543136,-0.000362295,0.000190559,0.000190525,0.0,-7.70172e-06,-0.000110757,-0.000413931,-0.00188403,-0.00332286,-0.00509356,-0.00533868,-0.000707286,0.0102393,0.0207493,0.0322603,0.0258196,0.00103455,-0.0221646,-0.0272198,-0.0216586,-0.0194336,-0.0133902,-0.00400844,0.00637513,0.0109722,0.00729754,0.00474123,0.00203736,-0.000106492,0.000431211,0.000234971,0.0,0.0,-8.69825e-05,-0.000380467,-0.00192294,-0.00314278,-0.00555629,-0.00375636,0.00573044,0.0184046,0.030955,0.0328171,0.0143927,-0.0100313,-0.0177793,-0.00869104,0.00186514,0.00619757,0.0104354,0.01752,0.0229393,0.0219368,0.0165265,0.0107668,0.00414028,0.000359788,0.000380331,6.33802e-05,0.0,-1.57208e-05,-5.33923e-05,-0.000312947,-0.00207436,-0.00361876,-0.00603853,-0.000936887,0.011553,0.0284168,0.037335,0.0266242,0.00437495,-0.0107106,-0.00564214,0.00700008,0.012578,0.00864754,0.0157774,0.0295362,0.037747,0.0327207,0.0225939,0.0138572,0.0049692,0.000583635,-4.98515e-06,0.0,0.0,-3.58878e-05,-7.10464e-05,-0.00032362,-0.00227991,-0.00434803,-0.00539322,0.00244825,0.0175997,0.0382755,0.0425041,0.0232068,0.0040795,-0.00154834,0.00564155,0.0117776,0.00556994,0.00207708,0.0116695,0.0333167,0.0440739,0.0394247,0.0253759,0.0134664,0.0047989,0.000691791,-0.000158292,-1.88241e-05,0.0,-2.20425e-05,-7.86479e-05,-0.000347509,-0.0022475,-0.00515592,-0.00617652,0.00398522,0.0244237,0.0489053,0.0526777,0.028802,0.0121007,0.00722416,0.00851223,-0.00248344,-0.0136917,-0.00916929,0.0123001,0.0369433,0.0439444,0.0355228,0.0208982,0.00882309,0.0031727,-0.000136866,-0.000562224,-3.87555e-05,0.0,-1.64216e-05,-9.01122e-05,-0.000486154,-0.00336298,-0.00695529,-0.00868419,0.00411963,0.0295644,0.0553624,0.0650685,0.0461911,0.0263845,0.0155478,0.00371349,-0.0131518,-0.0148276,-0.000806505,0.0270547,0.045577,0.0390128,0.0282095,0.0143091,0.00457483,0.000125062,-0.00060649,-0.000313971,-1.99314e-06,0.0,-4.74551e-06,-0.000163996,-0.000814821,-0.00441344,-0.00999712,-0.0115926,-0.00113196,0.0262235,0.0565811,0.0752958,0.0641548,0.0443927,0.0235174,0.00604773,-0.000568373,0.00791661,0.0296859,0.0466431,0.0435796,0.0318737,0.0193387,0.005426,-0.000138178,-0.00219946,-0.000836976,-9.93064e-05,0.0,0.0,0.0,-0.000283807,-0.00139579,-0.00558598,-0.0131687,-0.0167388,-0.0110498,0.0140197,0.0428086,0.0739379,0.0776564,0.0628577,0.0437992,0.0305433,0.0309702,0.0394276,0.0478073,0.0446071,0.0320329,0.0196966,0.00587419,-0.00279038,-0.00452859,-0.00266462,-0.00101778,1.04417e-06,0.0,0.0,0.0,-0.000296806,-0.00157585,-0.00571241,-0.0134825,-0.0202471,-0.0219576,-0.00838208,0.0123456,0.0447911,0.0658395,0.067907,0.0599706,0.054029,0.0513422,0.0465301,0.0391816,0.0262161,0.0121021,0.00181491,-0.00571839,-0.00775698,-0.00501052,-0.00243125,-0.000830443,0.000182865,0.0,0.0,0.0,-0.000189611,-0.00118798,-0.00439075,-0.0113001,-0.0199721,-0.0268906,-0.0297801,-0.0208462,-0.00219882,0.0195652,0.0345706,0.0409976,0.036415,0.0267077,0.0151918,0.00337075,-0.00540299,-0.0082671,-0.0102878,-0.00938604,-0.00628202,-0.00367431,-0.00196599,-0.000380769,0.000266187,0.0,0.0,0.0,-5.31021e-05,-0.000717219,-0.00238669,-0.00690918,-0.0144707,-0.0240634,-0.0348569,-0.0419123,-0.0417264,-0.0394444,-0.0350333,-0.0321943,-0.031198,-0.0322715,-0.0323865,-0.0271339,-0.0213203,-0.0152333,-0.0098409,-0.00538282,-0.00322151,-0.00183481,-0.00100077,-0.00020553,0.000116986,0.0,0.0,0.0,-5.00171e-06,-0.000194304,-0.00109825,-0.00307113,-0.00723942,-0.0144637,-0.0236243,-0.0338606,-0.0445745,-0.0539704,-0.0577952,-0.0561415,-0.0514817,-0.0439342,-0.0338511,-0.0236467,-0.0151611,-0.0090366,-0.00522965,-0.00264787,-0.00135288,-0.000911475,-0.000505121,-0.000107966,-6.76407e-06,0.0,0.0,0.0,0.0,-6.64825e-06,-0.000204416,-0.000700141,-0.00210637,-0.0052826,-0.00956612,-0.0150983,-0.0224515,-0.0281771,-0.0299166,-0.028952,-0.0261913,-0.0222871,-0.0172837,-0.0121742,-0.00811242,-0.00494174,-0.00292146,-0.00159852,-0.000866946,-0.000459514,-0.000257688,-6.50296e-05,0.0,0.0,0.0,0.0,0.0,0.0,-1.51549e-05,-0.000231146,-0.000749458,-0.00178681,-0.00345735,-0.00564298,-0.00849909,-0.0100233,-0.0101195,-0.00935839,-0.00817354,-0.00781792,-0.00713413,-0.00525419,-0.00362432,-0.00234788,-0.0013766,-0.00080602,-0.000362617,-0.000146508,-4.18232e-05,0.0,0.0,0.0,0.0,0.0,0.0,0.0,-1.43957e-05,-0.000112093,-0.000305361,-0.000585693,-0.00137257,-0.002067,-0.00285152,-0.00323904,-0.00322111,-0.00311592,-0.00293821,-0.00270576,-0.00225234,-0.00168981,-0.00114747,-0.000614978,-0.000339151,-0.000197429,-4.34401e-05,-8.07449e-06,0.0,0.0,0.0,0.0,0.0,0.0,0.0,0.0,0.0,0.0,-8.05812e-06,-7.39831e-05,-0.000158331,-0.000165006,-0.000208398,-0.000275025,-0.000268992,-0.000314851,-0.00046289,-0.000405572,