{"max":0.0254212,"min":-0.0245705,"acc":0.7738,"arr":[0.0,0.0,0.0,0.0,0.0,0.0,0.0,0.0,0.0,0.0,0.0,0.0,0.0,0.0,0.0,0.0,0.0,0.0,0.0,0.0,0.0,0.0,0.0,0.0,0.0,0.0,0.0,0.0,0.0,0.0,0.0,0.0,0.0,0.0,0.0,0.0,0.0,-2.21993e-05,-4.11034e-05,-2.45072e-05,-7.63481e-05,-3.459e-05,-1.98086e-05,-3.89982e-05,-3.47857e-05,0.0,0.0,0.0,0.0,0.0,0.0,0.0,0.0,0.0,0.0,0.0,0.0,0.0,0.0,0.0,0.0,0.0,0.0,-1.48166e-05,-0.0001292,-0.000262859,-0.000200799,-0.00025528,-0.000501192,-0.000506969,-0.000657881,-0.000810989,-0.000793929,-0.000505524,-0.000450573,-0.000344464,-0.000347905,-0.000208845,-6.98175e-05,-5.70149e-06,0.0,0.0,0.0,0.0,0.0,0.0,0.0,0.0,0.0,-2.36655e-05,-6.66396e-05,-0.000128602,-0.000285658,-0.000610863,-0.00085776,-0.00114342,-0.00167226,-0.00230518,-0.00259965,-0.0027034,-0.0026075,-0.00218915,-0.00183944,-0.00132416,-0.000935051,-0.00045735,-0.000241645,-5.53634e-05,0.0,0.0,0.0,0.0,0.0,0.0,0.0,-7.82955e-06,-3.48926e-05,-0.000105787,-0.000261376,-0.000573518,-0.00121256,-0.00213025,-0.00298823,-0.00409019,-0.00571336,-0.00739666,-0.00850411,-0.00892906,-0.00874138,-0.00778925,-0.00646991,-0.00475962,-0.00310547,-0.00177908,-0.000752559,-0.000293066,-9.77839e-05,-2.53685e-05,-2.21974e-05,0.0,0.0,0.0,-1.24252e-05,-3.59138e-05,-2.82541e-05,-0.000285567,-0.000784161,-0.00118693,-0.00270726,-0.00451731,-0.00572092,-0.00810262,-0.0118949,-0.0150054,-0.0168353,-0.0180156,-0.018332,-0.0163089,-0.0133689,-0.0100678,-0.00712817,-0.00457473,-0.00247452,-0.0012598,-0.000681922,-0.000229385,-4.55225e-05,0.0,0.0,0.0,-1.36166e-06,-1.87228e-06,-9.97714e-05,-0.000534375,-0.00141323,-0.00258191,-0.00347165,-0.00319852,-0.00478871,-0.00953966,-0.0133428,-0.0162528,-0.0183145,-0.0213716,-0.0213273,-0.0205482,-0.0178906,-0.0139319,-0.0102228,-0.00691441,-0.00425457,-0.00262189,-0.00175899,-0.000827952,-0.0001809,-6.80659e-06,0.0,0.0,0.000135047,0.000387099,0.00145423,0.00178123,0.000924963,-0.000299959,0.00144538,0.0025296,0.00178869,-0.000251123,-0.00222006,-0.00269762,-0.00447268,-0.00626261,-0.0055591,-0.00522592,-0.00485257,-0.00326735,-0.00346403,-0.00238241,-0.00177903,-0.00238862,-0.00192801,-0.000973883,-0.000281946,-4.53176e-05,0.0,0.0,0.000832303,0.00284566,0.00466839,0.0061211,0.00842118,0.0101364,0.0129278,0.012986,0.011227,0.0123801,0.0131132,0.0153129,0.0161982,0.014821,0.0161244,0.0139975,0.0117843,0.00975968,0.00601198,0.00232057,0.000990452,-0.000499055,-0.00136868,-0.000880974,-0.000286894,-2.48978e-05,0.0,0.0,0.000820464,0.00439573,0.00639518,0.0090546,0.0142118,0.0187573,0.0203963,0.0199404,0.0193695,0.021637,0.0222253,0.0230342,0.0238698,0.0240489,0.0254212,0.0236908,0.0208783,0.0164225,0.0113838,0.00536039,0.00208157,-1.83935e-05,-0.00101016,-0.000595446,-0.000137338,0.0,0.0,0.0,0.000267322,0.00322301,0.00607244,0.00889196,0.0145996,0.0185741,0.0183613,0.0169187,0.0160824,0.0157454,0.0154029,0.0159964,0.0154547,0.0154067,0.0167902,0.020203,0.0223291,0.0192766,0.0142102,0.00670129,0.00204256,-0.00087881,-0.000826479,-0.000370917,-6.29436e-05,0.0,0.0,0.0,0.0,0.00132096,0.00340544,0.00574624,0.00933175,0.0108436,0.011282,0.00828715,0.00547093,0.00309622,0.000998647,0.000199631,-0.00217111,-0.00291568,0.00352757,0.0133259,0.0216268,0.0201212,0.013879,0.0048838,0.000635929,-0.0019391,-0.000892989,-0.000123758,-1.05495e-05,0.0,0.0,0.0,3.31574e-05,0.00106267,0.00183721,0.00226113,0.00423054,0.00487989,0.00437398,0.000305815,-0.00557392,-0.00822229,-0.00917649,-0.0114202,-0.0137988,-0.0127519,-0.00291335,0.0131661,0.0216362,0.0181937,0.0102147,0.00225622,-0.00152096,-0.0024637,-0.0010303,-3.05729e-05,0.0,0.0,0.0,0.0,0.00020418,0.000758402,0.000396428,-0.000157569,0.000724185,-0.000778571,-0.0021009,-0.00649389,-0.0120374,-0.0144662,-0.017088,-0.0202107,-0.0214409,-0.0182989,-0.00143244,0.0163261,0.0197627,0.014044,0.00534944,-0.00197988,-0.0029228,-0.0024573,-0.000662905,0.000154989,0.0,0.0,0.0,0.0,0.000223376,0.000171099,-0.000493653,-0.000852446,-0.00166815,-0.00372923,-0.00644323,-0.011455,-0.0144759,-0.0170434,-0.0194619,-0.0241102,-0.0242789,-0.0133376,0.00927297,0.0192416,0.016997,0.0077344,-0.00100249,-0.00441304,-0.00291563,-0.0020265,-0.000995641,-0.000113712,0.0,0.0,0.0,0.0,0.000176258,-6.46707e-05,-0.000549687,-0.00153885,-0.00335273,-0.00518659,-0.00765278,-0.0127011,-0.0168833,-0.018006,-0.0214428,-0.0245705,-0.0196799,-0.000598106,0.0169141,0.0186625,0.0100015,0.000843244,-0.00562518,-0.0061628,-0.00378737,-0.00243607,-0.00108968,-0.000179238,-2.46964e-05,-1.42999e-05,0.0,0.0,0.0,-3.8346e-05,-0.000713471,-0.0017145,-0.00446325,-0.00632957,-0.00901612,-0.0134007,-0.0154999,-0.0170984,-0.0197111,-0.0196602,-0.00725576,0.0116095,0.0209308,0.0146229,0.00177075,-0.00512383,-0.00832043,-0.00663816,-0.0041348,-0.00241322,-0.00107598,-0.000387936,-8.48507e-05,-2.9441e-05,0.0,0.0,0.0,-0.000135051,-0.000842595,-0.00233806,-0.00554693,-0.00817739,-0.0109928,-0.013372,-0.0137743,-0.0140919,-0.0142178,-0.00841053,0.0073207,0.0210046,0.0197654,0.00732103,-0.00339087,-0.00882223,-0.00846055,-0.00629123,-0.00436275,-0.00250291,-0.00123158,-0.000346397,-3.80808e-05,-1.51411e-06,0.0,0.0,-4.31547e-05,-0.000338291,-0.00121493,-0.00333633,-0.00650609,-0.00916204,-0.0113628,-0.0133119,-0.0144338,-0.0127929,-0.00992468,0.00268776,0.0151277,0.0217663,0.0123729,-0.00125865,-0.00904416,-0.0115802,-0.00929994,-0.00711953,-0.00443014,-0.00245389,-0.00110152,-0.000229761,-8.25474e-06,0.0,0.0,0.0,-6.31298e-05,-0.000424683,-0.00139992,-0.00353782,-0.0065341,-0.00897986,-0.0120248,-0.014701,-0.0157234,-0.0130179,-0.00504503,0.00645276,0.0153202,0.0144399,0.00308281,-0.00687389,-0.0111332,-0.0126716,-0.0091766,-0.00684625,-0.00402276,-0.00204276,-0.000820007,-0.000192473,-2.44405e-05,0.0,0.0,0.0,-4.9019e-05,-0.000413975,-0.00136419,-0.0031578,-0.00613403,-0.00938049,-0.0133547,-0.0159734,-0.016304,-0.0115293,-0.00107195,0.00776949,0.0108813,0.00474375,-0.00438971,-0.00907428,-0.0119046,-0.0113708,-0.00766471,-0.00532209,-0.0029508,-0.00125976,-0.000571594,-0.000129167,0.0,0.0,0.0,0.0,-1.02389e-05,-0.000279883,-0.00101601,-0.00237829,-0.00559578,-0.00968586,-0.0137643,-0.0158692,-0.0142517,-0.00689256,0.00096373,0.00498303,0.00416737,-0.00182642,-0.00553244,-0.00777234,-0.0103835,-0.00829081,-0.00531216,-0.00347089,-0.00187042,-0.000723994,-0.000386919,-4.29694e-05,0.0,0.0,0.0,0.0,0.0,-0.000177853,-0.000317604,-0.00146871,-0.00380104,-0.00712825,-0.0111943,-0.0125853,-0.00908613,-0.00222551,0.00264203,0.0029116,0.00196117,-0.00212626,-0.00326274,-0.00509386,-0.00701195,-0.00561945,-0.00323635,-0.00212559,-0.00114004,-0.000389644,-0.000182872,-3.89546e-05,0.0,0.0,0.0,0.0,0.0,-0.00010787,5.97828e-05,-0.000606179,-0.00167107,-0.00333889,-0.00453868,-0.00433535,-0.000589439,0.00342607,0.00597452,0.00526064,0.00368652,0.00204732,0.000982618,-0.00150843,-0.00381873,-0.00299495,-0.00165893,-0.000933261,-0.000539656,-0.000277156,-6.58954e-05,-1.66207e-05,0.0,0.0,0.0,0.0,0.0,-3.90931e-06,-4.30225e-05,0.00010859,0.000209299,0.000924099,0.00345588,0.00655892,0.00975507,0.0124511,0.0130784,0.0111441,0.00896097,0.00827062,0.00770494,0.00270578,-0.000141013,-0.000932927,-0.000631147,-0.000422502,-0.000417259,-0.000168085,-4.53502e-05,-7.55487e-07,0.0,0.0,0.0,0.0,0.0,0.0,-8.14555e-06,0.00015452,0.00110649,0.00366881,0.00743412,0.00990337,0.0141978,0.0164241,0.0152677,0.0132057,0.0118628,0.0108651,0.0097354,0.00491275,0.0017013,0.000562244,-8.70982e-06,2.9122e-05,-0.000128278,-6.41613e-05,0.0,0.0,0.0,0.0,0.0,0.0,0.0,0.0,-6.21095e-06,8.41615e-05,0.000919013,0.00293039,0.00608085,0.00650451,0.00883619,0.0105932,0.007997,0.00765923,0.00822346,0.00842419,0.00688444,0.00398805,0.00154075,0.000893096,0.000586698,0.000174527,0.0,0.0,0.0,0.0,0.0,0.0,0.0,0.0,0.0,0.0,0.0,0.0,-8.16763e-06,0.00024538,0.000760222,0.000654264,0.000965976,0.00123752,0.000847528,0.00137895,0.0022211,0.00244414,0.00256383,0.00111233,0.0,0.000136431,0.000431463,0.000109145,0.0,0.0,0.0,0.0,0.0,0.0]}