{"max":0.162671,"min":-0.179143,"acc":0.8731,"arr":[0.0,0.0,0.0,0.0,0.0,0.0,0.0,0.0,0.0,0.0,0.0,0.0,-3.26711e-06,-1.03367e-05,-3.54186e-06,-1.47578e-07,0.0,0.0,0.0,0.0,0.0,0.0,0.0,0.0,0.0,0.0,0.0,0.0,0.0,0.0,0.0,0.0,0.0,-2.42647e-07,-3.93746e-05,-8.94898e-05,-0.000130555,-0.000131091,-0.00027228,-0.000259126,-0.000225008,-0.000198078,-0.000236941,-0.000183604,-0.000287702,-0.000202927,-9.23607e-05,-8.96795e-05,-6.02954e-05,-5.72805e-06,-1.59394e-06,-1.29941e-07,0.0,0.0,0.0,0.0,0.0,0.0,0.0,-6.12821e-06,-4.35604e-06,-2.45669e-06,-5.28788e-05,-0.000236229,-0.000530588,-0.000925648,-0.00148211,-0.00205652,-0.0024789,-0.00276293,-0.00330308,-0.00338043,-0.00315756,-0.00248128,-0.00195111,-0.00146376,-0.00103076,-0.000584283,-0.000224447,-2.97192e-05,-1.30018e-06,-7.71397e-07,0.0,0.0,0.0,0.0,-2.31572e-07,-2.65572e-05,-3.16352e-05,-8.93657e-05,-0.000299821,-0.000883002,-0.00175221,-0.00332984,-0.00489603,-0.00654874,-0.0080692,-0.00983592,-0.0112374,-0.0117076,-0.0108926,-0.00952928,-0.00796665,-0.00608649,-0.00393442,-0.0021394,-0.00114644,-0.000498324,-0.000153231,-2.89733e-05,-2.89794e-06,0.0,0.0,-9.39594e-07,-1.38672e-06,-1.49856e-05,-0.000124883,-0.000510666,-0.00125076,-0.00288138,-0.00578937,-0.0105776,-0.01598,-0.0220158,-0.0294613,-0.036776,-0.0417034,-0.0425825,-0.040164,-0.0350883,-0.0288502,-0.0221901,-0.0153978,-0.00958552,-0.00513627,-0.00258828,-0.00118295,-0.000315899,-6.9235e-05,0.0,0.0,0.0,-2.00814e-05,-7.6907e-05,-0.00044542,-0.00129126,-0.00258849,-0.00519749,-0.00997525,-0.0179247,-0.0287759,-0.0432482,-0.0614255,-0.0805803,-0.091851,-0.0955995,-0.0921555,-0.0843176,-0.0711833,-0.0555912,-0.0408754,-0.0277622,-0.0179311,-0.0111353,-0.00537865,-0.0017009,-0.000442427,-1.04922e-05,0.0,0.0,0.000125614,0.000110202,0.000120722,0.0013481,0.00264754,0.00162293,0.000751657,-0.00511268,-0.0130672,-0.0293459,-0.0562268,-0.0854289,-0.1031,-0.113339,-0.109257,-0.0997566,-0.0862596,-0.0674905,-0.0510611,-0.0363286,-0.026707,-0.0190408,-0.0114623,-0.00464656,-0.00105625,-0.000108272,0.0,0.000189529,0.00175318,0.00448577,0.00877404,0.0196745,0.02983,0.0367866,0.0485757,0.0549684,0.0502847,0.0348856,0.0142265,-0.00363171,-0.0187831,-0.0239713,-0.015493,-0.00574609,-0.00199628,0.000138956,-0.00405755,-0.0131071,-0.0168898,-0.0167324,-0.0143849,-0.00660973,-0.00153907,-0.000108202,0.0,0.000678737,0.00587114,0.0160903,0.0282237,0.0468639,0.0636184,0.0824095,0.0967722,0.102245,0.098561,0.0937081,0.090856,0.0893157,0.0951297,0.104116,0.112825,0.108375,0.0917188,0.0671955,0.0349497,0.00762077,-0.00650156,-0.012187,-0.0139854,-0.00697041,-0.00161429,-8.36175e-05,0.000221679,0.00159783,0.00849299,0.023096,0.039447,0.0601837,0.0796087,0.0972475,0.108113,0.108872,0.102562,0.107408,0.111621,0.120296,0.133771,0.153523,0.162671,0.153974,0.12884,0.0949764,0.0530749,0.0209831,-0.000783257,-0.0104795,-0.0111502,-0.00489118,-0.00106007,-3.79176e-05,0.000258923,0.00234846,0.00940112,0.0217588,0.0378591,0.0564711,0.0699212,0.0764949,0.0740895,0.0687147,0.0593728,0.0542194,0.0574409,0.072062,0.0812309,0.0955054,0.123461,0.136492,0.123234,0.09658,0.0577752,0.0234288,0.00164146,-0.00899116,-0.00719892,-0.00303082,-0.000752687,-5.85988e-05,0.000168614,0.0020709,0.00854157,0.0159383,0.0276384,0.0375468,0.0425013,0.0384655,0.0291963,0.0141813,-0.00220676,-0.0133914,-0.0142827,-0.0120566,-0.0141053,0.00891466,0.0580447,0.102064,0.105882,0.0809391,0.0483003,0.0148136,0.000205511,-0.00959378,-0.00587273,-0.00174291,-0.000390795,-6.41945e-05,5.20297e-05,0.00121783,0.00646321,0.011158,0.017385,0.0191315,0.0157904,0.00866201,-0.00594243,-0.0368442,-0.0646707,-0.0784611,-0.0826815,-0.0928295,-0.0936379,-0.0520841,0.0242804,0.0851506,0.0879828,0.0644487,0.0329388,0.00254351,-0.00707227,-0.0104769,-0.00564863,-0.000611663,-0.000118737,-2.13321e-05,-2.04735e-06,0.000619569,0.0033997,0.00655686,0.00949769,0.00682427,-0.00206701,-0.0176816,-0.0409882,-0.0777742,-0.108607,-0.129315,-0.137483,-0.154074,-0.144241,-0.0777839,0.0217105,0.0772298,0.0693413,0.0487979,0.0188869,-0.00232687,-0.00949795,-0.00978082,-0.00446105,0.000157702,4.05073e-05,-7.6166e-06,0.0,0.000341633,0.00176985,0.00220972,0.00285015,-0.00159655,-0.0159391,-0.0380965,-0.0684414,-0.106258,-0.132589,-0.148013,-0.162069,-0.179143,-0.148653,-0.0530326,0.0471138,0.083293,0.0649294,0.0388845,0.0105947,-0.00487553,-0.00825684,-0.00910693,-0.00498315,-0.000221354,-0.000108624,-1.3836e-06,0.0,-3.77281e-05,0.000755162,0.000402867,0.000105138,-0.00935574,-0.0242944,-0.0464489,-0.0786971,-0.108291,-0.127542,-0.136683,-0.151251,-0.153413,-0.102444,0.000236088,0.0767674,0.0840071,0.0521108,0.0273896,0.00144156,-0.00808865,-0.0104478,-0.00987415,-0.00449498,-0.00106484,-0.000221274,-5.09341e-05,0.0,-2.19259e-05,2.261e-05,4.37708e-05,-0.00125004,-0.0121238,-0.0274636,-0.0456159,-0.072742,-0.0920406,-0.101828,-0.107295,-0.110655,-0.0925399,-0.0272474,0.0519589,0.0849713,0.0599767,0.0251814,0.00140274,-0.0141112,-0.0149957,-0.0139254,-0.0107506,-0.00532817,-0.00171011,-0.000410432,-3.67716e-05,0.0,8.19075e-05,-0.000166634,-0.000238092,-0.00374569,-0.01562,-0.0316401,-0.0439593,-0.0613529,-0.0755613,-0.0827554,-0.0804299,-0.0664345,-0.0228956,0.0414471,0.0813524,0.0660813,0.0253828,-0.00524667,-0.0271525,-0.0305958,-0.0258299,-0.0193332,-0.0121964,-0.00594321,-0.00186146,-0.000223442,-7.52013e-06,-4.61423e-08,6.00992e-05,-0.000180486,-0.00126519,-0.00690325,-0.0208937,-0.0366885,-0.0476953,-0.0589052,-0.0706908,-0.0747158,-0.0597654,-0.0248231,0.0326762,0.0713798,0.0707649,0.0335635,-0.0067792,-0.0330153,-0.0433953,-0.0415423,-0.0342939,-0.0255002,-0.0148305,-0.00686428,-0.00158094,-6.61262e-06,-8.32946e-06,-2.30711e-07,3.14912e-05,-0.000286698,-0.00257313,-0.00896253,-0.023881,-0.0400836,-0.0524473,-0.0647357,-0.0734732,-0.0714466,-0.0442971,0.00469573,0.0461535,0.0611266,0.0387446,-0.00463626,-0.0365933,-0.0526705,-0.0546881,-0.0480804,-0.0375657,-0.0246407,-0.0127404,-0.00469822,-0.00124317,-0.000145912,-1.52673e-06,0.0,5.29358e-06,-0.000435759,-0.00332715,-0.0099442,-0.0225192,-0.0407912,-0.0579071,-0.0717594,-0.0771057,-0.0666113,-0.0342288,0.0117786,0.0356919,0.0329012,0.00440664,-0.0284194,-0.0500203,-0.0581465,-0.0552789,-0.0463833,-0.0325511,-0.0198949,-0.00929723,-0.00349781,-0.00093634,-7.9495e-05,0.0,0.0,-1.09331e-05,-0.00056211,-0.00297387,-0.00834587,-0.0186966,-0.0358215,-0.0545201,-0.0671602,-0.0671853,-0.0526117,-0.0205893,0.00836354,0.0119003,0.00213314,-0.0123909,-0.0322799,-0.045331,-0.0494077,-0.0474179,-0.0367584,-0.0234312,-0.0136931,-0.00634041,-0.00275294,-0.000600473,-4.19818e-05,-1.30401e-07,0.0,0.0,-0.000529189,-0.00200962,-0.00492041,-0.0113872,-0.0231148,-0.0353068,-0.0398884,-0.0385011,-0.0249586,-0.0040643,0.00731882,0.00238358,-0.0022045,-0.00664336,-0.0194139,-0.0294777,-0.0338008,-0.033798,-0.0251287,-0.0154854,-0.00817089,-0.00370605,-0.00172099,-0.000488602,-1.66082e-05,-2.4074e-07,0.0,0.0,-0.000309323,-0.000780691,-0.0011445,-0.00288042,-0.00601309,-0.0050547,-0.00303294,0.00408048,0.0170512,0.0232491,0.0226452,0.0183616,0.0175815,0.015249,0.00273482,-0.00855785,-0.0152025,-0.0176919,-0.0142236,-0.0095664,-0.0048379,-0.00263624,-0.00111689,-0.000350965,-1.65907e-05,0.0,0.0,0.0,-0.000161298,2.08441e-05,0.00133336,0.00349142,0.0108844,0.0217673,0.0349949,0.0532054,0.0667601,0.067266,0.0620912,0.0598349,0.0586685,0.0533897,0.0337035,0.0153655,0.00284076,-0.00437609,-0.00558318,-0.00555593,-0.00329253,-0.00180047,-0.000804793,-0.000175329,0.0,0.0,0.0,0.0,-2.80137e-05,-3.09613e-06,0.00101076,0.00411208,0.0137971,0.0289822,0.0516694,0.0699121,0.0829162,0.0895442,0.0886693,0.0871637,0.0828455,0.0727759,0.0477459,0.0264755,0.0131056,0.00373925,-0.00130626,-0.00276973,-0.00137358,-0.000667403,-0.000147937,0.0,0.0,0.0,0.0,0.0,0.0,0.0,0.000342279,0.00193655,0.00645743,0.013192,0.0279149,0.0391743,0.0453184,0.0512259,0.0548124,0.0589311,0.0575969,0.049084,0.0344326,0.0209939,0.011746,0.00481582,0.000431141,-0.000401104,-3.85523e-05,4.69265e-05,-1.24721e-06,0.0,0.0,0.0,0.0,0.0,0.0,0.0,0.0,0.0,0.000279454,