{"max":0.0277803,"min":-0.028867,"acc":0.7512,"arr":[0.0,0.0,0.0,0.0,0.0,0.0,0.0,0.0,0.0,0.0,0.0,0.0,0.0,0.0,0.0,0.0,0.0,0.0,0.0,0.0,0.0,0.0,0.0,0.0,0.0,0.0,0.0,0.0,0.0,0.0,0.0,0.0,0.0,0.0,0.0,0.0,0.0,-2.21993e-05,-6.2165e-05,-7.20356e-05,-9.05134e-05,-3.459e-05,-1.98086e-05,-3.89982e-05,-3.47857e-05,0.0,0.0,0.0,0.0,0.0,0.0,0.0,0.0,0.0,0.0,0.0,0.0,0.0,0.0,0.0,0.0,0.0,0.0,-1.48166e-05,-0.0001292,-0.000262859,-0.000253862,-0.000374574,-0.000634127,-0.000617531,-0.000791008,-0.00100009,-0.00103366,-0.000677042,-0.0005287,-0.000360869,-0.000367721,-0.000246219,-0.000104975,-1.15368e-05,0.0,0.0,0.0,0.0,0.0,0.0,0.0,0.0,0.0,-2.36655e-05,-6.99723e-05,-0.00016222,-0.000347955,-0.000678283,-0.00102479,-0.00145146,-0.00206948,-0.00269541,-0.00301318,-0.00320624,-0.00308617,-0.00255099,-0.00214028,-0.0016194,-0.00116018,-0.000576673,-0.000276943,-5.71139e-05,0.0,0.0,0.0,0.0,0.0,0.0,0.0,-7.82955e-06,-6.63883e-05,-0.000147836,-0.000319033,-0.000672209,-0.00133557,-0.00238489,-0.00354381,-0.00501056,-0.006852,-0.00878363,-0.0101256,-0.0106905,-0.0104213,-0.00923529,-0.00766513,-0.00571565,-0.00372217,-0.00203876,-0.000884702,-0.000382147,-0.000161576,-3.48865e-05,-2.21974e-05,0.0,0.0,0.0,-1.24252e-05,-3.59138e-05,-7.08987e-05,-0.000422028,-0.00100825,-0.00147332,-0.00315076,-0.00529235,-0.00704313,-0.00998739,-0.0143675,-0.0182204,-0.0205589,-0.0218782,-0.0217843,-0.0195461,-0.0161015,-0.0120904,-0.00853251,-0.00560141,-0.00308458,-0.00159929,-0.000805449,-0.000279574,-4.55225e-05,0.0,0.0,0.0,-1.36166e-06,-3.80535e-05,-0.000182269,-0.000719678,-0.00149018,-0.00295724,-0.0040044,-0.00390482,-0.00613254,-0.0114581,-0.0160433,-0.0197301,-0.0229851,-0.026521,-0.0262326,-0.0249849,-0.0219568,-0.0172949,-0.0124488,-0.00849272,-0.00527212,-0.00312189,-0.00203797,-0.000937152,-0.0001809,-6.80659e-06,0.0,0.0,0.000327791,0.000542473,0.00159194,0.0021503,0.00155916,0.000910439,0.00308732,0.00339348,0.00240383,-0.00030903,-0.00306135,-0.00400248,-0.00627262,-0.0080122,-0.00725593,-0.00651762,-0.00603622,-0.00412091,-0.00369704,-0.00250029,-0.00207945,-0.00259539,-0.0023106,-0.00108842,-0.000281946,-4.53176e-05,0.0,0.000286765,0.00123033,0.0034615,0.00593857,0.00801772,0.0109079,0.0132236,0.0167309,0.0168224,0.0142716,0.0148828,0.0155484,0.0169228,0.0175747,0.0163775,0.0178766,0.0160617,0.0141089,0.0118184,0.00793506,0.00352268,0.0010583,-0.000866831,-0.00174198,-0.000969944,-0.000286894,-2.48978e-05,0.0,0.00031027,0.00127259,0.00557363,0.00805716,0.0113443,0.0169686,0.0220773,0.0247655,0.0240345,0.0221567,0.0247504,0.0249508,0.025328,0.0261657,0.0259066,0.0277803,0.0265912,0.0242266,0.0186839,0.0136102,0.00684352,0.00258613,-0.000464548,-0.00143896,-0.000727266,-0.000137338,0.0,0.0,1.56702e-05,0.000624866,0.00412604,0.00700401,0.00992219,0.0159248,0.0202015,0.0198475,0.0173747,0.0157127,0.015872,0.0158354,0.0165211,0.0162736,0.0161875,0.0187003,0.0227355,0.0254974,0.0212128,0.0162196,0.00764704,0.00159804,-0.00157613,-0.00119758,-0.0004084,-9.00189e-05,0.0,0.0,0.0,3.8111e-05,0.00170677,0.00381187,0.00614016,0.0101487,0.0114163,0.010388,0.00667174,0.00325881,0.000839868,-0.000915913,-0.001224,-0.00350448,-0.00384105,0.00428129,0.0157308,0.0239238,0.0215544,0.0153544,0.00482383,-0.000118052,-0.00255825,-0.00123323,-0.000188381,-7.51727e-05,0.0,0.0,0.0,3.31574e-05,0.00102217,0.00178147,0.00252829,0.00447808,0.00458375,0.00281174,-0.00246241,-0.0087041,-0.0114212,-0.0124263,-0.0147148,-0.016926,-0.0151437,-0.00350291,0.0154498,0.0234099,0.0195015,0.0106618,0.00148163,-0.00240644,-0.00317845,-0.00129516,-8.95767e-05,-5.18518e-05,0.0,0.0,0.0,0.00020418,0.000717898,0.000464307,0.000140974,0.000601107,-0.00201954,-0.00459776,-0.0103504,-0.016141,-0.0189025,-0.0214407,-0.0247268,-0.0257517,-0.0213612,-0.00141794,0.0178741,0.0212168,0.0143328,0.00461248,-0.00266032,-0.00377504,-0.00304014,-0.000877323,0.000108869,-2.29885e-06,0.0,0.0,0.0,0.000223376,0.000130595,-0.000423971,-0.00105737,-0.00215404,-0.00570127,-0.00915127,-0.0156894,-0.0186997,-0.0211697,-0.0237306,-0.0283937,-0.0285908,-0.0153792,0.0098932,0.0206546,0.0179136,0.00668303,-0.00191436,-0.00536883,-0.00359698,-0.00221376,-0.00121759,-0.000124701,-7.12779e-06,0.0,0.0,0.0,0.000176258,-0.000113589,-0.000317995,-0.00177403,-0.00447323,-0.00718229,-0.010839,-0.0166103,-0.0206968,-0.0215127,-0.0249433,-0.028867,-0.0230456,-0.00149594,0.0182268,0.0204219,0.0102466,-9.07101e-05,-0.00705767,-0.00745605,-0.00482867,-0.00299526,-0.00129894,-0.000195241,-5.87215e-05,-1.42999e-05,0.0,0.0,0.0,-8.14573e-05,-0.000485084,-0.00191387,-0.0053131,-0.00800069,-0.0118441,-0.0161518,-0.0181013,-0.019696,-0.0226796,-0.0223231,-0.00871048,0.0124012,0.0231892,0.0160477,0.00161828,-0.0063743,-0.00954409,-0.00741011,-0.00487508,-0.00303667,-0.00130683,-0.000421961,-0.000118876,-2.9441e-05,0.0,9.38117e-05,0.0,-0.000181416,-0.000646366,-0.00263358,-0.0067635,-0.0099731,-0.0133753,-0.015667,-0.0157844,-0.015748,-0.0162282,-0.00902519,0.00745412,0.0226819,0.0218629,0.00785356,-0.0042094,-0.0107073,-0.00980166,-0.00702173,-0.00516154,-0.00310511,-0.00144773,-0.000380096,-5.03191e-05,-1.51411e-06,0.0,6.15639e-05,-4.31547e-05,-0.000395783,-0.00105965,-0.00391914,-0.00801832,-0.0112741,-0.0136345,-0.0158806,-0.0172037,-0.0152272,-0.011013,0.00260441,0.015829,0.0232311,0.0136581,-0.0015058,-0.0104311,-0.0136506,-0.0111946,-0.00855837,-0.0054566,-0.00293967,-0.00125555,-0.000270217,-8.25474e-06,0.0,0.0,0.0,-6.81719e-05,-0.000505061,-0.00138001,-0.00433149,-0.0081352,-0.011116,-0.0145289,-0.0174855,-0.0183912,-0.0152412,-0.0056993,0.00636494,0.0157461,0.014865,0.00290873,-0.0080273,-0.0129282,-0.0151497,-0.0112758,-0.00844864,-0.00493461,-0.00241908,-0.000872836,-0.000206471,-2.44405e-05,0.0,0.0,0.0,-7.35289e-05,-0.000525893,-0.00164335,-0.00417179,-0.00780604,-0.0116623,-0.01593,-0.0186573,-0.0190489,-0.0133986,-0.00201902,0.00741312,0.0107304,0.00421673,-0.00573563,-0.0106006,-0.0137262,-0.0136415,-0.00952739,-0.00647754,-0.00363713,-0.00159185,-0.000657023,-0.000145698,0.0,0.0,0.0,0.0,-4.59534e-05,-0.000450358,-0.00138675,-0.00324012,-0.00704733,-0.011892,-0.0161992,-0.0185239,-0.0169149,-0.00860206,-0.000498759,0.00392721,0.00276717,-0.00282796,-0.0070674,-0.00885953,-0.0118617,-0.00990351,-0.00660499,-0.00415457,-0.00227428,-0.000968708,-0.000509768,-4.29694e-05,0.0,0.0,0.0,0.0,-1.13446e-05,-0.000304085,-0.000534682,-0.00199941,-0.00477997,-0.00868081,-0.0129977,-0.01439,-0.0107441,-0.00391124,0.00151452,0.00182071,0.000128604,-0.00361648,-0.00430386,-0.00552105,-0.00786848,-0.00660733,-0.00368484,-0.00244306,-0.00139714,-0.000564032,-0.000263424,-3.89546e-05,0.0,0.0,0.0,0.0,0.0,-0.000130821,-1.43051e-05,-0.000831954,-0.00218328,-0.00381522,-0.00496758,-0.00463126,-0.00120674,0.00272098,0.00530238,0.00463983,0.00225863,0.00139255,0.00114395,-0.000755497,-0.00376527,-0.00317561,-0.00154902,-0.00106242,-0.000652486,-0.000366794,-0.000140358,-1.66207e-05,0.0,0.0,0.0,0.0,0.0,-3.90931e-06,-4.30225e-05,8.71966e-05,0.000134035,0.00144724,0.00453901,0.00786721,0.0110997,0.013878,0.0139623,0.0122559,0.0098598,0.00920134,0.00892948,0.00424591,0.00026308,-0.000751112,-0.000372002,-0.000447212,-0.000423009,-0.000182324,-5.3758e-05,-7.55487e-07,0.0,0.0,0.0,0.0,0.0,0.0,-8.14555e-06,0.00015452,0.0013172,0.00448744,0.00900595,0.0117147,0.0165658,0.018827,0.0171191,0.0151663,0.0138951,0.0129234,0.011307,0.00580118,0.00210178,0.000763624,7.5981e-05,2.9122e-05,-0.000128278,-6.41613e-05,0.0,0.0,0.0,0.0,0.0,0.0,0.0,0.0,-6.21095e-06,0.000110139,0.00129645,0.00344131,0.00696966,0.00820993,0.0106472,0.0122106,0.00925007,0.00900249,0.0097148,0.00990099,0.0076335,0.00439908,0.00154766,0.00088888,0.000586698,0.000174527,0.0,0.0,0.0,0.0,0.0,0.0,0.0,0.0,0.0,0.0,0.0,0.0,-8.16763e-06,0.00024538,0.00080245,0.00104996,0.0013727,0.00169551,0.00132339,0.00175656,0.00237182,0.00244414,0.00256383,0.00111233,0.0,0.000136431,0.000431463,0.000109145,0.0,0.0,0.0,0.0,0.0,0.0]}