{"max":0.1383,"min":-0.146255,"acc":0.8564,"arr":[0.0,0.0,0.0,0.0,0.0,0.0,0.0,0.0,0.0,0.0,0.0,0.0,0.0,0.0,0.0,0.0,0.0,0.0,0.0,0.0,0.0,0.0,0.0,0.0,0.0,0.0,0.0,0.0,0.0,0.0,0.0,0.0,0.0,0.0,-3.46127e-05,-8.35146e-05,-0.000129493,-0.000104651,-0.000227288,-0.000212991,-0.000212678,-0.000177075,-0.000207023,-0.000149174,-0.000250094,-0.000182815,-8.68152e-05,-8.66186e-05,-4.96652e-05,-3.57597e-07,0.0,0.0,0.0,0.0,0.0,0.0,0.0,0.0,0.0,-6.12821e-06,-4.29466e-06,-1.41404e-06,-4.39069e-05,-0.000209619,-0.000484468,-0.000793058,-0.00122546,-0.00169093,-0.00217548,-0.00242389,-0.00295047,-0.00310529,-0.00293675,-0.00227715,-0.00179699,-0.00136961,-0.000968591,-0.000542605,-0.000203019,-2.50524e-05,0.0,0.0,0.0,0.0,0.0,0.0,-2.31572e-07,-2.65572e-05,-3.08597e-05,-7.04301e-05,-0.000235637,-0.000732626,-0.00149012,-0.00284164,-0.0041454,-0.00554491,-0.00704721,-0.00874593,-0.0101134,-0.0105627,-0.00985109,-0.00855319,-0.00716348,-0.00556475,-0.0035891,-0.00193318,-0.00102526,-0.000427158,-0.000128892,-2.64143e-05,-2.89794e-06,0.0,0.0,-9.39594e-07,-1.38672e-06,-1.49856e-05,-0.000118848,-0.000417934,-0.00101082,-0.00233244,-0.00491228,-0.00908091,-0.0135404,-0.0186245,-0.0252267,-0.0320943,-0.0367482,-0.0375504,-0.0357342,-0.0312396,-0.0254566,-0.0193774,-0.0132026,-0.00831225,-0.00427093,-0.00212467,-0.00102201,-0.000282497,-6.15521e-05,0.0,0.0,0.0,-2.00814e-05,-7.62109e-05,-0.000392848,-0.00115878,-0.00280612,-0.005333,-0.00967501,-0.0165917,-0.0255496,-0.0376254,-0.0532664,-0.0694692,-0.0794938,-0.0835584,-0.0807547,-0.0732231,-0.060736,-0.0472778,-0.0348167,-0.023761,-0.0153075,-0.00936349,-0.00453597,-0.00138908,-0.000340783,0.0,0.0,0.0,8.26416e-05,3.81703e-05,-0.000375672,0.000248798,0.00101564,-0.000552772,-0.00246008,-0.00836584,-0.0151358,-0.0296253,-0.0508653,-0.073918,-0.0891299,-0.0970048,-0.0952761,-0.0873845,-0.0766483,-0.0596507,-0.0448293,-0.0319062,-0.0226944,-0.0160731,-0.00941578,-0.00369814,-0.000781343,-8.84521e-05,0.0,0.000171008,0.00157256,0.00415273,0.00766124,0.0165977,0.0242244,0.0297075,0.038453,0.0429192,0.0389833,0.0264944,0.0103462,-0.00395729,-0.0151956,-0.0210245,-0.0155423,-0.00868716,-0.00663525,-0.00262621,-0.00341009,-0.0107979,-0.0143992,-0.0132236,-0.011258,-0.00511585,-0.00131414,-0.000108202,0.0,0.000526636,0.00471404,0.0142392,0.0251762,0.0410303,0.0547779,0.0680973,0.0789203,0.0856571,0.0834657,0.0808433,0.0788761,0.0781135,0.0817815,0.089089,0.0982437,0.0921609,0.0759272,0.058418,0.0327697,0.00917467,-0.0040871,-0.00877212,-0.0106568,-0.00548931,-0.00132519,-8.16806e-05,0.000221679,0.00137353,0.0069731,0.0201667,0.0348065,0.0525808,0.0678863,0.0818284,0.0927961,0.0949366,0.0902402,0.0954774,0.0984577,0.105765,0.116484,0.130098,0.1383,0.131249,0.109171,0.0825553,0.0487408,0.0195249,0.000998515,-0.00686246,-0.0084768,-0.00389768,-0.000878601,-3.00264e-05,0.000258923,0.00200076,0.00775327,0.0184234,0.0314375,0.0476889,0.0602291,0.0663885,0.0660744,0.0606969,0.0537546,0.0493173,0.0508965,0.0626272,0.0681649,0.0788933,0.0996497,0.1108,0.10378,0.0829109,0.0522139,0.0208069,0.00193015,-0.00640167,-0.00557616,-0.00218284,-0.000550783,-5.08562e-05,0.000168614,0.00139601,0.00574411,0.0117549,0.0219502,0.0318915,0.038131,0.0349122,0.0260426,0.0125528,-0.00165919,-0.0113581,-0.0119763,-0.0119689,-0.014953,0.000966526,0.0401766,0.0796836,0.0892522,0.0723244,0.0449204,0.0137114,0.000497485,-0.00760025,-0.00450345,-0.00111925,-0.000279491,-6.06773e-05,0.0,0.00063408,0.00416175,0.00801316,0.0134913,0.017326,0.015433,0.00835091,-0.00536969,-0.0320072,-0.0545108,-0.0640591,-0.0674527,-0.0757038,-0.0780147,-0.0490374,0.0134877,0.0693077,0.0782795,0.0601963,0.0309093,0.00186702,-0.00672243,-0.00897332,-0.00437831,-0.000337354,-0.000140141,-2.13321e-05,-2.04735e-06,0.000560683,0.0027887,0.00558705,0.00776632,0.00566827,-0.00170726,-0.0159434,-0.0363731,-0.0676404,-0.0907058,-0.104894,-0.110895,-0.125073,-0.120228,-0.0677665,0.0169795,0.0675655,0.0635999,0.0452352,0.0160081,-0.00328983,-0.00893765,-0.00942704,-0.00366472,0.000201747,-9.78714e-05,-7.6166e-06,0.0,0.000345906,0.00161025,0.00227335,0.00244125,-0.00182178,-0.0138386,-0.0337831,-0.0586732,-0.0902656,-0.109627,-0.120935,-0.131063,-0.146255,-0.125023,-0.0443868,0.0410858,0.0716332,0.0577643,0.0337145,0.00623054,-0.0055075,-0.00774287,-0.0087713,-0.00416069,4.89033e-05,-9.76849e-05,-1.3836e-06,0.0,-3.77281e-05,0.000803643,0.000614537,-0.000202681,-0.00816372,-0.0211427,-0.0391309,-0.0652979,-0.0895421,-0.104478,-0.111478,-0.123436,-0.127364,-0.0839892,0.00205064,0.0683825,0.0717697,0.0451605,0.0214416,-0.0020399,-0.00804311,-0.00974202,-0.00898672,-0.00360238,-0.000792792,-0.000170379,-5.09341e-05,0.0,-2.19259e-05,0.000104495,0.000191058,-0.00179246,-0.01101,-0.024474,-0.0375883,-0.0580441,-0.073366,-0.0810882,-0.0854127,-0.0897409,-0.0756058,-0.0198472,0.0484666,0.076636,0.0509669,0.0195342,-0.00402148,-0.0157221,-0.0142544,-0.0126168,-0.00859357,-0.00387426,-0.00136089,-0.000352165,-3.67716e-05,0.0,8.49683e-05,-0.000118768,-0.000281947,-0.00366881,-0.0138544,-0.0280484,-0.0374358,-0.0496099,-0.0596185,-0.0642676,-0.0639221,-0.053193,-0.0190533,0.038278,0.0759213,0.0613732,0.020563,-0.00758669,-0.0262352,-0.0275426,-0.0221342,-0.0162542,-0.00983564,-0.00464709,-0.00183996,-0.000223138,-4.49317e-06,-4.61423e-08,6.11021e-05,-0.000143399,-0.00107977,-0.00590223,-0.0177133,-0.031204,-0.0399596,-0.0487723,-0.0579751,-0.060084,-0.0484932,-0.0221294,0.0272728,0.0642152,0.0686736,0.0339706,-0.00683082,-0.0295973,-0.0370938,-0.0353521,-0.0289082,-0.0210178,-0.0118575,-0.0055757,-0.00151474,-9.78121e-05,-1.60782e-06,-2.30711e-07,-1.26122e-06,-0.00023965,-0.00219639,-0.00758666,-0.0202771,-0.0338434,-0.0440602,-0.0549609,-0.062939,-0.0609702,-0.0400041,0.00113762,0.0402112,0.0574679,0.0404314,-0.00122319,-0.0346638,-0.0470305,-0.0457447,-0.0394053,-0.0303763,-0.0198989,-0.0100339,-0.00386193,-0.00104494,-0.000128207,-1.52673e-06,0.0,-7.60036e-07,-0.000368899,-0.00279479,-0.00835474,-0.0190143,-0.0350347,-0.0497698,-0.0622976,-0.0672117,-0.0595275,-0.0331264,0.008068,0.0339369,0.0358021,0.0086616,-0.0253768,-0.0462173,-0.0509164,-0.045578,-0.0368286,-0.0258619,-0.0159989,-0.00740995,-0.00298764,-0.000842708,-6.23311e-05,0.0,0.0,-1.08159e-05,-0.000411285,-0.00240644,-0.0066021,-0.0152911,-0.0310255,-0.0475414,-0.0590033,-0.0604926,-0.0489332,-0.0201488,0.00776199,0.0146721,0.00918287,-0.00979428,-0.0305643,-0.0422923,-0.0433948,-0.0383412,-0.0291664,-0.018335,-0.0110004,-0.00510397,-0.00237898,-0.000533474,-3.40249e-05,0.0,0.0,0.0,-0.000306137,-0.00147985,-0.00364424,-0.00955949,-0.0201423,-0.0308581,-0.0362315,-0.037175,-0.0241192,-0.00456811,0.00833204,0.00720583,0.00348607,-0.00684563,-0.0205519,-0.029048,-0.0295553,-0.0266003,-0.0190206,-0.0118939,-0.00625106,-0.00292345,-0.00141943,-0.000385247,-1.0649e-05,0.0,0.0,0.0,-0.000106068,-0.000496021,-0.000889483,-0.00264477,-0.00605832,-0.00631244,-0.00623678,-0.00189771,0.0123965,0.0203295,0.0227845,0.0222303,0.0170477,0.0107188,-0.00133499,-0.00983406,-0.0135255,-0.0131036,-0.0100129,-0.00694983,-0.00338025,-0.00178616,-0.000810544,-0.000307794,-1.11789e-05,0.0,0.0,0.0,-4.53955e-06,-2.95394e-05,0.000738055,0.00235638,0.00794681,0.0163291,0.0266864,0.0424562,0.0574435,0.059151,0.0573103,0.054597,0.0484072,0.0420837,0.0263867,0.0109275,0.00181514,-0.00280418,-0.00335336,-0.00366676,-0.00203062,-0.000955105,-0.000466081,-0.000148918,0.0,0.0,0.0,0.0,-1.65516e-05,-2.31962e-07,0.00087024,0.0034935,0.0114552,0.0241654,0.042578,0.0590519,0.0724494,0.0776702,0.0784402,0.0741392,0.0666087,0.0588234,0.0373998,0.0187099,0.00975302,0.00308979,-0.000792609,-0.00148392,-0.000800614,-0.000283049,-6.19676e-05,0.0,0.0,0.0,0.0,0.0,0.0,0.0,0.000345662,0.00173207,0.00562116,0.0121089,0.0246547,0.0343806,0.039687,0.0448672,0.047819,0.04965,0.0466759,0.0395319,0.0264106,0.0150919,0.00843641,0.00391416,0.000962407,0.000232797,0.000269774,3.31765e-05,-1.24721e-06,0.0,0.0,0.0,0.0,0.0,0.0,0.0,0.0,0.0,0.00021996,0.000787444,0.00167292,0.00221753,0.00335568,0.00481053,0.00561551,