{"max":0.0548533,"min":-0.0580477,"acc":0.7969,"arr":[0.0,0.0,0.0,0.0,0.0,0.0,0.0,0.0,0.0,0.0,0.0,0.0,0.0,0.0,0.0,0.0,0.0,0.0,0.0,0.0,0.0,0.0,0.0,0.0,0.0,0.0,0.0,0.0,0.0,0.0,0.0,0.0,0.0,0.0,-3.45073e-05,-7.43004e-05,-4.02469e-05,-2.62513e-05,-6.2165e-05,-8.76483e-05,-0.000124794,-0.000108404,-9.58768e-05,-6.42738e-05,-0.000103835,-4.11983e-05,-4.04829e-05,-6.98188e-05,-4.63709e-05,-3.57597e-07,0.0,0.0,0.0,0.0,0.0,0.0,0.0,0.0,0.0,-1.52471e-06,-1.73974e-06,0.0,-3.18297e-05,-8.74471e-05,-0.000228143,-0.000348212,-0.000483604,-0.000808565,-0.00121819,-0.00126938,-0.00146426,-0.0016637,-0.00166126,-0.00127913,-0.00101463,-0.000793081,-0.00061682,-0.000322741,-0.000114595,-1.15368e-05,0.0,0.0,0.0,0.0,0.0,0.0,0.0,-1.24675e-05,-1.48286e-05,-2.47377e-05,-0.000121676,-0.000265752,-0.00061444,-0.00126869,-0.00194635,-0.00276646,-0.00372995,-0.0047635,-0.00537873,-0.00560384,-0.00538953,-0.00456194,-0.00388383,-0.00301096,-0.00196899,-0.00092147,-0.000403445,-0.000117551,-2.39258e-05,-2.3404e-05,-2.89794e-06,0.0,0.0,0.0,0.0,-1.12278e-05,-8.91104e-05,-0.000231537,-0.00055456,-0.00111809,-0.00228747,-0.00427975,-0.00646026,-0.00925699,-0.0124637,-0.0157145,-0.0180421,-0.0190219,-0.0185652,-0.0163047,-0.0133887,-0.00993551,-0.00637896,-0.00354752,-0.00169421,-0.000864098,-0.000387515,-0.000107925,-2.31223e-05,0.0,0.0,0.0,-1.24252e-05,-3.59138e-05,-0.000153157,-0.000727699,-0.0016701,-0.00272218,-0.00554279,-0.00970991,-0.0132704,-0.0186097,-0.0260143,-0.0326929,-0.036939,-0.0392474,-0.0387167,-0.0354058,-0.028884,-0.0216896,-0.015806,-0.0104998,-0.00651366,-0.00396406,-0.00179748,-0.000542356,-6.45833e-05,0.0,0.0,0.0,-1.36166e-06,9.99054e-06,-8.66102e-05,-0.000723315,-0.00189353,-0.00462913,-0.00720589,-0.0101974,-0.0136354,-0.0215213,-0.030684,-0.0382539,-0.044251,-0.0499851,-0.048821,-0.0447615,-0.0392726,-0.0287167,-0.020435,-0.0147523,-0.0103104,-0.00662578,-0.00377564,-0.00167921,-0.000272489,-6.70383e-05,0.0,0.00016333,0.00118771,0.00261372,0.00440505,0.00588493,0.0073221,0.00869746,0.0113972,0.0119458,0.0100122,0.0029314,-0.00444734,-0.0100285,-0.0140097,-0.0163452,-0.0152189,-0.0119065,-0.00985267,-0.00477703,-0.00346886,-0.00436422,-0.00534839,-0.00544851,-0.0042253,-0.00192205,-0.000601311,-0.000103407,0.0,0.000383183,0.0026153,0.00687102,0.0120985,0.0187431,0.0264178,0.0321121,0.0357253,0.0379692,0.0361837,0.0350464,0.0323667,0.0319986,0.0323109,0.0325759,0.0359778,0.0321378,0.0286518,0.0263323,0.0162692,0.00652113,6.57941e-05,-0.00328301,-0.00375174,-0.00156482,-0.000506942,-2.48978e-05,0.0,0.000453596,0.00263659,0.00934926,0.0154063,0.0247614,0.0346963,0.042626,0.0486496,0.0494268,0.046205,0.0448245,0.0448858,0.0459573,0.048806,0.0508273,0.0548533,0.0518209,0.0479229,0.0402738,0.0273614,0.0131505,0.00362871,-0.00253319,-0.00319195,-0.00124939,-0.000294829,0.0,0.0,0.00021849,0.00177194,0.00690107,0.0130685,0.0209712,0.0301718,0.0359303,0.0365879,0.0331829,0.0279253,0.0256297,0.0262422,0.0297027,0.0319128,0.0332038,0.0379122,0.0445078,0.0477615,0.0409824,0.0299829,0.0122552,0.00261705,-0.00245531,-0.00176832,-0.000660992,-0.000190044,-4.05869e-06,0.0,3.3624e-05,0.00117571,0.00336463,0.00791329,0.0130686,0.0180418,0.0198686,0.0177247,0.00940022,0.00180393,-0.0028815,-0.00347095,-0.00262337,-0.00569592,-0.00565048,0.00768247,0.0304961,0.0421819,0.0381417,0.0248694,0.00678329,0.000555844,-0.00352961,-0.00185354,-0.000310547,-0.000112916,-1.93462e-05,0.0,0.000111295,0.00118449,0.0024876,0.00448327,0.00612219,0.00788333,0.00812919,0.00354794,-0.00914086,-0.021304,-0.0249061,-0.0258459,-0.0301151,-0.0334649,-0.0295126,-0.0065157,0.0273703,0.0387468,0.0333057,0.0161559,0.00220962,-0.0031049,-0.00480737,-0.0023357,-0.000210815,-9.43161e-05,-2.13321e-05,0.0,0.0,0.000906016,0.00195679,0.00267824,0.00181814,0.000286223,-0.00374252,-0.0115903,-0.0247303,-0.0352434,-0.0395388,-0.0421898,-0.04942,-0.0516971,-0.0394676,-0.00226458,0.0310328,0.0349876,0.0245791,0.00796721,-0.00208046,-0.00467221,-0.00529453,-0.00199933,-3.67242e-05,-3.66278e-05,-5.75406e-06,0.0,-1.65269e-05,0.000449134,0.000745541,0.000414004,-0.00170699,-0.00538962,-0.0119028,-0.0208659,-0.0348601,-0.0421146,-0.0450312,-0.0490454,-0.0580477,-0.0559059,-0.0291151,0.0147014,0.0343362,0.030281,0.0136742,-0.00118126,-0.00672454,-0.00606287,-0.00504352,-0.0024882,-0.000265587,-3.30621e-05,0.0,0.0,-3.77281e-05,0.000478021,0.000171801,-0.000557104,-0.00367577,-0.00947946,-0.0149973,-0.0246405,-0.0368818,-0.0438094,-0.0452859,-0.0516204,-0.0563093,-0.0429368,-0.00550936,0.0294169,0.0337256,0.0189887,0.00416937,-0.00859112,-0.0103948,-0.00812532,-0.00589608,-0.00261269,-0.000365216,-8.33e-05,-1.42999e-05,0.0,-1.78624e-05,0.000145031,-4.00472e-05,-0.00139858,-0.00536341,-0.0120143,-0.0167909,-0.025607,-0.0348945,-0.03806,-0.0405226,-0.0436508,-0.0402017,-0.0166789,0.0185263,0.0370775,0.0269549,0.00635227,-0.00706863,-0.0139788,-0.0114515,-0.00797662,-0.00512535,-0.00251992,-0.000742542,-0.000224994,-2.9441e-05,0.0,8.76349e-05,-7.17956e-05,-0.000481204,-0.00210092,-0.00678313,-0.0134776,-0.019169,-0.0265853,-0.0322416,-0.033633,-0.0333884,-0.0300284,-0.0164862,0.0105593,0.0350089,0.0355802,0.0136926,-0.00513789,-0.0160625,-0.0159378,-0.0117776,-0.00853384,-0.00496229,-0.00267387,-0.000715317,-9.70373e-05,-1.51411e-06,0.0,6.15639e-05,-0.000130079,-0.000830062,-0.00274352,-0.00877215,-0.0152814,-0.0202534,-0.0249703,-0.0299075,-0.0322739,-0.0275443,-0.0167297,0.0059613,0.0252588,0.036364,0.0227679,-0.002493,-0.0182594,-0.0218732,-0.019083,-0.0143188,-0.00979491,-0.00549163,-0.00247436,-0.00057324,-2.18604e-05,0.0,0.0,0.0,-0.000162523,-0.00096682,-0.00315799,-0.00947682,-0.0166106,-0.0215556,-0.0270212,-0.0316667,-0.0317924,-0.0244727,-0.0060311,0.0112701,0.0244726,0.023614,0.00411963,-0.0168457,-0.0244505,-0.0253032,-0.0201521,-0.0148273,-0.00887659,-0.0044221,-0.00169912,-0.000413857,-7.77443e-05,0.0,0.0,0.0,-0.000150885,-0.00104118,-0.00334589,-0.00848434,-0.0161586,-0.0235331,-0.0300936,-0.0333236,-0.031829,-0.0201067,-0.00204674,0.0115587,0.0162165,0.00688808,-0.00963897,-0.0222171,-0.0248289,-0.02236,-0.0168041,-0.0116768,-0.00664986,-0.00313486,-0.0013186,-0.000346117,-3.65542e-05,0.0,0.0,0.0,-9.20261e-05,-0.000793583,-0.00272558,-0.00656881,-0.0141302,-0.0230106,-0.029546,-0.0308807,-0.0268893,-0.0129912,-0.00161497,0.00413631,0.00291102,-0.00411388,-0.0134756,-0.0188021,-0.0200693,-0.0166594,-0.0122086,-0.00730092,-0.00406777,-0.0020004,-0.00101796,-0.00024265,-1.94641e-05,0.0,0.0,0.0,-2.25209e-05,-0.000512146,-0.00131522,-0.00415571,-0.00983743,-0.0163531,-0.02076,-0.0210505,-0.0158646,-0.0063026,0.00120944,0.00118234,-0.000608896,-0.00475238,-0.00852694,-0.0106754,-0.0122335,-0.0105558,-0.00701262,-0.0040827,-0.00225742,-0.000995377,-0.000570454,-0.000166122,-8.28039e-06,0.0,0.0,0.0,0.0,-0.000178945,-0.000393042,-0.00183128,-0.00443771,-0.00544385,-0.00498133,-0.00421662,0.00051524,0.00615504,0.00917513,0.00880564,0.0047038,0.00386252,0.000996884,-0.00113378,-0.00471957,-0.00409826,-0.00327984,-0.00198424,-0.00122263,-0.000638817,-0.000348244,-0.000129135,-6.97961e-06,0.0,0.0,0.0,0.0,-6.42769e-06,-0.000100291,-3.12829e-05,0.000945428,0.00578615,0.0105403,0.016299,0.0241484,0.027352,0.0263552,0.0232745,0.0190549,0.0180116,0.0148111,0.00699273,0.00210923,0.000236206,-0.00131304,-0.00118801,-0.000904827,-0.000501837,-0.000296457,-0.000105263,0.0,0.0,0.0,0.0,0.0,0.0,6.42367e-06,0.000711086,0.00361908,0.00999163,0.0174628,0.0238147,0.0336654,0.0370072,0.035127,0.0300535,0.0268805,0.0254495,0.0186359,0.00976476,0.00492613,0.00246821,-0.000436974,-0.000506077,-0.000425724,-0.000170924,-3.96446e-05,0.0,0.0,0.0,0.0,0.0,0.0,0.0,0.000116818,0.000990288,0.00301481,0.00601901,0.0117183,0.0156527,0.0197512,0.0242357,0.0231295,0.0201251,0.0193582,0.0180452,0.012913,0.00688097,0.00392248,0.00247758,0.000543416,-1.57044e-06,-5.79616e-05,-1.05067e-05,0.0,0.0,0.0,0.0,0.0,0.0,0.0,0.0,0.0,0.0,-8.16763e-06,0.00024538,0.00101453,0.00138323,0.00223428,0.002851,0.0023872,0.00303595,0.00370072,0.00369624,0.00334516,0.00182641,