{"max":0.00624587,"min":-0.00784474,"acc":0.5575,"arr":[0.0,0.0,0.0,0.0,0.0,0.0,0.0,0.0,0.0,0.0,0.0,0.0,0.0,0.0,0.0,0.0,0.0,0.0,0.0,0.0,0.0,0.0,0.0,0.0,0.0,0.0,0.0,0.0,0.0,0.0,0.0,0.0,0.0,0.0,0.0,0.0,0.0,0.0,0.0,0.0,0.0,0.0,0.0,-1.56303e-05,-2.99883e-05,0.0,0.0,0.0,0.0,0.0,0.0,0.0,0.0,0.0,0.0,0.0,0.0,0.0,0.0,0.0,0.0,0.0,0.0,0.0,0.0,-2.63628e-05,-8.35185e-05,-9.59406e-05,-0.000101555,-6.93379e-05,-0.000138037,-0.000229571,-0.000279014,-0.000157027,-0.000156123,-3.7788e-05,-4.33544e-05,-2.07421e-05,0.0,0.0,0.0,0.0,0.0,0.0,0.0,0.0,0.0,0.0,0.0,0.0,0.0,0.0,-6.7804e-07,-0.000114877,-0.000238357,-0.000300408,-0.00037234,-0.000526857,-0.000737906,-0.0009325,-0.000867447,-0.000652542,-0.000559505,-0.000387592,-0.000353095,-0.00018992,-0.00010213,-3.01438e-05,0.0,0.0,0.0,0.0,0.0,0.0,0.0,0.0,0.0,-6.75955e-06,-5.21996e-05,-0.00019782,-0.000356027,-0.000651877,-0.000962203,-0.00119429,-0.00157383,-0.00209454,-0.00263819,-0.00287762,-0.00295572,-0.00283796,-0.00216861,-0.00153159,-0.000990999,-0.000582219,-0.000268203,-7.57401e-05,-1.10238e-05,-2.53685e-05,-2.21974e-05,0.0,0.0,0.0,0.0,0.0,0.0,-6.03203e-05,-0.000239664,-0.000552626,-0.00101605,-0.00123644,-0.0016188,-0.00211361,-0.00315755,-0.00426316,-0.00543357,-0.00591564,-0.006284,-0.00595702,-0.00476668,-0.00342528,-0.0023722,-0.00147357,-0.000750809,-0.000354411,-0.000207876,-0.00010679,-4.55225e-05,0.0,0.0,0.0,0.0,0.0,0.0,-0.000128012,-0.000474612,-0.000998462,-0.000917742,-8.25543e-05,-0.000849665,-0.00247749,-0.00356324,-0.00448973,-0.00530641,-0.00608571,-0.00609988,-0.00641071,-0.00594398,-0.00488617,-0.00353435,-0.00222559,-0.00127462,-0.000781352,-0.000619504,-0.000389651,-7.17109e-05,0.0,0.0,0.0,0.000135047,0.000381288,0.000608289,0.000761473,0.000409166,-0.000147369,0.000584719,0.00131977,-0.000144026,-0.00163364,-0.00222633,-0.00188838,-0.00171557,-0.00190616,-0.00171817,-0.00185201,-0.0025368,-0.00290593,-0.00195735,-0.00107743,-0.00076108,-0.000438581,-0.000515002,-0.000341703,-6.4506e-05,0.0,0.0,0.0,0.000665408,0.00116439,0.0019893,0.00285653,0.00323531,0.00254828,0.00261813,0.00195439,0.00121461,0.00182021,0.00167883,0.00232907,0.00328599,0.00329831,0.00423498,0.00343124,0.00309163,0.00153866,0.000514812,0.000545322,0.000401406,7.83562e-05,-0.000456372,-0.000250166,-6.8159e-05,0.0,0.0,0.0,0.000344213,0.00160779,0.00301568,0.00387408,0.00483238,0.00500747,0.00421552,0.00384775,0.00415874,0.00463266,0.00434668,0.00514349,0.00511742,0.0055614,0.00624587,0.00595563,0.00504229,0.00260359,0.00131898,0.000948001,0.000410175,0.000311771,-0.000340173,-0.000211807,-7.22891e-05,0.0,0.0,0.0,0.0,0.00114807,0.00226368,0.00320884,0.00368084,0.00420628,0.00398268,0.00389049,0.00389192,0.00435229,0.00400763,0.00414141,0.00330134,0.00301099,0.00358856,0.00516287,0.00578958,0.00409344,0.00278794,0.000617062,-1.0655e-05,-0.00019148,-0.000303511,-8.21804e-05,-4.11765e-06,0.0,0.0,0.0,0.0,0.000685978,0.00128504,0.00129641,0.00154653,0.00225241,0.00225185,0.00093695,0.000243402,-0.000297824,-0.000866629,-0.000881961,-0.00166105,-0.00145301,0.000817335,0.00332472,0.00533101,0.00462868,0.00287441,0.000882063,-2.72145e-05,-0.000573941,-0.000214039,-1.85268e-07,0.0,0.0,0.0,0.0,0.0,0.000178235,0.000321391,0.000146744,0.000566375,0.00155676,4.13095e-05,-0.00206972,-0.00314794,-0.00378427,-0.0043271,-0.00451215,-0.00461799,-0.00382123,-0.00058455,0.00318748,0.00493312,0.00425189,0.00237062,0.000583816,-0.00055702,-0.000757833,-0.000234509,7.09352e-06,0.0,0.0,0.0,0.0,0.0,0.0,-0.000140235,-0.000619571,0.000344843,0.000150559,-0.00163691,-0.00340943,-0.00516681,-0.00511785,-0.00572114,-0.00655816,-0.00627043,-0.0051844,-0.000388768,0.00326189,0.00443203,0.00299395,0.00137693,-0.000573515,-0.00112106,-0.000711918,0.000128625,0.000217625,0.0,0.0,0.0,0.0,0.0,0.0,-0.000157134,-0.000483761,-0.000585414,-0.00112301,-0.00247414,-0.00446379,-0.00530791,-0.00521573,-0.00608357,-0.00750797,-0.00716049,-0.00373348,0.00277011,0.00457996,0.00461468,0.00216484,-0.000787595,-0.00128196,-0.000900697,-0.000730444,-0.000270806,-5.19766e-06,0.0,0.0,0.0,0.0,0.0,0.0,-0.000138677,-0.000703102,-0.00175806,-0.00226625,-0.00279245,-0.00427756,-0.00531758,-0.00545288,-0.0070196,-0.00784474,-0.00550103,0.000602682,0.00443717,0.00446935,0.00257598,-0.000434077,-0.00166764,-0.00199522,-0.00147578,-0.00122187,-0.000483082,-3.6739e-05,0.0,0.0,0.0,0.0,0.0,-7.2992e-06,-0.000206292,-0.000868244,-0.00210587,-0.00262394,-0.00301743,-0.00374458,-0.00460451,-0.00524177,-0.00616891,-0.00600625,-0.0010807,0.00335005,0.0044821,0.00299094,-0.000137333,-0.00199912,-0.00203066,-0.00207917,-0.00150617,-0.00104981,-0.000508684,-0.000150796,0.0,0.0,0.0,0.0,0.0,-5.20081e-05,-0.000365897,-0.000892999,-0.00189767,-0.00269623,-0.00351639,-0.0040238,-0.00411958,-0.00459562,-0.00471803,-0.00205538,0.00311943,0.00486711,0.00369593,0.000687441,-0.00181228,-0.00276292,-0.0025331,-0.00249005,-0.00171007,-0.000953127,-0.000429142,-0.000144273,0.0,0.0,0.0,0.0,-1.88235e-05,-0.000147734,-0.000495895,-0.000876479,-0.00162117,-0.0028833,-0.00355035,-0.00395724,-0.00433077,-0.00377494,-0.00269217,0.00148205,0.00418514,0.00438006,0.0025813,-0.00164691,-0.00386083,-0.00377663,-0.00332735,-0.00255435,-0.00155428,-0.000899934,-0.000400198,-0.000135065,0.0,0.0,0.0,0.0,-2.37255e-05,-0.000190586,-0.000480866,-0.000930436,-0.00178106,-0.00232684,-0.00372069,-0.00443886,-0.00497579,-0.00388883,-0.00115534,0.00174737,0.00356657,0.00315041,0.000912561,-0.00291779,-0.00409873,-0.00420639,-0.00321689,-0.00221297,-0.00126446,-0.000748873,-0.000336782,-6.73741e-05,0.0,0.0,0.0,0.0,-7.45098e-06,-0.000145992,-0.000425964,-0.000779513,-0.00160489,-0.00255438,-0.00404042,-0.00511714,-0.00576184,-0.00452728,-0.000772843,0.00198706,0.00182205,0.00161471,-0.00140081,-0.00361113,-0.0042187,-0.0039955,-0.0026648,-0.00171512,-0.00107286,-0.000596076,-0.000263511,-2.91454e-05,0.0,0.0,0.0,0.0,0.0,-4.29393e-05,-0.00019186,-0.000368363,-0.00138985,-0.00268634,-0.00430365,-0.00574256,-0.00586211,-0.00321868,-0.000510969,8.77064e-05,0.000517094,-0.000736247,-0.00189296,-0.00307836,-0.00354267,-0.00286158,-0.00194603,-0.00130395,-0.000790183,-0.000398961,-0.00011942,-5.15018e-06,0.0,0.0,0.0,0.0,0.0,-3.30556e-07,0.000167162,-0.000120531,-0.000886202,-0.00210586,-0.00403133,-0.00525758,-0.00430632,-0.00182522,-1.29331e-05,-0.000386088,0.000350053,-0.00165099,-0.00127167,-0.00162285,-0.0019641,-0.00192232,-0.00133968,-0.000899973,-0.000384961,-0.00014573,-3.99977e-05,-7.41298e-06,0.0,0.0,0.0,0.0,0.0,0.0,0.000355056,0.000139335,-0.000412616,-0.00132618,-0.00219181,-0.00222807,-0.00101555,-0.000260338,0.000515126,0.000776986,-0.00073567,-0.000658195,0.000484825,0.000140049,-0.000988877,-0.00103534,-0.000753229,-0.000439683,-0.000221344,-7.74369e-05,0.0,0.0,0.0,0.0,0.0,0.0,0.0,0.0,6.07242e-05,0.000119984,-0.000200339,-0.000316757,0.000117802,0.00116846,0.00228674,0.00235697,0.00300733,0.00275575,0.000353055,0.00160448,0.00306675,0.00152685,0.000566214,-6.42478e-05,-0.000256481,-0.000287092,-0.000157017,-6.55123e-05,0.0,0.0,0.0,0.0,0.0,0.0,0.0,0.0,0.0,0.0,3.19559e-05,0.000517824,0.00120403,0.00218417,0.00377017,0.00364508,0.00410772,0.00370277,0.00154443,0.00271159,0.00363228,0.00265107,0.00135912,0.000511276,-8.98873e-05,-0.000140669,-9.11947e-05,-3.33457e-05,0.0,0.0,0.0,0.0,0.0,0.0,0.0,0.0,0.0,0.0,1.77533e-06,0.000509108,0.00130014,0.0010464,0.0016057,0.00161567,0.00166817,0.00112938,0.00121426,0.00201924,0.00271325,0.00252156,0.000814365,0.000499412,0.000153529,0.0,0.0,0.0,0.0,0.0,0.0,0.0,0.0,0.0,0.0,0.0,0.0,0.0,0.0,9.22243e-05,0.000425651,0.000328106,3.54709e-05,0.0,0.000406358,0.000222613,0.0,0.00030822,0.0012014,0.00108698,0.0,0.0,0.0,0.0,0.0,0.0,0.0,0.0,0.0,0.0]}