{"max":0.0769673,"min":-0.0762635,"acc":0.8291,"arr":[0.0,0.0,0.0,0.0,0.0,0.0,0.0,0.0,0.0,0.0,0.0,0.0,0.0,0.0,0.0,0.0,0.0,0.0,0.0,0.0,0.0,0.0,0.0,0.0,0.0,0.0,0.0,0.0,0.0,0.0,0.0,0.0,0.0,0.0,-3.46127e-05,-8.35146e-05,-0.000125598,-5.85797e-05,-6.2165e-05,-8.76483e-05,-0.000135761,-0.000161872,-0.000166171,-0.000113204,-0.000202015,-0.000149335,-6.26281e-05,-6.98188e-05,-4.63709e-05,-3.57597e-07,0.0,0.0,0.0,0.0,0.0,0.0,0.0,0.0,0.0,-6.12821e-06,-3.32715e-06,0.0,-3.68368e-05,-0.000116543,-0.000344909,-0.000464059,-0.000576294,-0.000946909,-0.00144719,-0.00168514,-0.00202843,-0.00216333,-0.00211554,-0.00159356,-0.00121127,-0.000963672,-0.000732651,-0.000394457,-0.000138272,-1.96325e-05,0.0,0.0,0.0,0.0,0.0,0.0,-2.31572e-07,-2.58018e-05,-1.92734e-05,-2.54179e-05,-0.000144052,-0.000359283,-0.000855167,-0.00156208,-0.00230749,-0.0033902,-0.00465523,-0.00594914,-0.00685005,-0.00718158,-0.00671298,-0.00565601,-0.00480431,-0.00374434,-0.00242901,-0.00122609,-0.000579079,-0.000194874,-4.92067e-05,-2.3404e-05,-2.89794e-06,0.0,0.0,0.0,-8.84185e-07,-1.12278e-05,-8.91703e-05,-0.000250377,-0.000614606,-0.00132619,-0.00275648,-0.00516517,-0.00793166,-0.011571,-0.015805,-0.0200322,-0.0230818,-0.0240161,-0.0231256,-0.019998,-0.0162526,-0.0121983,-0.00822249,-0.00494736,-0.00227693,-0.000995317,-0.000432613,-0.000130284,-3.22792e-05,0.0,0.0,0.0,-1.95064e-05,-5.2738e-05,-0.000209154,-0.000914294,-0.00193942,-0.00303545,-0.00631155,-0.0114446,-0.0164678,-0.0241476,-0.0341714,-0.0430305,-0.0484808,-0.0511387,-0.0501157,-0.0449704,-0.0364601,-0.027944,-0.0207306,-0.0137916,-0.00810653,-0.00474172,-0.00231356,-0.000788481,-0.000133957,0.0,0.0,0.0,-1.36166e-06,-7.20601e-05,-0.000383673,-0.0010745,-0.001515,-0.00468378,-0.00720063,-0.00957819,-0.014474,-0.0245934,-0.0369534,-0.0484504,-0.0558209,-0.0622079,-0.0617797,-0.057564,-0.0502991,-0.0380957,-0.0268635,-0.0182673,-0.0126634,-0.00832126,-0.0048705,-0.00223903,-0.000458352,-8.62982e-05,0.0,0.000169859,0.00132448,0.00304365,0.00537343,0.0092612,0.0130901,0.0157446,0.0185759,0.020649,0.0194442,0.0105218,0.000927499,-0.00580373,-0.0118551,-0.0152459,-0.0119393,-0.00899298,-0.00874234,-0.00468003,-0.00383276,-0.00466822,-0.00512347,-0.00674316,-0.00590979,-0.00265568,-0.000799845,-0.000105481,0.0,0.000497773,0.00331021,0.00956157,0.0165911,0.026618,0.0367585,0.0447524,0.0494029,0.0527665,0.0501839,0.0495227,0.0478896,0.0461342,0.0477805,0.049722,0.0544595,0.0501594,0.041449,0.0346947,0.0218902,0.00915171,0.00102441,-0.00392578,-0.00572432,-0.00241439,-0.000724934,-2.48978e-05,0.0,0.000751661,0.00343871,0.0123722,0.0213005,0.0332837,0.0451495,0.0559122,0.0632193,0.0639084,0.0606306,0.0618816,0.0624173,0.0638545,0.0682423,0.0721356,0.0769673,0.0732602,0.0658794,0.053364,0.0356513,0.0171889,0.0045922,-0.00320551,-0.00459693,-0.00187591,-0.000415788,0.0,0.0,0.000682492,0.00268452,0.00899112,0.017392,0.0274399,0.0382294,0.0442282,0.0471649,0.0423658,0.0364473,0.0330706,0.0345695,0.0394288,0.0423516,0.0449972,0.0524697,0.0611577,0.0643704,0.0542094,0.0385825,0.016456,0.00281735,-0.00335113,-0.00274593,-0.00104338,-0.000354826,-3.7315e-05,0.0,0.000250634,0.00169988,0.00426166,0.0106458,0.0165309,0.0222724,0.0244394,0.0219712,0.0120319,0.00243478,-0.00486607,-0.00557557,-0.00575453,-0.00891885,-0.00443175,0.0147924,0.0434834,0.0570994,0.0502279,0.0320473,0.00899844,0.000182949,-0.00479859,-0.00267991,-0.000507597,-0.000176793,-6.02771e-05,0.0,0.000120099,0.00124392,0.00285575,0.0057739,0.00766861,0.00906442,0.00852472,0.00199918,-0.0153426,-0.0295331,-0.0338863,-0.0348777,-0.0408231,-0.0435337,-0.0342476,-0.000698536,0.0410185,0.0521267,0.0428238,0.0211593,0.00172838,-0.00346055,-0.00585581,-0.00291075,-0.00028391,-0.0001158,-2.13321e-05,0.0,1.99077e-05,0.0010666,0.00232175,0.00341788,0.00259767,0.000123747,-0.00570898,-0.0166792,-0.035483,-0.0482026,-0.0530081,-0.0558131,-0.064877,-0.066183,-0.0451679,0.00543703,0.0442083,0.046308,0.0311557,0.00908241,-0.00305442,-0.00599678,-0.00685014,-0.00267367,1.13067e-05,-7.07504e-05,-5.75406e-06,0.0,1.26711e-05,0.000658152,0.000748977,0.00104412,-0.00161766,-0.00624546,-0.0154258,-0.028713,-0.0489345,-0.0578158,-0.0606476,-0.0656915,-0.0762635,-0.0702861,-0.03065,0.0249083,0.0486595,0.0401663,0.018408,-0.001012,-0.00771793,-0.00698925,-0.00561921,-0.0023404,0.000283281,-6.13337e-05,0.0,0.0,-3.77281e-05,0.000468115,4.22307e-05,-0.000356242,-0.00436674,-0.0115953,-0.0189552,-0.0332957,-0.0499445,-0.0587005,-0.0599942,-0.067452,-0.0719501,-0.050108,-0.00069859,0.044298,0.0484017,0.0284349,0.00903685,-0.00766273,-0.0103756,-0.00857477,-0.0062008,-0.00233921,-0.000239737,-9.21992e-05,-1.42999e-05,0.0,-2.19259e-05,0.000144825,-0.00014937,-0.00103875,-0.00632334,-0.0144334,-0.0201832,-0.0316982,-0.0432898,-0.0475995,-0.0504812,-0.053381,-0.0464106,-0.0135435,0.0305122,0.0540447,0.0391416,0.0121129,-0.00602974,-0.0155487,-0.012423,-0.00888672,-0.00591517,-0.00282065,-0.000702964,-0.000284811,-2.9441e-05,0.0,8.49683e-05,-7.20399e-05,-0.000587483,-0.00221504,-0.00796264,-0.0163317,-0.0215217,-0.0302492,-0.0375133,-0.039908,-0.0393334,-0.0335644,-0.0139724,0.0207769,0.0498498,0.0479106,0.019289,-0.00473397,-0.0187322,-0.0195672,-0.0146224,-0.0109174,-0.00658643,-0.00344203,-0.000919676,-0.000132044,-1.51411e-06,0.0,6.15639e-05,-0.000154574,-0.00103168,-0.00347637,-0.0106995,-0.0188546,-0.0247239,-0.0313581,-0.0366583,-0.0389597,-0.0324787,-0.0158117,0.0140976,0.0376374,0.0492892,0.0301606,-0.00173539,-0.021623,-0.0266217,-0.0242284,-0.017818,-0.0124099,-0.00707353,-0.00308144,-0.000694743,-3.87273e-05,0.0,0.0,0.0,-0.000228893,-0.00130711,-0.00416058,-0.0120784,-0.0212343,-0.0273958,-0.0346078,-0.0403797,-0.0398453,-0.0278974,-0.00169618,0.0230072,0.0369835,0.0327843,0.00597858,-0.0208,-0.0304919,-0.0314591,-0.0255093,-0.0184965,-0.0111566,-0.00556848,-0.00213122,-0.000494658,-8.11571e-05,0.0,0.0,0.0,-0.000202192,-0.00137598,-0.00434787,-0.0112349,-0.0211247,-0.0303137,-0.0381806,-0.0417354,-0.0390618,-0.0208695,0.00377631,0.0213607,0.0246049,0.00967543,-0.0119329,-0.0284991,-0.0312877,-0.02886,-0.021753,-0.0146719,-0.00812406,-0.00385886,-0.00164158,-0.000403333,-4.28994e-05,0.0,0.0,0.0,-0.000118867,-0.00100868,-0.00344223,-0.00885677,-0.0187917,-0.0293483,-0.0371852,-0.0382323,-0.0312768,-0.0116662,0.00482011,0.010669,0.00685941,-0.00463821,-0.0173737,-0.0246672,-0.0257492,-0.0219535,-0.0161993,-0.00967131,-0.0052493,-0.00244396,-0.00123486,-0.000303332,-2.68481e-05,0.0,0.0,0.0,-5.48732e-05,-0.000635821,-0.00182671,-0.00572661,-0.0127817,-0.020941,-0.0252975,-0.0250553,-0.0166094,-0.00183081,0.00636244,0.00555272,0.00134281,-0.00571653,-0.0117285,-0.0150025,-0.0166918,-0.0142237,-0.00955398,-0.00562072,-0.00286891,-0.00134376,-0.000716972,-0.000200181,-8.28039e-06,0.0,0.0,0.0,-1.31742e-05,-0.000216779,-0.000654018,-0.00258328,-0.00577177,-0.00660403,-0.00532304,-0.00293087,0.00614772,0.0134839,0.014339,0.0127651,0.00726219,0.00446196,8.07465e-05,-0.003148,-0.00672813,-0.0059287,-0.00460962,-0.00281192,-0.00153208,-0.000803518,-0.000431895,-0.000129158,-6.97961e-06,0.0,0.0,0.0,0.0,-6.88203e-06,-0.000151664,-0.000190748,0.00145256,0.0077438,0.01486,0.0248518,0.0367194,0.0385727,0.034462,0.0306378,0.0253467,0.0231355,0.0176365,0.00837843,0.00258469,6.87354e-05,-0.00160035,-0.00162225,-0.00102842,-0.000524406,-0.000314641,-0.000105263,0.0,0.0,0.0,0.0,0.0,0.0,-1.06573e-05,0.000820287,0.00486102,0.0129137,0.0234288,0.0355675,0.046534,0.047822,0.046353,0.0417044,0.0361264,0.0323275,0.023247,0.0128048,0.00654323,0.00293468,-0.00048679,-0.000743005,-0.000497877,-0.000170924,-3.96446e-05,0.0,0.0,0.0,0.0,0.0,0.0,0.0,0.000116818,0.000999474,0.00395978,0.00805223,0.0158817,0.0222596,0.0267063,0.0298043,0.0301854,0.0280316,0.0256807,0.0230162,0.0166131,0.00955992,0.00557279,0.00289266,0.000471826,-0.000134849,-6.01712e-05,-1.05067e-05,0.0,0.0,0.0,0.0,0.0,0.0,0.0,0.0,0.0,0.0,0.000199778,0.000644701,0.00138982,0.00168706,0.00237196,0.00341148,0.00324517,0.00354792,0.00471075,0.00482668,0.00450668,0.00267411,