{"max":0.22258,"min":-0.262979,"acc":0.8917,"arr":[0.0,0.0,0.0,0.0,0.0,0.0,0.0,0.0,0.0,0.0,0.0,0.0,-3.26711e-06,-1.03367e-05,-3.54186e-06,-1.47578e-07,0.0,0.0,0.0,0.0,0.0,0.0,0.0,0.0,0.0,0.0,0.0,0.0,0.0,0.0,0.0,0.0,-5.64327e-08,-4.08418e-07,-4.40226e-05,-0.000107143,-0.000189991,-0.00018558,-0.000308457,-0.000375052,-0.000428846,-0.000289405,-0.000272898,-0.000230793,-0.000347866,-0.00022717,-0.000101962,-0.000111498,-7.33099e-05,-7.09485e-06,-2.85842e-06,-1.70777e-06,0.0,0.0,0.0,0.0,0.0,0.0,-1.99738e-09,-6.12821e-06,-6.46683e-06,-3.7018e-06,-8.4562e-05,-0.000344528,-0.000711426,-0.0011836,-0.00191783,-0.00257968,-0.00320274,-0.00343207,-0.00388674,-0.00392115,-0.00364096,-0.00282847,-0.00224321,-0.00168514,-0.00116277,-0.000679606,-0.000299453,-5.09734e-05,-9.43837e-06,-1.09048e-06,0.0,0.0,0.0,0.0,-2.85761e-07,-2.68762e-05,-5.17977e-05,-0.000123241,-0.000405618,-0.00119085,-0.00259437,-0.00454551,-0.006767,-0.00912978,-0.0108707,-0.012729,-0.01399,-0.0145786,-0.013499,-0.0115575,-0.00953466,-0.00719312,-0.00483611,-0.00282165,-0.00146554,-0.000615619,-0.000212786,-3.51757e-05,-3.48086e-06,0.0,0.0,-9.39594e-07,-1.6768e-06,2.66376e-05,-0.000187191,-0.000945431,-0.00187106,-0.00431354,-0.00840949,-0.0146587,-0.0222594,-0.0313821,-0.0421472,-0.0515746,-0.0568292,-0.0571755,-0.0532687,-0.0457819,-0.0372829,-0.0282619,-0.0200123,-0.012756,-0.00724477,-0.00352478,-0.00150443,-0.000426971,-9.16473e-05,-2.07094e-06,0.0,0.0,-2.05278e-05,-5.21979e-05,-0.000582786,-0.00130712,-0.00381524,-0.00856967,-0.0158153,-0.0275103,-0.0436984,-0.0648592,-0.0895184,-0.113546,-0.127548,-0.130348,-0.124156,-0.112214,-0.0950308,-0.0757064,-0.0563044,-0.0384037,-0.0250693,-0.0152453,-0.00702257,-0.00223482,-0.000563403,-1.92186e-05,0.0,-5.30412e-07,0.000426439,0.00093511,0.00083137,0.00212984,0.00375374,0.00277428,0.0040512,-0.00137228,-0.0115447,-0.0365986,-0.0744703,-0.112707,-0.136859,-0.146898,-0.139437,-0.125168,-0.110421,-0.0881931,-0.0660853,-0.0461667,-0.0364557,-0.02669,-0.0158473,-0.00688886,-0.00195987,-0.000193286,0.0,0.000262138,0.00257344,0.00742535,0.0129484,0.0259206,0.0418052,0.0554939,0.0726149,0.0818954,0.0786238,0.0568078,0.0285384,-0.00262655,-0.0266952,-0.029991,-0.014254,-0.000399862,0.00149163,0.00101962,-0.00292867,-0.014682,-0.0205373,-0.0232951,-0.0211576,-0.0109277,-0.00267031,-0.000169918,-4.18561e-05,0.00144649,0.00884703,0.022972,0.0375707,0.0595253,0.083612,0.110028,0.129041,0.138522,0.139795,0.134854,0.124085,0.112562,0.12182,0.137743,0.153926,0.147466,0.118325,0.0817723,0.0451502,0.0124566,-0.00595259,-0.0179453,-0.0234638,-0.013048,-0.00323131,-0.000192901,0.00025589,0.00254812,0.0123352,0.0327231,0.0544394,0.0772706,0.097,0.114538,0.12849,0.132772,0.129057,0.132872,0.136675,0.147146,0.171491,0.201138,0.22258,0.212013,0.169801,0.120827,0.0682663,0.0324259,0.00496547,-0.0154329,-0.0190888,-0.00942655,-0.00213655,0.000184722,0.000341119,0.00322644,0.0134241,0.0318537,0.0546138,0.0750656,0.08564,0.0893546,0.0836483,0.0821195,0.0747419,0.0676477,0.0711395,0.0936737,0.111481,0.142233,0.187304,0.196514,0.169525,0.126575,0.078384,0.0417463,0.0114096,-0.0126575,-0.0121455,-0.00501404,-0.00113191,2.99776e-05,0.000228459,0.00323546,0.0131452,0.0264745,0.0443268,0.0520403,0.0550897,0.0491765,0.0359108,0.0246587,0.00591584,-0.00896499,-0.0107983,-0.00619021,-0.00199505,0.0358957,0.10677,0.152115,0.148635,0.107035,0.0691218,0.0319066,0.00649782,-0.0121017,-0.00914874,-0.00279174,-0.000838828,-2.95966e-05,9.05063e-05,0.00228055,0.0100512,0.0203623,0.0310604,0.0317584,0.0229794,0.0160904,-0.00249366,-0.0401129,-0.0815942,-0.105787,-0.118931,-0.131355,-0.12337,-0.0549042,0.0538116,0.119287,0.11742,0.0806541,0.0461272,0.0108871,-0.00619129,-0.013002,-0.00787842,-0.000606902,-3.47419e-05,0.000100875,-2.04735e-06,0.000929578,0.00578509,0.0129222,0.0184631,0.0126737,-0.00153445,-0.0182596,-0.0492929,-0.100435,-0.152908,-0.192399,-0.212119,-0.230849,-0.202695,-0.094118,0.0345323,0.0957973,0.0876418,0.0624215,0.0294876,0.00217095,-0.00903916,-0.0118627,-0.00608615,-0.000168257,-0.000163512,-7.03108e-05,-3.19671e-06,0.000342193,0.00279273,0.00588212,0.00809398,0.00175388,-0.0165577,-0.043815,-0.0865192,-0.144288,-0.195007,-0.228428,-0.248969,-0.262979,-0.20354,-0.0636732,0.0561317,0.0988113,0.0911363,0.0652803,0.028673,0.00683978,-0.00106648,-0.00699745,-0.0053182,-6.57517e-05,-0.000214906,-2.69458e-06,4.16171e-06,-3.77281e-05,0.000986013,0.0025958,0.00127702,-0.0106451,-0.0280147,-0.0587725,-0.103844,-0.14806,-0.182596,-0.202007,-0.218959,-0.210969,-0.125759,0.00727747,0.0885173,0.106755,0.0869268,0.0577159,0.0254992,0.00897004,-0.000507833,-0.00829189,-0.00622009,-0.00152018,-0.000341396,-5.24795e-05,2.97624e-05,-6.87188e-05,-4.90248e-05,0.000698618,-0.00219774,-0.0169009,-0.0356722,-0.0614914,-0.0980698,-0.125352,-0.14525,-0.15407,-0.14773,-0.1132,-0.0235013,0.0692844,0.0959027,0.0801246,0.0497008,0.0235618,-0.00206746,-0.00763811,-0.0141754,-0.0138791,-0.00791112,-0.00276793,-0.000562405,-4.80832e-05,0.0,7.91133e-05,-0.00033045,-0.000717714,-0.00589052,-0.0219151,-0.045497,-0.0679312,-0.0887068,-0.104794,-0.11871,-0.112701,-0.0840135,-0.0163975,0.0596215,0.0910804,0.0652706,0.0314671,0.00501173,-0.0231767,-0.0338629,-0.0314944,-0.0266468,-0.0188286,-0.008813,-0.00245182,-0.000155938,-3.10805e-05,4.90128e-05,6.00349e-05,-0.000386507,-0.00197546,-0.0101404,-0.0299868,-0.0545649,-0.0729678,-0.0879932,-0.100615,-0.106989,-0.0831179,-0.0290576,0.050376,0.0904036,0.0694737,0.020193,-0.0150105,-0.0413726,-0.0557379,-0.0577445,-0.0491773,-0.0370228,-0.0243101,-0.0112647,-0.00251741,2.34644e-06,-8.35207e-06,-2.30711e-07,0.000169475,-0.000691752,-0.00390818,-0.0126102,-0.034655,-0.0596855,-0.0790222,-0.0938511,-0.104299,-0.0969564,-0.0588382,0.00958772,0.0638453,0.0724513,0.0269877,-0.0245167,-0.054362,-0.073062,-0.0770968,-0.073784,-0.0596125,-0.0402016,-0.0227087,-0.00832811,-0.00187827,-0.000295276,-1.62106e-06,0.0,-1.50805e-05,-0.000932265,-0.00517852,-0.0149039,-0.0332447,-0.0601904,-0.0839912,-0.1006,-0.105192,-0.0857186,-0.0410387,0.0186477,0.0440859,0.0309639,-0.0118053,-0.0489583,-0.071302,-0.0853176,-0.0856006,-0.0742675,-0.0534213,-0.033049,-0.0174466,-0.00578585,-0.00121629,-0.000187223,-6.30289e-07,-3.24132e-07,-2.13309e-05,-0.000877118,-0.00459145,-0.0122843,-0.0267832,-0.0498249,-0.07291,-0.0858542,-0.0844213,-0.0629177,-0.0216406,0.00751444,0.00761358,-0.00661292,-0.0276791,-0.0488122,-0.0667953,-0.0775665,-0.0767425,-0.0614357,-0.0404551,-0.0234485,-0.012041,-0.00402192,-0.000656771,-0.000119913,-1.30401e-07,-3.14003e-07,-6.48078e-07,-0.000695322,-0.00297405,-0.00706975,-0.0140477,-0.0282992,-0.0383828,-0.0444596,-0.0419952,-0.0260048,-0.00837351,-0.00209599,-0.00565825,-0.00671625,-0.0151513,-0.0303095,-0.0445896,-0.057182,-0.055794,-0.0439256,-0.0280771,-0.0145992,-0.00738553,-0.00250852,-0.000564927,-2.98239e-05,-2.4074e-07,0.0,0.0,-0.000394732,-0.00117372,0.000235234,0.00103463,0.00183277,0.00677009,0.00530071,0.0132203,0.0246936,0.0236022,0.0198835,0.0203086,0.0243357,0.0168007,0.00395388,-0.0102023,-0.0281103,-0.0330329,-0.0276782,-0.0188286,-0.00988406,-0.0055059,-0.00177614,-0.000458389,-1.69668e-05,0.0,0.0,0.0,-7.78761e-05,0.000613032,0.00520086,0.0127567,0.025356,0.0436967,0.0597545,0.0752057,0.0882279,0.0838811,0.0822756,0.0854711,0.0825717,0.0735152,0.0522106,0.0256633,-2.4387e-05,-0.0114022,-0.0132978,-0.0106486,-0.00637769,-0.00407116,-0.00112715,-0.000215142,-1.84585e-06,0.0,0.0,0.0,-4.41149e-05,0.000730984,0.00410843,0.0102892,0.0251141,0.0491205,0.0776733,0.0971073,0.107849,0.118074,0.119869,0.123056,0.11804,0.106854,0.0766122,0.04547,0.0192694,0.00244273,-0.00515627,-0.00438177,-0.00209754,-0.00155398,-0.000204521,-2.01865e-05,-1.70936e-06,0.0,0.0,0.0,0.0,0.0,0.000601129,0.00264794,0.0095007,0.0199446,0.0362183,0.0483715,0.057983,0.0676623,0.0705299,0.0795944,0.0792221,0.072317,0.0563611,0.0381401,0.0208252,0.00643977,-0.00104076,-0.000350764,0.000660722,5.83534e-07,-2.4287e-06,1.05166e-05,0.0,0.0,0.0,0.0,0.0,0.0,2.18769e-05,