{"max":0.00870556,"min":-0.0099635,"acc":0.5694,"arr":[0.0,0.0,0.0,0.0,0.0,0.0,0.0,0.0,0.0,0.0,0.0,0.0,0.0,0.0,0.0,0.0,0.0,0.0,0.0,0.0,0.0,0.0,0.0,0.0,0.0,0.0,0.0,0.0,0.0,0.0,0.0,0.0,0.0,0.0,0.0,0.0,0.0,0.0,0.0,0.0,0.0,0.0,0.0,-1.56303e-05,-2.99883e-05,0.0,0.0,0.0,0.0,0.0,0.0,0.0,0.0,0.0,0.0,0.0,0.0,0.0,0.0,0.0,0.0,0.0,0.0,0.0,0.0,-2.63628e-05,-8.35185e-05,-0.000131716,-0.000191192,-0.000118517,-0.000193622,-0.00031687,-0.000332106,-0.000162681,-0.00017281,-7.75571e-05,-8.29676e-05,-2.15219e-05,0.0,0.0,0.0,0.0,0.0,0.0,0.0,0.0,0.0,0.0,0.0,0.0,0.0,0.0,-4.3475e-05,-0.000208556,-0.000338173,-0.000451273,-0.000582606,-0.000749952,-0.000939546,-0.00108704,-0.000996439,-0.000835674,-0.000686824,-0.000440407,-0.000392552,-0.0001907,-0.00010213,-3.01438e-05,0.0,0.0,0.0,0.0,0.0,0.0,0.0,0.0,0.0,-3.22487e-05,-7.02839e-05,-0.000219363,-0.000419682,-0.000756302,-0.00121469,-0.00150313,-0.00199043,-0.00254891,-0.00306427,-0.00333771,-0.00341458,-0.00332129,-0.00265234,-0.00189575,-0.00123075,-0.000687876,-0.000283049,-7.57401e-05,-1.10238e-05,-2.53685e-05,-2.21974e-05,0.0,0.0,0.0,0.0,0.0,0.0,-0.0001111,-0.000319768,-0.000693009,-0.00122679,-0.00159579,-0.00207171,-0.00266381,-0.0040189,-0.00519819,-0.00630727,-0.00693341,-0.00745882,-0.00704245,-0.00574919,-0.0040856,-0.00286833,-0.00185001,-0.000864689,-0.00035651,-0.000207876,-0.00010679,-4.55225e-05,0.0,0.0,0.0,0.0,0.0,0.0,-7.53676e-05,-0.000385872,-0.0010896,-0.00114325,-0.000162025,-0.000749227,-0.00268214,-0.0040665,-0.00489738,-0.00620912,-0.00752654,-0.00768882,-0.00789959,-0.00718061,-0.00582763,-0.00441511,-0.00280289,-0.00156155,-0.000903324,-0.000670337,-0.000421123,-7.85175e-05,-6.80659e-06,0.0,0.0,0.000135047,0.000381288,0.00102332,0.00118883,0.000716612,0.000175534,0.00095023,0.00189184,0.000593965,-0.0012431,-0.00179044,-0.00158165,-0.00156346,-0.00205924,-0.00167819,-0.00127739,-0.00135034,-0.00174456,-0.00233619,-0.00187523,-0.00132208,-0.000809911,-0.000712672,-0.000491067,-0.000120677,-4.53176e-05,0.0,0.0,0.000801142,0.00140665,0.00255417,0.00350539,0.00428035,0.00379939,0.00394174,0.00325768,0.00246579,0.00328442,0.003334,0.00409635,0.00518567,0.00473932,0.0058478,0.00508102,0.00472524,0.00290584,0.000542091,-0.00043035,-0.000342992,-0.000388515,-0.000687347,-0.000382048,-0.000145197,-2.48978e-05,0.0,0.0,0.000586472,0.00204076,0.00345191,0.00448452,0.0060403,0.0066572,0.0056135,0.00486698,0.00510678,0.00621922,0.00621282,0.00678541,0.0068871,0.00783248,0.00870556,0.00820541,0.00710155,0.00409395,0.00190097,0.000126951,-0.000225907,-2.6736e-05,-0.000489833,-0.000261433,-0.000109715,0.0,0.0,0.0,0.000161506,0.00157831,0.00299498,0.00403757,0.00501952,0.00582162,0.00533507,0.00479244,0.00481775,0.00542539,0.0048373,0.00491974,0.00470437,0.00453866,0.00496112,0.00696493,0.00830999,0.00606598,0.00407145,0.000291521,-0.000481818,-0.000477488,-0.000355265,-8.77315e-05,-6.55035e-06,0.0,0.0,0.0,0.0,0.000874653,0.00184111,0.00161783,0.00202103,0.00297735,0.00297918,0.00127735,0.000506936,-0.000461132,-0.000934626,-0.000723624,-0.00154513,-0.0019003,0.000699163,0.00435379,0.00826766,0.00751639,0.004848,0.000960444,-3.90163e-05,-0.00083606,-0.000283452,-8.84565e-07,0.0,0.0,0.0,0.0,3.31574e-05,0.000877499,0.000949661,0.000552558,0.00122753,0.00219455,0.000485269,-0.00178406,-0.0034491,-0.00425252,-0.00454291,-0.0046746,-0.00539663,-0.00513986,-0.000975381,0.00481524,0.00797255,0.00670562,0.00391866,0.000628514,-0.000457987,-0.000961887,-0.000325317,5.17045e-06,0.0,0.0,0.0,0.0,0.00020418,0.000715912,0.000371491,0.000106381,0.000919801,0.00092685,-0.00123669,-0.00315668,-0.00543285,-0.00574906,-0.00609569,-0.00746782,-0.0076163,-0.00625792,-0.000348149,0.00563306,0.00705657,0.00516189,0.0021773,-0.000613396,-0.00124292,-0.000905461,3.80016e-05,0.000196471,0.0,0.0,0.0,0.0,0.000223376,0.000200823,-0.000151096,-0.000124336,-0.000340278,-0.000775142,-0.00240931,-0.00459607,-0.00573948,-0.0059379,-0.00718071,-0.00914253,-0.00890012,-0.0049503,0.00338834,0.00662305,0.00715075,0.00377972,-0.000319042,-0.00148244,-0.00128844,-0.000890435,-0.000357082,-4.83793e-05,0.0,0.0,0.0,0.0,0.000176258,0.0,-0.000185398,-0.00057969,-0.00147615,-0.00231439,-0.00302027,-0.00471687,-0.00637,-0.00692513,-0.00873714,-0.0099635,-0.00758534,-0.000290925,0.00569154,0.00630748,0.00466321,0.00110637,-0.00170425,-0.0024426,-0.00188107,-0.00142199,-0.000554548,-8.09695e-05,0.0,0.0,0.0,0.0,0.0,-7.2992e-06,-0.000250352,-0.00100207,-0.00215097,-0.00287356,-0.00360882,-0.00473463,-0.00604492,-0.00674969,-0.00767098,-0.00765003,-0.00187374,0.00369059,0.00657651,0.00512911,0.00179142,-0.00102276,-0.00274186,-0.00262858,-0.00178404,-0.00123009,-0.000589476,-0.000194852,0.0,0.0,0.0,0.0,0.0,-5.20081e-05,-0.000453842,-0.00114918,-0.00243124,-0.00350611,-0.00460171,-0.00527878,-0.0052127,-0.00556548,-0.0055025,-0.00246964,0.00342346,0.00670235,0.00579599,0.00266175,-0.000597417,-0.00318044,-0.00331495,-0.00296417,-0.00198529,-0.00108199,-0.000514695,-0.000173512,0.0,0.0,0.0,0.0,-1.88235e-05,-0.000147734,-0.00059053,-0.00118733,-0.00223931,-0.00374159,-0.00459874,-0.00517523,-0.00559735,-0.00459872,-0.00307307,0.00201253,0.00521909,0.00659599,0.00444704,-0.000386638,-0.00352802,-0.00473864,-0.00409263,-0.00302112,-0.0018193,-0.00106029,-0.000549772,-0.000154056,0.0,0.0,0.0,0.0,-2.37255e-05,-0.000190586,-0.000565401,-0.00123456,-0.0023274,-0.00313456,-0.00467582,-0.00564745,-0.00610752,-0.0046794,-0.0012931,0.00245391,0.00465435,0.00490456,0.00184118,-0.00242659,-0.00404853,-0.00515539,-0.00394445,-0.00262978,-0.00148392,-0.000874347,-0.000401085,-7.86028e-05,0.0,0.0,0.0,0.0,-7.45098e-06,-0.000145992,-0.000494777,-0.000994492,-0.00209034,-0.00329069,-0.00513809,-0.00637032,-0.00671302,-0.00518351,-0.000939081,0.00214407,0.00286134,0.00222807,-0.000916733,-0.00340562,-0.00472628,-0.00492153,-0.00326263,-0.00207828,-0.00120628,-0.000653908,-0.000292489,-2.91454e-05,0.0,0.0,0.0,0.0,0.0,-4.29393e-05,-0.000237133,-0.000508566,-0.00174051,-0.00337324,-0.00539075,-0.00689801,-0.00685866,-0.00394771,-0.00084094,0.000116864,0.000774803,-0.000536062,-0.00151281,-0.00297155,-0.00416374,-0.00352874,-0.00238247,-0.00150526,-0.00085534,-0.000435545,-0.00012268,-5.15018e-06,0.0,0.0,0.0,0.0,0.0,-3.30556e-07,0.000144743,-0.000236783,-0.00113658,-0.00252261,-0.00476488,-0.00610222,-0.00498676,-0.00277691,-0.000459172,-0.000146067,0.000557183,-0.000919754,-0.000299392,-0.00134627,-0.00225408,-0.00232664,-0.00149964,-0.000945439,-0.00040615,-0.000148809,-3.99977e-05,-7.41298e-06,0.0,0.0,0.0,0.0,0.0,0.0,0.000354889,7.88328e-05,-0.000551101,-0.00128297,-0.00239721,-0.00259912,-0.00155804,-0.00107993,0.000796333,0.00142436,0.000272777,0.000716096,0.00130685,0.000448133,-0.00116737,-0.0012237,-0.000807257,-0.000442219,-0.000221344,-7.74369e-05,0.0,0.0,0.0,0.0,0.0,0.0,0.0,0.0,6.07242e-05,0.000104467,-3.19005e-05,-1.63301e-05,0.000355627,0.00148142,0.00207014,0.00213185,0.00385558,0.00434965,0.00189163,0.00313702,0.00409991,0.00184405,0.000572171,-0.000149197,-0.000272313,-0.000287092,-0.000157017,-6.55123e-05,0.0,0.0,0.0,0.0,0.0,0.0,0.0,0.0,0.0,-3.39911e-05,0.000214823,0.000903171,0.00149743,0.00246484,0.0039142,0.00403645,0.00543973,0.00576871,0.00346943,0.00420353,0.00463636,0.00311101,0.00131925,0.000510116,-8.98873e-05,-0.000140669,-9.11947e-05,-3.33457e-05,0.0,0.0,0.0,0.0,0.0,0.0,0.0,0.0,0.0,0.0,1.77533e-06,0.000498749,0.00125372,0.0010219,0.00156833,0.00161733,0.00237273,0.002614,0.00253712,0.00283812,0.003057,0.00260509,0.000801893,0.000499412,0.000153529,0.0,0.0,0.0,0.0,0.0,0.0,0.0,0.0,0.0,0.0,0.0,0.0,0.0,-8.16763e-06,4.58083e-05,0.000383418,0.000320137,3.54709e-05,0.0,0.000406358,0.000244949,0.000262878,0.000612333,0.00125466,0.00108698,0.0,0.0,0.0,0.0,0.0,0.0,0.0,0.0,0.0,0.0]}