{"max":0.216487,"min":-0.254122,"acc":0.8897,"arr":[0.0,0.0,0.0,0.0,0.0,0.0,0.0,0.0,0.0,0.0,0.0,0.0,-3.26711e-06,-1.03367e-05,-3.54186e-06,-1.47578e-07,0.0,0.0,0.0,0.0,0.0,0.0,0.0,0.0,0.0,0.0,0.0,0.0,0.0,0.0,0.0,0.0,-5.64327e-08,-4.08418e-07,-4.40226e-05,-0.000107095,-0.000183631,-0.000156702,-0.000296757,-0.000366244,-0.000428586,-0.000288858,-0.000271598,-0.000219764,-0.000326163,-0.000221963,-0.000100551,-0.000111271,-7.31243e-05,-6.44267e-06,-1.67498e-06,-1.29941e-07,0.0,0.0,0.0,0.0,0.0,0.0,-1.99738e-09,-6.12821e-06,-4.47965e-06,-3.33716e-06,-8.43581e-05,-0.000343452,-0.000697963,-0.00112054,-0.00181877,-0.00253717,-0.00317289,-0.00337782,-0.00382527,-0.00386124,-0.00356645,-0.00276047,-0.00219149,-0.00166887,-0.00115257,-0.000672273,-0.000296601,-4.97298e-05,-9.43837e-06,-1.09048e-06,0.0,0.0,0.0,0.0,-2.85761e-07,-2.68148e-05,-5.14398e-05,-0.000118004,-0.000377964,-0.00113827,-0.00249043,-0.00434557,-0.00650036,-0.00857809,-0.0102088,-0.0121268,-0.0136064,-0.0142381,-0.01321,-0.0113489,-0.00935798,-0.00706034,-0.00474985,-0.00275484,-0.00143201,-0.000609089,-0.000210021,-3.47767e-05,-3.48086e-06,0.0,0.0,-9.39594e-07,-1.6768e-06,2.67047e-05,-0.000187186,-0.000907519,-0.00179401,-0.00416,-0.00808349,-0.0141747,-0.0214798,-0.0299282,-0.0399416,-0.0489468,-0.0545198,-0.0552689,-0.0516436,-0.0445016,-0.0362227,-0.0273792,-0.0193214,-0.0123821,-0.00706315,-0.00344965,-0.00147755,-0.000424426,-8.60495e-05,-5.76526e-07,0.0,0.0,-2.02927e-05,-5.21218e-05,-0.000580068,-0.00155217,-0.00410374,-0.00795137,-0.0155045,-0.027157,-0.0425917,-0.0625516,-0.0856738,-0.108855,-0.122357,-0.125536,-0.120056,-0.108322,-0.0914619,-0.0731795,-0.0545115,-0.0371716,-0.0241569,-0.0145941,-0.00676026,-0.00221329,-0.00055059,-1.92186e-05,0.0,-5.30412e-07,0.000429157,0.000944572,0.000912112,0.00179004,0.00385033,0.00362639,0.00393709,-0.00302307,-0.013172,-0.036293,-0.0734825,-0.109236,-0.131667,-0.142096,-0.133911,-0.119518,-0.105505,-0.0846047,-0.0627945,-0.0439137,-0.034554,-0.0253492,-0.0153057,-0.0067123,-0.00183902,-0.000165163,0.0,0.000275657,0.00250634,0.00723026,0.0125038,0.0259142,0.040703,0.0545667,0.0720491,0.0794339,0.0763576,0.0552048,0.0286764,-0.00101778,-0.02341,-0.0269269,-0.0113034,0.00167795,0.00292916,0.00144733,-0.00208787,-0.0141279,-0.0192887,-0.0224764,-0.0206379,-0.0103378,-0.00248988,-0.000147513,-4.18561e-05,0.00116537,0.00830897,0.0221112,0.0365841,0.0590684,0.082055,0.107231,0.125555,0.135138,0.137453,0.132878,0.121846,0.110587,0.11896,0.134814,0.15148,0.14702,0.116713,0.0799251,0.0436652,0.0124149,-0.00531906,-0.0165348,-0.0222666,-0.0123329,-0.00310404,-0.000192892,0.00025589,0.00202296,0.0112872,0.0307787,0.0521333,0.0756839,0.0960362,0.113394,0.126623,0.131373,0.129165,0.132731,0.134436,0.142996,0.164995,0.195268,0.216487,0.207152,0.165813,0.116803,0.0644622,0.0307282,0.0055109,-0.013035,-0.017323,-0.0086742,-0.00201342,0.000197078,0.000341119,0.00267839,0.012369,0.0300159,0.0519206,0.0725676,0.0844605,0.0882572,0.0831365,0.0820678,0.0753451,0.0673959,0.0698616,0.0915147,0.10774,0.136328,0.180977,0.190068,0.165053,0.122813,0.0756103,0.0386677,0.0105452,-0.0104661,-0.0107983,-0.00464464,-0.00103378,3.62033e-05,0.000228459,0.00293835,0.0124458,0.0253819,0.041469,0.0498687,0.0540097,0.0479687,0.0347989,0.0248009,0.00740149,-0.00779815,-0.00995738,-0.0062028,-0.00326414,0.0336891,0.100315,0.145601,0.142688,0.103687,0.0666293,0.0303533,0.00645719,-0.0113312,-0.00855474,-0.00264288,-0.000731264,-2.91819e-05,9.05063e-05,0.00224323,0.00947392,0.0195667,0.0281981,0.029516,0.0225691,0.0155134,-0.00281094,-0.0389119,-0.078094,-0.102162,-0.114783,-0.127035,-0.119859,-0.0541057,0.0506673,0.114842,0.11277,0.0789872,0.0447943,0.0107401,-0.00545862,-0.0125614,-0.0071624,-0.000566667,-1.96757e-05,0.000101432,-2.04735e-06,0.000920338,0.00554256,0.0123842,0.0156611,0.0108967,-0.00122193,-0.0183771,-0.0487089,-0.0974743,-0.14806,-0.186429,-0.204548,-0.221988,-0.19561,-0.0926625,0.0344289,0.0940763,0.0859894,0.0611904,0.0293578,0.00309574,-0.00853414,-0.011213,-0.00508612,-0.000133418,-0.000159885,-7.03108e-05,-3.19671e-06,0.000342193,0.00280119,0.00552065,0.00607916,0.000427973,-0.0181924,-0.0447118,-0.0848144,-0.139908,-0.188166,-0.220103,-0.239339,-0.254122,-0.19669,-0.0624839,0.0575355,0.0993952,0.0891643,0.0629504,0.0272073,0.00593465,-0.00242462,-0.00772127,-0.00526995,-1.27706e-05,-0.000214398,-2.69458e-06,4.16171e-06,-3.77281e-05,0.000995073,0.00184128,0.000476635,-0.0109357,-0.028895,-0.0582866,-0.100526,-0.141556,-0.174043,-0.192545,-0.209551,-0.203414,-0.122388,0.00651355,0.0886658,0.105269,0.0834929,0.0543669,0.0224263,0.00696126,-0.00188612,-0.00861732,-0.00583778,-0.00140498,-0.000341203,-5.24795e-05,2.97624e-05,-6.87188e-05,-6.40043e-05,-0.000287986,-0.00264139,-0.0158742,-0.0346416,-0.0604381,-0.095677,-0.120382,-0.138628,-0.147205,-0.139984,-0.107487,-0.0226901,0.068203,0.0949488,0.0779383,0.0479131,0.0213087,-0.0021258,-0.00713749,-0.0134006,-0.0128763,-0.00736676,-0.00262573,-0.000516268,-3.96423e-05,0.0,7.91133e-05,-0.000310559,-0.0011702,-0.00615759,-0.0202594,-0.0423107,-0.0651146,-0.0860826,-0.101986,-0.114658,-0.107952,-0.078075,-0.0153017,0.0592326,0.0932102,0.0663314,0.0313789,0.00362342,-0.0231557,-0.0325578,-0.0302401,-0.0251701,-0.0175695,-0.00840887,-0.00233601,-8.60913e-05,-1.00813e-05,4.90128e-05,6.00349e-05,-0.00033551,-0.00212695,-0.010234,-0.0285626,-0.051344,-0.0688181,-0.0840171,-0.0970471,-0.102728,-0.0783446,-0.0259036,0.0504609,0.0924835,0.0738413,0.0228572,-0.0142491,-0.0412141,-0.0536272,-0.0549258,-0.0470453,-0.035819,-0.0232767,-0.0105266,-0.00233432,1.36524e-05,-8.32946e-06,-2.30711e-07,0.000169475,-0.000564613,-0.00399251,-0.0126397,-0.0333067,-0.0566977,-0.075238,-0.0904003,-0.100119,-0.0927854,-0.0550385,0.0112447,0.0655422,0.0761111,0.0311975,-0.0222342,-0.052743,-0.071427,-0.0731453,-0.0698209,-0.0564267,-0.0379182,-0.0209607,-0.0076605,-0.00173994,-0.000279648,-1.60318e-06,0.0,-1.50805e-05,-0.000822826,-0.00511757,-0.0143987,-0.0318591,-0.0574951,-0.0806133,-0.0966396,-0.100368,-0.081671,-0.0390662,0.0190383,0.0466163,0.0360739,-0.0077203,-0.0465169,-0.0694795,-0.0832208,-0.0818082,-0.0702203,-0.0499293,-0.0308243,-0.0159407,-0.00522963,-0.00112557,-0.000169899,-6.30289e-07,-3.24132e-07,-2.13309e-05,-0.000856262,-0.00447022,-0.0118464,-0.0257384,-0.0479521,-0.0703384,-0.0828868,-0.0808508,-0.0599787,-0.0197641,0.00945594,0.0133408,-0.000623558,-0.0252952,-0.0482328,-0.0646443,-0.0750967,-0.073876,-0.0584185,-0.0372483,-0.0216,-0.0110284,-0.00371227,-0.000606426,-0.000112411,-1.30401e-07,-3.14003e-07,-6.48078e-07,-0.000687751,-0.00294116,-0.00691703,-0.0136771,-0.0272023,-0.0372759,-0.0432038,-0.0401468,-0.0244934,-0.00702842,0.00131185,-4.95671e-05,-0.00279437,-0.0147778,-0.0302046,-0.0422115,-0.0555256,-0.0545398,-0.0423026,-0.0258733,-0.0133885,-0.00694573,-0.00246643,-0.000520896,-2.9794e-05,-2.4074e-07,0.0,0.0,-0.000378956,-0.00111152,0.000336268,0.000687217,0.00158279,0.00555002,0.00453634,0.0135044,0.0232429,0.0233221,0.0224124,0.0244576,0.0262193,0.016908,0.00417312,-0.00982735,-0.0284997,-0.0328576,-0.0272975,-0.0172785,-0.00888664,-0.00520332,-0.0017186,-0.000422211,-1.68003e-05,0.0,0.0,0.0,-7.17264e-05,0.000672868,0.0052385,0.0118508,0.0238158,0.0408875,0.056958,0.0730557,0.0842449,0.0812184,0.0804818,0.0849955,0.0822423,0.0716806,0.0506209,0.0234497,-0.00120688,-0.0122558,-0.013537,-0.00979727,-0.00553891,-0.00384863,-0.00109683,-0.000178176,-1.61074e-06,0.0,0.0,0.0,-4.41149e-05,0.000730984,0.00392465,0.00988196,0.0234141,0.0469107,0.0755146,0.0941952,0.103391,0.113385,0.116292,0.120581,0.114142,0.101609,0.0730294,0.0421929,0.0175476,0.0011907,-0.00533382,-0.00401329,-0.00171133,-0.0015278,-0.0002012,-1.42994e-06,-1.70936e-06,0.0,0.0,0.0,0.0,0.0,0.000378271,0.00231394,0.00886157,0.0189768,0.0351275,0.0467856,0.0561798,0.0661777,0.0691481,0.0776557,0.0761874,0.0682042,0.0532629,0.0360742,0.0195305,0.00589122,-0.00111426,-0.000269223,0.000720333,5.83534e-07,-2.4287e-06,1.05166e-05,0.0,0.0,0.0,0.0,0.0,