{"max":0.110151,"min":-0.0875058,"acc":0.8665,"arr":[0.0,0.0,0.0,0.0,0.0,0.0,0.0,0.0,0.0,0.0,0.0,0.0,0.0,0.0,0.0,0.0,0.0,0.0,0.0,0.0,0.0,0.0,0.0,0.0,0.0,0.0,0.0,0.0,0.0,0.0,0.0,0.0,0.0,0.0,-1.70103e-05,-4.38667e-05,-8.09112e-05,-8.45858e-05,-0.00019832,-0.000163048,-0.000182371,-0.000207587,-0.00028694,-0.00019362,-0.000256621,-0.000232328,-0.000103591,-0.000124695,-0.000102616,-2.27276e-05,-1.51295e-05,-1.23339e-06,0.0,0.0,0.0,0.0,0.0,0.0,0.0,-3.89912e-06,-4.78868e-06,-1.51438e-06,-2.70109e-05,-0.000139447,-0.000388862,-0.00077914,-0.00127901,-0.00180451,-0.00265164,-0.00328434,-0.00439318,-0.00510075,-0.00506656,-0.00429137,-0.0033133,-0.00275647,-0.00175578,-0.00100388,-0.000377363,-5.64742e-05,0.0,0.0,0.0,0.0,0.0,0.0,-2.16221e-06,-2.01058e-05,-2.41415e-05,-9.67369e-05,-0.000302602,-0.000846811,-0.00183638,-0.00383526,-0.00582479,-0.00863994,-0.0117161,-0.0151333,-0.0187948,-0.0209272,-0.0209184,-0.0195198,-0.0164776,-0.0125968,-0.0075133,-0.00402201,-0.00167628,-0.000554245,-0.000286599,-0.000106055,-8.65229e-06,0.0,0.0,-3.8268e-06,3.69438e-05,-2.72566e-05,-0.000224672,-0.000843997,-0.00212965,-0.00372189,-0.00685187,-0.0117704,-0.0169008,-0.0229036,-0.0266569,-0.024752,-0.0210112,-0.0169133,-0.0192334,-0.0229359,-0.0240476,-0.0232441,-0.0180729,-0.0150009,-0.00938966,-0.00467256,-0.00185963,-0.000293465,0.000110127,0.0,0.0,0.0,-2.51821e-05,-0.00022957,-0.000927115,-0.00286839,-0.00663782,-0.0115362,-0.0153387,-0.0172293,-0.0180558,-0.0094596,0.005598,0.023771,0.042831,0.0554125,0.0577439,0.0529601,0.0329197,0.0119247,-0.00198286,-0.00570808,-0.00599599,-0.004769,-0.00311333,0.000448264,0.000403116,0.0,0.0,0.0,-1.7885e-05,-0.000764872,-0.00228556,-0.00598781,-0.0109337,-0.0125941,-0.0119844,-0.0106758,-0.000473737,0.0204479,0.0389729,0.0547894,0.0620404,0.0610937,0.0562616,0.0537318,0.0414581,0.0314396,0.0158524,0.0118413,0.00649984,0.00508989,0.00405108,0.00348337,0.000680282,-7.96951e-05,0.0,-1.45863e-05,-0.000203841,-0.00126627,-0.00329694,-0.00715576,-0.00970365,-0.00521789,-2.18663e-06,0.00817019,0.0199098,0.0324422,0.0365436,0.0286147,0.00580967,-0.00830328,-0.0119976,-0.00512006,0.00951575,0.0203969,0.0210694,0.0217621,0.0208451,0.0170135,0.0109,0.00308645,0.000673508,-0.000103017,0.0,-4.77188e-05,-0.000524935,-0.0020355,-0.00413802,-0.0052774,-0.00330536,0.00521302,0.015282,0.0260698,0.0317487,0.0309898,0.0231129,-0.00797696,-0.0450884,-0.0652326,-0.0652623,-0.0557941,-0.0192429,0.0210259,0.0339366,0.0393178,0.0384864,0.0295098,0.0185853,0.00605489,0.00112241,-5.62995e-05,-2.47612e-05,-0.000111134,-0.00074688,-0.00251588,-0.00265863,-0.000927158,0.00368689,0.0139528,0.0277157,0.0402316,0.0361511,0.0299922,0.0122588,-0.023208,-0.066711,-0.08742,-0.0795909,-0.0566385,-0.0167777,0.0285174,0.0491886,0.0530602,0.0489358,0.0370329,0.0204331,0.00619625,0.00144814,0.000120703,-2.88634e-05,-0.000134641,-0.000675421,-0.00231135,-0.000540162,0.00158787,0.00683166,0.0174014,0.0291377,0.0370733,0.0371099,0.0366255,0.0221734,-0.0114396,-0.0516073,-0.0679486,-0.060253,-0.0299631,0.00982611,0.0475116,0.0588136,0.0605602,0.0483529,0.0314745,0.0155328,0.00413787,0.00133586,0.000268159,-1.14215e-05,-8.98045e-05,-0.000437137,-0.00136188,-0.000411827,0.000106857,0.00526262,0.0117434,0.0170839,0.0255103,0.0311434,0.0518426,0.0536105,0.0249474,-0.0168868,-0.0368834,-0.0208801,0.0106952,0.0399226,0.0525614,0.051981,0.0417327,0.0284379,0.0178535,0.00920836,0.00297873,0.000686171,-3.26151e-05,0.0,-3.49988e-05,-0.000292635,-0.000441398,-0.00166369,-0.00281607,-0.00495275,-0.0103605,-0.0123565,-0.00793684,0.014039,0.0548855,0.0883918,0.0652739,0.0200637,0.00731718,0.0228769,0.0319061,0.0302014,0.0235194,0.0192846,0.0122189,0.00522567,0.00160037,0.000900934,0.00097174,0.000163525,-1.994e-05,-2.79137e-06,-2.33784e-05,-0.000188046,-0.000464417,-0.00248758,-0.00855052,-0.0210972,-0.0362421,-0.0511182,-0.0522933,-0.0213298,0.0439331,0.0987495,0.0863665,0.0522994,0.0506336,0.0374816,0.0020813,-0.0173741,-0.0223993,-0.018448,-0.014242,-0.0119419,-0.00884971,-0.00356432,0.000728927,-0.0001397,-2.08171e-05,0.0,-5.00677e-05,-0.000138618,-0.000554555,-0.00353575,-0.0130189,-0.0316459,-0.0552982,-0.0780279,-0.0875058,-0.0493679,0.0268388,0.0881493,0.0897989,0.0702644,0.0513576,0.0101777,-0.0363325,-0.0653532,-0.0633145,-0.0478921,-0.0312156,-0.0210059,-0.0132136,-0.00531096,-1.87212e-05,-0.000205376,-1.14686e-05,0.0,-5.02312e-05,-0.000135869,-0.000524635,-0.0045561,-0.0170894,-0.036293,-0.0586528,-0.0802818,-0.0841058,-0.0405146,0.0345732,0.0936387,0.0919866,0.0650402,0.0279115,-0.0172722,-0.0658415,-0.0829161,-0.0769216,-0.0596325,-0.0395643,-0.023872,-0.0134615,-0.00665541,-0.00110949,-0.000303188,-6.68632e-05,0.0,-3.06429e-05,-0.000209336,-0.000555506,-0.00576962,-0.0205554,-0.0379769,-0.0509638,-0.0557194,-0.0415917,0.0134042,0.0767413,0.106334,0.0763279,0.0271497,0.00139066,-0.028665,-0.0601308,-0.0718289,-0.0695985,-0.0585814,-0.0400394,-0.0246105,-0.0118015,-0.00620714,-0.00241607,-0.000640995,-8.42929e-05,0.0,-2.34377e-05,-0.000201742,-0.00180535,-0.00856894,-0.0224511,-0.0352011,-0.035284,-0.0199579,0.0224322,0.0744216,0.108272,0.100428,0.04278,-0.00998313,-0.0239792,-0.0238165,-0.0430721,-0.0530549,-0.0549426,-0.0480354,-0.0350568,-0.0213403,-0.00974017,-0.00540004,-0.00316645,-0.000508351,-2.54161e-05,-3.20507e-07,-1.03193e-05,-0.000385636,-0.00363996,-0.0121595,-0.024938,-0.0311168,-0.0168928,0.0189595,0.0657998,0.0989474,0.101259,0.0587077,-0.00664603,-0.042884,-0.036945,-0.0262579,-0.0331697,-0.0385647,-0.0418165,-0.0373063,-0.0292538,-0.0167743,-0.00839748,-0.00635614,-0.00261673,-0.000299435,-2.66573e-05,-1.60253e-06,-8.76051e-06,-0.000612165,-0.0050533,-0.0143702,-0.0255924,-0.0234955,-0.000330489,0.0355804,0.0681028,0.0799109,0.0512925,-0.000852596,-0.0502435,-0.0735034,-0.0541589,-0.0325371,-0.0270337,-0.0291463,-0.0305563,-0.0290408,-0.0213667,-0.0108111,-0.00571256,-0.00517958,-0.00224139,-0.000350409,-8.87572e-06,0.0,-9.92907e-07,-0.000672194,-0.00566415,-0.0143366,-0.0216599,-0.018141,0.00463014,0.0248477,0.0389427,0.0379865,0.00226403,-0.0397881,-0.0739045,-0.0803159,-0.0597659,-0.0330598,-0.0171715,-0.0133422,-0.0155337,-0.0185458,-0.0134018,-0.00629005,-0.00502997,-0.00496223,-0.002143,-0.000259802,0.0,0.0,-1.41298e-05,-0.000723216,-0.00465995,-0.0125652,-0.0145179,-0.0122504,-0.00116093,0.0118911,0.0170506,0.0170307,0.00185299,-0.0237252,-0.0396667,-0.0399641,-0.0217846,-0.00363842,0.00981924,0.011584,-0.000629447,-0.00657128,-0.00599994,-0.00263568,-0.00392886,-0.00445406,-0.00138941,-0.000146036,0.0,0.0,0.0,-0.000592784,-0.00300526,-0.00916005,-0.0113673,-0.00811813,-0.0046454,-1.31447e-05,0.0119952,0.0275806,0.0493657,0.0553287,0.0543934,0.054571,0.0526969,0.0496684,0.0404699,0.0263173,0.0101318,0.00384323,0.000828252,-0.000257308,-0.00171784,-0.00210409,-0.000391941,-5.6949e-05,0.0,0.0,0.0,-0.000310586,-0.00128294,-0.00542642,-0.00861189,-0.00552625,-0.00189604,0.00345379,0.0165275,0.0379163,0.070138,0.100964,0.110151,0.103571,0.0903183,0.0713312,0.0428713,0.0224629,0.0129347,0.0065211,0.00210042,-0.000352026,-0.000439653,-0.000580789,-0.000123322,-4.44016e-05,0.0,0.0,0.0,-4.43815e-05,-0.000270578,-0.00200023,-0.00483459,-0.0057831,-0.00316894,0.00209113,0.00917645,0.0210402,0.0376199,0.0566083,0.0609238,0.0581458,0.0443164,0.0249536,0.0111226,0.00707596,0.00413604,0.00195211,6.27838e-05,-3.24857e-05,-5.44545e-06,-0.000187282,-4.58551e-05,0.0,0.0,0.0,0.0,-7.56189e-06,-1.36152e-05,-0.000459161,-0.00159425,-0.00422023,-0.00741501,-0.0114948,-0.0145236,-0.018482,-0.0221419,-0.0223321,-0.0192512,-0.015068,-0.0124828,-0.0108399,-0.0082456,-0.00524744,-0.0037815,-0.00208476,-0.00128499,-0.000728345,-0.000315963,-3.97159e-05,0.0,0.0,0.0,0.0,0.0,0.0,0.0,-0.000320986,-0.000553654,-0.00108502,-0.00220543,-0.00428922,-0.00609122,-0.00818387,-0.00918577,-0.00896907,-0.00890149,-0.00832793,-0.00672259,-0.00498066,-0.00370296,-0.00257459,-0.00150082,-0.00072123,-0.000362511,-0.000109659,-2.39788e-05,-2.51509e-07,0.0,0.0,0.0,0.0,0.0,0.0,0.0,0.0,0.0,