{"max":0.0716555,"min":-0.0590097,"acc":0.8312,"arr":[0.0,0.0,0.0,0.0,0.0,0.0,0.0,0.0,0.0,0.0,0.0,0.0,0.0,0.0,0.0,0.0,0.0,0.0,0.0,0.0,0.0,0.0,0.0,0.0,0.0,0.0,0.0,0.0,0.0,0.0,0.0,0.0,0.0,0.0,-1.70103e-05,-4.38667e-05,-8.09112e-05,-7.41372e-05,-0.000142298,-0.000121524,-0.000159423,-0.000186959,-0.000250541,-0.000160279,-0.000191575,-0.000145816,-7.23869e-05,-0.000117995,-7.94065e-05,-4.17216e-07,0.0,0.0,0.0,0.0,0.0,0.0,0.0,0.0,0.0,-3.89912e-06,-3.7233e-06,0.0,-2.28149e-05,-0.000104066,-0.000317958,-0.000566872,-0.000803528,-0.00115652,-0.00170761,-0.00212207,-0.00297566,-0.00337454,-0.00349595,-0.00279594,-0.00200209,-0.00184696,-0.00125453,-0.000730232,-0.000273754,-4.18674e-05,0.0,0.0,0.0,0.0,0.0,0.0,-2.16221e-06,-1.97937e-05,-1.88935e-05,-6.26616e-05,-0.000225003,-0.000604821,-0.00131005,-0.00246957,-0.0035325,-0.00531916,-0.00747654,-0.00969175,-0.0117882,-0.0128272,-0.012788,-0.0117887,-0.0100359,-0.00760314,-0.00407449,-0.00223987,-0.00101604,-0.000236391,-0.000149052,-6.96723e-05,-8.65229e-06,0.0,0.0,-3.8268e-06,-8.25571e-06,-2.67105e-05,-0.000160566,-0.000569704,-0.0013356,-0.00254862,-0.00414102,-0.00680769,-0.0104799,-0.0147697,-0.0174975,-0.0176023,-0.0165069,-0.0126347,-0.0107166,-0.011052,-0.0117307,-0.0117702,-0.0088054,-0.00758392,-0.00366774,-0.00160877,-0.000370045,4.92948e-05,7.18167e-05,0.0,0.0,0.0,-2.37622e-05,-0.000155879,-0.000578033,-0.00183667,-0.00395515,-0.00693481,-0.00934773,-0.0115615,-0.0132298,-0.00854694,2.33043e-05,0.0107894,0.0240009,0.0329029,0.0374801,0.0399055,0.0318314,0.0170383,0.00742955,0.00165719,-0.000975457,-0.00143682,-0.000423098,0.00087141,0.000316873,0.0,0.0,0.0,-1.83679e-06,-0.000485199,-0.00150664,-0.00375046,-0.00681844,-0.0089043,-0.00959491,-0.00997949,-0.00419494,0.0102835,0.0245315,0.0360908,0.0417891,0.0389783,0.0382972,0.0385447,0.0360446,0.0308924,0.0201128,0.0148973,0.00532666,0.00197509,0.00326846,0.00386032,0.000863329,-7.96951e-05,0.0,-1.45105e-05,-0.000160929,-0.000915985,-0.00242176,-0.00491264,-0.00771352,-0.00625603,-0.00366679,-0.000120293,0.0100408,0.0217814,0.0316204,0.0277009,0.0113976,-0.00236143,-0.00588311,3.47913e-05,0.0123335,0.0204133,0.0184624,0.0199868,0.0147747,0.0107446,0.00737698,0.00389773,0.000990103,-0.000103017,0.0,-4.58138e-05,-0.000376479,-0.00121555,-0.00305217,-0.0046667,-0.00592362,-0.00170767,0.00291392,0.0106115,0.0195718,0.0230092,0.0212452,0.00102965,-0.0263029,-0.0413269,-0.0427106,-0.0330794,-0.00444569,0.0214045,0.0261171,0.0277514,0.0263491,0.0185827,0.0125326,0.0054533,0.00143439,-5.62995e-05,-2.47612e-05,-8.2064e-05,-0.000466942,-0.00148171,-0.0019228,-0.00364006,-0.0031328,0.00226152,0.00753312,0.0170575,0.0219924,0.0218379,0.0112679,-0.0136253,-0.0448874,-0.0590097,-0.0541772,-0.0357541,-0.00164068,0.0250177,0.0349286,0.0337911,0.0291395,0.0208906,0.0131302,0.0051973,0.0017012,0.000120703,-2.87984e-05,-7.81734e-05,-0.000349703,-0.00122801,-0.000933737,-0.00266728,-0.00121812,0.0022927,0.00711121,0.0137308,0.0201014,0.0263457,0.014427,-0.00966886,-0.0367147,-0.0449988,-0.0396043,-0.0158566,0.0146052,0.0366707,0.0400622,0.0365847,0.0250885,0.0149419,0.00740925,0.00293945,0.00106692,0.000268159,-3.09515e-06,-4.30473e-05,-0.000186098,-0.000949134,-0.000987199,-0.00291457,-0.00260972,-0.00140788,-0.000388376,0.00671158,0.0168671,0.037405,0.0339993,0.0114609,-0.014325,-0.0212401,-0.00671189,0.0164649,0.0330674,0.0368993,0.0308364,0.0209846,0.00957943,0.00541337,0.00353087,0.00122819,0.000151488,-3.26151e-05,0.0,-1.15668e-05,-0.000136581,-0.000590273,-0.00157681,-0.00506587,-0.00864416,-0.0133802,-0.0165229,-0.0113283,0.00741136,0.0376902,0.0550041,0.0342093,0.0105872,0.0114895,0.023719,0.0288248,0.0205624,0.0122381,0.00628454,0.000426219,-0.00357968,-0.00310498,-0.00111978,0.000336343,-3.41765e-05,-1.994e-05,0.0,-2.00726e-06,-0.00010654,-0.000495892,-0.00214441,-0.00741458,-0.0168665,-0.0270113,-0.0377997,-0.0352998,-0.0132944,0.0280566,0.0627726,0.0530157,0.0373084,0.0380113,0.0300003,0.00167582,-0.016044,-0.0194287,-0.016734,-0.0136035,-0.011104,-0.00761895,-0.00337595,-3.4035e-05,-8.95618e-05,-5.37855e-06,0.0,-2.49479e-05,-8.97668e-05,-0.000390707,-0.00255192,-0.0092969,-0.0215297,-0.0376061,-0.0519963,-0.0554991,-0.0300348,0.0183825,0.0586084,0.0617845,0.0526329,0.0378058,0.00742341,-0.0267392,-0.047718,-0.0443506,-0.0329713,-0.0213568,-0.0149704,-0.00975996,-0.00421293,-0.000333627,-0.000137814,0.0,0.0,-5.02312e-05,-9.67019e-05,-0.000395473,-0.00300829,-0.0109156,-0.0242545,-0.0395744,-0.053625,-0.054189,-0.0233531,0.0244159,0.0602459,0.0620125,0.0457396,0.0224109,-0.00966538,-0.0445881,-0.05861,-0.0528416,-0.0402566,-0.026224,-0.0165666,-0.00973793,-0.00471492,-0.00091961,-0.000172815,-3.05012e-05,0.0,-3.06429e-05,-8.98377e-05,-0.000554811,-0.00344097,-0.0129053,-0.0253917,-0.0354807,-0.0383552,-0.0269392,0.0121501,0.0533165,0.0693125,0.0499667,0.0223812,0.00596793,-0.0143536,-0.0394675,-0.0497782,-0.0475246,-0.036643,-0.0263769,-0.0168998,-0.00919369,-0.00472405,-0.00166104,-0.000493881,-5.19134e-05,0.0,-2.34377e-05,-0.000109729,-0.0010425,-0.00482997,-0.014428,-0.0253335,-0.0267751,-0.014261,0.0152229,0.0518335,0.0716555,0.0642257,0.0272972,-0.0043465,-0.0125218,-0.0122453,-0.0265091,-0.0373648,-0.0386754,-0.0308476,-0.0221964,-0.0154711,-0.00857764,-0.00443206,-0.00176128,-0.000290707,-2.03302e-06,0.0,-7.02942e-06,-0.000316516,-0.00180774,-0.006324,-0.0159783,-0.0230548,-0.015815,0.00972023,0.0420036,0.0682776,0.0661172,0.0331247,-0.00724444,-0.0257804,-0.0226806,-0.0130596,-0.0194463,-0.0297377,-0.0300411,-0.0242349,-0.0191885,-0.0134609,-0.00847789,-0.00472199,-0.00136389,-0.000154698,0.0,0.0,0.0,-0.000509096,-0.00251529,-0.00791659,-0.0167117,-0.0179346,-0.00659105,0.0228193,0.0475924,0.0577623,0.0324611,-0.00474735,-0.0341605,-0.045163,-0.0355905,-0.0199034,-0.0187006,-0.0237326,-0.0214278,-0.0197728,-0.0167357,-0.0111609,-0.00645807,-0.00353461,-0.00127929,-0.000226506,0.0,0.0,0.0,-0.000479878,-0.00281204,-0.00803187,-0.0143738,-0.0146651,0.000563227,0.0201483,0.0329414,0.0332488,0.00026889,-0.0289404,-0.0470235,-0.0502927,-0.0381351,-0.0189775,-0.0120403,-0.0119401,-0.0108744,-0.0128403,-0.0122523,-0.0075269,-0.00444189,-0.00299044,-0.00111456,-0.00015863,0.0,0.0,0.0,-0.000368869,-0.00247026,-0.00687476,-0.010252,-0.00963813,-0.00113335,0.0133504,0.020648,0.0184172,0.00169501,-0.0163542,-0.0217818,-0.0215175,-0.0121181,1.30352e-05,0.00481132,0.00497229,-0.00068856,-0.00580743,-0.00715488,-0.0037189,-0.00288421,-0.0027112,-0.000733931,-0.00011753,0.0,0.0,0.0,-0.000163665,-0.00158595,-0.00506097,-0.00693837,-0.00370768,0.00161383,0.00890121,0.0235694,0.0283078,0.0361717,0.0382566,0.036874,0.0347432,0.0337672,0.0315946,0.0242913,0.0148864,0.00493343,-0.000246994,-0.00155345,-0.00117007,-0.00180549,-0.00125454,-0.000243316,-1.76622e-05,0.0,0.0,0.0,-4.18923e-05,-0.000538024,-0.00295626,-0.00427488,0.000645199,0.00581602,0.0119403,0.0263099,0.037746,0.0519833,0.0655515,0.0642481,0.0587635,0.0514298,0.0424104,0.0246466,0.0125293,0.00592745,0.00226292,0.000452353,-0.000378482,-0.000633509,-0.000520612,-8.17396e-05,-2.1414e-05,0.0,0.0,0.0,-3.90693e-06,-4.10057e-05,-0.000673974,-0.00171067,-0.000159253,0.00286027,0.00793213,0.0147517,0.0204985,0.0287377,0.0351858,0.0325587,0.027613,0.020887,0.0118512,0.00561193,0.00242785,0.000621168,0.000820739,-0.000358106,-0.000493227,-0.000425462,-0.000202622,-3.54377e-05,0.0,0.0,0.0,0.0,0.0,0.0,-0.000129244,-0.00037394,-0.00155789,-0.00424651,-0.00625079,-0.00797154,-0.0110697,-0.0135486,-0.0149984,-0.0140806,-0.0115938,-0.0103174,-0.00871856,-0.00675795,-0.00458108,-0.00273096,-0.00139946,-0.000918058,-0.000458945,-0.000143858,-2.61301e-05,0.0,0.0,0.0,0.0,0.0,0.0,0.0,-1.91131e-05,-0.000180301,-0.000676178,-0.00133408,-0.00262493,-0.003672,-0.00518309,-0.00593164,-0.00603238,-0.0059949,-0.0054348,-0.00443819,-0.00356055,-0.00251331,-0.00149055,-0.00069785,-0.000379937,-0.000192066,-4.91129e-05,-5.45558e-06,0.0,0.0,0.0,0.0,0.0,0.0,0.0,0.0,0.0,0.0,-2.71929e-05,-0.000127178,-0.000206768,-0.000188223,-0.000277824,