{"max":0.155073,"min":-0.108882,"acc":0.8776,"arr":[0.0,0.0,0.0,0.0,0.0,0.0,0.0,0.0,0.0,0.0,0.0,0.0,-1.05174e-05,-2.79798e-05,-5.50875e-06,-2.29531e-07,0.0,0.0,0.0,0.0,0.0,0.0,0.0,0.0,0.0,0.0,0.0,0.0,0.0,0.0,0.0,0.0,-1.7528e-07,-5.51707e-07,-1.77328e-05,-4.73481e-05,-0.000108555,-0.000120983,-0.000232677,-0.000240348,-0.000262461,-0.000300316,-0.000385369,-0.000280453,-0.000358638,-0.00029552,-0.000154155,-0.000176679,-0.000125504,-2.38852e-05,-1.51295e-05,-1.23339e-06,0.0,0.0,0.0,0.0,0.0,0.0,0.0,-3.89912e-06,-4.89823e-06,-3.8299e-06,-5.01676e-05,-0.000201888,-0.000503611,-0.000992674,-0.00168625,-0.00239408,-0.00354471,-0.00443643,-0.00571858,-0.00650177,-0.00639361,-0.00555994,-0.00447197,-0.00378077,-0.00214508,-0.00118839,-0.000549172,-0.0001537,-8.10048e-05,-3.89465e-05,0.0,0.0,0.0,0.0,-2.16221e-06,-2.01058e-05,-2.61416e-05,-0.000120456,-0.000406387,-0.00119265,-0.00251818,-0.00508947,-0.00793814,-0.0116511,-0.0159274,-0.0204167,-0.0249088,-0.0265431,-0.0262358,-0.0263286,-0.0224317,-0.0171741,-0.0101961,-0.00514757,-0.00213184,-0.000641168,-0.000297261,-9.263e-05,-8.65229e-06,0.0,0.0,-3.8268e-06,3.69438e-05,-3.28993e-05,-0.000300057,-0.00125051,-0.00291142,-0.0057678,-0.0101176,-0.0161063,-0.0214577,-0.0272162,-0.0284511,-0.0248941,-0.0187804,-0.0135489,-0.0161397,-0.022164,-0.0277011,-0.0300711,-0.023233,-0.018622,-0.0111686,-0.0063589,-0.00296511,-0.000400214,2.16445e-05,0.0,0.0,0.0,-2.51821e-05,-0.0003263,-0.00147593,-0.00405993,-0.00938851,-0.0164646,-0.022377,-0.0242116,-0.0273901,-0.0150834,0.00684159,0.0315913,0.0571987,0.0731576,0.0783301,0.0728009,0.0492901,0.0213076,0.00272035,-0.00687924,-0.00717177,-0.0086095,-0.00609075,-0.000316008,0.000276191,1.16787e-05,0.0,0.0,-6.47015e-05,-0.00101883,-0.00350153,-0.00788275,-0.0149542,-0.0200687,-0.0186301,-0.0170181,-0.00468376,0.0198056,0.0420147,0.0545718,0.0645929,0.0719355,0.0714469,0.0668861,0.0505897,0.0389301,0.0269358,0.0172758,0.0084244,0.00401412,0.00174648,0.00277465,0.000542535,-0.000153585,0.0,-1.53335e-05,-0.000258565,-0.00159495,-0.00433463,-0.00889448,-0.0132709,-0.0092054,-0.00188419,0.00743654,0.0218274,0.0358665,0.0380565,0.0249312,-0.00362079,-0.00943932,-0.0108918,-0.008588,0.00859164,0.017931,0.0290305,0.0307323,0.0266341,0.023528,0.0137809,0.00300583,0.000363988,-0.000127247,-2.06533e-06,-5.51641e-05,-0.000619444,-0.00169412,-0.00437985,-0.00626761,-0.00308432,0.00748914,0.0182113,0.0358998,0.044111,0.0384046,0.0271902,-0.00863833,-0.0539165,-0.0701181,-0.0714061,-0.0655488,-0.0238186,0.0172097,0.038268,0.0494525,0.0512077,0.0422608,0.0249021,0.00603506,0.00164869,2.40928e-05,-2.59162e-05,-0.000122942,-0.000885882,-0.00210268,-0.00280958,-9.22525e-05,0.0101138,0.0241547,0.041143,0.0611164,0.0576404,0.0455574,0.0157911,-0.0286026,-0.077306,-0.0981145,-0.0922553,-0.0665561,-0.0232122,0.028289,0.057302,0.0693594,0.0665436,0.052285,0.0296225,0.00765829,0.00215149,0.00030523,-3.16384e-05,-0.000155232,-0.000817483,-0.00235266,0.000343103,0.00499696,0.017286,0.0340594,0.0493024,0.0636016,0.0654996,0.0544846,0.0300514,-0.0123546,-0.0592866,-0.0814233,-0.0741566,-0.0409559,0.00791278,0.0513264,0.0707009,0.0813563,0.0676107,0.0480301,0.0256816,0.00765965,0.00160224,0.000569022,-1.22465e-05,-0.000159038,-0.000672137,-0.0019648,6.13375e-05,0.00451702,0.0135458,0.0277977,0.0404789,0.0542959,0.0536446,0.0641088,0.0690322,0.0383017,-0.0142982,-0.0437945,-0.0283046,0.00344263,0.0423842,0.0600712,0.0671968,0.0619365,0.0452096,0.0312992,0.0169166,0.00484019,0.00152622,0.000149778,-1.26703e-06,-7.99692e-05,-0.000498855,-0.00109464,-0.0020699,-0.00212725,-0.00217674,-0.00377842,0.000875073,0.00847433,0.0247809,0.0662799,0.116089,0.0929309,0.0288725,0.00772308,0.0217236,0.0323001,0.0352966,0.0341717,0.0320361,0.0254932,0.0149797,0.00939969,0.00507142,0.00234258,0.000930917,-1.994e-05,-2.79137e-06,-2.73311e-05,-0.000223712,-0.000922292,-0.00415888,-0.0126063,-0.0253904,-0.042214,-0.0565955,-0.0564397,-0.024505,0.0602276,0.138537,0.122085,0.066617,0.0584796,0.0411871,-0.000905549,-0.0198288,-0.0203663,-0.0156958,-0.011132,-0.0103769,-0.00886042,-0.00349636,0.00125356,0.000265665,-2.08171e-05,0.0,-5.00677e-05,-0.000150896,-0.000926378,-0.00544022,-0.0189559,-0.0420633,-0.071687,-0.100232,-0.108882,-0.0600256,0.0450311,0.127861,0.126242,0.0926184,0.0624329,0.0128742,-0.0426658,-0.0797482,-0.0753281,-0.0570343,-0.0372474,-0.0260804,-0.0178945,-0.00808124,-0.0007562,-0.000292695,-1.14686e-05,-3.82689e-07,-5.02312e-05,-0.000196754,-0.00104647,-0.00663023,-0.0237572,-0.0480324,-0.0776997,-0.103275,-0.102184,-0.0479392,0.0478338,0.123751,0.122009,0.0834652,0.0384766,-0.0147426,-0.075196,-0.104,-0.0990334,-0.0736648,-0.0494438,-0.0317081,-0.0193988,-0.00955745,-0.00228109,-0.000582066,-6.68632e-05,-2.18679e-06,-3.15508e-05,-0.0003463,-0.00127127,-0.00845718,-0.0271826,-0.0484585,-0.0628672,-0.0625074,-0.0399892,0.0209536,0.0964497,0.136695,0.100003,0.0334735,0.00634429,-0.0290162,-0.0704045,-0.0939626,-0.0928695,-0.0741972,-0.0514273,-0.0322011,-0.0163251,-0.00861632,-0.00380782,-0.000962112,-8.46315e-05,0.0,-5.52253e-05,-0.000380039,-0.00271527,-0.0122952,-0.0293285,-0.0427374,-0.0363628,-0.00701964,0.0451573,0.0978405,0.140866,0.13257,0.056322,-0.0116087,-0.0285988,-0.0271086,-0.0535427,-0.0667707,-0.0685644,-0.0580695,-0.043791,-0.0269641,-0.012871,-0.00733526,-0.00458882,-0.000782816,-2.83506e-05,-3.20507e-07,-1.96441e-05,-0.000622517,-0.00542224,-0.017513,-0.0305398,-0.032795,-0.00963364,0.0414168,0.0955827,0.129685,0.130971,0.0774208,-0.00737163,-0.0528233,-0.0434342,-0.0344854,-0.0443289,-0.0471599,-0.0470079,-0.042095,-0.0350939,-0.0204611,-0.0111029,-0.00845633,-0.00388477,-0.000538446,-2.66573e-05,-1.60253e-06,-2.98539e-05,-0.00102627,-0.00803334,-0.0209617,-0.0295988,-0.023053,0.0105406,0.0577304,0.0948352,0.0992821,0.0603418,0.000290527,-0.0634459,-0.0878715,-0.0597877,-0.0400508,-0.0370771,-0.0364312,-0.0326906,-0.0301354,-0.0244117,-0.0131513,-0.00785876,-0.00789433,-0.00359827,-0.000614732,-8.87572e-06,0.0,-3.27197e-05,-0.00120535,-0.00925296,-0.0213672,-0.0255703,-0.0162858,0.0150914,0.0366399,0.0465568,0.0412479,-0.00321618,-0.0473892,-0.089256,-0.0932515,-0.0659403,-0.0434842,-0.0288924,-0.0186525,-0.0190621,-0.0177538,-0.01381,-0.00681505,-0.00797363,-0.00785366,-0.00300535,-0.000527016,0.0,0.0,-1.87223e-05,-0.00126482,-0.00736086,-0.0185223,-0.0192342,-0.010965,0.00578983,0.014383,0.0133935,0.0140792,-0.00191264,-0.0216677,-0.0344371,-0.0379781,-0.0239989,-0.0106667,0.00212866,0.0119742,0.00290589,-0.00323356,-0.00459807,-0.00317901,-0.0073471,-0.00618897,-0.00196545,-0.000304474,-4.20721e-06,0.0,0.0,-0.00102722,-0.00452559,-0.0133912,-0.0165159,-0.0100684,-0.00199358,0.00116048,0.00827843,0.0323283,0.0679242,0.0875119,0.0874223,0.0816603,0.0684048,0.0564494,0.0468811,0.0369403,0.0180054,0.0085184,0.00282629,-0.00198867,-0.00461191,-0.00301991,-0.000855531,-8.66864e-05,-7.76716e-06,0.0,0.0,-0.000424951,-0.00221543,-0.00809938,-0.0144786,-0.0132968,-0.00817984,0.00279102,0.0143085,0.041596,0.0868989,0.137193,0.155073,0.139203,0.115082,0.08961,0.0613907,0.0384342,0.0218449,0.0101323,0.00275597,-0.00136005,-0.00156325,-0.000921466,-0.000263106,-5.26268e-05,0.0,0.0,0.0,-6.30073e-05,-0.000897843,-0.00432075,-0.00962598,-0.0138522,-0.0141558,-0.00648646,0.00147031,0.0158389,0.0367339,0.0609679,0.0705715,0.0684568,0.0553802,0.0365326,0.0193543,0.0132361,0.00711411,0.0030574,-4.3706e-05,-0.00069129,-0.000599055,-0.00043696,-4.87409e-05,0.0,0.0,0.0,0.0,-7.56189e-06,-6.6879e-05,-0.00113748,-0.00348125,-0.00744093,-0.013581,-0.0212564,-0.0255351,-0.0291845,-0.0329129,-0.0324453,-0.0281256,-0.0207015,-0.0144788,-0.0111055,-0.00779618,-0.00559668,-0.00442413,-0.00273978,-0.00185026,-0.00104088,-0.000461587,-7.94218e-05,0.0,0.0,0.0,0.0,0.0,0.0,0.0,-0.000396508,-0.000945336,-0.00177982,-0.00323158,-0.00604233,-0.0079694,-0.0100444,-0.0114766,-0.011793,-0.0117986,-0.0108948,-0.0088579,-0.00690987,-0.005222,-0.0034512,-0.00199558,-0.00103406,-0.00048853,-0.000162613,-5.41967e-05,-2.51509e-07,