{"max":0.163925,"min":-0.110111,"acc":0.8806,"arr":[0.0,0.0,0.0,0.0,0.0,0.0,0.0,0.0,0.0,0.0,0.0,0.0,-1.05174e-05,-2.79798e-05,-5.50875e-06,-2.29531e-07,0.0,0.0,0.0,0.0,0.0,0.0,0.0,0.0,0.0,0.0,0.0,0.0,0.0,0.0,0.0,0.0,-1.7528e-07,-5.51707e-07,-1.79208e-05,-4.80606e-05,-0.000108626,-0.000121407,-0.000238824,-0.000245397,-0.000270931,-0.000316827,-0.000392629,-0.000282789,-0.000361658,-0.000309592,-0.000167817,-0.000182709,-0.000125504,-2.38852e-05,-1.51295e-05,-1.23339e-06,0.0,0.0,0.0,0.0,0.0,0.0,-2.82439e-07,-3.89912e-06,-4.89823e-06,-3.8299e-06,-5.125e-05,-0.000225295,-0.00052998,-0.00103203,-0.00175808,-0.00248999,-0.0037093,-0.00468605,-0.00600151,-0.00675784,-0.00661394,-0.00568832,-0.00467608,-0.00403469,-0.00224076,-0.0012473,-0.000586377,-0.000157212,-8.10048e-05,-3.89465e-05,0.0,0.0,0.0,0.0,-2.78446e-06,-2.01367e-05,-2.61416e-05,-0.000120456,-0.000434516,-0.00132101,-0.00272075,-0.00531141,-0.00835439,-0.0122574,-0.0167198,-0.0211067,-0.025567,-0.0279629,-0.0280226,-0.0281196,-0.0240295,-0.0180572,-0.0106191,-0.00535396,-0.00222036,-0.000681315,-0.000309177,-9.263e-05,-8.65229e-06,0.0,0.0,-3.8268e-06,3.69438e-05,-3.30196e-05,-0.000322429,-0.00133594,-0.00311685,-0.00616802,-0.0104692,-0.0161654,-0.0222491,-0.0290742,-0.0310433,-0.02735,-0.0202605,-0.0150138,-0.0185738,-0.025202,-0.0301944,-0.0304844,-0.0227158,-0.0181895,-0.0119061,-0.00731074,-0.00355853,-0.000381888,2.16445e-05,0.0,0.0,0.0,-2.54685e-05,-0.000333655,-0.00161633,-0.00458439,-0.0102435,-0.017287,-0.0232057,-0.024697,-0.0271826,-0.0144615,0.008282,0.0352212,0.0615104,0.0777483,0.0833423,0.0760191,0.0510417,0.0225439,0.00223569,-0.00680531,-0.00792723,-0.00937829,-0.00656894,-0.000123206,0.000269034,1.16787e-05,0.0,0.0,-6.47142e-05,-0.0011035,-0.00369845,-0.00855994,-0.0158194,-0.0207751,-0.0195071,-0.0167358,-0.00312277,0.0229604,0.0461255,0.0579216,0.0676583,0.0778908,0.0765881,0.0698333,0.0520511,0.0405801,0.0271608,0.0165832,0.00769236,0.00398155,0.00225896,0.0031488,0.000602002,-0.000157329,0.0,-1.53335e-05,-0.000266985,-0.00177911,-0.00442471,-0.00934025,-0.0134711,-0.00935389,-0.00135681,0.00938907,0.025579,0.0403587,0.0411293,0.026133,-0.000799478,-0.00596604,-0.00977466,-0.00707928,0.00981735,0.0196879,0.0311868,0.03208,0.0280375,0.0265288,0.015188,0.00295822,0.000496426,-0.000155371,-2.06533e-06,-5.51641e-05,-0.00065091,-0.00195324,-0.00455157,-0.00649515,-0.00216912,0.00927171,0.0216723,0.0411373,0.0522609,0.0444641,0.0303845,-0.00625587,-0.0523176,-0.0703532,-0.0726909,-0.0668247,-0.0218835,0.0212072,0.0417917,0.0525308,0.0552,0.0466549,0.0260865,0.00525351,0.00144533,-1.02428e-05,-2.59162e-05,-0.000122942,-0.000918014,-0.00237003,-0.00238398,0.00031455,0.0120734,0.0284753,0.0478254,0.0673677,0.064448,0.0480326,0.0169089,-0.0276112,-0.0782289,-0.102884,-0.0964214,-0.0679429,-0.0200183,0.0328646,0.060631,0.0741278,0.0717113,0.0557783,0.0304722,0.00732969,0.0017372,0.000265427,-3.16384e-05,-0.000155232,-0.000846689,-0.00250102,0.0013824,0.00626641,0.019405,0.0386415,0.0570623,0.0698595,0.068981,0.0556512,0.0325029,-0.00981172,-0.0611557,-0.0869922,-0.0786352,-0.0415635,0.0108721,0.0556655,0.0745885,0.0863297,0.072356,0.0509922,0.0270928,0.00803448,0.00168043,0.000569022,-1.22465e-05,-0.000159038,-0.000720958,-0.00169184,0.00146636,0.00609592,0.0156638,0.0306345,0.0455048,0.0577881,0.0541978,0.0646224,0.0722774,0.0440902,-0.0131665,-0.0457709,-0.0297731,0.00399129,0.0426912,0.0631774,0.0710395,0.0669046,0.049872,0.0338727,0.0187693,0.00547542,0.00174827,0.000149778,-1.26703e-06,-8.43154e-05,-0.000516837,-0.000696188,-0.00142799,-0.000598318,-0.00119653,-0.00196403,0.00397396,0.00959278,0.0230276,0.0638206,0.117364,0.0975938,0.0301051,0.00793561,0.0211039,0.0301401,0.0347547,0.0361829,0.0355798,0.0294492,0.0172903,0.00982975,0.00572831,0.00264659,0.000776959,-3.4204e-05,-2.79137e-06,-2.94579e-05,-0.000241206,-0.000640545,-0.00425376,-0.0122327,-0.0249972,-0.0410968,-0.0547923,-0.0573161,-0.0265795,0.0579236,0.140795,0.126284,0.0679559,0.0614524,0.0410098,-0.00310128,-0.0217012,-0.0204558,-0.0151318,-0.0108825,-0.0104011,-0.00884764,-0.00361128,0.000923444,-7.39364e-06,-8.05784e-05,0.0,-5.00677e-05,-0.000160403,-0.000965826,-0.00576642,-0.0198285,-0.0431595,-0.0728777,-0.100788,-0.110111,-0.0588083,0.0484015,0.132191,0.132467,0.0973587,0.0662021,0.0133264,-0.0447785,-0.0828796,-0.0778392,-0.059725,-0.0393035,-0.0273337,-0.0183023,-0.00814234,-0.000905097,-0.000311444,-1.81088e-05,-3.82689e-07,-5.02312e-05,-0.000202628,-0.00110768,-0.00729691,-0.025475,-0.0507804,-0.0804293,-0.104616,-0.102175,-0.0449528,0.0516264,0.129788,0.128258,0.0877231,0.0404808,-0.0134418,-0.0758138,-0.105657,-0.102877,-0.0770594,-0.0519563,-0.0334395,-0.0200016,-0.00986035,-0.00242901,-0.000663484,-6.68632e-05,-2.18679e-06,-4.04741e-05,-0.000376545,-0.00142772,-0.0092469,-0.0293247,-0.0513906,-0.0650286,-0.0615913,-0.0371958,0.0238685,0.100415,0.144496,0.106452,0.0368251,0.00697101,-0.0258813,-0.0657912,-0.0930669,-0.0960949,-0.0775112,-0.053821,-0.0336352,-0.0168996,-0.00915458,-0.00418156,-0.0010843,-8.46315e-05,0.0,-5.57103e-05,-0.00042887,-0.0029917,-0.0133922,-0.0314993,-0.0443533,-0.035168,-0.00229335,0.0501801,0.100597,0.145695,0.140996,0.0590183,-0.010206,-0.029903,-0.0243194,-0.0483326,-0.064245,-0.0692821,-0.0604543,-0.046184,-0.0282112,-0.0126974,-0.00728393,-0.00489996,-0.000834362,-2.83506e-05,-3.25043e-06,-1.96441e-05,-0.000703879,-0.00583609,-0.0189135,-0.031311,-0.0323018,-0.00567197,0.0472778,0.100744,0.13154,0.134743,0.0817068,-0.00805296,-0.0534898,-0.0456289,-0.034798,-0.0399833,-0.0430918,-0.0453871,-0.0440323,-0.0378722,-0.021651,-0.0110523,-0.00835186,-0.00407516,-0.00055185,-2.66573e-05,-1.60253e-06,-3.69533e-05,-0.00107232,-0.00853316,-0.0222396,-0.0296408,-0.0219766,0.0144176,0.0627436,0.0973592,0.100465,0.0609328,-1.57533e-05,-0.0663056,-0.0891841,-0.0635122,-0.0423719,-0.0359812,-0.0322636,-0.030926,-0.0310447,-0.0265926,-0.0138524,-0.00752313,-0.0080092,-0.00385402,-0.000617737,-8.87572e-06,0.0,-4.74139e-05,-0.00129806,-0.00993191,-0.0223966,-0.0255075,-0.0148117,0.0173887,0.0366568,0.0443802,0.0395762,-0.00426605,-0.046871,-0.0910096,-0.0959491,-0.0688804,-0.0484799,-0.0296223,-0.0169422,-0.0178098,-0.0177687,-0.01393,-0.00623485,-0.0079612,-0.00810459,-0.00324852,-0.00052725,0.0,0.0,-2.75553e-05,-0.00138305,-0.00802862,-0.019325,-0.0193642,-0.0088795,0.00813728,0.0136116,0.0108378,0.0126503,-0.00120248,-0.0196653,-0.0343239,-0.0410618,-0.0285657,-0.0144061,0.00210588,0.0133696,0.0047781,-0.00201319,-0.00470643,-0.00300388,-0.00783025,-0.00661264,-0.00208931,-0.000306052,-4.20721e-06,0.0,-3.30206e-07,-0.00108081,-0.00495406,-0.014112,-0.0169885,-0.00925145,0.000180534,0.00285468,0.00925701,0.0341878,0.0725868,0.0931361,0.090819,0.0817844,0.0682713,0.0576039,0.0487063,0.0396649,0.0213508,0.00910194,0.00292434,-0.00204159,-0.00483073,-0.00325773,-0.000877727,-8.75411e-05,-7.76716e-06,0.0,0.0,-0.000425364,-0.0024086,-0.00880222,-0.0155508,-0.0141113,-0.00861468,0.00423118,0.0155846,0.044047,0.0917358,0.144773,0.163925,0.148368,0.121725,0.0948862,0.0665587,0.04372,0.0255303,0.0110747,0.0032997,-0.0011713,-0.00156162,-0.000966001,-0.000265961,-5.26268e-05,0.0,0.0,0.0,-6.30073e-05,-0.00104732,-0.00466219,-0.0105147,-0.015091,-0.016058,-0.00841919,0.000687239,0.0163844,0.0387803,0.0647102,0.0754111,0.0734873,0.0614192,0.0424988,0.0236854,0.0164282,0.00867768,0.00335109,0.000197933,-0.000626276,-0.000608346,-0.000437875,-4.87409e-05,0.0,0.0,0.0,0.0,-7.56189e-06,-0.000105347,-0.00139051,-0.00408426,-0.00806465,-0.0144533,-0.0224929,-0.0275536,-0.0318785,-0.0351801,-0.034548,-0.0293396,-0.0210785,-0.0142753,-0.0110353,-0.00789201,-0.00560191,-0.00461539,-0.00286609,-0.00189002,-0.00105857,-0.000470358,-7.94755e-05,0.0,0.0,0.0,0.0,0.0,0.0,0.0,-0.000429597,-0.00104871,-0.0020327,-0.00349664,-0.00626565,-0.00837859,-0.0108196,-0.0121258,-0.012391,-0.0122686,-0.011218,-0.00924727,-0.00719541,-0.00548283,-0.00367406,-0.00211803,-0.00110223,-0.000504843,-0.000163789,-5.4393e-05,