{"max":0.0805063,"min":-0.0656274,"acc":0.8426,"arr":[0.0,0.0,0.0,0.0,0.0,0.0,0.0,0.0,0.0,0.0,0.0,0.0,0.0,0.0,0.0,0.0,0.0,0.0,0.0,0.0,0.0,0.0,0.0,0.0,0.0,0.0,0.0,0.0,0.0,0.0,0.0,0.0,0.0,0.0,-1.70103e-05,-4.38667e-05,-8.09112e-05,-7.6934e-05,-0.000179312,-0.000138275,-0.000159423,-0.000195625,-0.000274825,-0.000166755,-0.000200468,-0.000159225,-7.23869e-05,-0.000117995,-7.94065e-05,-4.17216e-07,0.0,0.0,0.0,0.0,0.0,0.0,0.0,0.0,0.0,-3.89912e-06,-4.70257e-06,-1.43124e-06,-2.28149e-05,-0.000104066,-0.000327188,-0.000619013,-0.000943827,-0.00134475,-0.00193589,-0.00245186,-0.00338565,-0.00389348,-0.00398392,-0.00313698,-0.00235346,-0.00213469,-0.00136083,-0.000796495,-0.000321573,-4.7774e-05,0.0,0.0,0.0,0.0,0.0,0.0,-2.16221e-06,-1.97937e-05,-1.95337e-05,-7.87459e-05,-0.000254271,-0.000664169,-0.00144437,-0.00279837,-0.00412943,-0.00617052,-0.00845361,-0.0110831,-0.0134436,-0.014672,-0.014713,-0.0135262,-0.0113414,-0.00855507,-0.00482076,-0.00270779,-0.0012783,-0.000319812,-0.000176976,-6.96723e-05,-8.65229e-06,0.0,0.0,-3.8268e-06,-8.25571e-06,-2.67105e-05,-0.000206049,-0.000679011,-0.00169547,-0.0029024,-0.00496962,-0.00790557,-0.0117701,-0.0159287,-0.0190401,-0.0189222,-0.018682,-0.0150144,-0.0141647,-0.0143309,-0.0152302,-0.0150456,-0.0118016,-0.00969422,-0.00512867,-0.00209488,-0.000710388,-0.000138273,4.39319e-05,0.0,0.0,0.0,-2.37622e-05,-0.00016253,-0.00075073,-0.0022189,-0.004916,-0.00841938,-0.0113444,-0.0136201,-0.0154379,-0.0095876,-0.000259255,0.0126245,0.0269834,0.0376572,0.0421506,0.042933,0.032345,0.0165568,0.00586083,-0.000742479,-0.002234,-0.00160084,-0.000921395,0.000557157,0.00024979,0.0,0.0,0.0,-3.55037e-06,-0.000514865,-0.00179968,-0.00442711,-0.00791924,-0.0105968,-0.0114069,-0.0114368,-0.00411128,0.0129749,0.0276258,0.0404042,0.0461757,0.0441689,0.0429687,0.04325,0.0386573,0.0312513,0.0196858,0.0134096,0.00558888,0.00376309,0.00385639,0.00344344,0.000680192,-7.96951e-05,0.0,-1.45105e-05,-0.0001715,-0.000995236,-0.00275129,-0.00573754,-0.00872032,-0.00698924,-0.00320554,0.00294243,0.0147234,0.0247158,0.0329518,0.0295465,0.0113124,-0.00324713,-0.0063704,0.000186841,0.0119511,0.0204737,0.018109,0.0196128,0.0160794,0.0131314,0.00902788,0.00364067,0.000992964,-0.000103017,0.0,-4.58138e-05,-0.000408922,-0.00136488,-0.00328264,-0.0048328,-0.00522735,-0.000399076,0.00637995,0.0163706,0.023704,0.0249072,0.0218938,0.00022578,-0.0294277,-0.0445965,-0.0451363,-0.0363271,-0.00805139,0.0210927,0.025817,0.0293314,0.0290555,0.0215888,0.0144469,0.00567263,0.00168881,-5.62995e-05,-2.47612e-05,-9.46484e-05,-0.000505789,-0.00167866,-0.00159802,-0.00290121,-0.00164146,0.0051653,0.0121735,0.0235574,0.0262057,0.024114,0.0125017,-0.0143762,-0.0481611,-0.0637577,-0.0586886,-0.0386435,-0.00490381,0.0238797,0.0348884,0.036732,0.0330041,0.0238403,0.0136249,0.00536058,0.00180388,0.000120703,-2.87984e-05,-8.59075e-05,-0.000384847,-0.00146525,-0.000449695,-0.00105985,0.000933953,0.0055593,0.0112313,0.018062,0.0245721,0.0272574,0.0150762,-0.00981477,-0.0393621,-0.0498055,-0.0439675,-0.0181507,0.0142252,0.0376013,0.0413988,0.0391237,0.0280539,0.016216,0.00815725,0.00317482,0.00108513,0.000268159,-3.09515e-06,-4.30473e-05,-0.000200284,-0.0010435,-0.000893093,-0.00225561,-0.00121943,0.000344125,0.0029126,0.0108339,0.0207019,0.0390854,0.0362457,0.0146429,-0.0141671,-0.0244648,-0.0107274,0.0148449,0.033965,0.0388617,0.0332008,0.0223154,0.0113605,0.00667326,0.00455408,0.00175649,0.000288159,-3.26151e-05,0.0,-1.15668e-05,-0.000144471,-0.000641737,-0.0018566,-0.00522481,-0.00844885,-0.0139889,-0.0164698,-0.0107148,0.0085372,0.0401206,0.0619822,0.0427799,0.0130031,0.00967551,0.0224184,0.0292908,0.0222023,0.0134075,0.00717761,0.00116482,-0.00311532,-0.00295858,-0.000751974,0.000723058,0.000183755,-1.994e-05,0.0,-2.00726e-06,-0.00010654,-0.000532539,-0.00250185,-0.00869141,-0.0183589,-0.0297399,-0.0418416,-0.0396657,-0.0159429,0.0299844,0.069466,0.0598736,0.0392421,0.0398657,0.0308517,0.00138007,-0.0159318,-0.021522,-0.018729,-0.0148953,-0.0112587,-0.0079415,-0.00341995,0.000311844,-6.47823e-05,-5.37855e-06,0.0,-2.49479e-05,-8.97668e-05,-0.000412951,-0.0028221,-0.0108105,-0.0245581,-0.04205,-0.0577163,-0.0630117,-0.0351955,0.0183668,0.064965,0.0663806,0.0557385,0.0412854,0.00672708,-0.0291748,-0.0538657,-0.0504456,-0.0368532,-0.0235667,-0.0165998,-0.0109098,-0.00464764,-0.000367762,-0.000140161,0.0,0.0,-5.02312e-05,-0.00011217,-0.000448171,-0.00337483,-0.0127856,-0.027884,-0.0448107,-0.0598313,-0.0605714,-0.0282359,0.0256317,0.0680482,0.067208,0.0503581,0.0235286,-0.0118494,-0.0501466,-0.0656274,-0.0587294,-0.0451848,-0.0294088,-0.0187968,-0.0111827,-0.00532351,-0.00101003,-0.000172867,-3.05012e-05,0.0,-3.06429e-05,-0.000142229,-0.000669089,-0.00403578,-0.015127,-0.029029,-0.0402889,-0.0426772,-0.0301131,0.0117213,0.0580882,0.0773161,0.05435,0.0225241,0.00473797,-0.0191824,-0.0449408,-0.0540187,-0.0518375,-0.0410101,-0.0291077,-0.0187759,-0.0104895,-0.00554413,-0.0020054,-0.000509988,-5.42871e-05,0.0,-2.34377e-05,-0.000109729,-0.00135008,-0.00578352,-0.0165779,-0.0287982,-0.0300475,-0.0151359,0.0174358,0.0567444,0.0805063,0.0718313,0.0285053,-0.00776591,-0.0159027,-0.0168683,-0.0309092,-0.0400393,-0.0419979,-0.0343498,-0.0234745,-0.0159639,-0.00934036,-0.00536907,-0.00221568,-0.000327049,-9.64167e-06,0.0,-9.03725e-06,-0.000340545,-0.00239887,-0.00758585,-0.0183164,-0.0263494,-0.0171711,0.0116556,0.0478276,0.076357,0.0741745,0.0361019,-0.0103408,-0.0317316,-0.0260245,-0.0154901,-0.0225554,-0.0325869,-0.0333598,-0.0272949,-0.0199941,-0.0132648,-0.00848822,-0.00536963,-0.00159432,-0.000191743,-1.38889e-06,0.0,0.0,-0.000519796,-0.00314849,-0.0095899,-0.0191556,-0.0200755,-0.00588841,0.0256672,0.0529684,0.0628611,0.0367663,-0.00736417,-0.0404784,-0.0523308,-0.039462,-0.0222443,-0.0218773,-0.0261605,-0.0244871,-0.0220189,-0.0173616,-0.0103609,-0.00619323,-0.00384024,-0.00148515,-0.000303336,0.0,0.0,-9.92907e-07,-0.000573809,-0.00339727,-0.00951715,-0.0161295,-0.0157167,-0.00011623,0.0214338,0.033621,0.0333374,-7.91108e-05,-0.0330887,-0.0543003,-0.0561195,-0.042845,-0.0231007,-0.01499,-0.0135686,-0.0120262,-0.0140981,-0.0120035,-0.00713269,-0.00449568,-0.00341096,-0.00132518,-0.000203364,0.0,0.0,-1.41298e-05,-0.000534691,-0.00291967,-0.00779722,-0.0108683,-0.0109194,-0.00269547,0.0134597,0.0196929,0.0160824,9.44209e-05,-0.0191704,-0.0258177,-0.0247545,-0.0146429,-0.00162011,0.00393236,0.0057992,-6.65649e-05,-0.00647767,-0.00657373,-0.00397948,-0.00301276,-0.0030539,-0.000788791,-0.00011753,0.0,0.0,0.0,-0.000293899,-0.00180943,-0.00565526,-0.00758338,-0.00515747,-0.000720491,0.00692154,0.0220607,0.0267059,0.037841,0.0407801,0.0407599,0.0395936,0.0374239,0.0355393,0.0271071,0.017715,0.00603638,0.00108891,-0.00100075,-0.00156111,-0.00210004,-0.0016345,-0.000274769,-1.76622e-05,0.0,0.0,0.0,-0.000127784,-0.000745492,-0.00332187,-0.00492004,-0.000343978,0.00420756,0.0106415,0.0251863,0.0382469,0.0568214,0.0746571,0.0743145,0.0675302,0.0592046,0.0492398,0.0299088,0.015105,0.0078318,0.00371474,0.000921914,-0.000889827,-0.000923994,-0.0006322,-0.000111478,-2.1414e-05,0.0,0.0,0.0,-2.15783e-05,-0.000161153,-0.00121014,-0.00264212,-0.00127896,0.00172822,0.00709873,0.0146622,0.0222451,0.0316245,0.0408032,0.0400715,0.0353347,0.0268923,0.0154632,0.00725903,0.00341185,0.00119414,0.000877304,-0.000486162,-0.000563617,-0.000455555,-0.000228274,-4.23284e-05,0.0,0.0,0.0,0.0,0.0,-1.64474e-07,-0.000247037,-0.000667396,-0.00200224,-0.00440961,-0.00710472,-0.0095281,-0.0130807,-0.0165271,-0.0174133,-0.0151957,-0.0115486,-0.0100021,-0.0091927,-0.00752556,-0.00478372,-0.0031098,-0.00167622,-0.000990252,-0.000461145,-0.000143858,-2.61301e-05,0.0,0.0,0.0,0.0,0.0,0.0,0.0,-2.79897e-05,-0.000258374,-0.000872662,-0.00162266,-0.00305741,-0.00427504,-0.00607232,-0.00690261,-0.00687613,-0.00668686,-0.00613016,-0.00509157,-0.00393089,-0.0029006,-0.00179461,-0.000886196,-0.000506862,-0.000241683,-5.27224e-05,-5.45558e-06,0.0,0.0,0.0,0.0,0.0,0.0,0.0,0.0,0.0,0.0,-2.71929e-05,-0.000127178,-0.00021152,-0.000209632,