{"max":0.191487,"min":-0.121712,"acc":0.8917,"arr":[0.0,0.0,0.0,0.0,0.0,0.0,0.0,0.0,0.0,0.0,0.0,0.0,-1.05174e-05,-2.79798e-05,-5.50875e-06,-2.29531e-07,0.0,0.0,0.0,0.0,0.0,0.0,0.0,0.0,0.0,0.0,0.0,0.0,0.0,0.0,0.0,0.0,-1.7528e-07,-5.51707e-07,-1.84071e-05,-4.9696e-05,-0.000124411,-0.000141165,-0.000264108,-0.000281829,-0.000322907,-0.000360897,-0.000431821,-0.000355367,-0.000456114,-0.000362603,-0.00021439,-0.000215899,-0.000154832,-6.36893e-05,-2.06694e-05,-3.98376e-06,0.0,0.0,0.0,0.0,0.0,0.0,-2.82439e-07,-3.89912e-06,-8.92173e-06,-4.98465e-06,-6.14201e-05,-0.000248825,-0.000590166,-0.00122832,-0.00213111,-0.00299675,-0.00443072,-0.00571496,-0.00726826,-0.00816662,-0.00800297,-0.00678251,-0.00561177,-0.0046634,-0.00271351,-0.00160852,-0.000789229,-0.000255671,-0.000112848,-4.32828e-05,0.0,0.0,0.0,0.0,-4.20078e-06,-2.65451e-05,-3.59988e-05,-0.000180291,-0.00057553,-0.00156809,-0.00309899,-0.00614236,-0.00959861,-0.0141482,-0.0190024,-0.0244214,-0.0313295,-0.0351005,-0.036025,-0.0347696,-0.0294726,-0.0232886,-0.0139673,-0.00697944,-0.00292665,-0.000644638,-0.000406386,-0.000129457,-4.41765e-05,0.0,0.0,-3.8268e-06,2.10154e-05,-5.83675e-05,-0.000402817,-0.0017002,-0.00388277,-0.00759916,-0.0126099,-0.0198239,-0.0263214,-0.0314574,-0.0310365,-0.0260169,-0.0178649,-0.0166407,-0.0256516,-0.0385784,-0.0471601,-0.0473216,-0.0373058,-0.0283443,-0.0180752,-0.00901628,-0.00298704,-0.000132077,0.000299701,3.19281e-05,0.0,0.0,-3.01217e-05,-0.000399655,-0.00188139,-0.00571655,-0.0122462,-0.0200769,-0.0274296,-0.0300471,-0.0288328,-0.00892121,0.0185492,0.0438577,0.0711418,0.0880458,0.09167,0.0782463,0.0435323,0.0103412,-0.0115396,-0.0165574,-0.014053,-0.0115723,-0.00649378,-2.45421e-05,4.33002e-05,-3.7048e-05,0.0,-7.96975e-07,-0.000106573,-0.00136525,-0.00456596,-0.0106014,-0.0196348,-0.025008,-0.0213243,-0.0136481,0.00195651,0.0282871,0.0480344,0.0552157,0.0673828,0.08704,0.0860022,0.07334,0.0456751,0.032634,0.0180285,0.0134507,0.0102249,0.00812443,0.00231028,0.00218255,2.05392e-05,-0.000204943,0.0,-9.95119e-05,-0.00036957,-0.00227986,-0.00578941,-0.0118509,-0.0151708,-0.00745787,0.00537902,0.0196213,0.0330586,0.0344085,0.0303652,0.0131304,-0.0107766,-0.00809933,-0.00993021,-0.0107333,0.00707155,0.0128345,0.0269831,0.038089,0.0417171,0.0385735,0.0210357,0.00321991,0.00025943,-0.000113722,-2.06533e-06,-0.00016789,-0.000930463,-0.00278649,-0.00452024,-0.0048187,0.00245848,0.0203383,0.035038,0.0552426,0.0558892,0.0416819,0.0267107,-0.01318,-0.0614258,-0.07814,-0.0747168,-0.0684153,-0.0256339,0.0189729,0.0413008,0.0630634,0.0743971,0.0614463,0.0330075,0.00630939,0.00163606,0.000143004,-2.59162e-05,-0.000223784,-0.0012191,-0.0030911,-0.000931001,0.00375157,0.0202572,0.0441664,0.0695091,0.0873625,0.0777562,0.0568043,0.0230877,-0.026973,-0.0824393,-0.112269,-0.105567,-0.0789976,-0.0288934,0.0278563,0.0653714,0.0879806,0.0911097,0.0729293,0.0366442,0.00769531,0.00250914,-0.000115489,-3.16384e-05,-0.000205124,-0.00107279,-0.00337338,0.00292331,0.0094338,0.0306611,0.0597347,0.0834834,0.0940159,0.0844279,0.0677138,0.0446654,-0.00207445,-0.0603661,-0.095237,-0.0932309,-0.0594998,0.00172366,0.0540927,0.0817403,0.101652,0.0954519,0.068929,0.0340058,0.00902908,0.00191495,0.000354409,-1.34088e-05,-0.000202093,-0.000890659,-0.00248197,0.00140841,0.0106358,0.028811,0.0536621,0.0717764,0.0792412,0.0646726,0.0753663,0.0910787,0.0663654,0.00214084,-0.0487488,-0.0462856,-0.0146897,0.0316222,0.0642527,0.0832739,0.0871912,0.0723268,0.0494982,0.027455,0.00854604,0.00290981,0.000126794,-2.53012e-06,-0.000102181,-0.0006308,-0.0012331,-0.00188755,0.00215267,0.00678194,0.0132724,0.0177304,0.0188432,0.0169703,0.064117,0.138063,0.131152,0.0509771,0.00908993,0.00973727,0.0161228,0.0256669,0.042072,0.0528065,0.0501973,0.0332975,0.0201821,0.0114388,0.00433145,0.00126644,-4.75222e-05,-2.79137e-06,-3.62342e-05,-0.000314545,-0.00113253,-0.00558576,-0.0139119,-0.0256857,-0.0382179,-0.0516661,-0.0597468,-0.0428283,0.0544678,0.162178,0.158074,0.0845407,0.0643468,0.0362987,-0.00770039,-0.0212025,-0.0178299,-0.0049615,-0.00297908,-0.00538556,-0.00547071,-0.0026721,0.000734443,3.17096e-05,-0.00011751,-1.29539e-05,-5.00812e-05,-0.000179425,-0.00138095,-0.00765704,-0.0238932,-0.0502138,-0.0801159,-0.107436,-0.121712,-0.0756762,0.0450769,0.149673,0.156924,0.109813,0.0681344,0.0147391,-0.0456405,-0.0879161,-0.0870544,-0.0673164,-0.0441376,-0.031851,-0.0214158,-0.0100054,-0.00126323,-0.000549286,-2.34375e-05,-4.62424e-06,-5.02312e-05,-0.00027787,-0.00169358,-0.00901943,-0.03082,-0.0601576,-0.0878426,-0.108765,-0.107628,-0.0516592,0.0555249,0.152279,0.150455,0.0950802,0.0424234,-0.00942318,-0.0827089,-0.11914,-0.117691,-0.0942985,-0.0640298,-0.0414461,-0.0255406,-0.0125124,-0.00279455,-0.000965016,-8.76874e-05,-2.18679e-06,-4.04741e-05,-0.000523033,-0.00235372,-0.0119709,-0.0353126,-0.0586137,-0.0663306,-0.0572859,-0.0320607,0.0285989,0.114282,0.173747,0.1187,0.0362281,0.00452193,-0.0252421,-0.0744499,-0.109901,-0.107808,-0.0876159,-0.0652903,-0.0423257,-0.0213092,-0.0113997,-0.00481929,-0.00138973,-9.99148e-05,0.0,-5.57103e-05,-0.00057562,-0.00450402,-0.0166397,-0.0374198,-0.0493601,-0.0323886,0.00881287,0.0661243,0.114173,0.168139,0.168822,0.0689042,-0.0138026,-0.0348083,-0.0285555,-0.0586646,-0.0798106,-0.0760279,-0.0619261,-0.050202,-0.0338791,-0.0166302,-0.00934185,-0.00616313,-0.00119221,-4.09852e-05,-1.11239e-05,-2.04875e-05,-0.00103924,-0.00831814,-0.0236142,-0.0366292,-0.0351887,-0.000997093,0.0600056,0.116544,0.148729,0.155733,0.0972587,-0.00538986,-0.0617571,-0.0536314,-0.0448745,-0.0533731,-0.0538373,-0.0475952,-0.0396758,-0.0374756,-0.0225095,-0.0137553,-0.0106298,-0.00586499,-0.000754685,-3.29264e-05,-1.60253e-06,-4.06544e-05,-0.00162033,-0.0117593,-0.0276908,-0.0342154,-0.0240465,0.018079,0.0713801,0.105103,0.105382,0.0639179,0.00272646,-0.0730026,-0.099161,-0.0741354,-0.0555757,-0.0527423,-0.0397385,-0.0288045,-0.0234655,-0.022991,-0.0110874,-0.00858987,-0.0108218,-0.00546656,-0.000896489,-1.47227e-05,0.0,-5.43685e-05,-0.00181369,-0.0132866,-0.0279359,-0.0298718,-0.0163231,0.0227999,0.0414413,0.0439405,0.0325421,-0.0136416,-0.0520834,-0.0952161,-0.102539,-0.0785258,-0.0645212,-0.0488765,-0.0240836,-0.00886724,-0.0079799,-0.007074,-0.0034106,-0.00740239,-0.0103703,-0.00408721,-0.00069425,-1.02494e-05,-1.03719e-06,-3.55038e-05,-0.00175012,-0.0109325,-0.0247344,-0.0237279,-0.00967026,0.0106521,0.0146571,0.0129032,0.00951134,-0.00211978,-0.0146147,-0.0274301,-0.03909,-0.0361403,-0.0278917,-0.0112736,0.0140425,0.0147576,0.0112114,0.00127171,-0.00127955,-0.00813681,-0.00838227,-0.00258012,-0.000369021,-4.20721e-06,-1.00477e-06,-1.41529e-06,-0.00133811,-0.00701308,-0.0192163,-0.0238345,-0.0126826,-0.00132431,0.000388505,0.00828532,0.0376605,0.0814813,0.109969,0.110541,0.094239,0.0696506,0.0550358,0.0515741,0.0502671,0.0318908,0.0182765,0.00700804,-0.00158391,-0.00499308,-0.00403543,-0.00105175,-0.000100136,-7.76716e-06,0.0,0.0,-0.000465395,-0.00314844,-0.0130656,-0.0247938,-0.0239773,-0.0200586,-0.00440063,0.0118894,0.0487298,0.107363,0.165942,0.191487,0.168989,0.137535,0.107993,0.0777564,0.0530276,0.0333051,0.0175937,0.00580555,-0.000486293,-0.00123738,-0.0015721,-0.000455154,-0.000123211,0.0,0.0,0.0,-8.15127e-05,-0.00130236,-0.00668805,-0.0164647,-0.023185,-0.0243404,-0.0141973,-0.00348913,0.0159687,0.0454014,0.0727353,0.0855491,0.086252,0.0746761,0.0556804,0.0312294,0.0236487,0.0155671,0.00538197,-0.000245343,-0.00158588,-0.000966316,-0.000653717,-0.000144867,-2.59915e-05,0.0,0.0,0.0,-9.62181e-06,-0.000286702,-0.00236888,-0.00600943,-0.0114922,-0.0198013,-0.0314785,-0.0392838,-0.0416486,-0.0425886,-0.0410521,-0.033431,-0.0224375,-0.0148303,-0.0129586,-0.00966308,-0.00615369,-0.00436077,-0.0028049,-0.00246115,-0.00144086,-0.000445496,-0.000111281,-2.66539e-05,-2.09775e-05,0.0,0.0,0.0,0.0,0.0,-0.00052494,-0.00138684,-0.00307838,-0.00442926,-0.00705985,-0.00986905,-0.0126887,-0.0135706,-0.0140455,-0.0142988,-0.0133712,-0.0114985,-0.00915657,-0.00663001,-0.00421506,-0.00257196,-0.00141662,-0.000705955,