{"max":0.207547,"min":-0.129914,"acc":0.8973,"arr":[0.0,0.0,0.0,0.0,0.0,0.0,0.0,0.0,0.0,0.0,0.0,0.0,-1.06e-05,-2.97638e-05,-7.29278e-06,-3.03866e-07,0.0,0.0,0.0,0.0,0.0,0.0,0.0,0.0,0.0,0.0,0.0,0.0,0.0,0.0,0.0,0.0,-1.7528e-07,-5.51707e-07,-1.84741e-05,-5.14349e-05,-0.000158291,-0.000181129,-0.000278999,-0.000299495,-0.000356709,-0.000394567,-0.000501271,-0.000437145,-0.000517999,-0.000397187,-0.000262576,-0.000251712,-0.00015988,-6.38225e-05,-2.06694e-05,-3.98376e-06,0.0,0.0,0.0,0.0,0.0,0.0,-2.82439e-07,-3.89912e-06,-1.16539e-05,-5.50681e-06,-6.64635e-05,-0.000273125,-0.000668197,-0.00143672,-0.00243923,-0.00340014,-0.00495434,-0.00631726,-0.00810861,-0.00912057,-0.00881197,-0.00733496,-0.00590071,-0.00515488,-0.00299958,-0.00183667,-0.000899231,-0.000332362,-0.000168779,-6.18673e-05,0.0,0.0,0.0,0.0,-5.42917e-06,-3.24233e-05,-3.76538e-05,-0.000183848,-0.000612581,-0.0017351,-0.00339989,-0.00664784,-0.010328,-0.0152045,-0.0206211,-0.0270642,-0.0347893,-0.0380232,-0.0390682,-0.0384546,-0.0326273,-0.0262385,-0.0164422,-0.0079093,-0.00377371,-0.00114077,-0.000649471,-0.00019293,-4.41765e-05,0.0,0.0,-3.92042e-06,1.68037e-05,-7.1016e-05,-0.000474797,-0.00200637,-0.00465351,-0.0086012,-0.0139461,-0.0207631,-0.0263693,-0.0306346,-0.0300957,-0.0241334,-0.0142436,-0.0139624,-0.0237418,-0.0406536,-0.0537674,-0.0549038,-0.0427001,-0.0328442,-0.0222342,-0.0120409,-0.00408868,-0.00035104,0.000213366,3.19281e-05,0.0,0.0,-3.9045e-05,-0.000565587,-0.00223192,-0.00680837,-0.0146636,-0.0229433,-0.0304906,-0.0313235,-0.0282119,-0.0044906,0.0254358,0.0528927,0.0828157,0.100088,0.103869,0.0832837,0.0430958,0.00751913,-0.016251,-0.0215395,-0.0194254,-0.015834,-0.00874767,-0.000207509,8.15899e-06,-1.66953e-05,0.0,-1.503e-06,-0.000143412,-0.00174277,-0.00538062,-0.0123363,-0.0227126,-0.028934,-0.0248532,-0.0151717,0.000201654,0.0264151,0.0475669,0.0570103,0.0711171,0.0967727,0.0949981,0.0783257,0.0464619,0.0314891,0.0146258,0.00781651,0.00557333,0.00683012,0.00090892,0.00204489,-0.000217153,-0.000241056,0.0,-0.000134099,-0.000484472,-0.00254405,-0.00626941,-0.0133925,-0.0178447,-0.00869155,0.00527564,0.0207841,0.0340203,0.030785,0.0246738,0.00773134,-0.0160287,-0.00834025,-0.00437048,-0.00698849,0.0101365,0.0113512,0.026568,0.0365535,0.041498,0.0424317,0.0235271,0.00338646,-3.31889e-05,-0.000110808,-2.06533e-06,-0.000199687,-0.00115886,-0.00331268,-0.00442913,-0.00507057,0.00469924,0.0249562,0.0386909,0.0602702,0.0626466,0.0404495,0.0234028,-0.0112761,-0.0655167,-0.0796754,-0.0693686,-0.0622609,-0.0190357,0.0244575,0.0441813,0.0645398,0.079688,0.0674686,0.0365436,0.00566082,0.00118062,0.000242686,-2.59162e-05,-0.000238997,-0.00182599,-0.00373756,-0.000166352,0.00625962,0.0270826,0.0539801,0.0822763,0.103159,0.0935755,0.0597299,0.023289,-0.024848,-0.0863191,-0.119316,-0.112597,-0.0795567,-0.0294468,0.0310124,0.0675465,0.0915858,0.101121,0.0809194,0.0404736,0.00668416,0.00217933,-0.000263879,-3.16384e-05,-0.000219019,-0.00167394,-0.00414909,0.00521952,0.0147786,0.0399125,0.0736945,0.101837,0.114382,0.100416,0.0697161,0.0488173,0.000986704,-0.0629568,-0.105288,-0.106571,-0.0680606,-0.000383982,0.0553826,0.08118,0.109619,0.10471,0.0762319,0.0374453,0.0100853,0.00223984,0.000413368,-1.34088e-05,-0.000241206,-0.00133656,-0.0029159,0.0040505,0.0164761,0.037313,0.0659376,0.0891556,0.101312,0.0740299,0.0756112,0.098168,0.0795637,0.0108932,-0.0504087,-0.0532866,-0.0222691,0.0282418,0.0650994,0.0901679,0.0977019,0.0835066,0.0573549,0.0328896,0.0103824,0.00366505,8.55383e-05,-2.53012e-06,-0.000107277,-0.000794429,-0.000872006,0.000126408,0.00482562,0.00947136,0.0182563,0.0268147,0.0322812,0.0165689,0.0611256,0.146679,0.14854,0.0637586,0.0130207,0.00839121,0.010792,0.0221607,0.0437766,0.0623756,0.0622846,0.0434925,0.027266,0.0156543,0.00561567,0.00127569,-7.613e-05,-2.79137e-06,-3.73357e-05,-0.000348604,-0.000846273,-0.00510403,-0.0147103,-0.0288183,-0.0427277,-0.0527766,-0.0577657,-0.0513333,0.0531294,0.176652,0.178252,0.0943885,0.0704162,0.0343699,-0.0158351,-0.0239654,-0.0191023,0.000973907,0.00263107,-0.00203213,-0.00352784,-0.00203334,0.000691094,-0.000177208,-0.000132293,-1.29539e-05,-5.06077e-05,-0.000191571,-0.00169234,-0.00844323,-0.0273137,-0.0577278,-0.0905464,-0.117492,-0.129914,-0.0827904,0.0491939,0.16405,0.174627,0.121217,0.0751061,0.016128,-0.0479943,-0.0936852,-0.0922639,-0.0699662,-0.0468953,-0.0350773,-0.0241764,-0.0110737,-0.00125565,-0.00062886,-3.89762e-05,-4.62424e-06,-5.02312e-05,-0.00032665,-0.00204661,-0.0108114,-0.0365994,-0.0688194,-0.0981464,-0.117519,-0.114573,-0.0593017,0.0549291,0.167795,0.168233,0.105464,0.0496789,-0.00373301,-0.0849633,-0.124,-0.12654,-0.102841,-0.0711579,-0.0464947,-0.0288606,-0.0145741,-0.00293712,-0.00111048,-0.000135477,-2.18679e-06,-4.10385e-05,-0.000650945,-0.0025861,-0.0143742,-0.0410835,-0.0649178,-0.0698379,-0.0582856,-0.0316353,0.0270914,0.120041,0.194397,0.130106,0.0360468,0.0040853,-0.0230959,-0.0742419,-0.114191,-0.114049,-0.0961201,-0.0740283,-0.0472821,-0.0240122,-0.0135916,-0.00595013,-0.00172611,-0.000163707,0.0,-6.42562e-05,-0.000695434,-0.00512249,-0.0196061,-0.0435947,-0.054625,-0.0302685,0.0172273,0.0761959,0.120804,0.180768,0.190362,0.0763831,-0.0182756,-0.0380984,-0.0307944,-0.0627507,-0.0811494,-0.0774219,-0.0656567,-0.0564859,-0.0387156,-0.0182812,-0.0105474,-0.00767047,-0.00147663,-4.57121e-05,-1.33119e-05,-2.23446e-05,-0.00118113,-0.00956382,-0.0274931,-0.0420293,-0.0374925,0.00559117,0.0728041,0.128137,0.157611,0.169172,0.112522,-0.00189461,-0.0684502,-0.0553662,-0.0492912,-0.0580634,-0.0515887,-0.0450322,-0.0395851,-0.0416785,-0.0243755,-0.0151179,-0.0124361,-0.00730784,-0.000865044,-3.47129e-05,-2.14453e-06,-4.45954e-05,-0.00174772,-0.013891,-0.0312575,-0.0370514,-0.0242289,0.0286844,0.0841637,0.110723,0.106339,0.0652389,0.0106273,-0.0753363,-0.105462,-0.0750849,-0.0617871,-0.0553008,-0.0357572,-0.0274645,-0.0232205,-0.0247582,-0.00999715,-0.00799117,-0.0124867,-0.00694299,-0.0011351,-1.65092e-05,0.0,-5.8069e-05,-0.00200357,-0.0156431,-0.0310201,-0.0328723,-0.0145707,0.033833,0.0512696,0.0426368,0.026921,-0.021881,-0.0499043,-0.0919355,-0.104216,-0.0792945,-0.0745599,-0.054622,-0.0246607,-0.0105388,-0.00839374,-0.00749454,-0.000815657,-0.00697301,-0.0121666,-0.005096,-0.000909821,-1.5204e-05,-2.01812e-06,-4.03604e-05,-0.00199606,-0.012598,-0.0279392,-0.0266981,-0.00997201,0.0191369,0.0200713,0.0125349,0.00580578,-0.00569363,-0.00989148,-0.0158093,-0.0340545,-0.0392082,-0.0373896,-0.0166326,0.0117941,0.0132347,0.0103199,0.00218379,0.00110059,-0.00834242,-0.0101451,-0.00305156,-0.000449435,-4.20721e-06,-1.95505e-06,-2.19052e-06,-0.00156596,-0.00795985,-0.0225657,-0.0303245,-0.0164191,0.000903587,0.00556479,0.0088349,0.0397344,0.0889393,0.125738,0.130218,0.102868,0.0712618,0.0546377,0.0536175,0.0520282,0.0326747,0.0194268,0.00991394,-0.000246232,-0.00517193,-0.00470001,-0.00118635,-0.000133558,-7.76716e-06,0.0,0.0,-0.000519878,-0.00356901,-0.0165721,-0.0332464,-0.0336294,-0.0266902,-0.00745855,0.00706472,0.0457386,0.111115,0.177932,0.207547,0.180254,0.147808,0.121305,0.0864523,0.0588095,0.0386292,0.0226361,0.00856429,0.000196385,-0.000760513,-0.00177467,-0.000490622,-0.000188189,0.0,0.0,0.0,-9.11721e-05,-0.00164447,-0.00919918,-0.0226227,-0.0323991,-0.0348486,-0.0241602,-0.0125115,0.00913134,0.0426215,0.0718393,0.0874278,0.0911205,0.0840771,0.0641408,0.0346621,0.0293702,0.0207979,0.00772584,-0.000188949,-0.00180771,-0.000940981,-0.000791743,-0.000241278,-3.20861e-05,0.0,0.0,0.0,-1.36603e-05,-0.000473639,-0.00310777,-0.0077556,-0.0148911,-0.0246852,-0.0385718,-0.0474996,-0.0502541,-0.0491832,-0.046908,-0.0377788,-0.0248947,-0.0153428,-0.0121688,-0.00972524,-0.00638618,-0.00525477,-0.00356958,-0.00312392,-0.00179223,-0.0005179,-0.000134995,-2.66539e-05,-2.09775e-05,0.0,0.0,0.0,0.0,0.0,-0.000730447,-0.00169534,-0.00351903,-0.0048508,-0.00776928,-0.0112737,-0.0142394,-0.01471,-0.0151822,-0.0156876,-0.0149602,-0.0131763,-0.0106662,-0.00738991,-0.00442773,-0.00284098,-0.00165174,-0.000873192,-0.000257675,