{"max":0.235365,"min":-0.139751,"acc":0.9007,"arr":[0.0,0.0,0.0,0.0,0.0,0.0,0.0,0.0,0.0,0.0,0.0,0.0,-1.06e-05,-2.97638e-05,-7.29278e-06,-3.03866e-07,0.0,0.0,0.0,0.0,0.0,0.0,0.0,0.0,0.0,0.0,0.0,0.0,0.0,0.0,0.0,0.0,-1.7528e-07,-5.51707e-07,-1.87993e-05,-5.24931e-05,-0.000161484,-0.000188937,-0.000317395,-0.000344845,-0.000383844,-0.000417416,-0.000523829,-0.000468387,-0.000598938,-0.000466904,-0.000288323,-0.000263132,-0.000179153,-0.000102185,-2.9432e-05,-5.56777e-06,0.0,0.0,0.0,0.0,0.0,0.0,-2.82439e-07,-4.31405e-06,-1.21698e-05,-6.16816e-06,-7.36034e-05,-0.000313688,-0.000744263,-0.00159881,-0.00275084,-0.00379928,-0.00560303,-0.00711571,-0.00893859,-0.0100315,-0.00981461,-0.00809366,-0.00658331,-0.00575965,-0.00326421,-0.00202677,-0.00102792,-0.000379978,-0.000180269,-6.33111e-05,0.0,0.0,0.0,0.0,-5.48306e-06,-3.37667e-05,-4.64401e-05,-0.00023965,-0.000713312,-0.00198334,-0.00390329,-0.0077428,-0.0120985,-0.0177343,-0.0237548,-0.0300089,-0.0384248,-0.0426536,-0.044674,-0.043647,-0.0367827,-0.0301593,-0.018607,-0.00943584,-0.00389334,-0.000688098,-0.000477377,-0.000187584,-8.47701e-05,0.0,0.0,-3.92042e-06,3.0953e-05,-8.4436e-05,-0.000577391,-0.00239482,-0.00553669,-0.0104319,-0.0164742,-0.02506,-0.031184,-0.0340333,-0.0271978,-0.018603,-0.00464072,-0.0049854,-0.0210872,-0.0411572,-0.0575372,-0.05895,-0.0465823,-0.0389503,-0.0267702,-0.0148139,-0.00467401,-5.79075e-05,0.000255403,-5.39789e-06,0.0,0.0,-4.13509e-05,-0.000755593,-0.00292812,-0.0081913,-0.0172729,-0.0276545,-0.0370508,-0.0376037,-0.032997,-0.00336933,0.034022,0.0617802,0.0937139,0.110188,0.112915,0.0974435,0.0497697,0.010848,-0.0167006,-0.026371,-0.0264613,-0.0212577,-0.00989178,0.000329645,-7.24257e-05,-7.56179e-05,0.0,-1.503e-06,-0.000187253,-0.00236378,-0.00667391,-0.0143868,-0.0277326,-0.034822,-0.0278535,-0.0184158,-0.00220134,0.0279145,0.048919,0.0554829,0.0726121,0.103329,0.100888,0.0824407,0.0447827,0.0333115,0.0169166,0.00706325,0.00351536,0.00644168,0.000939771,0.0024057,-0.000366538,-0.00031432,0.0,-0.000159515,-0.000572612,-0.00318247,-0.00755966,-0.0159379,-0.0210958,-0.0101756,0.00636159,0.0182328,0.0299302,0.0223274,0.0141871,0.00124276,-0.0222133,-0.0096336,-0.0099651,-0.0153491,0.00757769,0.00794105,0.0291663,0.0401928,0.045687,0.0499864,0.0279244,0.00307221,-0.000459373,-0.000203812,-2.86677e-06,-0.000240219,-0.00130637,-0.00350056,-0.00495982,-0.00463469,0.00554885,0.0289663,0.0419347,0.0635075,0.0587096,0.0376975,0.0277782,-0.0113967,-0.0725474,-0.0843091,-0.0711956,-0.0622197,-0.0154148,0.0252622,0.0435683,0.0703235,0.089332,0.0790256,0.0425475,0.00658101,0.00142303,0.000240338,-2.9303e-05,-0.000293539,-0.00211098,-0.0040855,-0.000327077,0.00834728,0.0311549,0.0635327,0.0925159,0.109044,0.0956575,0.0714548,0.0347187,-0.0215859,-0.0930947,-0.130122,-0.111023,-0.0734443,-0.0223727,0.0319287,0.0659176,0.0962673,0.10956,0.089936,0.042614,0.00704011,0.00322636,-0.000219429,-3.60777e-05,-0.00025064,-0.00191769,-0.00508185,0.0056302,0.0161345,0.0471221,0.0870076,0.114555,0.124,0.111072,0.0870842,0.0623895,0.00808518,-0.0651091,-0.111546,-0.10819,-0.0678997,0.00175379,0.0539695,0.0801873,0.114332,0.115846,0.0858895,0.0402606,0.00919976,0.00223558,0.000750607,-1.58337e-05,-0.000275305,-0.00152182,-0.00372848,0.00332565,0.01858,0.0467086,0.0821528,0.104981,0.113342,0.0836228,0.0881244,0.114448,0.0971379,0.0226536,-0.0511234,-0.0554022,-0.0279608,0.0230733,0.062347,0.0932133,0.106508,0.094419,0.0663636,0.0386817,0.0119456,0.00406503,0.000264636,-2.93691e-06,-0.000145126,-0.000922736,-0.00154011,-0.00187448,0.0061455,0.0151262,0.0284386,0.0364556,0.0391063,0.017646,0.0628922,0.161665,0.176408,0.0784549,0.0173122,0.00741355,0.00911281,0.0212874,0.0461996,0.0672627,0.0699175,0.0503541,0.033471,0.0201185,0.00706329,0.00204225,-0.000113607,-3.5269e-06,-5.04009e-05,-0.000407468,-0.00132097,-0.00756679,-0.0173637,-0.0321521,-0.0433593,-0.0527653,-0.0589682,-0.0571643,0.0537868,0.194136,0.198822,0.103777,0.0781332,0.0391218,-0.0123896,-0.0204507,-0.0157833,0.00208704,0.000484062,-0.00133935,-0.00380726,-0.00218385,0.000816109,-5.18375e-05,-0.000244279,-2.33239e-05,-8.38013e-05,-0.000240246,-0.00200557,-0.0108668,-0.0320714,-0.0670402,-0.101468,-0.127218,-0.139751,-0.0904511,0.0517753,0.177088,0.191153,0.129817,0.0803211,0.0179739,-0.0417884,-0.0946449,-0.100775,-0.079877,-0.0551854,-0.041499,-0.0289001,-0.0135577,-0.00221616,-0.000936357,-4.59819e-05,-8.01971e-06,-0.000116508,-0.000415456,-0.00253685,-0.012838,-0.0422087,-0.0784962,-0.107465,-0.124838,-0.11586,-0.0588583,0.0575074,0.17471,0.1802,0.1111,0.0498688,-0.00581671,-0.0909968,-0.131182,-0.139548,-0.116803,-0.0825808,-0.0550841,-0.0349987,-0.0179218,-0.00449779,-0.00161384,-0.000138602,-2.18679e-06,-7.72701e-05,-0.000799101,-0.00320351,-0.0169554,-0.0473211,-0.0726982,-0.0714601,-0.0485133,-0.0201086,0.0323728,0.119703,0.197674,0.132943,0.0316356,0.00219579,-0.0267875,-0.082407,-0.126349,-0.126697,-0.106772,-0.0855015,-0.0568404,-0.0284276,-0.0161394,-0.00785002,-0.00246626,-0.000171692,0.0,-8.07618e-05,-0.00083945,-0.00602501,-0.0228394,-0.0491742,-0.0580459,-0.0232899,0.0335338,0.0957987,0.125495,0.183534,0.196688,0.077465,-0.0228997,-0.0432706,-0.0317458,-0.0675088,-0.0920482,-0.0854124,-0.0705363,-0.0630195,-0.04484,-0.0213167,-0.0119797,-0.00956959,-0.0020477,-5.12937e-05,-1.33119e-05,-2.43506e-05,-0.00136683,-0.0115076,-0.0320727,-0.0453463,-0.0347816,0.0159471,0.0869818,0.142148,0.163586,0.173998,0.115137,-0.00408926,-0.0741588,-0.0593243,-0.0556965,-0.0616969,-0.0554261,-0.0483844,-0.0404139,-0.0443467,-0.0278218,-0.017191,-0.014025,-0.00874682,-0.00111603,-4.36112e-05,-2.14453e-06,-6.10721e-05,-0.00206195,-0.0165493,-0.036515,-0.0385994,-0.0180933,0.0390985,0.0910729,0.116135,0.106322,0.0587996,0.00782022,-0.0799843,-0.11145,-0.0791147,-0.0651349,-0.057498,-0.0373262,-0.0259676,-0.0219265,-0.0250102,-0.00994404,-0.00922104,-0.0147102,-0.00802402,-0.00136745,-1.70525e-05,0.0,-8.7419e-05,-0.00231029,-0.0185702,-0.036222,-0.0340902,-0.007249,0.044823,0.0480641,0.0361228,0.0195039,-0.0304165,-0.0509208,-0.0941064,-0.109239,-0.0803454,-0.0760934,-0.0582957,-0.0261759,-0.00701309,-0.00612694,-0.00456606,0.00078168,-0.00868365,-0.0149469,-0.00584969,-0.00104978,-1.73356e-05,-2.01812e-06,-4.39393e-05,-0.00225816,-0.014801,-0.0325516,-0.028197,-0.00325198,0.0258091,0.0149909,0.00741855,0.00174066,-0.00460333,-0.00230166,-0.0107033,-0.0309467,-0.0388677,-0.0418221,-0.0233196,0.0111059,0.0157184,0.0153354,0.0037064,7.10966e-05,-0.0125122,-0.0126265,-0.00380275,-0.000491941,-4.68553e-06,-1.95505e-06,-2.28004e-06,-0.00176384,-0.00955615,-0.0268963,-0.0350589,-0.0174542,0.00261294,0.00180012,0.00493453,0.0380036,0.0982376,0.141827,0.146723,0.120341,0.0783367,0.0538952,0.0522065,0.0563943,0.0370721,0.0224196,0.0110104,-0.0031985,-0.00863322,-0.00651055,-0.00159237,-0.000142133,-8.65022e-06,0.0,0.0,-0.000616817,-0.00461508,-0.0208041,-0.0423998,-0.044975,-0.0348099,-0.0101563,0.00519638,0.0443205,0.119467,0.198172,0.235365,0.20284,0.162754,0.129738,0.0929659,0.0668125,0.0440803,0.0242954,0.00713719,-0.0016659,-0.00177382,-0.00235075,-0.000699025,-0.00019741,0.0,0.0,0.0,-0.00010143,-0.00215249,-0.0116762,-0.0288083,-0.0412122,-0.0425132,-0.0279986,-0.0167084,0.00685694,0.0430674,0.0751776,0.0912257,0.0961136,0.0899875,0.075506,0.0424173,0.0358923,0.0267336,0.00900463,-0.00086204,-0.00306846,-0.00170181,-0.00117909,-0.000301442,-5.39025e-05,0.0,0.0,0.0,-1.46755e-05,-0.000496212,-0.00446664,-0.0105171,-0.0189207,-0.0300789,-0.0453661,-0.0560726,-0.057342,-0.0576494,-0.0566718,-0.0453257,-0.027978,-0.0142473,-0.0110933,-0.00838138,-0.00499478,-0.00430808,-0.0033488,-0.00346878,-0.00222198,-0.00074317,-0.000182299,-4.60216e-05,-4.41296e-05,0.0,0.0,0.0,0.0,0.0,-0.000938226,-0.00229015,-0.00441471,-0.00551942,-0.00851246,-0.0124301,-0.0158043,-0.0165665,-0.0175263,-0.0181136,-0.0169649,-0.0149242,-0.0119375,-0.00850001,-0.00536302,-0.00339959,-0.00201868,-0.00106318,-0.000296607,-7.54397e-05,-2.70227e-06,-1.89169e-06,0.0,0.0,0.0,0.0,0.0,0.0,