{"max":0.0175867,"min":-0.0150846,"acc":0.7828,"arr":[0.0,0.0,0.0,0.0,0.0,0.0,0.0,0.0,0.0,0.0,0.0,0.0,0.0,0.0,0.0,0.0,0.0,0.0,0.0,0.0,0.0,0.0,0.0,0.0,0.0,0.0,0.0,0.0,0.0,0.0,0.0,0.0,0.0,0.0,0.0,0.0,0.0,-2.57502e-05,-4.76781e-05,-3.02124e-05,-9.18534e-05,-4.08411e-05,-2.97297e-05,-5.4209e-05,-4.39169e-05,0.0,0.0,0.0,0.0,0.0,0.0,0.0,0.0,0.0,0.0,0.0,0.0,0.0,0.0,0.0,0.0,0.0,0.0,-1.47549e-05,-7.95835e-05,-0.000196039,-0.000232716,-0.000300522,-0.000537337,-0.000588357,-0.000790537,-0.000970181,-0.000939723,-0.000612652,-0.000573993,-0.000434811,-0.000428802,-0.000263256,-8.28988e-05,-7.49096e-06,0.0,0.0,0.0,0.0,0.0,0.0,0.0,0.0,0.0,-2.79722e-05,-8.47059e-05,-0.000149585,-0.000272657,-0.000659939,-0.000962878,-0.00120237,-0.00171208,-0.00227883,-0.00266515,-0.0030991,-0.00271948,-0.00197385,-0.00180535,-0.00121049,-0.000687662,-0.0002086,4.59409e-05,0.000109237,0.0,0.0,0.0,0.0,0.0,0.0,0.0,-1.05615e-05,-4.70677e-05,-0.000149047,-0.000336634,-0.000640759,-0.00103534,-0.0020536,-0.00286579,-0.0035268,-0.00468422,-0.00538046,-0.00522668,-0.00394601,-0.00303455,-0.00311183,-0.00250962,-0.00219569,-0.00068535,-0.000173424,-6.34332e-05,-0.000178152,-0.000140203,-3.62498e-05,-3.17186e-05,0.0,0.0,0.0,-1.67607e-05,-4.84453e-05,-3.05526e-05,-0.000308229,-0.00069804,-0.00143614,-0.00233718,-0.00285036,-0.00283921,-0.00266633,-0.00114495,0.0031894,0.00657456,0.00879889,0.00936571,0.00783592,0.00535307,0.00292165,0.00241895,0.00347237,0.00221949,0.000605586,-3.56574e-05,-1.09878e-05,-3.52857e-05,0.0,0.0,0.0,-1.83679e-06,-2.52559e-06,-8.46039e-05,-0.000387271,-0.000726628,-0.00164277,-0.001679,-0.00185794,-0.000807462,0.00197264,0.0062403,0.00989099,0.0115914,0.00907243,0.00928605,0.00875401,0.00883729,0.00794061,0.00520095,0.00528273,0.00206194,0.00046917,0.000683556,0.000842287,-4.23284e-05,-1.01203e-05,0.0,0.0,-1.62909e-05,-8.79699e-05,6.74976e-05,0.000245355,-9.03746e-05,-0.00077344,-0.000346028,0.000919272,0.00219444,0.00538207,0.00921444,0.00746297,0.0034058,-0.00262192,-0.00364407,0.000611564,0.00523629,0.00725837,0.0053428,0.00517636,0.00333355,0.00187525,0.00100323,0.00163907,0.000474556,-6.73796e-05,0.0,0.0,-0.000101865,-0.00011273,6.4244e-05,0.000606272,0.000996899,0.000158621,0.000733891,0.00277901,0.00327683,0.00354387,0.0055837,-0.00109593,-0.00747125,-0.010025,-0.00910643,-0.00518752,0.00153996,0.00577836,0.00635436,0.00557581,0.00421104,0.00339467,0.00216608,0.00152875,0.000666004,-3.70188e-05,0.0,0.0,-0.000102349,-0.000147437,0.000589706,0.000873707,-8.59332e-05,0.000239595,0.00067677,0.00128174,0.00219387,0.00324481,0.00262392,-0.00416129,-0.0126881,-0.0136205,-0.0100932,-0.00449546,0.00142202,0.00556753,0.00759514,0.00543156,0.00591034,0.00458408,0.00240793,0.00108786,0.000166411,0.0,0.0,0.0,-3.35706e-05,-0.000126472,0.00110706,0.00054854,-0.000123771,-0.000409946,-0.00101548,-0.00117302,0.0013206,0.00491347,0.00399271,-0.00294223,-0.00970997,-0.00763154,-0.00415809,-0.000607641,0.00340885,0.00686168,0.0063393,0.00639041,0.00573963,0.00346492,0.0011756,0.000474495,0.000371281,0.0,0.0,0.0,0.0,-0.00020629,0.000177847,-0.000230671,-0.00103382,-0.00110859,-0.00225392,-0.00197835,0.000428537,0.0081893,0.00847764,0.0034227,-0.00106122,0.00153795,0.00369256,0.00476662,0.00405694,0.00429431,0.00350606,0.00301175,0.00164964,0.000777602,0.000345895,0.000242291,8.08727e-05,0.0,0.0,0.0,-4.14476e-06,-0.00010422,-0.000499444,-0.00189555,-0.0033496,-0.00404103,-0.00623595,-0.00570621,-0.00077114,0.00745668,0.0150747,0.0100501,0.00576318,0.00718866,0.00685945,0.00393455,-0.000276743,-0.000686713,-0.00147031,-0.00218637,-0.00229665,-0.00104392,-0.000545533,-5.41961e-05,0.0,0.0,0.0,0.0,-2.5523e-05,-0.000125578,-0.000471049,-0.00210999,-0.00518539,-0.00759295,-0.00999364,-0.0105071,-0.00584253,0.00407346,0.0164504,0.0136315,0.0101996,0.0101552,0.0057683,-0.00318056,-0.00750159,-0.00778687,-0.00612807,-0.00467018,-0.00333877,-0.00223651,-0.00122903,-0.000113361,0.0,0.0,0.0,0.0,-2.79226e-05,-9.13114e-05,-0.000538195,-0.00242044,-0.00558217,-0.00971616,-0.012902,-0.0140446,-0.00917288,0.00243189,0.0138245,0.0158331,0.0146263,0.0101552,-0.000284551,-0.00786609,-0.013869,-0.013283,-0.0092417,-0.00654852,-0.00440896,-0.0029459,-0.00128162,-0.000154458,0.0,0.0,0.0,0.0,-2.20327e-05,-7.0536e-05,-0.000571284,-0.00272669,-0.00607395,-0.0101626,-0.0127994,-0.0132194,-0.00699987,0.0031156,0.0143453,0.0175867,0.0131068,0.00670174,-0.00188437,-0.0104061,-0.0148793,-0.0150846,-0.0115855,-0.00783958,-0.00522083,-0.00264631,-0.00140395,-0.000219764,-2.72914e-05,-1.92008e-05,0.0,0.0,0.0,-5.09043e-05,-0.000821927,-0.00326402,-0.00697561,-0.00911138,-0.00911639,-0.00761451,7.40689e-05,0.0113234,0.0165468,0.0131614,0.00645652,0.00254663,-0.0024892,-0.00714901,-0.0115627,-0.0120476,-0.0101873,-0.00797128,-0.00542355,-0.00239812,-0.00140228,-0.000487643,-0.00010113,-3.9531e-05,0.0,0.0,0.0,-0.000174511,-0.00117103,-0.00366257,-0.00698523,-0.00765125,-0.00434922,0.00201954,0.0112651,0.0166695,0.0169584,0.00821902,-0.00109633,-0.00353999,-0.00171889,-0.0033593,-0.00705615,-0.00897141,-0.00824751,-0.00655277,-0.00521622,-0.00231165,-0.00105195,-0.00041847,-4.36944e-05,-2.03302e-06,0.0,0.0,-5.52063e-05,-0.000443254,-0.00148119,-0.00387904,-0.00680587,-0.00558408,0.000944728,0.0103622,0.0160436,0.0158411,0.0105095,-5.46805e-05,-0.00715843,-0.00524546,-0.00330191,-0.00265661,-0.00518505,-0.00578657,-0.00586515,-0.00618277,-0.00407173,-0.00250839,-0.000884277,-0.000107769,-1.17695e-05,0.0,0.0,0.0,-8.70285e-05,-0.000549491,-0.00162946,-0.00380832,-0.00588791,-0.0034228,0.00563155,0.011152,0.0134907,0.00761391,0.0015564,-0.00723361,-0.0111641,-0.00802307,-0.00395316,-0.00228779,-0.00496227,-0.00467157,-0.00503786,-0.00453863,-0.0029217,-0.00198747,-0.000590106,-0.000156317,-3.48468e-05,0.0,0.0,0.0,-6.82381e-05,-0.000524637,-0.0016098,-0.00351218,-0.00572588,-0.00111165,0.00595841,0.00857624,0.00849983,0.000758686,-0.00533315,-0.0103843,-0.0117059,-0.00855073,-0.00288962,-0.000410943,-0.0034546,-0.00274379,-0.00372162,-0.00249942,-0.000961395,-0.000774578,-0.00046025,-0.00017948,0.0,0.0,0.0,0.0,-1.64488e-05,-0.000263961,-0.00136345,-0.00300791,-0.00418603,-0.00175383,0.00397073,0.00636524,0.00532253,0.000383065,-0.00220505,-0.00403498,-0.00547988,-0.00291898,0.0016653,0.00166215,0.00122886,-0.000691366,-0.00163105,-0.000444797,0.000470569,-0.000117753,-0.000455024,-5.56786e-05,0.0,0.0,0.0,0.0,0.0,-0.000195867,-0.000798824,-0.00194209,-0.00195293,-0.000925298,0.00129334,0.00710108,0.00691975,0.00629395,0.006883,0.00836712,0.00957682,0.00939318,0.00870178,0.00609703,0.00241132,0.000830597,0.00175349,0.0016234,0.000805701,-4.18524e-06,-0.000220071,-4.12322e-05,0.0,0.0,0.0,0.0,0.0,-0.000141896,-0.000427715,-0.000894191,-0.000606032,0.000364634,0.00206543,0.00707085,0.00862998,0.0103563,0.0127008,0.0138869,0.0151923,0.0129639,0.0115696,0.00680291,0.00348191,0.00249498,0.00248659,0.0013574,0.000468206,-4.39041e-05,-6.23119e-05,-1.61097e-05,0.0,0.0,0.0,0.0,0.0,-1.11467e-06,-0.000120742,-0.000344947,-0.000122345,0.000520099,0.00166554,0.0045737,0.00579847,0.00639524,0.00837417,0.0090663,0.00934075,0.00682012,0.0040314,0.00253959,0.00108499,0.000831965,0.000830506,0.000299081,-3.43456e-05,-0.000101524,-4.107e-05,-7.32258e-07,0.0,0.0,0.0,0.0,0.0,0.0,-8.56288e-06,-9.94111e-05,-0.000300042,-0.000909252,-0.00168306,-0.00240282,-0.0030416,-0.00292729,-0.00269221,-0.00256803,-0.00185994,-0.00227745,-0.00224833,-0.00196245,-0.00158728,-0.000908898,-0.000549358,-0.000264507,-0.000121955,-3.96747e-05,0.0,0.0,0.0,0.0,0.0,0.0,0.0,0.0,-4.6527e-06,-5.96077e-05,-0.000182674,-0.000380893,-0.000770348,-0.000795638,-0.00136433,-0.00155198,-0.00142263,-0.00151077,-0.00140733,-0.00127491,-0.00120349,-0.000973568,-0.0004813,-0.000134296,-1.70588e-05,-7.47831e-06,0.0,0.0,0.0,0.0,0.0,0.0,0.0,0.0,0.0,0.0,0.0,0.0,-8.52621e-06,-6.04076e-05,-9.9258e-05,-5.49058e-05,-0.000106569,-0.000149066,-0.000103643,-0.000165096,-0.000240742,-0.000206274,-0.000229062,-0.000128225,0.0,0.0,0.0,0.0,0.0,0.0,0.0,0.0,0.0,0.0]}