{"max":0.179356,"min":-0.116967,"acc":0.8888,"arr":[0.0,0.0,0.0,0.0,0.0,0.0,0.0,0.0,0.0,0.0,0.0,0.0,-1.05174e-05,-2.79798e-05,-5.50875e-06,-2.29531e-07,0.0,0.0,0.0,0.0,0.0,0.0,0.0,0.0,0.0,0.0,0.0,0.0,0.0,0.0,0.0,0.0,-1.7528e-07,-5.51707e-07,-1.84071e-05,-4.95035e-05,-0.000113613,-0.000126898,-0.00025074,-0.000267567,-0.000317201,-0.000347392,-0.000415155,-0.0003121,-0.000399451,-0.000333254,-0.000195431,-0.000209528,-0.000141414,-2.60929e-05,-1.56467e-05,-1.23339e-06,0.0,0.0,0.0,0.0,0.0,0.0,-2.82439e-07,-3.89912e-06,-5.60945e-06,-4.08658e-06,-5.58451e-05,-0.000237709,-0.000560272,-0.00115167,-0.00195912,-0.00274141,-0.00415951,-0.00530982,-0.00678449,-0.0075556,-0.00738496,-0.00627161,-0.00516397,-0.00437866,-0.00255278,-0.0014731,-0.00068781,-0.000197231,-8.54088e-05,-3.89465e-05,0.0,0.0,0.0,0.0,-4.20078e-06,-2.06356e-05,-3.53133e-05,-0.00017426,-0.000541286,-0.00148668,-0.00288979,-0.00560181,-0.00869396,-0.012945,-0.0177851,-0.0229483,-0.0289355,-0.0321032,-0.0324936,-0.0315085,-0.0267913,-0.0208763,-0.0126563,-0.00654082,-0.0028262,-0.000849506,-0.000339804,-0.000112363,-4.41765e-05,0.0,0.0,-3.8268e-06,2.10154e-05,-4.04083e-05,-0.000357321,-0.00156227,-0.00346966,-0.00663081,-0.0116237,-0.0181017,-0.0250628,-0.032105,-0.0328751,-0.0275912,-0.0192604,-0.0166018,-0.0206587,-0.0303382,-0.0378277,-0.0394773,-0.0320868,-0.025805,-0.0168054,-0.00930809,-0.00359496,-0.000123809,6.13531e-05,-3.30084e-05,0.0,0.0,-2.99329e-05,-0.000391919,-0.00182331,-0.00543409,-0.0117583,-0.0201306,-0.026786,-0.0292362,-0.0307361,-0.0148206,0.0122205,0.038133,0.0662749,0.0854693,0.0910498,0.0820113,0.0499522,0.0166565,-0.00652843,-0.014001,-0.0126614,-0.0109707,-0.00620813,-8.21131e-05,2.70429e-05,-3.7048e-05,0.0,0.0,-8.92432e-05,-0.00126979,-0.00428995,-0.0102043,-0.0192532,-0.0250705,-0.0209801,-0.0160601,-0.00147707,0.0242758,0.043774,0.0522201,0.0655929,0.0844672,0.0860293,0.0759555,0.0514105,0.0363969,0.0204198,0.0133638,0.00903759,0.00598142,0.00193253,0.00223394,0.000234879,-0.000187036,0.0,-8.13848e-05,-0.000322339,-0.00213267,-0.00569511,-0.0120335,-0.01628,-0.00902553,0.00189738,0.0142411,0.0283394,0.0357821,0.0339255,0.0185277,-0.00373508,-0.0050433,-0.00972575,-0.00865048,0.00871596,0.0146945,0.0273177,0.0346778,0.0384694,0.0344197,0.0180493,0.00281518,0.000358551,-0.000149356,-2.06533e-06,-0.000160374,-0.000798862,-0.0026185,-0.00457519,-0.00657528,0.000104031,0.0159365,0.0274536,0.0457925,0.0529378,0.0436169,0.0316445,-0.00603749,-0.0549729,-0.0722388,-0.0742577,-0.0693876,-0.0240421,0.0191622,0.0410244,0.0604217,0.0691325,0.0566542,0.0307945,0.00586651,0.00146266,7.42891e-05,-2.59162e-05,-0.000217732,-0.00113873,-0.0028514,-0.00147722,0.001827,0.017293,0.0364867,0.0544545,0.0748172,0.0731962,0.0578628,0.026174,-0.0213088,-0.0773562,-0.10582,-0.103656,-0.0778709,-0.0243947,0.0296695,0.0631491,0.0834314,0.0855619,0.0665835,0.0336363,0.00758699,0.002242,2.0581e-05,-3.16384e-05,-0.000198929,-0.000981304,-0.00287048,0.00163045,0.00789169,0.0263724,0.0487848,0.0663067,0.0800892,0.0811109,0.0679305,0.0436983,-0.0016636,-0.0587606,-0.0914261,-0.0902342,-0.0550965,0.00431835,0.0541374,0.0790939,0.0968201,0.0887186,0.0608318,0.0299613,0.00836584,0.00190534,0.000510546,-1.34088e-05,-0.000191416,-0.000807845,-0.00200523,0.000842874,0.00825245,0.0237795,0.0410758,0.055772,0.0661251,0.062863,0.075058,0.0864992,0.0599762,-0.00266262,-0.0497585,-0.0413981,-0.00554461,0.0369797,0.0664725,0.0788954,0.0808855,0.0646928,0.043264,0.0230421,0.00737052,0.00269175,0.000146327,-2.53012e-06,-9.04875e-05,-0.000600047,-0.000981306,-0.00221117,0.000104263,0.00291635,0.00437235,0.0078129,0.0136152,0.0233013,0.0664228,0.131111,0.120297,0.0439356,0.0073641,0.0146557,0.0239735,0.033432,0.0431183,0.0458204,0.0417266,0.026062,0.0149885,0.00887075,0.00381263,0.0012934,-1.53743e-05,-2.79137e-06,-2.94579e-05,-0.000297292,-0.000880273,-0.00543732,-0.014058,-0.025838,-0.040728,-0.0550613,-0.0589256,-0.0318439,0.0596439,0.154409,0.147241,0.0794422,0.0632829,0.0398696,-0.00230951,-0.016759,-0.0154364,-0.00894621,-0.0070604,-0.0073362,-0.00686714,-0.00264299,0.00109783,0.000157567,-6.31257e-05,0.0,-5.00677e-05,-0.000176921,-0.00118348,-0.00718818,-0.0228877,-0.0482024,-0.0771412,-0.105588,-0.116967,-0.0653557,0.0474778,0.143171,0.146715,0.102584,0.0661225,0.0142161,-0.0435292,-0.0826471,-0.0793734,-0.0624249,-0.0425783,-0.0295366,-0.019613,-0.00845553,-0.000798858,-0.000508698,-2.27769e-05,-3.82689e-07,-5.02312e-05,-0.000271322,-0.00142968,-0.0086489,-0.0290515,-0.0576897,-0.084627,-0.107353,-0.106491,-0.0476618,0.054645,0.140793,0.138396,0.0871306,0.0383043,-0.0135727,-0.0818058,-0.113478,-0.108928,-0.0842625,-0.0591149,-0.0373334,-0.022188,-0.0107638,-0.00212551,-0.00083348,-8.42544e-05,-2.18679e-06,-4.04741e-05,-0.000503037,-0.00196832,-0.0109679,-0.0329263,-0.0557727,-0.0664866,-0.0592858,-0.0324565,0.030162,0.111019,0.159186,0.111107,0.0334359,0.00597355,-0.0276118,-0.0762031,-0.105081,-0.101017,-0.0798943,-0.0611167,-0.0379368,-0.0180985,-0.009839,-0.00426885,-0.00117501,-8.56383e-05,0.0,-5.57103e-05,-0.000524919,-0.00389589,-0.0150303,-0.0346093,-0.0464764,-0.0327175,0.00439641,0.0643929,0.114189,0.159353,0.154771,0.0612536,-0.013286,-0.0317529,-0.0290595,-0.0607727,-0.0771276,-0.0720226,-0.057954,-0.0493109,-0.0317766,-0.013696,-0.00765937,-0.00547659,-0.000962038,-2.83506e-05,-3.25043e-06,-2.04875e-05,-0.000826907,-0.00706553,-0.0208758,-0.0340523,-0.0338509,-0.00295569,0.0565672,0.113624,0.145051,0.145802,0.0884262,-0.00769158,-0.0566245,-0.0492012,-0.0431199,-0.0554298,-0.0538111,-0.0473944,-0.0376009,-0.037443,-0.0227122,-0.0116199,-0.00895515,-0.00502369,-0.000607883,-2.66573e-05,-1.60253e-06,-3.889e-05,-0.00129566,-0.0100423,-0.0243726,-0.0316918,-0.0229884,0.0155042,0.069119,0.102933,0.10398,0.0589967,0.00161391,-0.0678814,-0.0922584,-0.06821,-0.0506609,-0.0504509,-0.041666,-0.0301668,-0.0234464,-0.0235007,-0.0133009,-0.00730816,-0.00886795,-0.004715,-0.000725193,-9.76471e-06,0.0,-5.13351e-05,-0.00154613,-0.0118636,-0.024603,-0.0262118,-0.0152926,0.02042,0.0404055,0.0437553,0.0354696,-0.0124353,-0.0492351,-0.0900869,-0.0980642,-0.0729485,-0.0574389,-0.0430022,-0.0215617,-0.0109807,-0.0101327,-0.0103965,-0.00610036,-0.00782566,-0.00897405,-0.0036031,-0.000547247,-3.48757e-06,0.0,-3.21754e-05,-0.00160142,-0.00978936,-0.0218932,-0.0199783,-0.00860836,0.00948663,0.0136651,0.011774,0.0106295,-0.00248813,-0.0148822,-0.0283851,-0.038887,-0.032577,-0.0230737,-0.00563632,0.0150823,0.011521,0.00489552,-0.00404449,-0.00394137,-0.00838955,-0.00753871,-0.00228428,-0.00031409,-4.20721e-06,0.0,-4.19399e-07,-0.00123271,-0.00626135,-0.0168852,-0.0197205,-0.0103904,-0.000377915,0.000714739,0.00821361,0.0366547,0.0793978,0.104566,0.103265,0.0890324,0.0682366,0.056078,0.0500498,0.0446831,0.0259258,0.0123335,0.00182065,-0.00326851,-0.00579698,-0.00377123,-0.000954195,-8.77299e-05,-7.76716e-06,0.0,0.0,-0.000430589,-0.00287477,-0.0115225,-0.0208035,-0.0197122,-0.0138327,-1.54471e-05,0.0126881,0.0459737,0.10002,0.156717,0.179356,0.158805,0.12954,0.0999006,0.069134,0.0465689,0.028788,0.0128646,0.00261134,-0.00243524,-0.002323,-0.00148425,-0.000437282,-5.59592e-05,0.0,0.0,0.0,-6.66368e-05,-0.00121421,-0.00609698,-0.0142449,-0.0194222,-0.0185588,-0.00911232,-0.000556052,0.0166215,0.0417605,0.0690258,0.080421,0.0784305,0.0675862,0.0487031,0.0265751,0.0189665,0.0107498,0.00324728,-0.00126171,-0.00192252,-0.00109102,-0.000580797,-9.15365e-05,-1.97672e-05,0.0,0.0,0.0,-7.56189e-06,-0.000245501,-0.0020453,-0.00538714,-0.00978815,-0.0167094,-0.0256724,-0.0333488,-0.0377528,-0.0402377,-0.0393648,-0.0324077,-0.023127,-0.0162778,-0.013214,-0.00905737,-0.00592694,-0.00440283,-0.00283452,-0.00227972,-0.00123929,-0.000509766,-9.37082e-05,-1.75485e-05,-2.09775e-05,0.0,0.0,0.0,0.0,0.0,-0.000467247,-0.00123005,-0.00270562,-0.00427314,-0.00686345,-0.0089913,-0.0115812,-0.0129605,-0.0135005,-0.0139135,-0.012893,-0.010807,-0.00863503,-0.00625146,-0.00389902,-0.00242072,-0.00131759,-0.00062708,-0.000172044,-5.4393e-05,