{"max":0.0288733,"min":-0.0246781,"acc":0.7992,"arr":[0.0,0.0,0.0,0.0,0.0,0.0,0.0,0.0,0.0,0.0,0.0,0.0,0.0,0.0,0.0,0.0,0.0,0.0,0.0,0.0,0.0,0.0,0.0,0.0,0.0,0.0,0.0,0.0,0.0,0.0,0.0,0.0,0.0,0.0,0.0,0.0,0.0,-2.57502e-05,-6.28216e-05,-7.83794e-05,-0.000118363,-5.57681e-05,-5.51757e-05,-7.35125e-05,-9.27319e-05,-1.55062e-05,-2.23713e-06,-3.116e-05,-3.6593e-05,0.0,0.0,0.0,0.0,0.0,0.0,0.0,0.0,0.0,0.0,0.0,0.0,0.0,0.0,-1.47549e-05,-0.000125636,-0.000302651,-0.000391507,-0.000618054,-0.000979319,-0.001019,-0.00125961,-0.00150812,-0.00148777,-0.00110085,-0.000922287,-0.000768733,-0.000645693,-0.000367154,-0.000136383,-1.59447e-05,0.0,0.0,0.0,0.0,0.0,0.0,0.0,-1.97656e-06,0.0,-2.79722e-05,-8.93538e-05,-0.000210995,-0.000463464,-0.00108962,-0.00162904,-0.0023073,-0.00316158,-0.00419247,-0.00482668,-0.00527208,-0.00474064,-0.00381499,-0.00341528,-0.00263678,-0.00164654,-0.00065203,-5.1373e-05,0.000106701,0.0,0.0,0.0,0.0,0.0,0.0,0.0,-2.13667e-05,-0.000106946,-0.00034232,-0.000592975,-0.00102412,-0.00154992,-0.00288549,-0.00418488,-0.00618777,-0.0078888,-0.00818188,-0.00731544,-0.00539158,-0.00399334,-0.00415451,-0.00431943,-0.00392102,-0.00263045,-0.0019408,-0.000720586,-0.000477309,-0.000311978,-6.79997e-05,-3.17186e-05,0.0,0.0,0.0,-1.67607e-05,-4.84453e-05,-0.000123993,-0.000688482,-0.0013557,-0.00239831,-0.00284661,-0.00368957,-0.00453816,-0.00412913,-0.00113377,0.00595344,0.0107344,0.0127055,0.0145772,0.0139176,0.0103723,0.00600457,0.00354072,0.00227599,0.00114869,-0.000360192,-0.000465883,0.000112785,0.000176867,0.0,0.0,0.0,-1.83679e-06,-5.48436e-05,-0.000314848,-0.0010736,-0.00159386,-0.00226688,-0.00175547,-0.00175141,-1.76507e-05,0.00496301,0.0130154,0.0171606,0.0183138,0.0168312,0.0162926,0.0157375,0.0149892,0.0149436,0.0101926,0.00733723,0.00329872,0.000915006,0.00049379,0.00110171,0.00017604,-2.20779e-05,0.0,0.0,-9.0947e-05,-0.000306055,-0.000530162,-0.000875667,-0.00118041,-0.000348441,0.000666084,0.0019724,0.00509346,0.0102367,0.0169175,0.0135581,0.00591098,-0.00188119,-0.00344231,0.00165539,0.00628358,0.0108459,0.00967483,0.0084517,0.00638604,0.00426009,0.00238498,0.0018893,0.00037969,-0.000107473,0.0,-3.12326e-05,-0.000254383,-0.000453196,-0.000704292,-0.000263331,0.000695817,0.00157535,0.00283629,0.00630038,0.00732996,0.00754165,0.00941536,-0.000757759,-0.0128551,-0.0178256,-0.0172367,-0.010429,0.000170785,0.00943547,0.011136,0.00967886,0.0091073,0.00662521,0.00432701,0.0021431,0.000594887,-3.70188e-05,0.0,-3.37926e-05,-0.000188254,-0.000536774,0.000177046,0.00040157,2.04978e-05,0.00225588,0.0033493,0.00480656,0.00507318,0.00597915,0.00312031,-0.00775254,-0.0202376,-0.0239817,-0.0201918,-0.012628,-0.000205754,0.00994305,0.0135479,0.00933223,0.0102168,0.00829602,0.00520697,0.00204311,0.000142343,0.0,0.0,-1.7067e-06,-8.67703e-05,-0.000398645,0.000908847,3.43282e-05,-3.38791e-05,0.00102231,0.000432682,0.000468133,0.00395554,0.00781588,0.00482414,-0.00543544,-0.0164464,-0.0165587,-0.0116897,-0.0045588,0.00630808,0.0139401,0.0125343,0.0106841,0.0102602,0.0070639,0.00294513,0.0012549,0.000371147,0.0,0.0,0.0,-6.87088e-05,-0.000446193,5.08329e-05,-0.000717584,-0.00107498,-0.000893518,-0.00337434,-0.00202284,0.00214881,0.012762,0.0110328,0.00330982,-0.00584178,-0.00418905,0.00249829,0.00929482,0.0113925,0.0110835,0.00827228,0.00606732,0.00430146,0.00230745,0.00114774,0.000622145,9.91639e-05,-1.71851e-05,0.0,0.0,-4.84372e-05,-0.000258926,-0.000580289,-0.00253034,-0.0035694,-0.00568746,-0.00977658,-0.00910958,-0.000846916,0.0116772,0.0220609,0.0133435,0.00483998,0.00821191,0.0113532,0.0104212,0.00451317,0.000707798,-0.00133459,-0.00143315,-0.00159764,-0.00149901,-0.000784285,0.000269762,4.40573e-06,-1.994e-05,0.0,0.0,-4.27178e-05,-0.000222526,-0.000711707,-0.00353918,-0.00737355,-0.0116308,-0.0163502,-0.0174267,-0.00777944,0.00831055,0.025426,0.0214838,0.0159813,0.0157005,0.0100478,-0.00312954,-0.00914278,-0.00948938,-0.00872931,-0.00711692,-0.00547499,-0.00367616,-0.00178275,-0.000227861,-3.2671e-05,-5.37855e-06,0.0,-2.20039e-05,-4.32587e-05,-0.000139868,-0.000876543,-0.0043862,-0.00937827,-0.0161388,-0.0213106,-0.0223991,-0.01223,0.00668349,0.0217631,0.0249734,0.0236445,0.0164685,0.00030526,-0.0127574,-0.0195794,-0.019559,-0.0156702,-0.0112256,-0.0074226,-0.00477719,-0.00192784,-0.000232997,-4.20416e-05,0.0,0.0,-5.02312e-05,-5.07045e-05,-0.000120801,-0.00106972,-0.00511596,-0.0109692,-0.0175398,-0.022512,-0.0219158,-0.00923246,0.0092379,0.0257411,0.0268769,0.0218384,0.0123375,-0.00304472,-0.0167161,-0.0237804,-0.0246781,-0.019404,-0.013079,-0.00880876,-0.00453338,-0.00202378,-0.000302632,-0.0001024,-1.92008e-05,0.0,-2.3782e-05,-4.97866e-05,-0.000104992,-0.00141978,-0.00602362,-0.0118887,-0.0161612,-0.016854,-0.0130816,0.00165836,0.0223069,0.0288733,0.0219764,0.0128066,0.00647318,-0.00355399,-0.0138249,-0.0199882,-0.0217467,-0.018256,-0.0135228,-0.00915986,-0.00440601,-0.00209456,-0.000628899,-0.000212102,-3.9531e-05,0.0,-1.89352e-05,-5.2676e-05,-0.000317307,-0.00191941,-0.00654262,-0.0118262,-0.013232,-0.00879048,0.00114747,0.0180995,0.0288344,0.0282823,0.0131175,0.000195536,-0.00281839,-0.00247715,-0.00801005,-0.0128853,-0.0173799,-0.0152891,-0.0118448,-0.00842024,-0.00433256,-0.00175975,-0.000528782,-8.21906e-05,-2.03302e-06,0.0,-7.02942e-06,-6.72084e-05,-0.000663402,-0.00240432,-0.00680446,-0.0113234,-0.00898167,-0.000121678,0.014237,0.0264534,0.0270894,0.0161513,-0.00128807,-0.00943984,-0.00696925,-0.00353883,-0.00453937,-0.00941314,-0.0116303,-0.0118367,-0.0104234,-0.00681032,-0.00427662,-0.00153187,-0.000220265,-2.11814e-05,0.0,0.0,0.0,-9.63997e-05,-0.000802139,-0.00267742,-0.00633231,-0.00883169,-0.00555721,0.00777944,0.0175694,0.0221474,0.0130486,-0.000241619,-0.0127865,-0.0180566,-0.0131753,-0.00517924,-0.00373226,-0.00824548,-0.00889601,-0.0100504,-0.00812271,-0.00534786,-0.00348232,-0.00101208,-0.000238567,-7.70265e-05,0.0,0.0,0.0,-0.000113793,-0.000835955,-0.00268867,-0.00510064,-0.00770877,-0.0010251,0.00886989,0.0124194,0.0115797,-0.000869499,-0.0110414,-0.0187849,-0.0203849,-0.0141051,-0.00422169,-0.000894816,-0.00390966,-0.00479199,-0.00626101,-0.0045443,-0.00243805,-0.00190026,-0.000916688,-0.000276407,-2.50986e-05,0.0,0.0,0.0,-8.28283e-05,-0.000719235,-0.00235458,-0.00391665,-0.003589,-0.000609373,0.00616538,0.00802456,0.00536581,-0.00178803,-0.00545333,-0.00807713,-0.00868021,-0.00353717,0.00277284,0.00342389,0.00306749,-0.000870858,-0.00250929,-0.00130516,-0.000353658,-0.000826503,-0.000785636,-6.59952e-05,-1.74296e-07,0.0,0.0,0.0,-2.10853e-05,-0.000499961,-0.00154504,-0.0025615,-4.15358e-05,0.00194552,0.00390249,0.010571,0.0108098,0.0108014,0.014237,0.0146024,0.0153037,0.0155504,0.0146116,0.011131,0.00535516,0.00231144,0.00236711,0.00169795,0.000653287,-0.000391047,-0.000418073,-4.12322e-05,0.0,0.0,0.0,0.0,0.0,-0.000208878,-0.00102542,-0.00142582,0.000903924,0.00393934,0.00489292,0.0112083,0.0155526,0.0197606,0.0242203,0.0244754,0.0247458,0.0219858,0.0194573,0.011606,0.00608441,0.004538,0.00341601,0.001715,0.000479947,-0.000247337,-0.000154941,-1.61097e-05,0.0,0.0,0.0,0.0,0.0,-5.04447e-06,-0.000238969,-0.000658425,0.000118441,0.00190048,0.00281263,0.00559022,0.00769233,0.0102829,0.0148392,0.0157094,0.0158684,0.0116394,0.00643016,0.00350702,0.00214182,0.00164275,0.00146073,0.000379075,-8.84391e-05,-0.000218425,-0.00010014,-7.32258e-07,0.0,0.0,0.0,0.0,0.0,0.0,-1.02753e-05,-0.000136323,-0.000598995,-0.00155259,-0.00310659,-0.00394893,-0.00504225,-0.00498194,-0.00407044,-0.00420858,-0.00363201,-0.00386175,-0.00381178,-0.00296408,-0.0019114,-0.00115714,-0.000607316,-0.000336349,-0.000181083,-0.000110148,-2.23818e-05,0.0,0.0,0.0,0.0,0.0,0.0,0.0,-1.91131e-05,-0.000110946,-0.00032795,-0.000615889,-0.00134489,-0.00180658,-0.00254057,-0.00260613,-0.00253318,-0.00246638,-0.00238183,-0.00208275,-0.0018768,-0.0014656,-0.000763868,-0.000278966,-7.2183e-05,-4.62117e-05,-2.73965e-05,-5.45558e-06,0.0,0.0,0.0,0.0,0.0,0.0,0.0,0.0,0.0,0.0,-8.52621e-06,-8.24972e-05,-0.000164363,-0.000157424,-0.000190149,-0.000240223,-0.000227976,-0.000252071,-0.000327842,