{"max":0.0138931,"min":-0.0106902,"acc":0.6226,"arr":[0.0,0.0,0.0,0.0,0.0,0.0,0.0,0.0,0.0,0.0,0.0,0.0,0.0,0.0,0.0,0.0,0.0,0.0,0.0,0.0,0.0,0.0,0.0,0.0,0.0,0.0,0.0,0.0,0.0,0.0,0.0,0.0,0.0,0.0,0.0,0.0,0.0,-2.4569e-05,-4.54911e-05,-5.56642e-06,0.0,0.0,-2.58521e-05,-4.69401e-05,-3.78081e-05,0.0,0.0,0.0,0.0,0.0,0.0,0.0,0.0,0.0,0.0,0.0,0.0,0.0,0.0,0.0,0.0,0.0,0.0,0.0,0.0,-6.2902e-05,-0.000146709,-0.000174695,-0.000313305,-0.000272576,-0.000440219,-0.000701011,-0.000633219,-0.000202685,-0.000240507,-0.000178584,-0.000166609,-7.0727e-05,-4.49938e-05,-6.53437e-06,0.0,0.0,0.0,0.0,0.0,0.0,0.0,0.0,0.0,-2.46238e-05,-5.31306e-05,-5.30562e-05,-9.39013e-05,-0.000317018,-0.000577756,-0.000793657,-0.00103701,-0.00134047,-0.00155073,-0.00179694,-0.00181167,-0.00142147,-0.00121971,-0.000811228,-0.000623876,-0.000272612,-0.000148302,-3.71118e-05,0.0,0.0,0.0,0.0,0.0,0.0,0.0,0.0,0.0,-3.76012e-05,-0.0001179,-0.000312185,-0.000657759,-0.00120758,-0.00188685,-0.00246851,-0.0032707,-0.00421694,-0.00503988,-0.00539931,-0.00561793,-0.00514651,-0.0040391,-0.00287224,-0.00195201,-0.00104784,-0.000353213,-9.34815e-05,-1.46758e-05,-3.40027e-05,-2.97523e-05,0.0,0.0,0.0,0.0,0.0,0.0,-0.000149632,-0.00048006,-0.00107376,-0.00193673,-0.00286576,-0.00386464,-0.00474124,-0.00621178,-0.0075338,-0.00834491,-0.00908587,-0.00870419,-0.00758137,-0.00608013,-0.00514259,-0.00391314,-0.00247118,-0.00127791,-0.000557919,-0.000352743,-0.000189399,-5.79269e-05,0.0,0.0,0.0,0.0,0.0,-4.9982e-05,-0.000395286,-0.0010691,-0.00214459,-0.00291113,-0.00313231,-0.00404885,-0.00382929,-0.00197556,9.64292e-05,0.00195984,0.00226365,0.0011781,-0.000442184,-0.00315083,-0.00343662,-0.00240642,-0.00224479,-0.00188365,-0.00145866,-0.00108795,-0.000664841,-0.000146928,-7.96854e-06,0.0,0.0,-1.59723e-05,-4.278e-05,-0.000232902,-0.000680334,-0.00155741,-0.0025205,-0.00271745,-0.00307084,-0.00105285,0.00239202,0.00672927,0.00880463,0.0107341,0.00994498,0.011212,0.00701879,0.000480321,-0.00348436,-0.00300933,-0.00218547,-0.00220063,-0.00167408,-0.000837607,-0.00071358,-0.000241716,-5.30537e-05,0.0,0.0,-9.68226e-05,-0.000173588,-0.000504011,-0.00120969,-0.00193698,-0.00228091,-0.00155415,0.000699955,0.005221,0.00841116,0.00943554,0.00966342,0.00801233,0.00600924,0.00620621,0.00571207,0.0035228,-0.00317426,-0.00358471,-0.00169829,-0.00146606,-0.00149141,-0.000689454,-0.000531817,-0.000252332,-2.91481e-05,0.0,0.0,-8.17416e-05,-0.000293392,-0.000687345,-0.00110824,-0.00169679,-0.00151367,0.00169891,0.00612127,0.00857512,0.0100978,0.00632621,0.0014742,-0.00027339,-5.81753e-05,0.00203658,0.00471132,0.00502194,0.000300248,-0.00181144,-0.00074771,-0.000696498,-0.0011156,-0.000637831,-0.000324218,-0.000139184,0.0,0.0,0.0,-3.48259e-05,-0.000297951,-0.000744423,-0.000788808,-0.000885191,0.00156245,0.00612492,0.00899633,0.0103504,0.00645118,-0.00028994,-0.00370891,-0.00464846,-0.00266929,0.0011914,0.00433013,0.00553389,0.00232823,0.000538953,0.000372243,-0.000764859,-0.00120487,-0.000468969,-0.000143974,-5.73001e-05,0.0,0.0,0.0,0.0,-0.000178759,-0.000184137,-0.000123812,0.000885325,0.00478219,0.00807078,0.0103008,0.00829565,0.00171333,-0.00479799,-0.00594567,-0.0055458,-0.00227263,0.00245016,0.00522165,0.00865936,0.0047938,0.00219377,0.000324337,-0.00155371,-0.00140845,-0.000432242,-4.461e-05,-1.05765e-05,0.0,0.0,0.0,-4.02135e-06,-0.000103774,0.000464243,0.000781926,0.00273386,0.00503561,0.00805383,0.0108526,0.00619209,-0.00165705,-0.00623748,-0.00611448,-0.00463804,-0.00113165,0.00367673,0.00920306,0.0100901,0.00616641,0.000984428,-0.000597445,-0.0017139,-0.00127386,-0.000592699,-6.70555e-06,0.0,0.0,0.0,0.0,-2.47631e-05,-8.6132e-05,0.000623483,0.00150685,0.00250992,0.00476781,0.00895322,0.0115387,0.00700257,0.0012089,-0.00216366,-0.00285832,-0.00231822,0.00168249,0.00813585,0.0124375,0.0106237,0.00424282,0.00042506,-0.00147924,-0.00209499,-0.00132034,-0.000720666,-7.37267e-05,0.0,0.0,0.0,0.0,-2.70912e-05,-2.43322e-05,0.000404921,0.001618,0.00139289,0.00306727,0.00794499,0.0108943,0.00805717,0.0053297,0.0025803,0.00133452,0.00261803,0.00621861,0.0118726,0.0138931,0.00759563,0.000560089,-0.00155067,-0.00266485,-0.00275778,-0.00164158,-0.000777021,-0.000105299,0.0,0.0,0.0,0.0,-2.13767e-05,0.0,-1.97008e-05,0.000908851,-0.000354488,0.000639462,0.00456601,0.00733226,0.00892278,0.00867871,0.00692632,0.0043979,0.00357202,0.00650658,0.0125681,0.0121646,0.00446307,-0.00162262,-0.00322973,-0.00361317,-0.00300965,-0.00190598,-0.00083802,-0.000120513,-1.98565e-06,-1.6878e-05,0.0,0.0,0.0,-1.94661e-05,-0.000380116,-7.0174e-06,-0.00106804,-0.000994941,0.0011017,0.00435033,0.00545102,0.00572637,0.00445888,0.00146008,0.00168186,0.00696742,0.0109848,0.00863105,0.00162708,-0.00245335,-0.00347738,-0.00397688,-0.00260934,-0.00176549,-0.000939121,-0.000273012,-4.09044e-05,-3.47488e-05,0.0,0.0,0.0,-0.000117551,-0.000701993,-0.00127254,-0.00150899,-0.00252742,-0.00221394,-0.00147365,-0.00101482,-0.0018564,-0.00270536,-0.00221659,0.00196934,0.00805254,0.00830714,0.00368805,0.000237224,-0.00261486,-0.00403013,-0.00380502,-0.00282575,-0.00164677,-0.000907258,-0.00030179,-1.05239e-05,-1.78708e-06,0.0,0.0,-3.58727e-05,-0.000294077,-0.000941688,-0.00173203,-0.00205669,-0.00330605,-0.00476047,-0.0051394,-0.00530943,-0.00501466,-0.00395875,-0.00121218,0.0032065,0.00644561,0.00345054,0.000386754,-0.000782901,-0.00228837,-0.00404966,-0.00410721,-0.00280979,-0.00147802,-0.000847639,-0.000196627,0.0,0.0,0.0,0.0,-6.41974e-05,-0.000318893,-0.000924276,-0.00171796,-0.00286314,-0.00437946,-0.00708219,-0.0086267,-0.00886967,-0.00810168,-0.00549089,-0.001757,0.00148948,0.00244353,-0.000778267,-0.00209139,-0.000908743,-0.00274987,-0.00366185,-0.00374442,-0.00238045,-0.00120224,-0.000588704,-0.000116378,0.0,0.0,0.0,0.0,-4.0912e-05,-0.000251981,-0.0007602,-0.00156544,-0.00320342,-0.0052404,-0.00790962,-0.0100699,-0.0106902,-0.00947853,-0.00663387,-0.00238605,-0.000862298,-0.00182064,-0.00377443,-0.00331648,-0.000892532,-0.00288065,-0.00242505,-0.00268008,-0.00161121,-0.000936697,-0.000431415,-0.000103266,0.0,0.0,0.0,0.0,-1.05163e-05,-7.47456e-05,-0.000556211,-0.00134695,-0.00308686,-0.00573152,-0.00833126,-0.0104147,-0.0103307,-0.00950307,-0.00645586,-0.00400254,-0.00292321,-0.00324472,-0.00388161,-0.0032481,-0.000439112,-0.00058743,-0.000940417,-0.00101488,-0.00103125,-0.000614867,-0.000173645,-1.93769e-05,0.0,0.0,0.0,0.0,0.0,-3.49489e-05,-0.000338198,-0.00102128,-0.00220783,-0.00433808,-0.00675382,-0.00837516,-0.00887649,-0.00764535,-0.00516763,-0.00330596,-0.00251719,-0.00261318,-0.00147437,-0.000447013,0.00217949,0.00178526,0.000635604,0.00044976,-0.000188834,-0.000212815,-4.59228e-05,-8.45167e-06,0.0,0.0,0.0,0.0,0.0,-2.61429e-05,-0.000202852,-0.000739322,-0.00140964,-0.00193291,-0.0031374,-0.00518553,-0.00495016,-0.00262849,-0.00159866,-0.000867146,-0.000142704,-0.000633301,0.00109545,0.00241835,0.00436119,0.00439437,0.00217131,0.00143261,0.000371105,-6.75827e-05,0.0,0.0,0.0,0.0,0.0,0.0,0.0,0.0,-4.71162e-05,-0.000168918,-6.66751e-05,0.000682568,0.000619681,-0.000255393,0.00125802,0.00294412,0.00276598,0.00378682,0.00324245,0.00288299,0.00409298,0.00506776,0.0048916,0.00401083,0.00254278,0.00170027,0.000613412,0.000302589,0.0,0.0,0.0,0.0,0.0,0.0,0.0,0.0,0.0,-3.65502e-05,2.54685e-05,0.000719454,0.00139856,0.00120028,0.00234904,0.00379202,0.00441611,0.00545686,0.00404599,0.00381929,0.00419451,0.00508881,0.0037582,0.00266025,0.00153916,0.000915096,0.000441529,0.000312684,0.0,0.0,0.0,0.0,0.0,0.0,0.0,0.0,0.0,0.0,-2.02244e-07,1.64521e-05,0.000116001,-7.28488e-05,0.000201058,0.000538225,0.000964965,0.00214656,0.00140714,0.000727782,0.00154641,0.00167031,0.00119691,0.000327481,-1.70588e-05,-7.94758e-06,0.0,0.0,0.0,0.0,0.0,0.0,0.0,0.0,0.0,0.0,0.0,0.0,7.18336e-05,0.000398118,0.000324785,2.98096e-05,-6.1337e-05,-3.9965e-05,-4.80098e-05,-0.000127772,-0.000167471,-0.000186725,-0.000239591,-0.000128518,0.0,0.0,0.0,0.0,0.0,0.0,0.0,0.0,0.0,0.0]}