{"max":0.12345,"min":-0.0931033,"acc":0.854,"arr":[0.0,0.0,0.0,0.0,0.0,0.0,0.0,0.0,0.0,0.0,0.0,0.0,0.0,0.0,0.0,0.0,0.0,0.0,0.0,0.0,0.0,0.0,0.0,0.0,0.0,0.0,0.0,0.0,0.0,0.0,0.0,0.0,0.0,0.0,-4.08558e-05,-0.000104889,-0.000185613,-0.00014121,-0.000275306,-0.000247938,-0.000240158,-0.000273597,-0.000323912,-0.000203083,-0.000358403,-0.000275312,-0.000129923,-0.00015368,-8.11131e-05,-5.45713e-07,0.0,0.0,0.0,0.0,0.0,0.0,0.0,0.0,0.0,-7.45312e-06,-6.6918e-06,-2.97052e-06,-5.7261e-05,-0.000282663,-0.000587826,-0.000874721,-0.00146473,-0.00201956,-0.00269251,-0.00327516,-0.00420707,-0.00465594,-0.00467354,-0.00375207,-0.00312335,-0.0023746,-0.00145728,-0.000820066,-0.000312614,-3.79267e-05,0.0,0.0,0.0,0.0,0.0,0.0,-7.03637e-07,-3.18228e-05,-3.29634e-05,-5.41879e-05,-0.000233928,-0.0007548,-0.00151187,-0.00291792,-0.00451062,-0.00649,-0.00854863,-0.0110224,-0.0133305,-0.0144602,-0.0139399,-0.0122641,-0.0104683,-0.00824551,-0.00506343,-0.0026709,-0.00127893,-0.000435687,-0.00014006,-3.07872e-05,-4.99281e-06,0.0,0.0,-1.14761e-06,-4.25408e-06,-2.27367e-05,-0.000130212,-0.000445796,-0.00108747,-0.00243384,-0.00490535,-0.0092592,-0.0143597,-0.020874,-0.0288836,-0.0375469,-0.0437073,-0.0454493,-0.0444836,-0.0395807,-0.032917,-0.0253558,-0.0178946,-0.0116251,-0.00573703,-0.00265203,-0.00126682,-0.000389216,-8.46211e-05,0.0,0.0,0.0,-1.65345e-05,-8.26118e-05,-0.000510629,-0.00189117,-0.00432718,-0.00829247,-0.0146772,-0.0240922,-0.0318996,-0.0430339,-0.0585981,-0.0725415,-0.0852752,-0.0922616,-0.0909015,-0.0835714,-0.0720875,-0.0575262,-0.0425556,-0.029691,-0.0203282,-0.0134955,-0.00657762,-0.00177462,-0.000332944,0.0,0.0,0.0,-3.71875e-05,-0.000396326,-0.00181082,-0.00520356,-0.0104303,-0.0188479,-0.0299244,-0.0396359,-0.0482423,-0.0490866,-0.0396994,-0.0210759,-0.000476793,0.0128494,0.0112137,-0.00478824,-0.0263432,-0.0460051,-0.0477064,-0.0400486,-0.0317069,-0.0221451,-0.0129628,-0.00483596,-0.000933862,-8.23471e-05,0.0,-3.35345e-05,-0.000343963,-0.00165291,-0.00501731,-0.0121451,-0.020793,-0.0320771,-0.041491,-0.0453245,-0.0353166,-0.00565672,0.0322993,0.0750356,0.109568,0.12345,0.11079,0.0716006,0.0188164,-0.0219724,-0.0413169,-0.0446626,-0.037047,-0.0273573,-0.015772,-0.00719421,-0.00164725,-0.000123901,0.0,-0.000118571,-0.00104893,-0.00421227,-0.00977757,-0.0184176,-0.0263537,-0.0349471,-0.02958,-0.0213014,0.00677007,0.0431687,0.0727259,0.0905037,0.0882263,0.0819023,0.0719546,0.047124,0.0200027,-0.0136972,-0.031634,-0.0351901,-0.0324758,-0.0261421,-0.0156733,-0.00675464,-0.00156084,-5.95071e-05,-5.23567e-05,-0.000327922,-0.0016647,-0.00550025,-0.0114213,-0.0159201,-0.0185965,-0.0193952,-0.00636297,0.0180007,0.0483748,0.0658914,0.0508905,0.0228212,0.000617946,-0.00548194,0.00184271,0.0132076,0.0157414,0.00832443,-0.00961216,-0.0218018,-0.0238273,-0.0191012,-0.0114944,-0.00472304,-0.00110757,-4.78886e-05,-6.12075e-05,-0.000456758,-0.00194471,-0.00483868,-0.00729831,-0.00602844,-0.00249349,0.00614975,0.0331435,0.0540623,0.0722341,0.0463859,-0.000119273,-0.0370116,-0.0527801,-0.044365,-0.0122001,0.0207879,0.0398232,0.037198,0.013942,-0.00611113,-0.012302,-0.0114679,-0.00639775,-0.00255982,-0.000725847,-0.000128025,-4.6774e-05,-0.000341673,-0.00148159,-0.00254167,-0.000678427,0.00590828,0.0141212,0.0344134,0.0593463,0.0766733,0.0616436,0.0112373,-0.0397985,-0.0600006,-0.054705,-0.0279018,0.0146746,0.0513852,0.0732271,0.0654927,0.0309174,0.00424208,-0.00586547,-0.00798374,-0.00404549,-0.00109089,-0.000365487,-7.90719e-05,0.0,-0.000157399,-0.000909532,0.000213753,0.0060939,0.0136617,0.0266836,0.0479709,0.0690748,0.0776056,0.0399982,-0.0175867,-0.0509623,-0.0483473,-0.0301545,0.00550266,0.0484303,0.081366,0.092905,0.0696619,0.0259797,0.00520017,-0.00599096,-0.00784019,-0.00384057,-0.000719746,-0.000231198,-2.50084e-05,-1.9898e-06,-0.00010838,-0.000575333,0.00115488,0.0101456,0.0168784,0.0292796,0.0506762,0.0738043,0.0727587,0.0322496,-0.00652427,-0.0191311,-0.0128835,0.00728337,0.0373066,0.073384,0.0997633,0.0905369,0.0454979,0.0102505,-0.00553966,-0.0122903,-0.010723,-0.00569355,-0.0010179,-0.000187387,-8.91888e-06,0.0,-7.8055e-05,-0.000349203,0.0010813,0.00815921,0.0117088,0.0210003,0.0378167,0.0656865,0.0733841,0.0498053,0.0290735,0.0203753,0.0164748,0.0206907,0.0383825,0.0813906,0.0983339,0.0602991,0.00608476,-0.0170528,-0.024018,-0.0216891,-0.0144544,-0.00737797,-0.00136229,-0.000214105,-1.61438e-06,0.0,-3.8499e-05,-0.000200747,0.000794416,0.00415478,0.00353618,0.00459834,0.0169552,0.0462158,0.0611559,0.0637066,0.0536284,0.038859,0.012889,-0.00278493,0.0266916,0.0782133,0.0780436,0.0217243,-0.0265961,-0.0387745,-0.0354319,-0.0276896,-0.0166586,-0.00797745,-0.0018888,-0.000302808,-6.23732e-05,0.0,-2.34516e-05,-0.000140742,0.000236883,0.000109407,-0.00485667,-0.010124,-0.00359693,0.019143,0.0358743,0.0427208,0.0376415,0.0161381,-0.0144384,-0.0164186,0.0294739,0.0722863,0.0497108,-0.00858029,-0.0416425,-0.04542,-0.0378389,-0.0261727,-0.0158576,-0.00748251,-0.00220025,-0.000498904,-5.03633e-05,0.0,-2.80296e-05,-0.000132233,-0.000645058,-0.00430773,-0.0129141,-0.0203018,-0.0212659,-0.0144387,-0.00480375,0.000875812,-0.00415174,-0.0194489,-0.0307572,-0.00977151,0.0378132,0.0542652,0.0194498,-0.0253649,-0.0453866,-0.0439158,-0.0341425,-0.0228715,-0.0138565,-0.00707007,-0.00226463,-0.000311034,-8.07822e-06,0.0,-1.30678e-05,-0.000267026,-0.00162256,-0.006396,-0.0178011,-0.0266328,-0.0342938,-0.038645,-0.0424653,-0.044917,-0.0469461,-0.046898,-0.0362824,-0.00192298,0.0260475,0.0235112,-0.00840233,-0.0347216,-0.0442773,-0.0378021,-0.0308524,-0.0195621,-0.0116368,-0.00598248,-0.00148636,-0.00012327,-2.34162e-06,0.0,0.0,-0.000418393,-0.00232768,-0.00785192,-0.0195101,-0.0332613,-0.0455044,-0.0581518,-0.0706801,-0.0771778,-0.0753503,-0.0625168,-0.0369551,-0.00732811,0.00298605,-0.00896708,-0.023775,-0.0352584,-0.0406522,-0.0319553,-0.0259921,-0.0148165,-0.00789401,-0.00337172,-0.000610777,-0.000184112,-2.20015e-06,0.0,-5.27586e-07,-0.000230548,-0.00273516,-0.00781104,-0.0186885,-0.0348011,-0.0516065,-0.0694162,-0.0849895,-0.0931033,-0.0881519,-0.0650543,-0.0386785,-0.0206849,-0.0217686,-0.0313207,-0.0290571,-0.030871,-0.0321738,-0.0224569,-0.0176804,-0.0100457,-0.0045699,-0.00153224,0.000273931,-0.000119517,0.0,0.0,-7.50796e-06,-0.000335241,-0.00234309,-0.00663041,-0.0164203,-0.0323804,-0.0502293,-0.0691041,-0.0855782,-0.0901497,-0.0826681,-0.0616886,-0.0434114,-0.0403962,-0.0411347,-0.0375277,-0.0217766,-0.0208716,-0.0183806,-0.0123383,-0.00926262,-0.00480792,-0.000879078,0.000149342,0.000313191,-9.00009e-05,0.0,0.0,0.0,-0.00032264,-0.00147117,-0.00454292,-0.011964,-0.0250342,-0.0404684,-0.0576822,-0.071471,-0.0736893,-0.0652678,-0.0501514,-0.0431711,-0.0443521,-0.0418217,-0.0253097,-0.0027953,-0.00129429,-0.00203283,-0.00177461,7.1213e-05,0.000897189,0.00227043,0.00132772,0.000423495,-2.29878e-05,0.0,0.0,0.0,-0.000106406,-0.000503431,-0.00227764,-0.00528224,-0.0132762,-0.0231884,-0.0327074,-0.0420744,-0.0387879,-0.0324599,-0.0258375,-0.0290011,-0.0275366,-0.0227763,0.00062879,0.0225632,0.020889,0.0160079,0.0100861,0.00709724,0.00514919,0.00355554,0.00170122,7.59278e-05,-2.44713e-05,0.0,0.0,0.0,-9.51029e-06,-6.45289e-05,-0.000130926,0.00055074,-0.00100062,-0.0034897,-0.00455212,-0.00195351,0.00927585,0.0214582,0.0223828,0.0176575,0.0133383,0.0186981,0.0360747,0.0490931,0.0419029,0.0294005,0.0195116,0.0109963,0.0057451,0.00313114,0.00136438,-8.40852e-05,0.0,0.0,0.0,0.0,4.52181e-05,-1.91535e-07,0.000124459,0.00111977,0.00124607,0.00304575,0.00690168,0.0181551,0.0340956,0.0471545,0.0492539,0.047353,0.0397682,0.0364089,0.0460657,0.0516854,0.0399029,0.0290205,0.0187906,0.0104093,0.00376574,0.00137426,0.000294822,0.0,0.0,0.0,0.0,0.0,0.0,0.0,-1.10022e-05,0.000124828,0.00018493,-5.90655e-05,-0.000548654,0.00110877,0.0071715,0.00987391,0.00833995,0.00892922,0.0108815,0.00948435,0.0117314,0.0151838,0.0124292,0.00793415,0.00582962,0.00325608,0.000838802,0.000128298,0.0,0.0,0.0,0.0,0.0,0.0,0.0,0.0,0.0,0.0,2.16739e-05,0.000250811,8.95509e-05,-0.000297935,-0.000727459,-0.000913002,