{"max":0.00674068,"min":-0.00453046,"acc":0.4222,"arr":[0.0,0.0,0.0,0.0,0.0,0.0,0.0,0.0,0.0,0.0,0.0,0.0,0.0,0.0,0.0,0.0,0.0,0.0,0.0,0.0,0.0,0.0,0.0,0.0,0.0,0.0,0.0,0.0,0.0,0.0,0.0,0.0,0.0,0.0,0.0,0.0,0.0,0.0,0.0,0.0,0.0,0.0,0.0,-1.64427e-05,-3.1547e-05,0.0,0.0,0.0,0.0,0.0,0.0,0.0,0.0,0.0,0.0,0.0,0.0,0.0,0.0,0.0,0.0,0.0,0.0,0.0,0.0,-1.28743e-05,-5.83231e-05,-9.78416e-05,-7.49487e-05,-3.00373e-05,-0.000113239,-0.000193492,-0.000233031,-0.000128411,-0.000115294,-3.53201e-05,-4.67772e-05,-2.23797e-05,0.0,0.0,0.0,0.0,0.0,0.0,0.0,0.0,0.0,0.0,0.0,0.0,0.0,0.0,-7.17733e-07,-4.92715e-05,-0.000157851,-0.000265468,-0.000269387,-0.000374676,-0.000562983,-0.000668801,-0.000532195,-0.000442303,-0.000412554,-0.000357548,-0.00035486,-0.000202234,-0.000108536,-3.28177e-05,0.0,0.0,0.0,0.0,0.0,0.0,0.0,0.0,0.0,0.0,-3.37178e-05,-0.000147606,-0.00025652,-0.000493866,-0.000758636,-0.00100236,-0.0011649,-0.00152426,-0.00195629,-0.00215447,-0.00233302,-0.002371,-0.00197688,-0.00149202,-0.000994605,-0.000615867,-0.000287369,-7.35382e-05,0.0,0.0,0.0,0.0,0.0,0.0,0.0,0.0,0.0,-3.21184e-05,-0.000136929,-0.000355555,-0.000724832,-0.00102097,-0.00151887,-0.0022133,-0.00292358,-0.00342352,-0.00379783,-0.00403837,-0.00423997,-0.00424992,-0.00320004,-0.00231266,-0.00151519,-0.000933234,-0.000574018,-0.000243647,-0.000124842,-5.50448e-05,-1.08887e-05,0.0,0.0,0.0,0.0,0.0,0.0,-8.39005e-05,-0.000349432,-0.000703489,-0.000899835,-0.00121815,-0.00172915,-0.00200564,-0.000798749,0.000837807,0.00199549,0.00211006,0.000829523,-0.00106858,-0.00316645,-0.00282629,-0.00171241,-0.000655018,-0.000600752,-0.000586701,-0.000474766,-0.00033831,-4.04399e-05,0.0,0.0,0.0,0.0,-1.93402e-05,-6.60963e-05,-0.000266583,-0.000575403,-0.000764449,-0.00119033,-0.00174982,-0.000503546,0.00170626,0.00441698,0.00530702,0.00600252,0.00558122,0.00587463,0.00364787,-0.000529199,-0.00270352,-0.00218335,-0.000917398,-0.000488961,-0.000383757,-7.86244e-05,-0.000268782,-4.27451e-05,0.0,0.0,0.0,-2.75624e-05,-8.04788e-05,-0.000233878,-0.000554654,-0.00087443,-0.00113707,-0.00124638,1.44214e-05,0.00322454,0.00500011,0.00544539,0.00512876,0.00468301,0.00383002,0.00387422,0.00503195,0.00332549,-0.000732298,-0.00199458,-0.00113705,-0.000323213,-8.79842e-05,1.13474e-05,-0.000127353,-2.41177e-05,0.0,0.0,0.0,-1.80878e-05,-0.000126008,-0.000324423,-0.000654538,-0.000869248,-0.00111793,0.000231383,0.0033005,0.00521668,0.00548447,0.00397512,0.00195282,0.00112749,0.000946324,0.00188167,0.00416293,0.00412528,0.00110403,-0.000724167,-0.000507831,-0.000182761,-0.000167842,-0.000188913,-0.000104263,-3.64706e-05,0.0,0.0,0.0,0.0,-0.000151714,-0.000423718,-0.000446778,-0.000400477,0.00022336,0.00284833,0.00537664,0.00556147,0.004185,0.00103688,-0.00118862,-0.00198839,-0.00143772,0.00126218,0.00371508,0.00421948,0.00151238,0.000114721,0.000175228,-5.61113e-05,-0.000412459,-0.000139193,-1.41176e-05,-4.11765e-06,0.0,0.0,0.0,0.0,-0.000126233,-0.000121379,-8.67852e-05,0.000292077,0.00132528,0.00430646,0.00566997,0.00476501,0.00204559,-0.00161731,-0.00267496,-0.00302486,-0.00193755,0.00164149,0.00407139,0.00460061,0.00189717,0.000598425,0.000386925,-0.000309063,-0.000343612,-0.000155879,0.0,0.0,0.0,0.0,0.0,0.0,-1.98039e-05,0.000265483,0.0001966,0.000989681,0.00141009,0.0042776,0.00583255,0.00374388,0.000500008,-0.00251602,-0.00302908,-0.00246656,-0.000861436,0.00261261,0.00533244,0.00472033,0.0021999,-6.68319e-05,0.000193629,-0.000250964,-0.000222195,-0.000176819,-7.73864e-07,0.0,0.0,0.0,0.0,0.0,0.0,0.000259281,0.000645225,0.00106259,0.000943823,0.004424,0.0065467,0.00431149,0.00105323,-0.000827305,-0.00129439,-0.00116517,0.00104353,0.00413332,0.00628318,0.00536495,0.00130555,-0.000352646,-8.47678e-05,-0.000488136,-0.000188997,-0.000180415,-2.39898e-05,0.0,0.0,0.0,0.0,0.0,0.0,5.85421e-05,0.00077262,0.000557961,0.000168906,0.00390875,0.00674068,0.00510074,0.0033841,0.00179143,0.0012509,0.0017775,0.00369576,0.0054551,0.00644951,0.00383893,-0.000346595,-0.000707428,-0.000891474,-0.000867551,-0.000417317,-0.000206765,0.0,0.0,0.0,0.0,0.0,0.0,0.0,-6.74364e-05,0.000398745,-0.000403229,-0.00060917,0.00186529,0.00465651,0.0054556,0.0056268,0.0045318,0.00288904,0.00245686,0.00402627,0.00618347,0.006338,0.00217907,-0.00120501,-0.00140523,-0.00125278,-0.000987652,-0.000687385,-0.000294737,-2.56475e-05,0.0,0.0,0.0,0.0,0.0,-4.23821e-06,-0.000132632,-7.42267e-05,-0.000644241,-0.00131231,-9.79656e-05,0.00227046,0.00286572,0.00293555,0.00226812,0.000975946,0.0011996,0.00433947,0.00515894,0.00403712,0.00064368,-0.000890991,-0.00137499,-0.00138687,-0.00100417,-0.000718151,-0.000330368,-0.000100268,0.0,0.0,0.0,0.0,0.0,-4.2084e-05,-0.000262696,-0.000623556,-0.000778112,-0.00132456,-0.00138351,-0.00101953,0.000126995,-0.00036866,-0.000752789,-0.000662988,0.00182554,0.00482026,0.00368998,0.00149522,0.000652358,-0.000470415,-0.00171179,-0.00149803,-0.00120238,-0.000661069,-0.000250965,-5.82093e-05,0.0,0.0,0.0,0.0,-1.88235e-05,-0.000125424,-0.000405306,-0.000729913,-0.00113605,-0.00153277,-0.0017944,-0.00210781,-0.0022099,-0.00201579,-0.00163389,-0.000114686,0.00251681,0.00430397,0.00212051,0.000904336,0.000747806,-0.000335761,-0.00184418,-0.00185536,-0.00116521,-0.00047658,-0.000293838,-9.03247e-05,0.0,0.0,0.0,0.0,-2.37255e-05,-0.000187224,-0.000407031,-0.000819127,-0.00149284,-0.00215415,-0.00313397,-0.00355969,-0.00367445,-0.00301493,-0.00194425,-0.000478522,0.00199171,0.00331874,0.000848396,-0.000152654,0.000817472,-0.000856456,-0.00186489,-0.00172596,-0.000919484,-0.00046586,-0.000272867,-4.44701e-05,0.0,0.0,0.0,0.0,-7.45098e-06,-0.000155412,-0.000348163,-0.000808871,-0.00164991,-0.00243343,-0.00350047,-0.00429355,-0.00452773,-0.00379839,-0.00271061,-0.00106603,0.00150801,0.00197528,-0.000402056,-0.000903845,0.000397899,-0.00127307,-0.00132971,-0.00126462,-0.000744886,-0.00047802,-0.000172911,-2.51949e-05,0.0,0.0,0.0,0.0,0.0,-4.70054e-05,-0.000232427,-0.000766747,-0.00161218,-0.00255242,-0.00370676,-0.00453046,-0.00445939,-0.00396377,-0.00259117,-0.000813762,0.00130632,0.000895951,-0.000355251,-0.00110393,-0.000130945,-0.000716902,-0.000492004,-0.000707815,-0.000517336,-0.000288026,-8.82291e-05,-3.64959e-06,0.0,0.0,0.0,0.0,0.0,-3.53251e-07,-0.000131488,-0.000510069,-0.00119034,-0.00207194,-0.00313268,-0.00398541,-0.00417444,-0.00364826,-0.00249614,0.00010362,0.000768442,0.000270273,0.000343765,0.000127616,0.000638792,9.48755e-05,0.000115122,-0.000118828,-0.000190842,-0.000109334,-4.24125e-05,-8.45167e-06,0.0,0.0,0.0,0.0,0.0,0.0,-7.89092e-05,-0.000277034,-0.000636008,-0.000971308,-0.00163266,-0.00255295,-0.00254854,-0.00198071,-0.0010012,0.000626579,0.00103763,0.000611971,0.001303,0.00109867,0.00160746,0.00131599,0.000708239,0.0003754,-0.0001233,-7.15709e-05,0.0,0.0,0.0,0.0,0.0,0.0,0.0,0.0,-1.05074e-05,-5.37534e-05,7.70282e-05,8.86401e-05,8.19066e-05,-0.00031942,-6.83156e-05,0.000578292,0.00151054,0.00314361,0.00286042,0.00179116,0.00250376,0.00241555,0.00189598,0.001573,0.00104367,0.000628783,-2.54673e-06,-3.60086e-05,0.0,0.0,0.0,0.0,0.0,0.0,0.0,0.0,0.0,0.0,-3.6404e-06,-6.53655e-05,0.000158556,-0.000108653,-2.83424e-05,0.00118706,0.00223795,0.00414506,0.00322749,0.00215942,0.00250369,0.0026318,0.00129916,0.00110852,0.000809007,0.000453557,5.64706e-05,0.0,0.0,0.0,0.0,0.0,0.0,0.0,0.0,0.0,0.0,0.0,-2.02244e-07,-5.83803e-05,-0.000147172,-0.000128059,-0.000156085,-5.72391e-06,0.000668374,0.00210085,0.0014565,0.000438893,0.000790211,0.000760332,0.000104111,-5.54902e-05,-1.70588e-05,0.0,0.0,0.0,0.0,0.0,0.0,0.0,0.0,0.0,0.0,0.0,0.0,0.0,0.0,-1.0107e-05,-4.66477e-05,-3.59576e-05,-3.8873e-06,0.0,-4.46337e-05,-2.44515e-05,0.0,-3.66176e-05,-0.000142181,-0.000128518,0.0,0.0,0.0,0.0,0.0,0.0,0.0,0.0,0.0,0.0]}