{"max":0.241973,"min":-0.148952,"acc":0.8867,"arr":[0.0,0.0,0.0,0.0,0.0,0.0,0.0,0.0,0.0,0.0,0.0,0.0,-1.96001e-05,-5.3286e-05,-1.15381e-05,-4.80754e-07,0.0,0.0,0.0,0.0,0.0,0.0,0.0,0.0,0.0,0.0,0.0,0.0,0.0,0.0,0.0,0.0,-4.42115e-07,-1.689e-06,-6.0915e-05,-0.000148493,-0.00022271,-0.00017674,-0.00034488,-0.000440746,-0.000539485,-0.000490025,-0.000507796,-0.000390413,-0.000531304,-0.000433078,-0.000226897,-0.000241695,-0.000159847,-3.48801e-05,-2.08405e-05,-1.5785e-06,0.0,0.0,0.0,0.0,0.0,0.0,-4.91852e-07,-7.45312e-06,-7.06372e-06,-6.28476e-06,-9.93775e-05,-0.000458138,-0.000808292,-0.00115125,-0.00205912,-0.00314012,-0.00433974,-0.0051881,-0.00622575,-0.00665155,-0.00653558,-0.00542035,-0.0044883,-0.00347798,-0.00209101,-0.00119621,-0.000542145,-0.00011594,-1.82641e-05,-4.81885e-06,0.0,0.0,0.0,0.0,-1.78725e-06,-3.18766e-05,-3.45891e-05,-8.51203e-05,-0.000373246,-0.00115289,-0.00223319,-0.00409703,-0.00654148,-0.00950279,-0.0125287,-0.016026,-0.0195752,-0.0216609,-0.0208817,-0.0183341,-0.0151752,-0.0119377,-0.00778743,-0.00446431,-0.00219184,-0.000922616,-0.000325898,-5.9054e-05,-6.60273e-06,0.0,0.0,-1.14761e-06,-4.92353e-06,-3.72366e-05,-0.000202198,-0.000702937,-0.00185398,-0.00389108,-0.00748721,-0.0134653,-0.020862,-0.0309985,-0.0434866,-0.0542605,-0.063279,-0.0685786,-0.0687287,-0.0616061,-0.0509664,-0.0396518,-0.0284509,-0.0190099,-0.0107198,-0.00543791,-0.00228241,-0.000642744,-0.00013305,-4.96816e-07,0.0,0.0,-1.73791e-05,-0.000201375,-0.00106852,-0.00359309,-0.00818139,-0.0150762,-0.0261248,-0.0411426,-0.0527733,-0.0657318,-0.0866167,-0.105902,-0.123125,-0.136785,-0.148928,-0.142622,-0.123291,-0.100245,-0.0759229,-0.0552834,-0.0391512,-0.0253576,-0.0121243,-0.00344491,-0.000598014,-8.47436e-06,0.0,0.0,-0.000118641,-0.000882129,-0.00379703,-0.0106069,-0.0216269,-0.0379754,-0.0548952,-0.0664863,-0.0729833,-0.0670708,-0.0465228,-0.00360198,0.0380165,0.0587151,0.0427841,0.00297017,-0.0341741,-0.0682505,-0.0790066,-0.0748996,-0.0640656,-0.0453234,-0.0250889,-0.00924079,-0.00209112,-0.000137585,0.0,-6.61838e-05,-0.00054217,-0.00292333,-0.00975496,-0.0232469,-0.0413607,-0.0631864,-0.0724607,-0.070981,-0.0506711,-0.00462541,0.063666,0.139768,0.210592,0.241973,0.209502,0.124034,0.0384321,-0.0246011,-0.0598915,-0.0755234,-0.0739981,-0.0569252,-0.0332037,-0.0140556,-0.0029987,-0.000161852,-2.64352e-05,-0.000321922,-0.00206496,-0.00762673,-0.0171185,-0.032905,-0.0490476,-0.0636794,-0.0510714,-0.0365006,0.00237561,0.0563997,0.106985,0.145143,0.154198,0.149515,0.12197,0.0698504,0.0275309,-0.0157935,-0.0425086,-0.0553247,-0.0640436,-0.0536429,-0.0328796,-0.0134811,-0.00277355,-9.83748e-05,-7.30459e-05,-0.000616027,-0.00314996,-0.00915277,-0.0195622,-0.02858,-0.031527,-0.0269883,-0.00447585,0.0231109,0.0603748,0.0890667,0.0779379,0.038756,0.00834418,-0.00420559,-0.0056129,0.00657696,0.0158415,0.00867215,-0.00783123,-0.03373,-0.0470318,-0.0402936,-0.0250632,-0.0102675,-0.00222949,-0.000168172,-0.000110915,-0.000813865,-0.00370088,-0.00805736,-0.0130534,-0.00943736,0.00346574,0.0262978,0.0620111,0.0770442,0.0989226,0.0744948,0.00307975,-0.0589562,-0.0793018,-0.0629443,-0.0248283,0.0197678,0.0527901,0.0581813,0.0350313,-0.00118133,-0.0205947,-0.0218884,-0.0154746,-0.00643962,-0.00156385,-0.000210117,-9.10257e-05,-0.000901418,-0.00329576,-0.00464105,0.000794203,0.0192179,0.0427939,0.0768469,0.103177,0.105467,0.0838012,0.0186671,-0.0607258,-0.091749,-0.0726181,-0.0258361,0.0294929,0.0804923,0.117535,0.1175,0.0751711,0.0268207,-0.00106091,-0.012084,-0.00898227,-0.0032585,-0.00105786,-0.000118062,-7.18608e-05,-0.000585362,-0.00195064,-0.000344025,0.016059,0.0404226,0.067405,0.0949974,0.105765,0.0995849,0.0492865,-0.0248344,-0.071031,-0.052938,-0.0109335,0.0398179,0.0887359,0.134022,0.157677,0.134832,0.0751571,0.0286095,0.00260066,-0.00889832,-0.00827313,-0.00225615,-0.000721131,-4.30301e-05,-1.9898e-06,-0.000167491,-0.00114215,0.00231985,0.0248547,0.0496048,0.071341,0.0906343,0.0979534,0.0807292,0.0316528,-0.0139464,-0.0223214,0.00320823,0.0476283,0.0844786,0.12795,0.161177,0.155703,0.101308,0.0413109,0.00516315,-0.0134812,-0.0165457,-0.0109726,-0.00264235,-0.000553996,-2.66023e-05,0.0,-8.68323e-05,-0.000672778,0.00318693,0.0223215,0.0373561,0.0561216,0.0697311,0.0829061,0.0726223,0.0425688,0.0251513,0.0288127,0.0336095,0.0450676,0.0685176,0.12962,0.154325,0.103282,0.0289929,-0.0149272,-0.0324188,-0.0320132,-0.0257318,-0.0145771,-0.00356478,-0.000369722,-3.5792e-06,-1.37627e-06,-3.8499e-05,-0.000449327,0.00192184,0.0140188,0.0182011,0.0240103,0.0403994,0.0631058,0.068735,0.0625873,0.0515618,0.0353313,-0.000155522,-0.0180379,0.0338911,0.116995,0.123021,0.0390585,-0.0319673,-0.054377,-0.0559224,-0.0446006,-0.0307961,-0.01641,-0.00442918,-0.000706154,-6.23732e-05,-7.86439e-06,-6.17736e-05,-0.000374202,0.000709585,0.00390863,-0.00129378,-0.00561646,0.00985557,0.0379149,0.0544603,0.0621665,0.049073,0.0109178,-0.041179,-0.0418359,0.0307444,0.098262,0.0739842,-0.00844493,-0.0589028,-0.0655225,-0.0622749,-0.0453089,-0.0321095,-0.0161938,-0.00468193,-0.000819565,-5.14341e-05,0.0,-4.63053e-05,-0.000435144,-0.00133705,-0.006147,-0.0182885,-0.0270607,-0.0212258,-0.00658937,0.00623824,0.0141326,0.00225898,-0.0269311,-0.0535615,-0.0252699,0.0460582,0.0647561,0.0250613,-0.0336128,-0.0598331,-0.0587154,-0.0536165,-0.0424058,-0.0283866,-0.0143941,-0.00413011,-0.000553122,-2.50104e-05,-1.2176e-05,-1.75996e-05,-0.000520983,-0.00361632,-0.012115,-0.0288802,-0.0416445,-0.0517274,-0.0553972,-0.0537777,-0.0556831,-0.063071,-0.0738559,-0.0593247,-0.00763338,0.0291076,0.0196918,-0.0194586,-0.0439489,-0.0524745,-0.0485087,-0.0463512,-0.0365054,-0.0230653,-0.0115053,-0.0029209,-0.000279087,-1.93319e-05,-2.0876e-07,-0.000129884,-0.000922981,-0.00532023,-0.0151669,-0.033813,-0.0544569,-0.0729375,-0.0937719,-0.111403,-0.120206,-0.118655,-0.0997398,-0.0584963,-0.0146493,-0.00959239,-0.0247498,-0.0448302,-0.0460551,-0.0443304,-0.0387208,-0.0403572,-0.0288925,-0.0158308,-0.00723476,-0.00188024,-0.000403775,-2.20015e-06,0.0,-8.88619e-05,-0.00081293,-0.0058692,-0.0145743,-0.0318026,-0.0573193,-0.0855131,-0.111368,-0.135626,-0.148952,-0.138943,-0.104337,-0.0580514,-0.0379255,-0.0474143,-0.0563453,-0.0544243,-0.0447945,-0.0340653,-0.0265503,-0.0272547,-0.0183096,-0.00956826,-0.00340587,-0.000385337,-0.000287998,0.0,0.0,-3.93698e-05,-0.000717557,-0.0043783,-0.0109798,-0.0266649,-0.0520744,-0.0805183,-0.107054,-0.128363,-0.137389,-0.12449,-0.093856,-0.066617,-0.0648664,-0.0784708,-0.0715039,-0.0524999,-0.0347577,-0.02024,-0.00983494,-0.0111253,-0.00686316,-0.00177411,0.000172252,-0.000374411,-0.000181419,-2.05537e-07,0.0,-1.23275e-06,-0.000654119,-0.00245688,-0.00732367,-0.0196323,-0.0395644,-0.0631055,-0.0862205,-0.10083,-0.102724,-0.0910349,-0.0729084,-0.0681194,-0.079713,-0.0869307,-0.0643047,-0.0313367,-0.00875541,0.00145424,0.00800977,0.00599271,0.005386,0.00578269,0.0024151,-5.14346e-05,-8.09274e-05,-3.79453e-07,0.0,0.0,-0.000277065,-0.000900194,-0.00441611,-0.0101456,-0.0207955,-0.0347876,-0.0459676,-0.0535505,-0.0486351,-0.0446591,-0.0443344,-0.0555734,-0.0660826,-0.0644196,-0.0283467,0.0118877,0.0292138,0.0346324,0.0299162,0.021503,0.0158435,0.00859715,0.00260517,-0.000223123,-5.1949e-05,0.0,0.0,0.0,-4.97659e-05,-0.000399733,-0.000752816,-0.000718089,-0.00112462,-0.000401437,0.0016031,0.00882782,0.0233562,0.0322859,0.0245567,0.00916066,-0.00172533,0.00644188,0.0372529,0.0683803,0.0726795,0.0638956,0.0479681,0.0302309,0.0163946,0.00866944,0.00169075,-8.82675e-05,0.0,0.0,0.0,0.0,4.26675e-05,-0.000220151,0.000433071,0.00334076,0.00640698,0.0124007,0.0235646,0.0419886,0.0641933,0.0761985,0.0806056,0.0739674,0.0607619,0.0587658,0.0749726,0.0853284,0.0798835,0.065076,0.0442562,0.0247624,0.0100034,0.00452546,0.000529371,0.0,0.0,0.0,0.0,0.0,0.0,0.0,0.00089165,0.0014808,0.00192472,0.00115784,0.00299569,0.0071382,0.0143028,0.015889,0.0179458,0.0175204,0.0197199,0.016117,0.0213357,0.0237348,0.0238692,0.0207142,0.0152215,0.00702661,0.00168475,0.000359826,-9.46136e-07,-3.5613e-06,0.0,0.0,0.0,0.0,0.0,0.0,0.0,