{"max":0.0479684,"min":-0.0459034,"acc":0.8238,"arr":[0.0,0.0,0.0,0.0,0.0,0.0,0.0,0.0,0.0,0.0,0.0,0.0,0.0,0.0,0.0,0.0,0.0,0.0,0.0,0.0,0.0,0.0,0.0,0.0,0.0,0.0,0.0,0.0,0.0,0.0,0.0,0.0,0.0,0.0,-4.05508e-05,-0.000100314,-0.000161419,-7.43343e-05,-7.01744e-05,-0.000104541,-0.000159164,-0.000150422,-0.000147343,-8.92959e-05,-0.000152487,-0.000113245,-7.96833e-05,-0.000122772,-6.48482e-05,-5.45713e-07,0.0,0.0,0.0,0.0,0.0,0.0,0.0,0.0,0.0,-1.69976e-06,-2.67542e-06,0.0,-3.54491e-05,-0.000116733,-0.000348456,-0.000466319,-0.000621591,-0.000989555,-0.00148772,-0.0016926,-0.00206166,-0.00238804,-0.00253446,-0.0020291,-0.00154681,-0.00114685,-0.000847562,-0.000420328,-0.000131911,-1.30259e-05,0.0,0.0,0.0,0.0,0.0,0.0,0.0,-1.46308e-05,-1.84378e-05,-2.56046e-05,-0.000131422,-0.000339327,-0.00081244,-0.00156066,-0.00226694,-0.00329858,-0.00463228,-0.00621829,-0.00722258,-0.00767349,-0.00746891,-0.00635558,-0.00537244,-0.00414194,-0.00265187,-0.00123537,-0.00054064,-0.000200231,-4.3436e-05,-3.07872e-05,-4.99281e-06,0.0,0.0,0.0,0.0,-1.54033e-05,-9.41217e-05,-0.000250221,-0.000616658,-0.00128859,-0.00266175,-0.00493331,-0.00756528,-0.0110301,-0.0152094,-0.0194468,-0.0223851,-0.0237242,-0.0236016,-0.0207883,-0.016973,-0.0126892,-0.00846956,-0.0048839,-0.00228676,-0.00117576,-0.000477328,-0.000128808,-3.13458e-05,0.0,0.0,0.0,-1.20818e-05,-3.49213e-05,-0.000196669,-0.000890982,-0.00203428,-0.00397334,-0.0074839,-0.0123864,-0.0165861,-0.0221859,-0.0294073,-0.0363332,-0.0421754,-0.0453439,-0.0448256,-0.0403704,-0.0332557,-0.0255717,-0.0183701,-0.0124283,-0.00839134,-0.00531189,-0.00249751,-0.00071898,-8.88833e-05,0.0,0.0,0.0,-1.32403e-06,-0.000131329,-0.000606484,-0.00226188,-0.00478285,-0.0085816,-0.0137331,-0.0187968,-0.0234095,-0.0247557,-0.0210746,-0.013879,-0.00499369,0.000920391,-0.000444721,-0.00300272,-0.0102907,-0.0193113,-0.0207325,-0.0172497,-0.0129124,-0.00823284,-0.00503235,-0.00216786,-0.000316686,-6.26e-05,0.0,-3.07111e-05,-0.000196319,-0.000647062,-0.00206974,-0.00510815,-0.00894504,-0.0135482,-0.0179113,-0.0208045,-0.0174456,-0.0045839,0.0099598,0.0292193,0.0435691,0.0477471,0.0448914,0.030837,0.0100965,-0.00857072,-0.0173623,-0.0195593,-0.0155313,-0.0101611,-0.00573102,-0.0027283,-0.000738899,-0.000116901,0.0,-6.46148e-05,-0.000422668,-0.00164467,-0.00403641,-0.00765596,-0.0105789,-0.0135862,-0.0142906,-0.0102298,0.00358748,0.0207203,0.0345661,0.0429087,0.0404296,0.0328761,0.0267941,0.0197111,0.0130347,-0.00453758,-0.0131349,-0.0163231,-0.0146736,-0.0102147,-0.00572758,-0.00236546,-0.000644482,-2.91481e-05,0.0,-7.47381e-05,-0.000518058,-0.00211722,-0.0043643,-0.00605278,-0.00669918,-0.00919455,-0.00525142,0.00737067,0.0241072,0.0369611,0.0301175,0.0135796,0.000338684,-0.00254175,-0.000623453,0.00817893,0.0134839,0.00510425,-0.0061844,-0.0110484,-0.0120225,-0.00828375,-0.00485126,-0.00172558,-0.000387455,0.0,0.0,-3.70576e-05,-0.000356898,-0.00161023,-0.00275927,-0.000787402,-0.00231496,9.11993e-05,0.0125842,0.0256402,0.0388904,0.0269499,0.00188743,-0.0169902,-0.0243573,-0.0198125,-0.00373153,0.0105565,0.0211362,0.0158485,0.00325766,-0.00365458,-0.00772451,-0.00592847,-0.00299959,-0.000573359,-0.000300011,-4.81735e-05,0.0,-6.53774e-06,-0.00021186,-0.000796881,0.00018244,0.00350522,0.00473827,0.0126181,0.0249078,0.0393317,0.0325302,0.00663478,-0.0186108,-0.0278996,-0.0262855,-0.0134164,0.00728952,0.0238586,0.0354537,0.0287091,0.0108116,-0.000148595,-0.00488886,-0.00430668,-0.00192213,-0.000117401,-0.000185497,-7.67118e-05,0.0,-2.21573e-05,-0.000196793,-0.000252603,0.00283359,0.00589661,0.0108185,0.0192991,0.0319507,0.0401775,0.0223254,-0.00709924,-0.0255502,-0.0255969,-0.0190163,-0.00271994,0.022317,0.040194,0.0448057,0.0317464,0.00803533,-0.00105073,-0.00445599,-0.00375045,-0.00182597,-0.000238727,-0.000108572,-2.50084e-05,0.0,0.0,-0.000143199,4.03619e-06,0.00411505,0.0069546,0.0111077,0.0213791,0.03484,0.0382332,0.0208708,0.00169292,-0.00766118,-0.00876752,-0.00432252,0.0109306,0.0356797,0.0479684,0.0422567,0.0196134,0.000468775,-0.00535323,-0.00641325,-0.00439861,-0.00253861,-0.000330321,-4.52043e-05,-6.74568e-06,0.0,-1.68646e-05,-8.14918e-05,0.000469281,0.00268334,0.00520766,0.00961358,0.0171827,0.0326147,0.037389,0.0278384,0.0201609,0.0120183,0.00549986,0.00486977,0.0183168,0.0414649,0.0477936,0.0275228,0.000122936,-0.011524,-0.0117965,-0.00970601,-0.0062106,-0.0029628,-0.000342975,-5.09391e-05,0.0,0.0,-3.8499e-05,-0.000115039,0.000312374,0.000652171,0.00124787,0.00195366,0.00662528,0.0235808,0.032459,0.0356248,0.0295418,0.0194321,0.00601984,0.000561601,0.0183441,0.0443355,0.039543,0.00925139,-0.0141352,-0.0190575,-0.0160994,-0.0119273,-0.00719529,-0.0031676,-0.000463243,-0.000126847,-1.6878e-05,0.0,-1.82274e-05,-9.90773e-05,-0.00011947,-0.000743313,-0.00277529,-0.00485949,-0.00362812,0.00673744,0.0188654,0.0241487,0.0209042,0.00895281,-0.00455435,-0.00324009,0.0237416,0.0444821,0.0258273,-0.00579729,-0.0214019,-0.0219085,-0.0172627,-0.0117642,-0.00715427,-0.00331217,-0.00101701,-0.000367527,-3.47488e-05,0.0,-2.46012e-05,-8.71374e-05,-0.000519011,-0.00274611,-0.00786773,-0.0101164,-0.0111992,-0.0087926,-0.00342863,-0.000934426,-0.00227769,-0.00931012,-0.0125137,0.00292547,0.029725,0.0320137,0.0081744,-0.0151039,-0.0254392,-0.0224285,-0.0165481,-0.0115637,-0.00646322,-0.00332151,-0.000940812,-0.00020355,-1.78708e-06,0.0,-1.20082e-05,-0.00015598,-0.000865461,-0.0035212,-0.0101944,-0.0150573,-0.0188136,-0.0206338,-0.0215364,-0.023024,-0.0228162,-0.0214822,-0.0141319,0.00669978,0.0205451,0.0144401,-0.00612718,-0.0203638,-0.0261263,-0.0206845,-0.0157807,-0.0101726,-0.00518159,-0.00272654,-0.00045702,-6.2899e-05,0.0,0.0,0.0,-0.000216312,-0.00110023,-0.00405282,-0.0110392,-0.0184144,-0.0246903,-0.0322569,-0.0374231,-0.0398963,-0.0367498,-0.0306154,-0.0152381,0.000573964,0.006141,-0.00381575,-0.0150108,-0.0213591,-0.0238893,-0.0179583,-0.0134702,-0.00809815,-0.00376252,-0.0017512,-0.000223963,-0.00011305,0.0,0.0,0.0,-0.000119303,-0.00125061,-0.004134,-0.0100133,-0.0186926,-0.0278239,-0.0368419,-0.0439356,-0.0459034,-0.0437928,-0.0332712,-0.0181817,-0.00753901,-0.00813294,-0.0145734,-0.0167147,-0.0184438,-0.0189536,-0.0126872,-0.00862508,-0.00523457,-0.00243946,-0.00103413,-0.000133323,-6.78724e-05,0.0,0.0,0.0,-0.000114457,-0.000929961,-0.00327255,-0.00821118,-0.0168225,-0.026541,-0.0362505,-0.0440199,-0.0454853,-0.0439583,-0.0320375,-0.0214533,-0.0172659,-0.0176631,-0.0164401,-0.0112814,-0.0115979,-0.0104377,-0.00606457,-0.00418118,-0.0026483,-0.00145163,-0.000362345,7.42378e-05,-4.47274e-05,0.0,0.0,0.0,-4.27755e-05,-0.000580709,-0.00198948,-0.00530375,-0.0116678,-0.0200614,-0.028939,-0.0364387,-0.0377345,-0.0340951,-0.0242153,-0.0191652,-0.0176727,-0.0152606,-0.0078823,-0.000227296,-0.000753406,-0.00200902,-0.000202643,0.000650548,0.000355397,0.000156567,0.000782794,0.000204016,-1.95466e-05,0.0,0.0,0.0,-3.74387e-06,-0.000201026,-0.00102067,-0.00230468,-0.00546241,-0.00991903,-0.0152579,-0.0202471,-0.0200113,-0.01516,-0.00961401,-0.0091881,-0.00830017,-0.00428542,0.00516628,0.012127,0.0105738,0.00702778,0.00477013,0.00408067,0.00293012,0.00182114,0.00103564,8.46894e-05,-2.02422e-05,0.0,0.0,0.0,0.0,-7.03451e-06,0.000244945,0.000544811,9.26949e-05,-0.000715859,-0.00138048,-0.000678047,0.00468127,0.0116617,0.013062,0.0126031,0.0103799,0.0137536,0.0200804,0.0221342,0.017238,0.0103124,0.00813021,0.00627707,0.00350485,0.00214844,0.00127674,-4.75262e-05,0.0,0.0,0.0,0.0,0.0,0.0,0.000173996,0.000938671,0.00116635,0.00164393,0.00365756,0.00869743,0.0154477,0.0210522,0.0215859,0.021851,0.0155308,0.0163834,0.0206546,0.0204955,0.0146586,0.0102203,0.00767294,0.00506776,0.00220469,0.000978235,0.000294822,0.0,0.0,0.0,0.0,0.0,0.0,0.0,2.33474e-05,0.000179644,-0.000172163,-0.000918857,-0.000799625,0.000178696,0.00212632,0.00222168,0.00321472,0.00580733,0.00482726,0.00310158,0.00489684,0.00617167,0.00453965,0.00168158,0.00121044,0.00115373,0.000400452,7.38148e-05,0.0,0.0,0.0,0.0,0.0,0.0,0.0,0.0,0.0,0.0,7.18336e-05,0.000369671,0.000228355,-0.000128926,-0.000379674,-0.000492646,