{"max":0.230452,"min":-0.144705,"acc":0.8828,"arr":[0.0,0.0,0.0,0.0,0.0,0.0,0.0,0.0,0.0,0.0,0.0,0.0,-1.96001e-05,-5.3286e-05,-1.15381e-05,-4.80754e-07,0.0,0.0,0.0,0.0,0.0,0.0,0.0,0.0,0.0,0.0,0.0,0.0,0.0,0.0,0.0,0.0,-4.42115e-07,-1.689e-06,-5.20779e-05,-0.000132787,-0.000201714,-0.000171379,-0.000342304,-0.000413041,-0.000488677,-0.000460665,-0.000490041,-0.000357606,-0.000515075,-0.000426325,-0.000223514,-0.000241063,-0.000153217,-3.11545e-05,-1.93629e-05,-1.5785e-06,0.0,0.0,0.0,0.0,0.0,0.0,-4.91852e-07,-7.45312e-06,-7.06372e-06,-6.28476e-06,-9.52262e-05,-0.00043044,-0.000768824,-0.00111811,-0.00201415,-0.00303196,-0.00413722,-0.00497298,-0.00600736,-0.00645941,-0.00638143,-0.00529697,-0.00440078,-0.00341549,-0.00204018,-0.00117134,-0.000532719,-0.000112355,-1.66292e-05,-4.81885e-06,0.0,0.0,0.0,0.0,-1.78725e-06,-3.18766e-05,-3.43609e-05,-8.14877e-05,-0.000364599,-0.00111132,-0.0021613,-0.00399304,-0.00641149,-0.00926532,-0.0121055,-0.015473,-0.0189859,-0.0210411,-0.020225,-0.0177267,-0.0147167,-0.0116525,-0.00757785,-0.00433709,-0.00213663,-0.000906003,-0.000322604,-5.88989e-05,-6.60273e-06,0.0,0.0,-1.14761e-06,-4.40287e-06,-3.68872e-05,-0.000200698,-0.000685175,-0.00181397,-0.00377257,-0.00720659,-0.0129844,-0.0201812,-0.0298066,-0.0415908,-0.0521698,-0.0609031,-0.0657651,-0.0658686,-0.0592825,-0.04923,-0.0384128,-0.0275246,-0.0183233,-0.0103201,-0.00522892,-0.00220853,-0.000622256,-0.00013305,-4.96816e-07,0.0,0.0,-1.72905e-05,-0.000196113,-0.00103702,-0.00348,-0.0079135,-0.0143302,-0.0248495,-0.0394501,-0.0513633,-0.0638091,-0.0840115,-0.102996,-0.120986,-0.134253,-0.144705,-0.137844,-0.118702,-0.0964534,-0.0725702,-0.0526313,-0.0372135,-0.0241568,-0.0115057,-0.00321355,-0.000587418,-8.47436e-06,0.0,0.0,-0.000102484,-0.000801593,-0.00361476,-0.0102424,-0.0203366,-0.035742,-0.0524889,-0.0642469,-0.0712431,-0.0680561,-0.0486231,-0.00674123,0.0338239,0.0539033,0.039784,0.00184385,-0.0341285,-0.0676059,-0.0763995,-0.0716956,-0.0605186,-0.0428987,-0.0237448,-0.00866367,-0.00189638,-0.000117763,0.0,-6.61838e-05,-0.000510395,-0.00276596,-0.00920593,-0.0219365,-0.0388626,-0.0598093,-0.0704313,-0.0697806,-0.0518989,-0.00753477,0.0610658,0.13429,0.200659,0.230452,0.20202,0.117887,0.0348682,-0.0259802,-0.0590536,-0.073238,-0.0697643,-0.0534421,-0.0316367,-0.0134526,-0.0028681,-0.000153147,-2.64352e-05,-0.000321922,-0.00193478,-0.00701016,-0.0157549,-0.0305279,-0.0468769,-0.0620226,-0.0508106,-0.0380697,-0.000734213,0.0561643,0.106466,0.14262,0.148792,0.143186,0.118014,0.0681079,0.0260084,-0.0166747,-0.0419401,-0.0537516,-0.0602285,-0.0501074,-0.0308733,-0.0127607,-0.00266911,-8.66158e-05,-7.30459e-05,-0.000616027,-0.00297405,-0.00850893,-0.0181181,-0.0272693,-0.031394,-0.0280211,-0.00752609,0.0192895,0.0562456,0.0880531,0.0778273,0.0359337,0.00480508,-0.00496073,-0.0040937,0.00857009,0.0172065,0.00904401,-0.00816808,-0.0322724,-0.0436597,-0.0368493,-0.0231171,-0.00951111,-0.00215443,-0.000168172,-0.000110915,-0.000813865,-0.00350405,-0.00762172,-0.0130987,-0.00998956,0.00197468,0.0228261,0.056139,0.0722025,0.0960632,0.0736435,0.00275816,-0.059047,-0.0802203,-0.0631434,-0.0238259,0.019528,0.0522075,0.0563044,0.0324145,-0.00164039,-0.0193869,-0.0196352,-0.0138688,-0.0057928,-0.00153706,-0.000210117,-6.1552e-05,-0.000863692,-0.0031661,-0.00482861,-0.000402792,0.0176594,0.0399119,0.0707491,0.0961447,0.101102,0.0830071,0.0201735,-0.0578741,-0.0895999,-0.0726774,-0.0268332,0.0274774,0.0763167,0.11385,0.11184,0.0691392,0.0241091,-0.000677079,-0.0105758,-0.00807442,-0.00289509,-0.000965965,-0.000114354,-3.98327e-05,-0.000570036,-0.00194762,-0.00101166,0.0145499,0.0386149,0.063634,0.0889848,0.100777,0.0975932,0.0494491,-0.0233457,-0.0690158,-0.0541249,-0.0146664,0.035453,0.0833563,0.127195,0.150907,0.127636,0.0693425,0.0257582,0.00224453,-0.00800438,-0.00778699,-0.00206609,-0.000689805,-2.92291e-05,-1.9898e-06,-0.000167491,-0.00109002,0.00164912,0.0231346,0.046858,0.0663511,0.0859226,0.0942493,0.0812917,0.03283,-0.0120751,-0.0209178,0.0013602,0.0425201,0.0781222,0.12075,0.15318,0.147945,0.0944462,0.037438,0.00356693,-0.0128669,-0.0154547,-0.0104796,-0.00241439,-0.00054393,-2.66023e-05,0.0,-8.68323e-05,-0.00056815,0.0026796,0.0206685,0.0352108,0.0520583,0.065797,0.0795667,0.0728848,0.0442119,0.0269409,0.0308901,0.0332019,0.0437015,0.0681511,0.125224,0.14761,0.0984566,0.0267645,-0.0158723,-0.0318393,-0.0310414,-0.0245287,-0.013715,-0.003236,-0.000353953,-3.5792e-06,-1.37627e-06,-3.8499e-05,-0.000366196,0.00190181,0.0128989,0.0166283,0.0219672,0.036634,0.0617496,0.0704392,0.0642148,0.0524402,0.036407,0.00375748,-0.0118619,0.0373452,0.112325,0.117464,0.0362234,-0.03246,-0.0529347,-0.0534988,-0.0427794,-0.0289175,-0.0152734,-0.00419853,-0.000691645,-6.23732e-05,-7.86439e-06,-6.17736e-05,-0.000366869,0.0006702,0.00324424,-0.00214633,-0.00596747,0.0083802,0.0354113,0.0539416,0.0611761,0.0483864,0.0135256,-0.0336929,-0.0354682,0.031112,0.0944473,0.0702229,-0.0113825,-0.0576673,-0.0635387,-0.0595959,-0.0436061,-0.0300405,-0.0151401,-0.00446701,-0.000815727,-5.14341e-05,0.0,-4.63053e-05,-0.00042927,-0.00115213,-0.00645708,-0.0187363,-0.0283682,-0.02362,-0.00924211,0.00492837,0.0134296,0.0020709,-0.0248273,-0.0498448,-0.0229316,0.0442758,0.0616564,0.0235408,-0.0371289,-0.0608923,-0.058155,-0.0510713,-0.0406881,-0.0268139,-0.01355,-0.00399497,-0.000552445,-2.50104e-05,-1.2176e-05,-1.75607e-05,-0.000496686,-0.00331268,-0.011749,-0.0287774,-0.0419368,-0.0529815,-0.0570366,-0.0549232,-0.0571036,-0.0636602,-0.0732344,-0.0573364,-0.00672443,0.0273068,0.0204976,-0.0187781,-0.0476714,-0.0555837,-0.0491429,-0.0442413,-0.0344899,-0.0216241,-0.0107831,-0.00274949,-0.000266874,-1.93319e-05,-2.0876e-07,-0.000129794,-0.000797991,-0.00501666,-0.0144668,-0.0327816,-0.0533079,-0.0712791,-0.092204,-0.109539,-0.117366,-0.115262,-0.097309,-0.0549964,-0.0124501,-0.00847492,-0.020748,-0.0436815,-0.0497057,-0.0478668,-0.0401942,-0.0390945,-0.0268788,-0.0145468,-0.00677278,-0.00165684,-0.000398909,-2.20015e-06,0.0,-8.88619e-05,-0.000726035,-0.00552558,-0.0137611,-0.030583,-0.0547635,-0.0821384,-0.106756,-0.130065,-0.141902,-0.133488,-0.0995135,-0.0538846,-0.0349614,-0.0436581,-0.0516393,-0.0536796,-0.0477463,-0.0371352,-0.0284776,-0.0270132,-0.0169007,-0.00845897,-0.00299298,-0.000313967,-0.000285836,0.0,0.0,-3.93698e-05,-0.000707019,-0.0042176,-0.0103365,-0.0255843,-0.0498142,-0.0767645,-0.101967,-0.121966,-0.132146,-0.120547,-0.0898005,-0.0616766,-0.0609421,-0.0743469,-0.0680574,-0.0505561,-0.0358787,-0.0236144,-0.0131724,-0.0112856,-0.0068697,-0.0016837,0.000168272,-0.000329346,-0.000176837,-2.05537e-07,0.0,-1.23275e-06,-0.000651784,-0.00240222,-0.00703877,-0.018911,-0.0378991,-0.0604154,-0.0815368,-0.0958637,-0.10002,-0.0887899,-0.0688008,-0.0624336,-0.074805,-0.0828915,-0.0617077,-0.0293989,-0.0101178,-0.00252825,0.00407411,0.00491218,0.00405204,0.005163,0.0020058,-1.88356e-05,-8.07796e-05,-3.79453e-07,0.0,0.0,-0.000276361,-0.000867309,-0.00398373,-0.00923745,-0.0199495,-0.0329656,-0.0435689,-0.0530006,-0.0491401,-0.0441138,-0.0403353,-0.0494297,-0.061049,-0.0617456,-0.02588,0.0121656,0.0269471,0.0295969,0.0252634,0.0187403,0.0134785,0.00752383,0.00215744,-0.000190388,-5.1949e-05,0.0,0.0,0.0,-4.76482e-05,-0.000338976,-0.000312334,1.8427e-06,-0.000788324,0.000458783,0.00195569,0.00700065,0.0199551,0.0308998,0.0266409,0.0130072,0.000488826,0.00614642,0.0362392,0.064992,0.0678136,0.0569048,0.0428856,0.0273174,0.0144548,0.0077309,0.00165993,-8.82675e-05,0.0,0.0,0.0,0.0,4.26675e-05,-0.000151627,0.000590562,0.00326335,0.00628564,0.0124917,0.0221527,0.037769,0.059518,0.0739096,0.0789738,0.072195,0.0592154,0.0561495,0.0719877,0.0816498,0.0749558,0.0600104,0.0409937,0.023578,0.00960192,0.00431642,0.000591402,0.0,0.0,0.0,0.0,0.0,0.0,0.0,0.00089165,0.00125954,0.00195435,0.0012212,0.00222463,0.00580358,0.0137578,0.015931,0.0174628,0.0171934,0.018398,0.0147261,0.0197494,0.0228919,0.0230346,0.0193711,0.0142319,0.00689701,0.00171162,0.000359826,-9.46136e-07,-3.5613e-06,0.0,0.0,0.0,0.0,0.0,0.0,0.0,0.0,